"imagePath","imageId","groundTruthIndex","groundTruthLabel","predictedTop1Index","predictedTop1Label","predictedTop1Score","top5Indices","top5Labels","top5Scores","isTop5Correct"
"/private/var/containers/Bundle/Application/4D01D32A-B666-4384-B213-31BBF61E54F1/CVTestsSUI.app/imagenet-hard-50-subset-2500__n02085620__ILSVRC2012_val_00002921.JPEG","images/n02085620/imagenet-hard-50-subset-2500__n02085620__ILSVRC2012_val_00002921.JPEG","151","Chihuahua","104","wallaby","8,359375","104|227|253|237|235","wallaby|kelpie|basenji|miniature pinscher|German shepherd","8,359375|6,402344|6,027344|5,320312|5,164062","false"
"/private/var/containers/Bundle/Application/4D01D32A-B666-4384-B213-31BBF61E54F1/CVTestsSUI.app/imagenet-hard-50-subset-2500__n02085620__ILSVRC2012_val_00006079.JPEG","images/n02085620/imagenet-hard-50-subset-2500__n02085620__ILSVRC2012_val_00006079.JPEG","151","Chihuahua","876","tub","8,203125","876|151|435|265|182","tub|Chihuahua|bathtub|toy poodle|Border terrier","8,203125|7,390625|7,062500|5,535156|4,636719","true"
"/private/var/containers/Bundle/Application/4D01D32A-B666-4384-B213-31BBF61E54F1/CVTestsSUI.app/imagenet-hard-50-subset-2500__n02085620__ILSVRC2012_val_00011639.JPEG","images/n02085620/imagenet-hard-50-subset-2500__n02085620__ILSVRC2012_val_00011639.JPEG","151","Chihuahua","234","Rottweiler","8,617188","234|165|163|243|235","Rottweiler|black-and-tan coonhound|bloodhound|bull mastiff|German shepherd","8,617188|6,253906|5,910156|5,890625|5,875000","false"
"/private/var/containers/Bundle/Application/4D01D32A-B666-4384-B213-31BBF61E54F1/CVTestsSUI.app/imagenet-hard-50-subset-2500__n02085620__ILSVRC2012_val_00011900.JPEG","images/n02085620/imagenet-hard-50-subset-2500__n02085620__ILSVRC2012_val_00011900.JPEG","151","Chihuahua","171","Italian greyhound","8,320312","171|172|180|284|179","Italian greyhound|whippet|American Staffordshire terrier|Siamese cat|Staffordshire bullterrier","8,320312|7,722656|7,152344|6,441406|5,234375","false"
"/private/var/containers/Bundle/Application/4D01D32A-B666-4384-B213-31BBF61E54F1/CVTestsSUI.app/imagenet-hard-50-subset-2500__n02085620__ILSVRC2012_val_00013195.JPEG","images/n02085620/imagenet-hard-50-subset-2500__n02085620__ILSVRC2012_val_00013195.JPEG","151","Chihuahua","158","toy terrier","9,882812","158|151|157|268|237","toy terrier|Chihuahua|papillon|Mexican hairless|miniature pinscher","9,882812|9,617188|4,753906|4,640625|4,597656","true"
"/private/var/containers/Bundle/Application/4D01D32A-B666-4384-B213-31BBF61E54F1/CVTestsSUI.app/imagenet-hard-50-subset-2500__n02085620__ILSVRC2012_val_00014409.JPEG","images/n02085620/imagenet-hard-50-subset-2500__n02085620__ILSVRC2012_val_00014409.JPEG","151","Chihuahua","162","beagle","8,429688","162|263|264|167|253","beagle|Pembroke|Cardigan|English foxhound|basenji","8,429688|5,652344|4,882812|4,722656|4,390625","false"
"/private/var/containers/Bundle/Application/4D01D32A-B666-4384-B213-31BBF61E54F1/CVTestsSUI.app/imagenet-hard-50-subset-2500__n02085620__ILSVRC2012_val_00016688.JPEG","images/n02085620/imagenet-hard-50-subset-2500__n02085620__ILSVRC2012_val_00016688.JPEG","151","Chihuahua","259","Pomeranian","9,179688","259|154|152|151|157","Pomeranian|Pekinese|Japanese spaniel|Chihuahua|papillon","9,179688|7,140625|6,492188|6,414062|5,476562","true"
"/private/var/containers/Bundle/Application/4D01D32A-B666-4384-B213-31BBF61E54F1/CVTestsSUI.app/imagenet-hard-50-subset-2500__n02085620__ILSVRC2012_val_00016757.JPEG","images/n02085620/imagenet-hard-50-subset-2500__n02085620__ILSVRC2012_val_00016757.JPEG","151","Chihuahua","157","papillon","8,742188","157|151|158|259|263","papillon|Chihuahua|toy terrier|Pomeranian|Pembroke","8,742188|8,070312|5,433594|3,761719|3,595703","true"
"/private/var/containers/Bundle/Application/4D01D32A-B666-4384-B213-31BBF61E54F1/CVTestsSUI.app/imagenet-hard-50-subset-2500__n02085620__ILSVRC2012_val_00017702.JPEG","images/n02085620/imagenet-hard-50-subset-2500__n02085620__ILSVRC2012_val_00017702.JPEG","151","Chihuahua","217","English springer","7,800781","217|264|232|225|256","English springer|Cardigan|Border collie|malinois|Newfoundland","7,800781|6,265625|6,000000|5,687500|5,507812","false"
"/private/var/containers/Bundle/Application/4D01D32A-B666-4384-B213-31BBF61E54F1/CVTestsSUI.app/imagenet-hard-50-subset-2500__n02085620__ILSVRC2012_val_00019402.JPEG","images/n02085620/imagenet-hard-50-subset-2500__n02085620__ILSVRC2012_val_00019402.JPEG","151","Chihuahua","186","Norwich terrier","9,843750","186|192|185|182|203","Norwich terrier|cairn|Norfolk terrier|Border terrier|West Highland white terrier","9,843750|8,437500|6,125000|5,890625|5,429688","false"
"/private/var/containers/Bundle/Application/4D01D32A-B666-4384-B213-31BBF61E54F1/CVTestsSUI.app/imagenet-hard-50-subset-2500__n02085620__ILSVRC2012_val_00022609.JPEG","images/n02085620/imagenet-hard-50-subset-2500__n02085620__ILSVRC2012_val_00022609.JPEG","151","Chihuahua","195","Boston bull","7,371094","195|245|151|158|254","Boston bull|French bulldog|Chihuahua|toy terrier|pug","7,371094|6,277344|5,886719|4,585938|3,583984","true"
"/private/var/containers/Bundle/Application/4D01D32A-B666-4384-B213-31BBF61E54F1/CVTestsSUI.app/imagenet-hard-50-subset-2500__n02085620__ILSVRC2012_val_00023886.JPEG","images/n02085620/imagenet-hard-50-subset-2500__n02085620__ILSVRC2012_val_00023886.JPEG","151","Chihuahua","182","Border terrier","6,230469","182|174|263|235|225","Border terrier|Norwegian elkhound|Pembroke|German shepherd|malinois","6,230469|5,367188|4,945312|4,492188|4,078125","false"
"/private/var/containers/Bundle/Application/4D01D32A-B666-4384-B213-31BBF61E54F1/CVTestsSUI.app/imagenet-hard-50-subset-2500__n02085620__ILSVRC2012_val_00027452.JPEG","images/n02085620/imagenet-hard-50-subset-2500__n02085620__ILSVRC2012_val_00027452.JPEG","151","Chihuahua","231","collie","7,070312","231|230|257|355|169","collie|Shetland sheepdog|Great Pyrenees|llama|borzoi","7,070312|5,523438|4,746094|4,339844|4,117188","false"
"/private/var/containers/Bundle/Application/4D01D32A-B666-4384-B213-31BBF61E54F1/CVTestsSUI.app/imagenet-hard-50-subset-2500__n02085620__ILSVRC2012_val_00028943.JPEG","images/n02085620/imagenet-hard-50-subset-2500__n02085620__ILSVRC2012_val_00028943.JPEG","151","Chihuahua","259","Pomeranian","6,378906","259|154|151|158|157","Pomeranian|Pekinese|Chihuahua|toy terrier|papillon","6,378906|6,160156|5,031250|4,226562|4,066406","true"
"/private/var/containers/Bundle/Application/4D01D32A-B666-4384-B213-31BBF61E54F1/CVTestsSUI.app/imagenet-hard-50-subset-2500__n02085620__ILSVRC2012_val_00029289.JPEG","images/n02085620/imagenet-hard-50-subset-2500__n02085620__ILSVRC2012_val_00029289.JPEG","151","Chihuahua","157","papillon","7,621094","157|151|158|259|278","papillon|Chihuahua|toy terrier|Pomeranian|kit fox","7,621094|7,503906|6,289062|5,746094|3,923828","true"
"/private/var/containers/Bundle/Application/4D01D32A-B666-4384-B213-31BBF61E54F1/CVTestsSUI.app/imagenet-hard-50-subset-2500__n02085620__ILSVRC2012_val_00037791.JPEG","images/n02085620/imagenet-hard-50-subset-2500__n02085620__ILSVRC2012_val_00037791.JPEG","151","Chihuahua","157","papillon","7,652344","157|151|154|155|156","papillon|Chihuahua|Pekinese|Shih-Tzu|Blenheim spaniel","7,652344|6,996094|5,312500|5,089844|4,816406","true"
"/private/var/containers/Bundle/Application/4D01D32A-B666-4384-B213-31BBF61E54F1/CVTestsSUI.app/imagenet-hard-50-subset-2500__n02085782__ILSVRC2012_val_00004671.JPEG","images/n02085782/imagenet-hard-50-subset-2500__n02085782__ILSVRC2012_val_00004671.JPEG","152","Japanese spaniel","156","Blenheim spaniel","8,187500","156|152|157|217|214","Blenheim spaniel|Japanese spaniel|papillon|English springer|Gordon setter","8,187500|6,855469|5,632812|4,695312|4,109375","true"
"/private/var/containers/Bundle/Application/4D01D32A-B666-4384-B213-31BBF61E54F1/CVTestsSUI.app/imagenet-hard-50-subset-2500__n02085782__ILSVRC2012_val_00006146.JPEG","images/n02085782/imagenet-hard-50-subset-2500__n02085782__ILSVRC2012_val_00006146.JPEG","152","Japanese spaniel","155","Shih-Tzu","10,234375","155|204|200|152|154","Shih-Tzu|Lhasa|Tibetan terrier|Japanese spaniel|Pekinese","10,234375|8,078125|5,210938|3,546875|3,503906","true"
"/private/var/containers/Bundle/Application/4D01D32A-B666-4384-B213-31BBF61E54F1/CVTestsSUI.app/imagenet-hard-50-subset-2500__n02085782__ILSVRC2012_val_00010516.JPEG","images/n02085782/imagenet-hard-50-subset-2500__n02085782__ILSVRC2012_val_00010516.JPEG","152","Japanese spaniel","156","Blenheim spaniel","6,976562","156|212|217|219|216","Blenheim spaniel|English setter|English springer|cocker spaniel|clumber","6,976562|6,785156|6,738281|6,128906|5,867188","false"
"/private/var/containers/Bundle/Application/4D01D32A-B666-4384-B213-31BBF61E54F1/CVTestsSUI.app/imagenet-hard-50-subset-2500__n02085782__ILSVRC2012_val_00012298.JPEG","images/n02085782/imagenet-hard-50-subset-2500__n02085782__ILSVRC2012_val_00012298.JPEG","152","Japanese spaniel","156","Blenheim spaniel","7,402344","156|218|220|247|152","Blenheim spaniel|Welsh springer spaniel|Sussex spaniel|Saint Bernard|Japanese spaniel","7,402344|6,613281|4,687500|4,628906|3,917969","true"
"/private/var/containers/Bundle/Application/4D01D32A-B666-4384-B213-31BBF61E54F1/CVTestsSUI.app/imagenet-hard-50-subset-2500__n02085782__ILSVRC2012_val_00018296.JPEG","images/n02085782/imagenet-hard-50-subset-2500__n02085782__ILSVRC2012_val_00018296.JPEG","152","Japanese spaniel","154","Pekinese","7,972656","154|152|262|151|155","Pekinese|Japanese spaniel|Brabancon griffon|Chihuahua|Shih-Tzu","7,972656|7,222656|5,382812|4,246094|3,736328","true"
"/private/var/containers/Bundle/Application/4D01D32A-B666-4384-B213-31BBF61E54F1/CVTestsSUI.app/imagenet-hard-50-subset-2500__n02085782__ILSVRC2012_val_00021896.JPEG","images/n02085782/imagenet-hard-50-subset-2500__n02085782__ILSVRC2012_val_00021896.JPEG","152","Japanese spaniel","154","Pekinese","6,679688","154|152|262|244|220","Pekinese|Japanese spaniel|Brabancon griffon|Tibetan mastiff|Sussex spaniel","6,679688|5,144531|4,820312|4,445312|3,708984","true"
"/private/var/containers/Bundle/Application/4D01D32A-B666-4384-B213-31BBF61E54F1/CVTestsSUI.app/imagenet-hard-50-subset-2500__n02085782__ILSVRC2012_val_00033476.JPEG","images/n02085782/imagenet-hard-50-subset-2500__n02085782__ILSVRC2012_val_00033476.JPEG","152","Japanese spaniel","156","Blenheim spaniel","8,781250","156|152|157|220|218","Blenheim spaniel|Japanese spaniel|papillon|Sussex spaniel|Welsh springer spaniel","8,781250|7,714844|4,910156|4,753906|3,591797","true"
"/private/var/containers/Bundle/Application/4D01D32A-B666-4384-B213-31BBF61E54F1/CVTestsSUI.app/imagenet-hard-50-subset-2500__n02085782__ILSVRC2012_val_00034040.JPEG","images/n02085782/imagenet-hard-50-subset-2500__n02085782__ILSVRC2012_val_00034040.JPEG","152","Japanese spaniel","157","papillon","8,898438","157|152|232|259|230","papillon|Japanese spaniel|Border collie|Pomeranian|Shetland sheepdog","8,898438|8,687500|6,242188|5,121094|4,937500","true"
"/private/var/containers/Bundle/Application/4D01D32A-B666-4384-B213-31BBF61E54F1/CVTestsSUI.app/imagenet-hard-50-subset-2500__n02085782__ILSVRC2012_val_00036267.JPEG","images/n02085782/imagenet-hard-50-subset-2500__n02085782__ILSVRC2012_val_00036267.JPEG","152","Japanese spaniel","157","papillon","9,625000","157|152|156|151|220","papillon|Japanese spaniel|Blenheim spaniel|Chihuahua|Sussex spaniel","9,625000|6,390625|4,812500|2,960938|2,912109","true"
"/private/var/containers/Bundle/Application/4D01D32A-B666-4384-B213-31BBF61E54F1/CVTestsSUI.app/imagenet-hard-50-subset-2500__n02085782__ILSVRC2012_val_00043776.JPEG","images/n02085782/imagenet-hard-50-subset-2500__n02085782__ILSVRC2012_val_00043776.JPEG","152","Japanese spaniel","154","Pekinese","8,820312","154|152|259|200|157","Pekinese|Japanese spaniel|Pomeranian|Tibetan terrier|papillon","8,820312|6,000000|5,003906|4,023438|3,828125","true"
"/private/var/containers/Bundle/Application/4D01D32A-B666-4384-B213-31BBF61E54F1/CVTestsSUI.app/imagenet-hard-50-subset-2500__n02085782__ILSVRC2012_val_00044642.JPEG","images/n02085782/imagenet-hard-50-subset-2500__n02085782__ILSVRC2012_val_00044642.JPEG","152","Japanese spaniel","157","papillon","9,226562","157|152|232|231|217","papillon|Japanese spaniel|Border collie|collie|English springer","9,226562|7,968750|7,343750|4,824219|4,375000","true"
"/private/var/containers/Bundle/Application/4D01D32A-B666-4384-B213-31BBF61E54F1/CVTestsSUI.app/imagenet-hard-50-subset-2500__n02085936__ILSVRC2012_val_00010238.JPEG","images/n02085936/imagenet-hard-50-subset-2500__n02085936__ILSVRC2012_val_00010238.JPEG","153","Maltese dog","204","Lhasa","8,054688","204|153|155|200|154","Lhasa|Maltese dog|Shih-Tzu|Tibetan terrier|Pekinese","8,054688|7,347656|6,394531|4,792969|3,628906","true"
"/private/var/containers/Bundle/Application/4D01D32A-B666-4384-B213-31BBF61E54F1/CVTestsSUI.app/imagenet-hard-50-subset-2500__n02085936__ILSVRC2012_val_00011768.JPEG","images/n02085936/imagenet-hard-50-subset-2500__n02085936__ILSVRC2012_val_00011768.JPEG","153","Maltese dog","204","Lhasa","8,757812","204|216|219|153|155","Lhasa|clumber|cocker spaniel|Maltese dog|Shih-Tzu","8,757812|7,718750|7,476562|7,468750|6,847656","true"
"/private/var/containers/Bundle/Application/4D01D32A-B666-4384-B213-31BBF61E54F1/CVTestsSUI.app/imagenet-hard-50-subset-2500__n02085936__ILSVRC2012_val_00015300.JPEG","images/n02085936/imagenet-hard-50-subset-2500__n02085936__ILSVRC2012_val_00015300.JPEG","153","Maltese dog","805","soccer ball","5,738281","805|265|153|266|228","soccer ball|toy poodle|Maltese dog|miniature poodle|komondor","5,738281|5,613281|5,511719|4,843750|4,839844","true"
"/private/var/containers/Bundle/Application/4D01D32A-B666-4384-B213-31BBF61E54F1/CVTestsSUI.app/imagenet-hard-50-subset-2500__n02085936__ILSVRC2012_val_00033310.JPEG","images/n02085936/imagenet-hard-50-subset-2500__n02085936__ILSVRC2012_val_00033310.JPEG","153","Maltese dog","222","kuvasz","8,218750","222|267|265|266|181","kuvasz|standard poodle|toy poodle|miniature poodle|Bedlington terrier","8,218750|6,765625|6,484375|6,226562|6,199219","false"
"/private/var/containers/Bundle/Application/4D01D32A-B666-4384-B213-31BBF61E54F1/CVTestsSUI.app/imagenet-hard-50-subset-2500__n02085936__ILSVRC2012_val_00034259.JPEG","images/n02085936/imagenet-hard-50-subset-2500__n02085936__ILSVRC2012_val_00034259.JPEG","153","Maltese dog","265","toy poodle","6,722656","265|266|200|204|202","toy poodle|miniature poodle|Tibetan terrier|Lhasa|soft-coated wheaten terrier","6,722656|6,457031|6,328125|6,300781|6,238281","false"
"/private/var/containers/Bundle/Application/4D01D32A-B666-4384-B213-31BBF61E54F1/CVTestsSUI.app/imagenet-hard-50-subset-2500__n02085936__ILSVRC2012_val_00039146.JPEG","images/n02085936/imagenet-hard-50-subset-2500__n02085936__ILSVRC2012_val_00039146.JPEG","153","Maltese dog","203","West Highland white terrier","9,343750","203|153|265|266|192","West Highland white terrier|Maltese dog|toy poodle|miniature poodle|cairn","9,343750|8,210938|6,492188|5,671875|5,300781","true"
"/private/var/containers/Bundle/Application/4D01D32A-B666-4384-B213-31BBF61E54F1/CVTestsSUI.app/imagenet-hard-50-subset-2500__n02085936__ILSVRC2012_val_00041918.JPEG","images/n02085936/imagenet-hard-50-subset-2500__n02085936__ILSVRC2012_val_00041918.JPEG","153","Maltese dog","190","Sealyham terrier","7,074219","190|229|202|203|196","Sealyham terrier|Old English sheepdog|soft-coated wheaten terrier|West Highland white terrier|miniature schnauzer","7,074219|6,761719|5,429688|4,257812|4,082031","false"
"/private/var/containers/Bundle/Application/4D01D32A-B666-4384-B213-31BBF61E54F1/CVTestsSUI.app/imagenet-hard-50-subset-2500__n02085936__ILSVRC2012_val_00048783.JPEG","images/n02085936/imagenet-hard-50-subset-2500__n02085936__ILSVRC2012_val_00048783.JPEG","153","Maltese dog","200","Tibetan terrier","7,058594","200|153|204|229|190","Tibetan terrier|Maltese dog|Lhasa|Old English sheepdog|Sealyham terrier","7,058594|5,953125|4,968750|4,781250|4,515625","true"
"/private/var/containers/Bundle/Application/4D01D32A-B666-4384-B213-31BBF61E54F1/CVTestsSUI.app/imagenet-hard-50-subset-2500__n02086079__ILSVRC2012_val_00007111.JPEG","images/n02086079/imagenet-hard-50-subset-2500__n02086079__ILSVRC2012_val_00007111.JPEG","154","Pekinese","152","Japanese spaniel","6,675781","152|154|157|247|156","Japanese spaniel|Pekinese|papillon|Saint Bernard|Blenheim spaniel","6,675781|5,570312|5,332031|4,039062|3,878906","true"
"/private/var/containers/Bundle/Application/4D01D32A-B666-4384-B213-31BBF61E54F1/CVTestsSUI.app/imagenet-hard-50-subset-2500__n02086079__ILSVRC2012_val_00009105.JPEG","images/n02086079/imagenet-hard-50-subset-2500__n02086079__ILSVRC2012_val_00009105.JPEG","154","Pekinese","157","papillon","9,046875","157|232|152|215|151","papillon|Border collie|Japanese spaniel|Brittany spaniel|Chihuahua","9,046875|6,695312|5,562500|5,238281|5,050781","false"
"/private/var/containers/Bundle/Application/4D01D32A-B666-4384-B213-31BBF61E54F1/CVTestsSUI.app/imagenet-hard-50-subset-2500__n02086079__ILSVRC2012_val_00009250.JPEG","images/n02086079/imagenet-hard-50-subset-2500__n02086079__ILSVRC2012_val_00009250.JPEG","154","Pekinese","201","silky terrier","8,554688","201|187|193|204|200","silky terrier|Yorkshire terrier|Australian terrier|Lhasa|Tibetan terrier","8,554688|7,160156|6,027344|5,156250|4,246094","false"
"/private/var/containers/Bundle/Application/4D01D32A-B666-4384-B213-31BBF61E54F1/CVTestsSUI.app/imagenet-hard-50-subset-2500__n02086079__ILSVRC2012_val_00031157.JPEG","images/n02086079/imagenet-hard-50-subset-2500__n02086079__ILSVRC2012_val_00031157.JPEG","154","Pekinese","155","Shih-Tzu","7,429688","155|154|204|200|202","Shih-Tzu|Pekinese|Lhasa|Tibetan terrier|soft-coated wheaten terrier","7,429688|7,093750|6,968750|4,863281|3,712891","true"
"/private/var/containers/Bundle/Application/4D01D32A-B666-4384-B213-31BBF61E54F1/CVTestsSUI.app/imagenet-hard-50-subset-2500__n02086079__ILSVRC2012_val_00041109.JPEG","images/n02086079/imagenet-hard-50-subset-2500__n02086079__ILSVRC2012_val_00041109.JPEG","154","Pekinese","207","golden retriever","7,410156","207|154|222|219|151","golden retriever|Pekinese|kuvasz|cocker spaniel|Chihuahua","7,410156|6,871094|6,488281|6,285156|5,597656","true"
"/private/var/containers/Bundle/Application/4D01D32A-B666-4384-B213-31BBF61E54F1/CVTestsSUI.app/imagenet-hard-50-subset-2500__n02086079__ILSVRC2012_val_00044854.JPEG","images/n02086079/imagenet-hard-50-subset-2500__n02086079__ILSVRC2012_val_00044854.JPEG","154","Pekinese","201","silky terrier","8,781250","201|187|202|193|226","silky terrier|Yorkshire terrier|soft-coated wheaten terrier|Australian terrier|briard","8,781250|6,281250|4,828125|4,566406|4,371094","false"
"/private/var/containers/Bundle/Application/4D01D32A-B666-4384-B213-31BBF61E54F1/CVTestsSUI.app/imagenet-hard-50-subset-2500__n02086240__ILSVRC2012_val_00005898.JPEG","images/n02086240/imagenet-hard-50-subset-2500__n02086240__ILSVRC2012_val_00005898.JPEG","155","Shih-Tzu","204","Lhasa","8,179688","204|155|153|154|200","Lhasa|Shih-Tzu|Maltese dog|Pekinese|Tibetan terrier","8,179688|7,703125|6,304688|4,671875|3,296875","true"
"/private/var/containers/Bundle/Application/4D01D32A-B666-4384-B213-31BBF61E54F1/CVTestsSUI.app/imagenet-hard-50-subset-2500__n02086240__ILSVRC2012_val_00010550.JPEG","images/n02086240/imagenet-hard-50-subset-2500__n02086240__ILSVRC2012_val_00010550.JPEG","155","Shih-Tzu","157","papillon","7,839844","157|151|158|232|152","papillon|Chihuahua|toy terrier|Border collie|Japanese spaniel","7,839844|5,890625|5,253906|5,066406|5,035156","false"
"/private/var/containers/Bundle/Application/4D01D32A-B666-4384-B213-31BBF61E54F1/CVTestsSUI.app/imagenet-hard-50-subset-2500__n02086240__ILSVRC2012_val_00011869.JPEG","images/n02086240/imagenet-hard-50-subset-2500__n02086240__ILSVRC2012_val_00011869.JPEG","155","Shih-Tzu","154","Pekinese","8,289062","154|155|204|153|152","Pekinese|Shih-Tzu|Lhasa|Maltese dog|Japanese spaniel","8,289062|7,843750|5,660156|4,625000|3,412109","true"
"/private/var/containers/Bundle/Application/4D01D32A-B666-4384-B213-31BBF61E54F1/CVTestsSUI.app/imagenet-hard-50-subset-2500__n02086240__ILSVRC2012_val_00015738.JPEG","images/n02086240/imagenet-hard-50-subset-2500__n02086240__ILSVRC2012_val_00015738.JPEG","155","Shih-Tzu","219","cocker spaniel","11,250000","219|216|266|204|265","cocker spaniel|clumber|miniature poodle|Lhasa|toy poodle","11,250000|6,390625|5,449219|4,375000|4,375000","false"
"/private/var/containers/Bundle/Application/4D01D32A-B666-4384-B213-31BBF61E54F1/CVTestsSUI.app/imagenet-hard-50-subset-2500__n02086240__ILSVRC2012_val_00023653.JPEG","images/n02086240/imagenet-hard-50-subset-2500__n02086240__ILSVRC2012_val_00023653.JPEG","155","Shih-Tzu","252","affenpinscher","8,523438","252|204|155|200|192","affenpinscher|Lhasa|Shih-Tzu|Tibetan terrier|cairn","8,523438|6,816406|6,343750|5,496094|4,621094","true"
"/private/var/containers/Bundle/Application/4D01D32A-B666-4384-B213-31BBF61E54F1/CVTestsSUI.app/imagenet-hard-50-subset-2500__n02086240__ILSVRC2012_val_00024776.JPEG","images/n02086240/imagenet-hard-50-subset-2500__n02086240__ILSVRC2012_val_00024776.JPEG","155","Shih-Tzu","204","Lhasa","7,773438","204|193|229|155|265","Lhasa|Australian terrier|Old English sheepdog|Shih-Tzu|toy poodle","7,773438|6,648438|6,437500|6,000000|5,812500","true"
"/private/var/containers/Bundle/Application/4D01D32A-B666-4384-B213-31BBF61E54F1/CVTestsSUI.app/imagenet-hard-50-subset-2500__n02086240__ILSVRC2012_val_00026070.JPEG","images/n02086240/imagenet-hard-50-subset-2500__n02086240__ILSVRC2012_val_00026070.JPEG","155","Shih-Tzu","204","Lhasa","8,343750","204|153|155|200|154","Lhasa|Maltese dog|Shih-Tzu|Tibetan terrier|Pekinese","8,343750|7,718750|7,347656|4,152344|3,343750","true"
"/private/var/containers/Bundle/Application/4D01D32A-B666-4384-B213-31BBF61E54F1/CVTestsSUI.app/imagenet-hard-50-subset-2500__n02086240__ILSVRC2012_val_00027703.JPEG","images/n02086240/imagenet-hard-50-subset-2500__n02086240__ILSVRC2012_val_00027703.JPEG","155","Shih-Tzu","230","Shetland sheepdog","7,011719","230|204|155|231|200","Shetland sheepdog|Lhasa|Shih-Tzu|collie|Tibetan terrier","7,011719|5,980469|5,464844|4,937500|4,761719","true"
"/private/var/containers/Bundle/Application/4D01D32A-B666-4384-B213-31BBF61E54F1/CVTestsSUI.app/imagenet-hard-50-subset-2500__n02086240__ILSVRC2012_val_00029700.JPEG","images/n02086240/imagenet-hard-50-subset-2500__n02086240__ILSVRC2012_val_00029700.JPEG","155","Shih-Tzu","204","Lhasa","8,382812","204|155|200|154|226","Lhasa|Shih-Tzu|Tibetan terrier|Pekinese|briard","8,382812|7,816406|6,765625|5,582031|5,472656","true"
"/private/var/containers/Bundle/Application/4D01D32A-B666-4384-B213-31BBF61E54F1/CVTestsSUI.app/imagenet-hard-50-subset-2500__n02086240__ILSVRC2012_val_00031419.JPEG","images/n02086240/imagenet-hard-50-subset-2500__n02086240__ILSVRC2012_val_00031419.JPEG","155","Shih-Tzu","204","Lhasa","9,632812","204|155|196|200|265","Lhasa|Shih-Tzu|miniature schnauzer|Tibetan terrier|toy poodle","9,632812|9,046875|6,484375|5,988281|4,375000","true"
"/private/var/containers/Bundle/Application/4D01D32A-B666-4384-B213-31BBF61E54F1/CVTestsSUI.app/imagenet-hard-50-subset-2500__n02086240__ILSVRC2012_val_00035293.JPEG","images/n02086240/imagenet-hard-50-subset-2500__n02086240__ILSVRC2012_val_00035293.JPEG","155","Shih-Tzu","205","flat-coated retriever","6,535156","205|255|214|219|256","flat-coated retriever|Leonberg|Gordon setter|cocker spaniel|Newfoundland","6,535156|6,191406|4,402344|4,308594|4,296875","false"
"/private/var/containers/Bundle/Application/4D01D32A-B666-4384-B213-31BBF61E54F1/CVTestsSUI.app/imagenet-hard-50-subset-2500__n02086240__ILSVRC2012_val_00040043.JPEG","images/n02086240/imagenet-hard-50-subset-2500__n02086240__ILSVRC2012_val_00040043.JPEG","155","Shih-Tzu","154","Pekinese","8,171875","154|155|204|153|265","Pekinese|Shih-Tzu|Lhasa|Maltese dog|toy poodle","8,171875|8,039062|5,363281|4,738281|3,886719","true"
"/private/var/containers/Bundle/Application/4D01D32A-B666-4384-B213-31BBF61E54F1/CVTestsSUI.app/imagenet-hard-50-subset-2500__n02086240__ILSVRC2012_val_00044224.JPEG","images/n02086240/imagenet-hard-50-subset-2500__n02086240__ILSVRC2012_val_00044224.JPEG","155","Shih-Tzu","200","Tibetan terrier","6,621094","200|204|155|153|201","Tibetan terrier|Lhasa|Shih-Tzu|Maltese dog|silky terrier","6,621094|5,671875|5,031250|5,027344|4,402344","true"
"/private/var/containers/Bundle/Application/4D01D32A-B666-4384-B213-31BBF61E54F1/CVTestsSUI.app/imagenet-hard-50-subset-2500__n02086646__ILSVRC2012_val_00001848.JPEG","images/n02086646/imagenet-hard-50-subset-2500__n02086646__ILSVRC2012_val_00001848.JPEG","156","Blenheim spaniel","218","Welsh springer spaniel","9,976562","218|215|156|219|161","Welsh springer spaniel|Brittany spaniel|Blenheim spaniel|cocker spaniel|basset","9,976562|7,664062|7,308594|5,421875|5,312500","true"
"/private/var/containers/Bundle/Application/4D01D32A-B666-4384-B213-31BBF61E54F1/CVTestsSUI.app/imagenet-hard-50-subset-2500__n02086646__ILSVRC2012_val_00025085.JPEG","images/n02086646/imagenet-hard-50-subset-2500__n02086646__ILSVRC2012_val_00025085.JPEG","156","Blenheim spaniel","247","Saint Bernard","8,468750","247|218|156|161|162","Saint Bernard|Welsh springer spaniel|Blenheim spaniel|basset|beagle","8,468750|8,210938|7,773438|7,664062|7,503906","true"
"/private/var/containers/Bundle/Application/4D01D32A-B666-4384-B213-31BBF61E54F1/CVTestsSUI.app/imagenet-hard-50-subset-2500__n02086646__ILSVRC2012_val_00030642.JPEG","images/n02086646/imagenet-hard-50-subset-2500__n02086646__ILSVRC2012_val_00030642.JPEG","156","Blenheim spaniel","231","collie","8,046875","231|230|260|156|218","collie|Shetland sheepdog|chow|Blenheim spaniel|Welsh springer spaniel","8,046875|5,402344|3,386719|3,312500|3,126953","true"
"/private/var/containers/Bundle/Application/4D01D32A-B666-4384-B213-31BBF61E54F1/CVTestsSUI.app/imagenet-hard-50-subset-2500__n02086910__ILSVRC2012_val_00022099.JPEG","images/n02086910/imagenet-hard-50-subset-2500__n02086910__ILSVRC2012_val_00022099.JPEG","157","papillon","152","Japanese spaniel","10,070312","152|155|200|157|204","Japanese spaniel|Shih-Tzu|Tibetan terrier|papillon|Lhasa","10,070312|7,593750|7,355469|5,640625|5,437500","true"
"/private/var/containers/Bundle/Application/4D01D32A-B666-4384-B213-31BBF61E54F1/CVTestsSUI.app/imagenet-hard-50-subset-2500__n02086910__ILSVRC2012_val_00032120.JPEG","images/n02086910/imagenet-hard-50-subset-2500__n02086910__ILSVRC2012_val_00032120.JPEG","157","papillon","152","Japanese spaniel","6,632812","152|157|232|231|195","Japanese spaniel|papillon|Border collie|collie|Boston bull","6,632812|6,296875|5,226562|4,468750|4,074219","true"
"/private/var/containers/Bundle/Application/4D01D32A-B666-4384-B213-31BBF61E54F1/CVTestsSUI.app/imagenet-hard-50-subset-2500__n02086910__ILSVRC2012_val_00033944.JPEG","images/n02086910/imagenet-hard-50-subset-2500__n02086910__ILSVRC2012_val_00033944.JPEG","157","papillon","217","English springer","8,453125","217|218|255|256|241","English springer|Welsh springer spaniel|Leonberg|Newfoundland|EntleBucher","8,453125|5,464844|5,289062|5,101562|4,820312","false"
"/private/var/containers/Bundle/Application/4D01D32A-B666-4384-B213-31BBF61E54F1/CVTestsSUI.app/imagenet-hard-50-subset-2500__n02086910__ILSVRC2012_val_00040564.JPEG","images/n02086910/imagenet-hard-50-subset-2500__n02086910__ILSVRC2012_val_00040564.JPEG","157","papillon","219","cocker spaniel","7,246094","219|157|154|215|156","cocker spaniel|papillon|Pekinese|Brittany spaniel|Blenheim spaniel","7,246094|6,730469|5,957031|5,597656|5,445312","true"
"/private/var/containers/Bundle/Application/4D01D32A-B666-4384-B213-31BBF61E54F1/CVTestsSUI.app/imagenet-hard-50-subset-2500__n02087046__ILSVRC2012_val_00004717.JPEG","images/n02087046/imagenet-hard-50-subset-2500__n02087046__ILSVRC2012_val_00004717.JPEG","158","toy terrier","151","Chihuahua","8,156250","151|158|237|171|259","Chihuahua|toy terrier|miniature pinscher|Italian greyhound|Pomeranian","8,156250|7,527344|5,855469|5,003906|4,191406","true"
"/private/var/containers/Bundle/Application/4D01D32A-B666-4384-B213-31BBF61E54F1/CVTestsSUI.app/imagenet-hard-50-subset-2500__n02087046__ILSVRC2012_val_00007511.JPEG","images/n02087046/imagenet-hard-50-subset-2500__n02087046__ILSVRC2012_val_00007511.JPEG","158","toy terrier","180","American Staffordshire terrier","9,031250","180|158|179|237|236","American Staffordshire terrier|toy terrier|Staffordshire bullterrier|miniature pinscher|Doberman","9,031250|7,027344|6,285156|5,718750|5,660156","true"
"/private/var/containers/Bundle/Application/4D01D32A-B666-4384-B213-31BBF61E54F1/CVTestsSUI.app/imagenet-hard-50-subset-2500__n02087046__ILSVRC2012_val_00011748.JPEG","images/n02087046/imagenet-hard-50-subset-2500__n02087046__ILSVRC2012_val_00011748.JPEG","158","toy terrier","151","Chihuahua","7,039062","151|223|262|158|196","Chihuahua|schipperke|Brabancon griffon|toy terrier|miniature schnauzer","7,039062|5,578125|5,390625|4,796875|4,781250","true"
"/private/var/containers/Bundle/Application/4D01D32A-B666-4384-B213-31BBF61E54F1/CVTestsSUI.app/imagenet-hard-50-subset-2500__n02087046__ILSVRC2012_val_00013133.JPEG","images/n02087046/imagenet-hard-50-subset-2500__n02087046__ILSVRC2012_val_00013133.JPEG","158","toy terrier","151","Chihuahua","7,875000","151|158|237|268|227","Chihuahua|toy terrier|miniature pinscher|Mexican hairless|kelpie","7,875000|7,570312|7,164062|5,457031|3,970703","true"
"/private/var/containers/Bundle/Application/4D01D32A-B666-4384-B213-31BBF61E54F1/CVTestsSUI.app/imagenet-hard-50-subset-2500__n02087046__ILSVRC2012_val_00015701.JPEG","images/n02087046/imagenet-hard-50-subset-2500__n02087046__ILSVRC2012_val_00015701.JPEG","158","toy terrier","236","Doberman","7,300781","236|158|237|227|165","Doberman|toy terrier|miniature pinscher|kelpie|black-and-tan coonhound","7,300781|6,433594|5,507812|3,585938|3,347656","true"
"/private/var/containers/Bundle/Application/4D01D32A-B666-4384-B213-31BBF61E54F1/CVTestsSUI.app/imagenet-hard-50-subset-2500__n02087046__ILSVRC2012_val_00019261.JPEG","images/n02087046/imagenet-hard-50-subset-2500__n02087046__ILSVRC2012_val_00019261.JPEG","158","toy terrier","195","Boston bull","9,468750","195|179|180|245|158","Boston bull|Staffordshire bullterrier|American Staffordshire terrier|French bulldog|toy terrier","9,468750|6,628906|6,328125|6,238281|4,929688","true"
"/private/var/containers/Bundle/Application/4D01D32A-B666-4384-B213-31BBF61E54F1/CVTestsSUI.app/imagenet-hard-50-subset-2500__n02087046__ILSVRC2012_val_00019566.JPEG","images/n02087046/imagenet-hard-50-subset-2500__n02087046__ILSVRC2012_val_00019566.JPEG","158","toy terrier","237","miniature pinscher","8,140625","237|158|151|227|234","miniature pinscher|toy terrier|Chihuahua|kelpie|Rottweiler","8,140625|6,980469|6,800781|4,152344|4,015625","true"
"/private/var/containers/Bundle/Application/4D01D32A-B666-4384-B213-31BBF61E54F1/CVTestsSUI.app/imagenet-hard-50-subset-2500__n02087046__ILSVRC2012_val_00019883.JPEG","images/n02087046/imagenet-hard-50-subset-2500__n02087046__ILSVRC2012_val_00019883.JPEG","158","toy terrier","180","American Staffordshire terrier","6,425781","180|195|158|245|179","American Staffordshire terrier|Boston bull|toy terrier|French bulldog|Staffordshire bullterrier","6,425781|5,585938|5,429688|4,453125|3,912109","true"
"/private/var/containers/Bundle/Application/4D01D32A-B666-4384-B213-31BBF61E54F1/CVTestsSUI.app/imagenet-hard-50-subset-2500__n02087046__ILSVRC2012_val_00033530.JPEG","images/n02087046/imagenet-hard-50-subset-2500__n02087046__ILSVRC2012_val_00033530.JPEG","158","toy terrier","227","kelpie","6,898438","227|158|164|193|236","kelpie|toy terrier|bluetick|Australian terrier|Doberman","6,898438|6,886719|5,046875|4,949219|4,871094","true"
"/private/var/containers/Bundle/Application/4D01D32A-B666-4384-B213-31BBF61E54F1/CVTestsSUI.app/imagenet-hard-50-subset-2500__n02087046__ILSVRC2012_val_00033726.JPEG","images/n02087046/imagenet-hard-50-subset-2500__n02087046__ILSVRC2012_val_00033726.JPEG","158","toy terrier","195","Boston bull","9,367188","195|245|158|180|171","Boston bull|French bulldog|toy terrier|American Staffordshire terrier|Italian greyhound","9,367188|7,070312|6,078125|3,701172|3,212891","true"
"/private/var/containers/Bundle/Application/4D01D32A-B666-4384-B213-31BBF61E54F1/CVTestsSUI.app/imagenet-hard-50-subset-2500__n02087046__ILSVRC2012_val_00036751.JPEG","images/n02087046/imagenet-hard-50-subset-2500__n02087046__ILSVRC2012_val_00036751.JPEG","158","toy terrier","188","wire-haired fox terrier","6,808594","188|196|182|157|192","wire-haired fox terrier|miniature schnauzer|Border terrier|papillon|cairn","6,808594|5,800781|5,511719|4,886719|4,816406","false"
"/private/var/containers/Bundle/Application/4D01D32A-B666-4384-B213-31BBF61E54F1/CVTestsSUI.app/imagenet-hard-50-subset-2500__n02087046__ILSVRC2012_val_00037669.JPEG","images/n02087046/imagenet-hard-50-subset-2500__n02087046__ILSVRC2012_val_00037669.JPEG","158","toy terrier","262","Brabancon griffon","6,988281","262|151|237|158|234","Brabancon griffon|Chihuahua|miniature pinscher|toy terrier|Rottweiler","6,988281|6,832031|6,000000|5,953125|4,023438","true"
"/private/var/containers/Bundle/Application/4D01D32A-B666-4384-B213-31BBF61E54F1/CVTestsSUI.app/imagenet-hard-50-subset-2500__n02087046__ILSVRC2012_val_00038974.JPEG","images/n02087046/imagenet-hard-50-subset-2500__n02087046__ILSVRC2012_val_00038974.JPEG","158","toy terrier","151","Chihuahua","7,484375","151|173|253|172|158","Chihuahua|Ibizan hound|basenji|whippet|toy terrier","7,484375|7,097656|5,921875|5,750000|5,667969","true"
"/private/var/containers/Bundle/Application/4D01D32A-B666-4384-B213-31BBF61E54F1/CVTestsSUI.app/imagenet-hard-50-subset-2500__n02087046__ILSVRC2012_val_00041444.JPEG","images/n02087046/imagenet-hard-50-subset-2500__n02087046__ILSVRC2012_val_00041444.JPEG","158","toy terrier","237","miniature pinscher","10,492188","237|158|236|234|268","miniature pinscher|toy terrier|Doberman|Rottweiler|Mexican hairless","10,492188|8,460938|7,070312|4,980469|4,945312","true"
"/private/var/containers/Bundle/Application/4D01D32A-B666-4384-B213-31BBF61E54F1/CVTestsSUI.app/imagenet-hard-50-subset-2500__n02087046__ILSVRC2012_val_00042449.JPEG","images/n02087046/imagenet-hard-50-subset-2500__n02087046__ILSVRC2012_val_00042449.JPEG","158","toy terrier","236","Doberman","8,820312","236|237|158|227|225","Doberman|miniature pinscher|toy terrier|kelpie|malinois","8,820312|7,503906|6,808594|5,417969|3,904297","true"
"/private/var/containers/Bundle/Application/4D01D32A-B666-4384-B213-31BBF61E54F1/CVTestsSUI.app/imagenet-hard-50-subset-2500__n02087046__ILSVRC2012_val_00044441.JPEG","images/n02087046/imagenet-hard-50-subset-2500__n02087046__ILSVRC2012_val_00044441.JPEG","158","toy terrier","237","miniature pinscher","7,335938","237|158|236|253|227","miniature pinscher|toy terrier|Doberman|basenji|kelpie","7,335938|6,996094|6,218750|4,460938|3,457031","true"
"/private/var/containers/Bundle/Application/4D01D32A-B666-4384-B213-31BBF61E54F1/CVTestsSUI.app/imagenet-hard-50-subset-2500__n02087394__ILSVRC2012_val_00003837.JPEG","images/n02087394/imagenet-hard-50-subset-2500__n02087394__ILSVRC2012_val_00003837.JPEG","159","Rhodesian ridgeback","243","bull mastiff","9,250000","243|242|179|245|180","bull mastiff|boxer|Staffordshire bullterrier|French bulldog|American Staffordshire terrier","9,250000|7,742188|7,695312|6,902344|6,562500","false"
"/private/var/containers/Bundle/Application/4D01D32A-B666-4384-B213-31BBF61E54F1/CVTestsSUI.app/imagenet-hard-50-subset-2500__n02087394__ILSVRC2012_val_00004992.JPEG","images/n02087394/imagenet-hard-50-subset-2500__n02087394__ILSVRC2012_val_00004992.JPEG","159","Rhodesian ridgeback","180","American Staffordshire terrier","7,421875","180|159|171|172|179","American Staffordshire terrier|Rhodesian ridgeback|Italian greyhound|whippet|Staffordshire bullterrier","7,421875|7,417969|7,164062|6,605469|6,089844","true"
"/private/var/containers/Bundle/Application/4D01D32A-B666-4384-B213-31BBF61E54F1/CVTestsSUI.app/imagenet-hard-50-subset-2500__n02087394__ILSVRC2012_val_00010057.JPEG","images/n02087394/imagenet-hard-50-subset-2500__n02087394__ILSVRC2012_val_00010057.JPEG","159","Rhodesian ridgeback","211","vizsla","9,015625","211|168|159|209|210","vizsla|redbone|Rhodesian ridgeback|Chesapeake Bay retriever|German short-haired pointer","9,015625|7,027344|6,972656|6,074219|5,953125","true"
"/private/var/containers/Bundle/Application/4D01D32A-B666-4384-B213-31BBF61E54F1/CVTestsSUI.app/imagenet-hard-50-subset-2500__n02087394__ILSVRC2012_val_00017792.JPEG","images/n02087394/imagenet-hard-50-subset-2500__n02087394__ILSVRC2012_val_00017792.JPEG","159","Rhodesian ridgeback","168","redbone","6,984375","168|159|811|180|897","redbone|Rhodesian ridgeback|space heater|American Staffordshire terrier|washer","6,984375|6,515625|5,480469|4,824219|4,656250","true"
"/private/var/containers/Bundle/Application/4D01D32A-B666-4384-B213-31BBF61E54F1/CVTestsSUI.app/imagenet-hard-50-subset-2500__n02087394__ILSVRC2012_val_00018933.JPEG","images/n02087394/imagenet-hard-50-subset-2500__n02087394__ILSVRC2012_val_00018933.JPEG","159","Rhodesian ridgeback","242","boxer","7,667969","242|159|180|243|246","boxer|Rhodesian ridgeback|American Staffordshire terrier|bull mastiff|Great Dane","7,667969|6,457031|6,300781|5,675781|5,187500","true"
"/private/var/containers/Bundle/Application/4D01D32A-B666-4384-B213-31BBF61E54F1/CVTestsSUI.app/imagenet-hard-50-subset-2500__n02087394__ILSVRC2012_val_00032859.JPEG","images/n02087394/imagenet-hard-50-subset-2500__n02087394__ILSVRC2012_val_00032859.JPEG","159","Rhodesian ridgeback","246","Great Dane","8,054688","246|172|159|225|176","Great Dane|whippet|Rhodesian ridgeback|malinois|Saluki","8,054688|6,277344|6,160156|5,062500|4,425781","true"
"/private/var/containers/Bundle/Application/4D01D32A-B666-4384-B213-31BBF61E54F1/CVTestsSUI.app/imagenet-hard-50-subset-2500__n02087394__ILSVRC2012_val_00033731.JPEG","images/n02087394/imagenet-hard-50-subset-2500__n02087394__ILSVRC2012_val_00033731.JPEG","159","Rhodesian ridgeback","168","redbone","6,976562","168|211|159|163|180","redbone|vizsla|Rhodesian ridgeback|bloodhound|American Staffordshire terrier","6,976562|6,929688|6,421875|4,972656|3,949219","true"
"/private/var/containers/Bundle/Application/4D01D32A-B666-4384-B213-31BBF61E54F1/CVTestsSUI.app/imagenet-hard-50-subset-2500__n02087394__ILSVRC2012_val_00036907.JPEG","images/n02087394/imagenet-hard-50-subset-2500__n02087394__ILSVRC2012_val_00036907.JPEG","159","Rhodesian ridgeback","242","boxer","7,484375","242|243|159|180|179","boxer|bull mastiff|Rhodesian ridgeback|American Staffordshire terrier|Staffordshire bullterrier","7,484375|6,578125|6,089844|5,367188|4,792969","true"
"/private/var/containers/Bundle/Application/4D01D32A-B666-4384-B213-31BBF61E54F1/CVTestsSUI.app/imagenet-hard-50-subset-2500__n02087394__ILSVRC2012_val_00037577.JPEG","images/n02087394/imagenet-hard-50-subset-2500__n02087394__ILSVRC2012_val_00037577.JPEG","159","Rhodesian ridgeback","242","boxer","6,523438","242|180|159|253|166","boxer|American Staffordshire terrier|Rhodesian ridgeback|basenji|Walker hound","6,523438|6,132812|5,835938|5,238281|4,867188","true"
"/private/var/containers/Bundle/Application/4D01D32A-B666-4384-B213-31BBF61E54F1/CVTestsSUI.app/imagenet-hard-50-subset-2500__n02087394__ILSVRC2012_val_00047173.JPEG","images/n02087394/imagenet-hard-50-subset-2500__n02087394__ILSVRC2012_val_00047173.JPEG","159","Rhodesian ridgeback","243","bull mastiff","7,683594","243|163|180|159|179","bull mastiff|bloodhound|American Staffordshire terrier|Rhodesian ridgeback|Staffordshire bullterrier","7,683594|6,199219|6,046875|6,019531|5,937500","true"
"/private/var/containers/Bundle/Application/4D01D32A-B666-4384-B213-31BBF61E54F1/CVTestsSUI.app/imagenet-hard-50-subset-2500__n02088094__ILSVRC2012_val_00006698.JPEG","images/n02088094/imagenet-hard-50-subset-2500__n02088094__ILSVRC2012_val_00006698.JPEG","160","Afghan hound","226","briard","8,562500","226|200|160|202|187","briard|Tibetan terrier|Afghan hound|soft-coated wheaten terrier|Yorkshire terrier","8,562500|8,046875|8,023438|6,519531|5,625000","true"
"/private/var/containers/Bundle/Application/4D01D32A-B666-4384-B213-31BBF61E54F1/CVTestsSUI.app/imagenet-hard-50-subset-2500__n02088094__ILSVRC2012_val_00030323.JPEG","images/n02088094/imagenet-hard-50-subset-2500__n02088094__ILSVRC2012_val_00030323.JPEG","160","Afghan hound","204","Lhasa","8,929688","204|202|226|187|192","Lhasa|soft-coated wheaten terrier|briard|Yorkshire terrier|cairn","8,929688|7,511719|7,156250|6,925781|6,753906","false"
"/private/var/containers/Bundle/Application/4D01D32A-B666-4384-B213-31BBF61E54F1/CVTestsSUI.app/imagenet-hard-50-subset-2500__n02088094__ILSVRC2012_val_00032668.JPEG","images/n02088094/imagenet-hard-50-subset-2500__n02088094__ILSVRC2012_val_00032668.JPEG","160","Afghan hound","225","malinois","6,164062","225|202|186|184|226","malinois|soft-coated wheaten terrier|Norwich terrier|Irish terrier|briard","6,164062|5,933594|5,460938|5,257812|5,246094","false"
"/private/var/containers/Bundle/Application/4D01D32A-B666-4384-B213-31BBF61E54F1/CVTestsSUI.app/imagenet-hard-50-subset-2500__n02088094__ILSVRC2012_val_00044215.JPEG","images/n02088094/imagenet-hard-50-subset-2500__n02088094__ILSVRC2012_val_00044215.JPEG","160","Afghan hound","232","Border collie","7,191406","232|160|224|231|256","Border collie|Afghan hound|groenendael|collie|Newfoundland","7,191406|6,980469|6,777344|6,375000|6,046875","true"
"/private/var/containers/Bundle/Application/4D01D32A-B666-4384-B213-31BBF61E54F1/CVTestsSUI.app/imagenet-hard-50-subset-2500__n02088238__ILSVRC2012_val_00000838.JPEG","images/n02088238/imagenet-hard-50-subset-2500__n02088238__ILSVRC2012_val_00000838.JPEG","161","basset","166","Walker hound","9,804688","166|162|785|161|167","Walker hound|beagle|seat belt|basset|English foxhound","9,804688|8,640625|7,285156|6,468750|5,273438","true"
"/private/var/containers/Bundle/Application/4D01D32A-B666-4384-B213-31BBF61E54F1/CVTestsSUI.app/imagenet-hard-50-subset-2500__n02088238__ILSVRC2012_val_00002111.JPEG","images/n02088238/imagenet-hard-50-subset-2500__n02088238__ILSVRC2012_val_00002111.JPEG","161","basset","195","Boston bull","6,343750","195|240|238|241|179","Boston bull|Appenzeller|Greater Swiss Mountain dog|EntleBucher|Staffordshire bullterrier","6,343750|6,285156|6,183594|5,738281|5,527344","false"
"/private/var/containers/Bundle/Application/4D01D32A-B666-4384-B213-31BBF61E54F1/CVTestsSUI.app/imagenet-hard-50-subset-2500__n02088238__ILSVRC2012_val_00014030.JPEG","images/n02088238/imagenet-hard-50-subset-2500__n02088238__ILSVRC2012_val_00014030.JPEG","161","basset","168","redbone","8,593750","168|237|159|211|161","redbone|miniature pinscher|Rhodesian ridgeback|vizsla|basset","8,593750|7,027344|4,726562|4,250000|3,380859","true"
"/private/var/containers/Bundle/Application/4D01D32A-B666-4384-B213-31BBF61E54F1/CVTestsSUI.app/imagenet-hard-50-subset-2500__n02088238__ILSVRC2012_val_00026622.JPEG","images/n02088238/imagenet-hard-50-subset-2500__n02088238__ILSVRC2012_val_00026622.JPEG","161","basset","162","beagle","8,078125","162|161|166|238|215","beagle|basset|Walker hound|Greater Swiss Mountain dog|Brittany spaniel","8,078125|7,734375|5,921875|4,566406|4,183594","true"
"/private/var/containers/Bundle/Application/4D01D32A-B666-4384-B213-31BBF61E54F1/CVTestsSUI.app/imagenet-hard-50-subset-2500__n02088238__ILSVRC2012_val_00027114.JPEG","images/n02088238/imagenet-hard-50-subset-2500__n02088238__ILSVRC2012_val_00027114.JPEG","161","basset","166","Walker hound","8,164062","166|162|161|253|195","Walker hound|beagle|basset|basenji|Boston bull","8,164062|7,824219|5,925781|5,855469|5,675781","true"
"/private/var/containers/Bundle/Application/4D01D32A-B666-4384-B213-31BBF61E54F1/CVTestsSUI.app/imagenet-hard-50-subset-2500__n02088238__ILSVRC2012_val_00030429.JPEG","images/n02088238/imagenet-hard-50-subset-2500__n02088238__ILSVRC2012_val_00030429.JPEG","161","basset","162","beagle","9,273438","162|161|167|166|164","beagle|basset|English foxhound|Walker hound|bluetick","9,273438|9,195312|7,015625|6,625000|6,117188","true"
"/private/var/containers/Bundle/Application/4D01D32A-B666-4384-B213-31BBF61E54F1/CVTestsSUI.app/imagenet-hard-50-subset-2500__n02088238__ILSVRC2012_val_00035117.JPEG","images/n02088238/imagenet-hard-50-subset-2500__n02088238__ILSVRC2012_val_00035117.JPEG","161","basset","162","beagle","6,953125","162|166|180|212|229","beagle|Walker hound|American Staffordshire terrier|English setter|Old English sheepdog","6,953125|5,757812|4,851562|4,824219|4,824219","false"
"/private/var/containers/Bundle/Application/4D01D32A-B666-4384-B213-31BBF61E54F1/CVTestsSUI.app/imagenet-hard-50-subset-2500__n02088238__ILSVRC2012_val_00037804.JPEG","images/n02088238/imagenet-hard-50-subset-2500__n02088238__ILSVRC2012_val_00037804.JPEG","161","basset","162","beagle","7,582031","162|161|180|166|165","beagle|basset|American Staffordshire terrier|Walker hound|black-and-tan coonhound","7,582031|7,484375|6,042969|5,894531|5,796875","true"
"/private/var/containers/Bundle/Application/4D01D32A-B666-4384-B213-31BBF61E54F1/CVTestsSUI.app/imagenet-hard-50-subset-2500__n02088238__ILSVRC2012_val_00049931.JPEG","images/n02088238/imagenet-hard-50-subset-2500__n02088238__ILSVRC2012_val_00049931.JPEG","161","basset","247","Saint Bernard","7,375000","247|212|251|215|161","Saint Bernard|English setter|dalmatian|Brittany spaniel|basset","7,375000|6,750000|5,972656|5,347656|5,328125","true"
"/private/var/containers/Bundle/Application/4D01D32A-B666-4384-B213-31BBF61E54F1/CVTestsSUI.app/imagenet-hard-50-subset-2500__n02088364__ILSVRC2012_val_00011384.JPEG","images/n02088364/imagenet-hard-50-subset-2500__n02088364__ILSVRC2012_val_00011384.JPEG","162","beagle","164","bluetick","8,750000","164|162|167|168|166","bluetick|beagle|English foxhound|redbone|Walker hound","8,750000|8,242188|6,000000|5,996094|5,558594","true"
"/private/var/containers/Bundle/Application/4D01D32A-B666-4384-B213-31BBF61E54F1/CVTestsSUI.app/imagenet-hard-50-subset-2500__n02088364__ILSVRC2012_val_00013381.JPEG","images/n02088364/imagenet-hard-50-subset-2500__n02088364__ILSVRC2012_val_00013381.JPEG","162","beagle","161","basset","7,769531","161|166|162|167|163","basset|Walker hound|beagle|English foxhound|bloodhound","7,769531|7,328125|6,238281|5,402344|3,640625","true"
"/private/var/containers/Bundle/Application/4D01D32A-B666-4384-B213-31BBF61E54F1/CVTestsSUI.app/imagenet-hard-50-subset-2500__n02088364__ILSVRC2012_val_00017873.JPEG","images/n02088364/imagenet-hard-50-subset-2500__n02088364__ILSVRC2012_val_00017873.JPEG","162","beagle","166","Walker hound","8,421875","166|162|173|167|172","Walker hound|beagle|Ibizan hound|English foxhound|whippet","8,421875|7,054688|6,921875|6,199219|5,937500","true"
"/private/var/containers/Bundle/Application/4D01D32A-B666-4384-B213-31BBF61E54F1/CVTestsSUI.app/imagenet-hard-50-subset-2500__n02088364__ILSVRC2012_val_00019283.JPEG","images/n02088364/imagenet-hard-50-subset-2500__n02088364__ILSVRC2012_val_00019283.JPEG","162","beagle","161","basset","10,117188","161|162|164|166|163","basset|beagle|bluetick|Walker hound|bloodhound","10,117188|7,082031|5,996094|5,484375|4,546875","true"
"/private/var/containers/Bundle/Application/4D01D32A-B666-4384-B213-31BBF61E54F1/CVTestsSUI.app/imagenet-hard-50-subset-2500__n02088364__ILSVRC2012_val_00025393.JPEG","images/n02088364/imagenet-hard-50-subset-2500__n02088364__ILSVRC2012_val_00025393.JPEG","162","beagle","166","Walker hound","7,816406","166|162|167|173|171","Walker hound|beagle|English foxhound|Ibizan hound|Italian greyhound","7,816406|7,312500|6,324219|5,968750|5,496094","true"
"/private/var/containers/Bundle/Application/4D01D32A-B666-4384-B213-31BBF61E54F1/CVTestsSUI.app/imagenet-hard-50-subset-2500__n02088364__ILSVRC2012_val_00025613.JPEG","images/n02088364/imagenet-hard-50-subset-2500__n02088364__ILSVRC2012_val_00025613.JPEG","162","beagle","167","English foxhound","7,492188","167|166|162|218|161","English foxhound|Walker hound|beagle|Welsh springer spaniel|basset","7,492188|7,312500|6,687500|4,054688|3,748047","true"
"/private/var/containers/Bundle/Application/4D01D32A-B666-4384-B213-31BBF61E54F1/CVTestsSUI.app/imagenet-hard-50-subset-2500__n02088364__ILSVRC2012_val_00028001.JPEG","images/n02088364/imagenet-hard-50-subset-2500__n02088364__ILSVRC2012_val_00028001.JPEG","162","beagle","164","bluetick","8,554688","164|166|162|167|161","bluetick|Walker hound|beagle|English foxhound|basset","8,554688|7,808594|7,648438|6,156250|5,855469","true"
"/private/var/containers/Bundle/Application/4D01D32A-B666-4384-B213-31BBF61E54F1/CVTestsSUI.app/imagenet-hard-50-subset-2500__n02088364__ILSVRC2012_val_00034041.JPEG","images/n02088364/imagenet-hard-50-subset-2500__n02088364__ILSVRC2012_val_00034041.JPEG","162","beagle","161","basset","6,570312","161|162|818|164|846","basset|beagle|spotlight|bluetick|table lamp","6,570312|5,878906|5,519531|5,500000|4,800781","true"
"/private/var/containers/Bundle/Application/4D01D32A-B666-4384-B213-31BBF61E54F1/CVTestsSUI.app/imagenet-hard-50-subset-2500__n02088364__ILSVRC2012_val_00034275.JPEG","images/n02088364/imagenet-hard-50-subset-2500__n02088364__ILSVRC2012_val_00034275.JPEG","162","beagle","151","Chihuahua","8,203125","151|237|161|162|263","Chihuahua|miniature pinscher|basset|beagle|Pembroke","8,203125|7,511719|7,105469|6,203125|6,000000","true"
"/private/var/containers/Bundle/Application/4D01D32A-B666-4384-B213-31BBF61E54F1/CVTestsSUI.app/imagenet-hard-50-subset-2500__n02088466__ILSVRC2012_val_00000909.JPEG","images/n02088466/imagenet-hard-50-subset-2500__n02088466__ILSVRC2012_val_00000909.JPEG","163","bloodhound","165","black-and-tan coonhound","8,007812","165|163|234|166|168","black-and-tan coonhound|bloodhound|Rottweiler|Walker hound|redbone","8,007812|7,386719|5,222656|4,835938|4,492188","true"
"/private/var/containers/Bundle/Application/4D01D32A-B666-4384-B213-31BBF61E54F1/CVTestsSUI.app/imagenet-hard-50-subset-2500__n02088466__ILSVRC2012_val_00006895.JPEG","images/n02088466/imagenet-hard-50-subset-2500__n02088466__ILSVRC2012_val_00006895.JPEG","163","bloodhound","237","miniature pinscher","7,222656","237|168|163|180|159","miniature pinscher|redbone|bloodhound|American Staffordshire terrier|Rhodesian ridgeback","7,222656|7,007812|6,753906|6,332031|6,144531","true"
"/private/var/containers/Bundle/Application/4D01D32A-B666-4384-B213-31BBF61E54F1/CVTestsSUI.app/imagenet-hard-50-subset-2500__n02088466__ILSVRC2012_val_00008375.JPEG","images/n02088466/imagenet-hard-50-subset-2500__n02088466__ILSVRC2012_val_00008375.JPEG","163","bloodhound","241","EntleBucher","7,355469","241|240|239|231|232","EntleBucher|Appenzeller|Bernese mountain dog|collie|Border collie","7,355469|6,222656|5,597656|5,394531|5,070312","false"
"/private/var/containers/Bundle/Application/4D01D32A-B666-4384-B213-31BBF61E54F1/CVTestsSUI.app/imagenet-hard-50-subset-2500__n02088466__ILSVRC2012_val_00010842.JPEG","images/n02088466/imagenet-hard-50-subset-2500__n02088466__ILSVRC2012_val_00010842.JPEG","163","bloodhound","234","Rottweiler","8,179688","234|165|236|168|208","Rottweiler|black-and-tan coonhound|Doberman|redbone|Labrador retriever","8,179688|7,730469|6,082031|5,156250|5,101562","false"
"/private/var/containers/Bundle/Application/4D01D32A-B666-4384-B213-31BBF61E54F1/CVTestsSUI.app/imagenet-hard-50-subset-2500__n02088466__ILSVRC2012_val_00013651.JPEG","images/n02088466/imagenet-hard-50-subset-2500__n02088466__ILSVRC2012_val_00013651.JPEG","163","bloodhound","161","basset","9,976562","161|163|167|166|246","basset|bloodhound|English foxhound|Walker hound|Great Dane","9,976562|7,804688|5,304688|4,976562|3,806641","true"
"/private/var/containers/Bundle/Application/4D01D32A-B666-4384-B213-31BBF61E54F1/CVTestsSUI.app/imagenet-hard-50-subset-2500__n02088466__ILSVRC2012_val_00014580.JPEG","images/n02088466/imagenet-hard-50-subset-2500__n02088466__ILSVRC2012_val_00014580.JPEG","163","bloodhound","242","boxer","7,160156","242|243|245|179|180","boxer|bull mastiff|French bulldog|Staffordshire bullterrier|American Staffordshire terrier","7,160156|4,687500|4,472656|4,242188|4,160156","false"
"/private/var/containers/Bundle/Application/4D01D32A-B666-4384-B213-31BBF61E54F1/CVTestsSUI.app/imagenet-hard-50-subset-2500__n02088466__ILSVRC2012_val_00015244.JPEG","images/n02088466/imagenet-hard-50-subset-2500__n02088466__ILSVRC2012_val_00015244.JPEG","163","bloodhound","161","basset","9,703125","161|166|163|162|167","basset|Walker hound|bloodhound|beagle|English foxhound","9,703125|7,523438|6,781250|5,925781|4,433594","true"
"/private/var/containers/Bundle/Application/4D01D32A-B666-4384-B213-31BBF61E54F1/CVTestsSUI.app/imagenet-hard-50-subset-2500__n02088466__ILSVRC2012_val_00017226.JPEG","images/n02088466/imagenet-hard-50-subset-2500__n02088466__ILSVRC2012_val_00017226.JPEG","163","bloodhound","159","Rhodesian ridgeback","8,273438","159|163|209|242|225","Rhodesian ridgeback|bloodhound|Chesapeake Bay retriever|boxer|malinois","8,273438|7,542969|6,855469|6,792969|6,464844","true"
"/private/var/containers/Bundle/Application/4D01D32A-B666-4384-B213-31BBF61E54F1/CVTestsSUI.app/imagenet-hard-50-subset-2500__n02088466__ILSVRC2012_val_00017511.JPEG","images/n02088466/imagenet-hard-50-subset-2500__n02088466__ILSVRC2012_val_00017511.JPEG","163","bloodhound","161","basset","7,167969","161|210|163|211|164","basset|German short-haired pointer|bloodhound|vizsla|bluetick","7,167969|6,242188|4,816406|3,794922|3,673828","true"
"/private/var/containers/Bundle/Application/4D01D32A-B666-4384-B213-31BBF61E54F1/CVTestsSUI.app/imagenet-hard-50-subset-2500__n02088466__ILSVRC2012_val_00018835.JPEG","images/n02088466/imagenet-hard-50-subset-2500__n02088466__ILSVRC2012_val_00018835.JPEG","163","bloodhound","167","English foxhound","7,949219","167|173|166|353|253","English foxhound|Ibizan hound|Walker hound|gazelle|basenji","7,949219|6,511719|6,238281|5,765625|5,011719","false"
"/private/var/containers/Bundle/Application/4D01D32A-B666-4384-B213-31BBF61E54F1/CVTestsSUI.app/imagenet-hard-50-subset-2500__n02088466__ILSVRC2012_val_00019241.JPEG","images/n02088466/imagenet-hard-50-subset-2500__n02088466__ILSVRC2012_val_00019241.JPEG","163","bloodhound","161","basset","9,968750","161|164|162|163|166","basset|bluetick|beagle|bloodhound|Walker hound","9,968750|8,023438|6,019531|5,152344|3,990234","true"
"/private/var/containers/Bundle/Application/4D01D32A-B666-4384-B213-31BBF61E54F1/CVTestsSUI.app/imagenet-hard-50-subset-2500__n02088466__ILSVRC2012_val_00024046.JPEG","images/n02088466/imagenet-hard-50-subset-2500__n02088466__ILSVRC2012_val_00024046.JPEG","163","bloodhound","161","basset","11,093750","161|163|166|167|218","basset|bloodhound|Walker hound|English foxhound|Welsh springer spaniel","11,093750|5,781250|4,738281|4,550781|4,542969","true"
"/private/var/containers/Bundle/Application/4D01D32A-B666-4384-B213-31BBF61E54F1/CVTestsSUI.app/imagenet-hard-50-subset-2500__n02088466__ILSVRC2012_val_00024090.JPEG","images/n02088466/imagenet-hard-50-subset-2500__n02088466__ILSVRC2012_val_00024090.JPEG","163","bloodhound","161","basset","10,828125","161|162|164|166|264","basset|beagle|bluetick|Walker hound|Cardigan","10,828125|9,125000|6,781250|6,347656|5,726562","false"
"/private/var/containers/Bundle/Application/4D01D32A-B666-4384-B213-31BBF61E54F1/CVTestsSUI.app/imagenet-hard-50-subset-2500__n02088466__ILSVRC2012_val_00024505.JPEG","images/n02088466/imagenet-hard-50-subset-2500__n02088466__ILSVRC2012_val_00024505.JPEG","163","bloodhound","168","redbone","10,085938","168|159|163|213|166","redbone|Rhodesian ridgeback|bloodhound|Irish setter|Walker hound","10,085938|6,371094|5,398438|4,683594|3,957031","true"
"/private/var/containers/Bundle/Application/4D01D32A-B666-4384-B213-31BBF61E54F1/CVTestsSUI.app/imagenet-hard-50-subset-2500__n02088466__ILSVRC2012_val_00028118.JPEG","images/n02088466/imagenet-hard-50-subset-2500__n02088466__ILSVRC2012_val_00028118.JPEG","163","bloodhound","282","tiger cat","6,414062","282|281|287|163|243","tiger cat|tabby|lynx|bloodhound|bull mastiff","6,414062|5,730469|4,406250|4,386719|4,363281","true"
"/private/var/containers/Bundle/Application/4D01D32A-B666-4384-B213-31BBF61E54F1/CVTestsSUI.app/imagenet-hard-50-subset-2500__n02088466__ILSVRC2012_val_00029326.JPEG","images/n02088466/imagenet-hard-50-subset-2500__n02088466__ILSVRC2012_val_00029326.JPEG","163","bloodhound","168","redbone","7,597656","168|211|163|159|213","redbone|vizsla|bloodhound|Rhodesian ridgeback|Irish setter","7,597656|6,445312|6,003906|5,710938|4,492188","true"
"/private/var/containers/Bundle/Application/4D01D32A-B666-4384-B213-31BBF61E54F1/CVTestsSUI.app/imagenet-hard-50-subset-2500__n02088466__ILSVRC2012_val_00031603.JPEG","images/n02088466/imagenet-hard-50-subset-2500__n02088466__ILSVRC2012_val_00031603.JPEG","163","bloodhound","208","Labrador retriever","7,816406","208|243|163|246|254","Labrador retriever|bull mastiff|bloodhound|Great Dane|pug","7,816406|6,375000|6,160156|4,687500|3,912109","true"
"/private/var/containers/Bundle/Application/4D01D32A-B666-4384-B213-31BBF61E54F1/CVTestsSUI.app/imagenet-hard-50-subset-2500__n02088466__ILSVRC2012_val_00032365.JPEG","images/n02088466/imagenet-hard-50-subset-2500__n02088466__ILSVRC2012_val_00032365.JPEG","163","bloodhound","166","Walker hound","7,117188","166|167|161|162|163","Walker hound|English foxhound|basset|beagle|bloodhound","7,117188|6,347656|5,089844|4,773438|4,542969","true"
"/private/var/containers/Bundle/Application/4D01D32A-B666-4384-B213-31BBF61E54F1/CVTestsSUI.app/imagenet-hard-50-subset-2500__n02088466__ILSVRC2012_val_00036523.JPEG","images/n02088466/imagenet-hard-50-subset-2500__n02088466__ILSVRC2012_val_00036523.JPEG","163","bloodhound","161","basset","8,203125","161|163|707|162|164","basset|bloodhound|pay-phone|beagle|bluetick","8,203125|8,085938|4,722656|4,199219|4,152344","true"
"/private/var/containers/Bundle/Application/4D01D32A-B666-4384-B213-31BBF61E54F1/CVTestsSUI.app/imagenet-hard-50-subset-2500__n02088466__ILSVRC2012_val_00038054.JPEG","images/n02088466/imagenet-hard-50-subset-2500__n02088466__ILSVRC2012_val_00038054.JPEG","163","bloodhound","273","dingo","6,929688","273|253|245|225|260","dingo|basenji|French bulldog|malinois|chow","6,929688|6,304688|6,171875|4,828125|4,781250","false"
"/private/var/containers/Bundle/Application/4D01D32A-B666-4384-B213-31BBF61E54F1/CVTestsSUI.app/imagenet-hard-50-subset-2500__n02088466__ILSVRC2012_val_00038477.JPEG","images/n02088466/imagenet-hard-50-subset-2500__n02088466__ILSVRC2012_val_00038477.JPEG","163","bloodhound","286","cougar","6,101562","286|292|163|381|372","cougar|tiger|bloodhound|spider monkey|baboon","6,101562|6,054688|5,894531|5,476562|5,273438","true"
"/private/var/containers/Bundle/Application/4D01D32A-B666-4384-B213-31BBF61E54F1/CVTestsSUI.app/imagenet-hard-50-subset-2500__n02088466__ILSVRC2012_val_00039900.JPEG","images/n02088466/imagenet-hard-50-subset-2500__n02088466__ILSVRC2012_val_00039900.JPEG","163","bloodhound","208","Labrador retriever","8,382812","208|246|180|205|178","Labrador retriever|Great Dane|American Staffordshire terrier|flat-coated retriever|Weimaraner","8,382812|5,148438|4,847656|4,792969|4,714844","false"
"/private/var/containers/Bundle/Application/4D01D32A-B666-4384-B213-31BBF61E54F1/CVTestsSUI.app/imagenet-hard-50-subset-2500__n02088466__ILSVRC2012_val_00042692.JPEG","images/n02088466/imagenet-hard-50-subset-2500__n02088466__ILSVRC2012_val_00042692.JPEG","163","bloodhound","209","Chesapeake Bay retriever","7,234375","209|163|170|243|219","Chesapeake Bay retriever|bloodhound|Irish wolfhound|bull mastiff|cocker spaniel","7,234375|7,195312|5,730469|5,664062|5,289062","true"
"/private/var/containers/Bundle/Application/4D01D32A-B666-4384-B213-31BBF61E54F1/CVTestsSUI.app/imagenet-hard-50-subset-2500__n02088466__ILSVRC2012_val_00043153.JPEG","images/n02088466/imagenet-hard-50-subset-2500__n02088466__ILSVRC2012_val_00043153.JPEG","163","bloodhound","176","Saluki","6,687500","176|165|166|236|164","Saluki|black-and-tan coonhound|Walker hound|Doberman|bluetick","6,687500|6,605469|5,433594|5,273438|5,050781","false"
"/private/var/containers/Bundle/Application/4D01D32A-B666-4384-B213-31BBF61E54F1/CVTestsSUI.app/imagenet-hard-50-subset-2500__n02088466__ILSVRC2012_val_00044716.JPEG","images/n02088466/imagenet-hard-50-subset-2500__n02088466__ILSVRC2012_val_00044716.JPEG","163","bloodhound","208","Labrador retriever","7,128906","208|164|205|210|227","Labrador retriever|bluetick|flat-coated retriever|German short-haired pointer|kelpie","7,128906|6,722656|5,988281|5,730469|5,144531","false"
"/private/var/containers/Bundle/Application/4D01D32A-B666-4384-B213-31BBF61E54F1/CVTestsSUI.app/imagenet-hard-50-subset-2500__n02088466__ILSVRC2012_val_00046691.JPEG","images/n02088466/imagenet-hard-50-subset-2500__n02088466__ILSVRC2012_val_00046691.JPEG","163","bloodhound","178","Weimaraner","7,707031","178|163|246|159|211","Weimaraner|bloodhound|Great Dane|Rhodesian ridgeback|vizsla","7,707031|7,414062|5,894531|5,691406|5,347656","true"
"/private/var/containers/Bundle/Application/4D01D32A-B666-4384-B213-31BBF61E54F1/CVTestsSUI.app/imagenet-hard-50-subset-2500__n02088632__ILSVRC2012_val_00013962.JPEG","images/n02088632/imagenet-hard-50-subset-2500__n02088632__ILSVRC2012_val_00013962.JPEG","164","bluetick","166","Walker hound","7,531250","166|164|167|210|176","Walker hound|bluetick|English foxhound|German short-haired pointer|Saluki","7,531250|7,453125|5,843750|4,589844|3,603516","true"
"/private/var/containers/Bundle/Application/4D01D32A-B666-4384-B213-31BBF61E54F1/CVTestsSUI.app/imagenet-hard-50-subset-2500__n02088632__ILSVRC2012_val_00032000.JPEG","images/n02088632/imagenet-hard-50-subset-2500__n02088632__ILSVRC2012_val_00032000.JPEG","164","bluetick","242","boxer","6,410156","242|164|180|195|238","boxer|bluetick|American Staffordshire terrier|Boston bull|Greater Swiss Mountain dog","6,410156|5,183594|4,371094|4,187500|4,167969","true"
"/private/var/containers/Bundle/Application/4D01D32A-B666-4384-B213-31BBF61E54F1/CVTestsSUI.app/imagenet-hard-50-subset-2500__n02088632__ILSVRC2012_val_00046158.JPEG","images/n02088632/imagenet-hard-50-subset-2500__n02088632__ILSVRC2012_val_00046158.JPEG","164","bluetick","162","beagle","7,855469","162|164|161|166|215","beagle|bluetick|basset|Walker hound|Brittany spaniel","7,855469|7,808594|6,722656|6,429688|5,718750","true"
"/private/var/containers/Bundle/Application/4D01D32A-B666-4384-B213-31BBF61E54F1/CVTestsSUI.app/imagenet-hard-50-subset-2500__n02088632__ILSVRC2012_val_00046273.JPEG","images/n02088632/imagenet-hard-50-subset-2500__n02088632__ILSVRC2012_val_00046273.JPEG","164","bluetick","217","English springer","7,878906","217|232|164|219|210","English springer|Border collie|bluetick|cocker spaniel|German short-haired pointer","7,878906|6,496094|5,988281|5,421875|4,859375","true"
"/private/var/containers/Bundle/Application/4D01D32A-B666-4384-B213-31BBF61E54F1/CVTestsSUI.app/imagenet-hard-50-subset-2500__n02088632__ILSVRC2012_val_00049516.JPEG","images/n02088632/imagenet-hard-50-subset-2500__n02088632__ILSVRC2012_val_00049516.JPEG","164","bluetick","176","Saluki","10,484375","176|169|172|173|171","Saluki|borzoi|whippet|Ibizan hound|Italian greyhound","10,484375|7,355469|5,847656|4,949219|4,488281","false"
"/private/var/containers/Bundle/Application/4D01D32A-B666-4384-B213-31BBF61E54F1/CVTestsSUI.app/imagenet-hard-50-subset-2500__n02089078__ILSVRC2012_val_00000327.JPEG","images/n02089078/imagenet-hard-50-subset-2500__n02089078__ILSVRC2012_val_00000327.JPEG","165","black-and-tan coonhound","234","Rottweiler","7,648438","234|236|165|237|163","Rottweiler|Doberman|black-and-tan coonhound|miniature pinscher|bloodhound","7,648438|6,300781|5,636719|4,878906|4,773438","true"
"/private/var/containers/Bundle/Application/4D01D32A-B666-4384-B213-31BBF61E54F1/CVTestsSUI.app/imagenet-hard-50-subset-2500__n02089078__ILSVRC2012_val_00002398.JPEG","images/n02089078/imagenet-hard-50-subset-2500__n02089078__ILSVRC2012_val_00002398.JPEG","165","black-and-tan coonhound","236","Doberman","7,304688","236|237|234|165|240","Doberman|miniature pinscher|Rottweiler|black-and-tan coonhound|Appenzeller","7,304688|6,859375|6,675781|6,238281|4,097656","true"
"/private/var/containers/Bundle/Application/4D01D32A-B666-4384-B213-31BBF61E54F1/CVTestsSUI.app/imagenet-hard-50-subset-2500__n02089078__ILSVRC2012_val_00012055.JPEG","images/n02089078/imagenet-hard-50-subset-2500__n02089078__ILSVRC2012_val_00012055.JPEG","165","black-and-tan coonhound","236","Doberman","7,542969","236|165|240|227|241","Doberman|black-and-tan coonhound|Appenzeller|kelpie|EntleBucher","7,542969|5,234375|4,804688|4,187500|4,152344","true"
"/private/var/containers/Bundle/Application/4D01D32A-B666-4384-B213-31BBF61E54F1/CVTestsSUI.app/imagenet-hard-50-subset-2500__n02089078__ILSVRC2012_val_00012293.JPEG","images/n02089078/imagenet-hard-50-subset-2500__n02089078__ILSVRC2012_val_00012293.JPEG","165","black-and-tan coonhound","246","Great Dane","7,136719","246|165|236|238|178","Great Dane|black-and-tan coonhound|Doberman|Greater Swiss Mountain dog|Weimaraner","7,136719|6,269531|6,148438|6,062500|5,312500","true"
"/private/var/containers/Bundle/Application/4D01D32A-B666-4384-B213-31BBF61E54F1/CVTestsSUI.app/imagenet-hard-50-subset-2500__n02089078__ILSVRC2012_val_00019462.JPEG","images/n02089078/imagenet-hard-50-subset-2500__n02089078__ILSVRC2012_val_00019462.JPEG","165","black-and-tan coonhound","236","Doberman","8,171875","236|165|234|164|166","Doberman|black-and-tan coonhound|Rottweiler|bluetick|Walker hound","8,171875|7,296875|5,632812|5,617188|4,222656","true"
"/private/var/containers/Bundle/Application/4D01D32A-B666-4384-B213-31BBF61E54F1/CVTestsSUI.app/imagenet-hard-50-subset-2500__n02089078__ILSVRC2012_val_00023966.JPEG","images/n02089078/imagenet-hard-50-subset-2500__n02089078__ILSVRC2012_val_00023966.JPEG","165","black-and-tan coonhound","236","Doberman","8,070312","236|234|165|238|240","Doberman|Rottweiler|black-and-tan coonhound|Greater Swiss Mountain dog|Appenzeller","8,070312|7,785156|7,695312|7,175781|6,078125","true"
"/private/var/containers/Bundle/Application/4D01D32A-B666-4384-B213-31BBF61E54F1/CVTestsSUI.app/imagenet-hard-50-subset-2500__n02089078__ILSVRC2012_val_00025466.JPEG","images/n02089078/imagenet-hard-50-subset-2500__n02089078__ILSVRC2012_val_00025466.JPEG","165","black-and-tan coonhound","164","bluetick","7,921875","164|165|161|163|241","bluetick|black-and-tan coonhound|basset|bloodhound|EntleBucher","7,921875|6,660156|5,449219|4,746094|4,617188","true"
"/private/var/containers/Bundle/Application/4D01D32A-B666-4384-B213-31BBF61E54F1/CVTestsSUI.app/imagenet-hard-50-subset-2500__n02089078__ILSVRC2012_val_00029836.JPEG","images/n02089078/imagenet-hard-50-subset-2500__n02089078__ILSVRC2012_val_00029836.JPEG","165","black-and-tan coonhound","237","miniature pinscher","6,144531","237|236|159|676|234","miniature pinscher|Doberman|Rhodesian ridgeback|muzzle|Rottweiler","6,144531|5,425781|5,292969|4,039062|3,857422","false"
"/private/var/containers/Bundle/Application/4D01D32A-B666-4384-B213-31BBF61E54F1/CVTestsSUI.app/imagenet-hard-50-subset-2500__n02089078__ILSVRC2012_val_00030002.JPEG","images/n02089078/imagenet-hard-50-subset-2500__n02089078__ILSVRC2012_val_00030002.JPEG","165","black-and-tan coonhound","234","Rottweiler","9,812500","234|236|214|240|165","Rottweiler|Doberman|Gordon setter|Appenzeller|black-and-tan coonhound","9,812500|6,222656|5,742188|4,917969|3,890625","true"
"/private/var/containers/Bundle/Application/4D01D32A-B666-4384-B213-31BBF61E54F1/CVTestsSUI.app/imagenet-hard-50-subset-2500__n02089078__ILSVRC2012_val_00030928.JPEG","images/n02089078/imagenet-hard-50-subset-2500__n02089078__ILSVRC2012_val_00030928.JPEG","165","black-and-tan coonhound","240","Appenzeller","7,878906","240|166|236|238|241","Appenzeller|Walker hound|Doberman|Greater Swiss Mountain dog|EntleBucher","7,878906|5,839844|5,757812|4,972656|4,972656","false"
"/private/var/containers/Bundle/Application/4D01D32A-B666-4384-B213-31BBF61E54F1/CVTestsSUI.app/imagenet-hard-50-subset-2500__n02089078__ILSVRC2012_val_00031040.JPEG","images/n02089078/imagenet-hard-50-subset-2500__n02089078__ILSVRC2012_val_00031040.JPEG","165","black-and-tan coonhound","236","Doberman","8,601562","236|165|234|238|214","Doberman|black-and-tan coonhound|Rottweiler|Greater Swiss Mountain dog|Gordon setter","8,601562|7,613281|7,378906|5,554688|5,417969","true"
"/private/var/containers/Bundle/Application/4D01D32A-B666-4384-B213-31BBF61E54F1/CVTestsSUI.app/imagenet-hard-50-subset-2500__n02089078__ILSVRC2012_val_00031699.JPEG","images/n02089078/imagenet-hard-50-subset-2500__n02089078__ILSVRC2012_val_00031699.JPEG","165","black-and-tan coonhound","195","Boston bull","6,574219","195|676|242|238|161","Boston bull|muzzle|boxer|Greater Swiss Mountain dog|basset","6,574219|6,187500|5,601562|5,109375|5,039062","false"
"/private/var/containers/Bundle/Application/4D01D32A-B666-4384-B213-31BBF61E54F1/CVTestsSUI.app/imagenet-hard-50-subset-2500__n02089078__ILSVRC2012_val_00033531.JPEG","images/n02089078/imagenet-hard-50-subset-2500__n02089078__ILSVRC2012_val_00033531.JPEG","165","black-and-tan coonhound","163","bloodhound","7,515625","163|165|234|161|236","bloodhound|black-and-tan coonhound|Rottweiler|basset|Doberman","7,515625|5,703125|5,375000|4,605469|4,273438","true"
"/private/var/containers/Bundle/Application/4D01D32A-B666-4384-B213-31BBF61E54F1/CVTestsSUI.app/imagenet-hard-50-subset-2500__n02089078__ILSVRC2012_val_00034171.JPEG","images/n02089078/imagenet-hard-50-subset-2500__n02089078__ILSVRC2012_val_00034171.JPEG","165","black-and-tan coonhound","236","Doberman","8,039062","236|165|234|163|676","Doberman|black-and-tan coonhound|Rottweiler|bloodhound|muzzle","8,039062|6,304688|5,324219|4,914062|2,835938","true"
"/private/var/containers/Bundle/Application/4D01D32A-B666-4384-B213-31BBF61E54F1/CVTestsSUI.app/imagenet-hard-50-subset-2500__n02089078__ILSVRC2012_val_00037559.JPEG","images/n02089078/imagenet-hard-50-subset-2500__n02089078__ILSVRC2012_val_00037559.JPEG","165","black-and-tan coonhound","236","Doberman","7,187500","236|165|176|166|167","Doberman|black-and-tan coonhound|Saluki|Walker hound|English foxhound","7,187500|6,792969|6,457031|5,917969|4,441406","true"
"/private/var/containers/Bundle/Application/4D01D32A-B666-4384-B213-31BBF61E54F1/CVTestsSUI.app/imagenet-hard-50-subset-2500__n02089078__ILSVRC2012_val_00037609.JPEG","images/n02089078/imagenet-hard-50-subset-2500__n02089078__ILSVRC2012_val_00037609.JPEG","165","black-and-tan coonhound","238","Greater Swiss Mountain dog","9,843750","238|234|241|236|240","Greater Swiss Mountain dog|Rottweiler|EntleBucher|Doberman|Appenzeller","9,843750|8,546875|8,062500|7,421875|7,292969","false"
"/private/var/containers/Bundle/Application/4D01D32A-B666-4384-B213-31BBF61E54F1/CVTestsSUI.app/imagenet-hard-50-subset-2500__n02089078__ILSVRC2012_val_00041629.JPEG","images/n02089078/imagenet-hard-50-subset-2500__n02089078__ILSVRC2012_val_00041629.JPEG","165","black-and-tan coonhound","239","Bernese mountain dog","7,328125","239|214|240|241|238","Bernese mountain dog|Gordon setter|Appenzeller|EntleBucher|Greater Swiss Mountain dog","7,328125|5,582031|5,207031|4,300781|4,136719","false"
"/private/var/containers/Bundle/Application/4D01D32A-B666-4384-B213-31BBF61E54F1/CVTestsSUI.app/imagenet-hard-50-subset-2500__n02089078__ILSVRC2012_val_00041810.JPEG","images/n02089078/imagenet-hard-50-subset-2500__n02089078__ILSVRC2012_val_00041810.JPEG","165","black-and-tan coonhound","234","Rottweiler","7,843750","234|165|236|237|346","Rottweiler|black-and-tan coonhound|Doberman|miniature pinscher|water buffalo","7,843750|7,714844|7,683594|7,476562|6,000000","true"
"/private/var/containers/Bundle/Application/4D01D32A-B666-4384-B213-31BBF61E54F1/CVTestsSUI.app/imagenet-hard-50-subset-2500__n02089078__ILSVRC2012_val_00045878.JPEG","images/n02089078/imagenet-hard-50-subset-2500__n02089078__ILSVRC2012_val_00045878.JPEG","165","black-and-tan coonhound","236","Doberman","7,183594","236|165|240|234|227","Doberman|black-and-tan coonhound|Appenzeller|Rottweiler|kelpie","7,183594|7,019531|6,007812|5,949219|5,769531","true"
"/private/var/containers/Bundle/Application/4D01D32A-B666-4384-B213-31BBF61E54F1/CVTestsSUI.app/imagenet-hard-50-subset-2500__n02089078__ILSVRC2012_val_00045901.JPEG","images/n02089078/imagenet-hard-50-subset-2500__n02089078__ILSVRC2012_val_00045901.JPEG","165","black-and-tan coonhound","158","toy terrier","7,535156","158|236|237|227|165","toy terrier|Doberman|miniature pinscher|kelpie|black-and-tan coonhound","7,535156|7,046875|6,523438|4,347656|4,070312","true"
"/private/var/containers/Bundle/Application/4D01D32A-B666-4384-B213-31BBF61E54F1/CVTestsSUI.app/imagenet-hard-50-subset-2500__n02089078__ILSVRC2012_val_00049229.JPEG","images/n02089078/imagenet-hard-50-subset-2500__n02089078__ILSVRC2012_val_00049229.JPEG","165","black-and-tan coonhound","166","Walker hound","6,011719","166|238|176|172|232","Walker hound|Greater Swiss Mountain dog|Saluki|whippet|Border collie","6,011719|6,000000|5,519531|5,277344|4,339844","false"
"/private/var/containers/Bundle/Application/4D01D32A-B666-4384-B213-31BBF61E54F1/CVTestsSUI.app/imagenet-hard-50-subset-2500__n02089867__ILSVRC2012_val_00009220.JPEG","images/n02089867/imagenet-hard-50-subset-2500__n02089867__ILSVRC2012_val_00009220.JPEG","166","Walker hound","162","beagle","10,015625","162|161|166|167|163","beagle|basset|Walker hound|English foxhound|bloodhound","10,015625|7,726562|6,789062|6,480469|4,082031","true"
"/private/var/containers/Bundle/Application/4D01D32A-B666-4384-B213-31BBF61E54F1/CVTestsSUI.app/imagenet-hard-50-subset-2500__n02089867__ILSVRC2012_val_00010950.JPEG","images/n02089867/imagenet-hard-50-subset-2500__n02089867__ILSVRC2012_val_00010950.JPEG","166","Walker hound","537","dogsled","6,410156","537|247|248|172|166","dogsled|Saint Bernard|Eskimo dog|whippet|Walker hound","6,410156|5,304688|5,148438|5,117188|5,042969","true"
"/private/var/containers/Bundle/Application/4D01D32A-B666-4384-B213-31BBF61E54F1/CVTestsSUI.app/imagenet-hard-50-subset-2500__n02089867__ILSVRC2012_val_00011792.JPEG","images/n02089867/imagenet-hard-50-subset-2500__n02089867__ILSVRC2012_val_00011792.JPEG","166","Walker hound","167","English foxhound","7,863281","167|166|215|173|247","English foxhound|Walker hound|Brittany spaniel|Ibizan hound|Saint Bernard","7,863281|7,394531|6,730469|6,457031|5,140625","true"
"/private/var/containers/Bundle/Application/4D01D32A-B666-4384-B213-31BBF61E54F1/CVTestsSUI.app/imagenet-hard-50-subset-2500__n02089867__ILSVRC2012_val_00025562.JPEG","images/n02089867/imagenet-hard-50-subset-2500__n02089867__ILSVRC2012_val_00025562.JPEG","166","Walker hound","162","beagle","9,023438","162|166|167|161|163","beagle|Walker hound|English foxhound|basset|bloodhound","9,023438|7,640625|6,437500|5,992188|3,787109","true"
"/private/var/containers/Bundle/Application/4D01D32A-B666-4384-B213-31BBF61E54F1/CVTestsSUI.app/imagenet-hard-50-subset-2500__n02089867__ILSVRC2012_val_00030025.JPEG","images/n02089867/imagenet-hard-50-subset-2500__n02089867__ILSVRC2012_val_00030025.JPEG","166","Walker hound","161","basset","7,128906","161|164|166|162|167","basset|bluetick|Walker hound|beagle|English foxhound","7,128906|7,082031|6,347656|6,285156|5,707031","true"
"/private/var/containers/Bundle/Application/4D01D32A-B666-4384-B213-31BBF61E54F1/CVTestsSUI.app/imagenet-hard-50-subset-2500__n02089867__ILSVRC2012_val_00034382.JPEG","images/n02089867/imagenet-hard-50-subset-2500__n02089867__ILSVRC2012_val_00034382.JPEG","166","Walker hound","161","basset","9,492188","161|176|163|162|166","basset|Saluki|bloodhound|beagle|Walker hound","9,492188|5,519531|5,437500|4,722656|3,832031","true"
"/private/var/containers/Bundle/Application/4D01D32A-B666-4384-B213-31BBF61E54F1/CVTestsSUI.app/imagenet-hard-50-subset-2500__n02089867__ILSVRC2012_val_00035749.JPEG","images/n02089867/imagenet-hard-50-subset-2500__n02089867__ILSVRC2012_val_00035749.JPEG","166","Walker hound","162","beagle","8,226562","162|166|247|167|161","beagle|Walker hound|Saint Bernard|English foxhound|basset","8,226562|7,761719|6,324219|5,945312|5,328125","true"
"/private/var/containers/Bundle/Application/4D01D32A-B666-4384-B213-31BBF61E54F1/CVTestsSUI.app/imagenet-hard-50-subset-2500__n02089867__ILSVRC2012_val_00035767.JPEG","images/n02089867/imagenet-hard-50-subset-2500__n02089867__ILSVRC2012_val_00035767.JPEG","166","Walker hound","162","beagle","11,085938","162|166|167|215|168","beagle|Walker hound|English foxhound|Brittany spaniel|redbone","11,085938|7,859375|7,382812|4,593750|4,175781","true"
"/private/var/containers/Bundle/Application/4D01D32A-B666-4384-B213-31BBF61E54F1/CVTestsSUI.app/imagenet-hard-50-subset-2500__n02089867__ILSVRC2012_val_00046021.JPEG","images/n02089867/imagenet-hard-50-subset-2500__n02089867__ILSVRC2012_val_00046021.JPEG","166","Walker hound","173","Ibizan hound","5,785156","173|172|167|246|166","Ibizan hound|whippet|English foxhound|Great Dane|Walker hound","5,785156|5,214844|4,707031|4,476562|4,320312","true"
"/private/var/containers/Bundle/Application/4D01D32A-B666-4384-B213-31BBF61E54F1/CVTestsSUI.app/imagenet-hard-50-subset-2500__n02089973__ILSVRC2012_val_00000028.JPEG","images/n02089973/imagenet-hard-50-subset-2500__n02089973__ILSVRC2012_val_00000028.JPEG","167","English foxhound","166","Walker hound","7,882812","166|167|247|264|238","Walker hound|English foxhound|Saint Bernard|Cardigan|Greater Swiss Mountain dog","7,882812|6,109375|6,082031|5,910156|5,539062","true"
"/private/var/containers/Bundle/Application/4D01D32A-B666-4384-B213-31BBF61E54F1/CVTestsSUI.app/imagenet-hard-50-subset-2500__n02089973__ILSVRC2012_val_00000048.JPEG","images/n02089973/imagenet-hard-50-subset-2500__n02089973__ILSVRC2012_val_00000048.JPEG","167","English foxhound","264","Cardigan","7,554688","264|166|162|167|253","Cardigan|Walker hound|beagle|English foxhound|basenji","7,554688|7,136719|6,980469|6,101562|4,679688","true"
"/private/var/containers/Bundle/Application/4D01D32A-B666-4384-B213-31BBF61E54F1/CVTestsSUI.app/imagenet-hard-50-subset-2500__n02089973__ILSVRC2012_val_00001128.JPEG","images/n02089973/imagenet-hard-50-subset-2500__n02089973__ILSVRC2012_val_00001128.JPEG","167","English foxhound","166","Walker hound","9,398438","166|167|162|161|164","Walker hound|English foxhound|beagle|basset|bluetick","9,398438|8,492188|5,960938|4,929688|4,929688","true"
"/private/var/containers/Bundle/Application/4D01D32A-B666-4384-B213-31BBF61E54F1/CVTestsSUI.app/imagenet-hard-50-subset-2500__n02089973__ILSVRC2012_val_00001777.JPEG","images/n02089973/imagenet-hard-50-subset-2500__n02089973__ILSVRC2012_val_00001777.JPEG","167","English foxhound","166","Walker hound","8,992188","166|161|167|164|162","Walker hound|basset|English foxhound|bluetick|beagle","8,992188|7,218750|7,191406|4,734375|4,707031","true"
"/private/var/containers/Bundle/Application/4D01D32A-B666-4384-B213-31BBF61E54F1/CVTestsSUI.app/imagenet-hard-50-subset-2500__n02089973__ILSVRC2012_val_00003671.JPEG","images/n02089973/imagenet-hard-50-subset-2500__n02089973__ILSVRC2012_val_00003671.JPEG","167","English foxhound","162","beagle","9,070312","162|167|166|231|264","beagle|English foxhound|Walker hound|collie|Cardigan","9,070312|7,539062|6,960938|5,671875|5,335938","true"
"/private/var/containers/Bundle/Application/4D01D32A-B666-4384-B213-31BBF61E54F1/CVTestsSUI.app/imagenet-hard-50-subset-2500__n02089973__ILSVRC2012_val_00004774.JPEG","images/n02089973/imagenet-hard-50-subset-2500__n02089973__ILSVRC2012_val_00004774.JPEG","167","English foxhound","162","beagle","6,960938","162|247|253|263|167","beagle|Saint Bernard|basenji|Pembroke|English foxhound","6,960938|5,753906|5,046875|4,777344|4,410156","true"
"/private/var/containers/Bundle/Application/4D01D32A-B666-4384-B213-31BBF61E54F1/CVTestsSUI.app/imagenet-hard-50-subset-2500__n02089973__ILSVRC2012_val_00004795.JPEG","images/n02089973/imagenet-hard-50-subset-2500__n02089973__ILSVRC2012_val_00004795.JPEG","167","English foxhound","166","Walker hound","9,000000","166|167|162|161|163","Walker hound|English foxhound|beagle|basset|bloodhound","9,000000|8,703125|8,007812|5,484375|4,363281","true"
"/private/var/containers/Bundle/Application/4D01D32A-B666-4384-B213-31BBF61E54F1/CVTestsSUI.app/imagenet-hard-50-subset-2500__n02089973__ILSVRC2012_val_00005943.JPEG","images/n02089973/imagenet-hard-50-subset-2500__n02089973__ILSVRC2012_val_00005943.JPEG","167","English foxhound","162","beagle","7,273438","162|161|263|253|248","beagle|basset|Pembroke|basenji|Eskimo dog","7,273438|6,203125|5,531250|5,035156|4,808594","false"
"/private/var/containers/Bundle/Application/4D01D32A-B666-4384-B213-31BBF61E54F1/CVTestsSUI.app/imagenet-hard-50-subset-2500__n02089973__ILSVRC2012_val_00006505.JPEG","images/n02089973/imagenet-hard-50-subset-2500__n02089973__ILSVRC2012_val_00006505.JPEG","167","English foxhound","215","Brittany spaniel","7,394531","215|162|238|173|211","Brittany spaniel|beagle|Greater Swiss Mountain dog|Ibizan hound|vizsla","7,394531|6,882812|5,894531|5,019531|4,671875","false"
"/private/var/containers/Bundle/Application/4D01D32A-B666-4384-B213-31BBF61E54F1/CVTestsSUI.app/imagenet-hard-50-subset-2500__n02089973__ILSVRC2012_val_00006815.JPEG","images/n02089973/imagenet-hard-50-subset-2500__n02089973__ILSVRC2012_val_00006815.JPEG","167","English foxhound","162","beagle","8,578125","162|167|166|264|156","beagle|English foxhound|Walker hound|Cardigan|Blenheim spaniel","8,578125|6,164062|4,902344|3,796875|3,621094","true"
"/private/var/containers/Bundle/Application/4D01D32A-B666-4384-B213-31BBF61E54F1/CVTestsSUI.app/imagenet-hard-50-subset-2500__n02089973__ILSVRC2012_val_00010168.JPEG","images/n02089973/imagenet-hard-50-subset-2500__n02089973__ILSVRC2012_val_00010168.JPEG","167","English foxhound","162","beagle","8,210938","162|166|167|161|188","beagle|Walker hound|English foxhound|basset|wire-haired fox terrier","8,210938|6,921875|6,718750|4,121094|4,054688","true"
"/private/var/containers/Bundle/Application/4D01D32A-B666-4384-B213-31BBF61E54F1/CVTestsSUI.app/imagenet-hard-50-subset-2500__n02089973__ILSVRC2012_val_00011342.JPEG","images/n02089973/imagenet-hard-50-subset-2500__n02089973__ILSVRC2012_val_00011342.JPEG","167","English foxhound","161","basset","9,546875","161|162|166|570|676","basset|beagle|Walker hound|gasmask|muzzle","9,546875|6,828125|6,632812|5,667969|5,648438","false"
"/private/var/containers/Bundle/Application/4D01D32A-B666-4384-B213-31BBF61E54F1/CVTestsSUI.app/imagenet-hard-50-subset-2500__n02089973__ILSVRC2012_val_00012875.JPEG","images/n02089973/imagenet-hard-50-subset-2500__n02089973__ILSVRC2012_val_00012875.JPEG","167","English foxhound","166","Walker hound","8,218750","166|167|162|161|168","Walker hound|English foxhound|beagle|basset|redbone","8,218750|7,117188|6,945312|5,250000|5,140625","true"
"/private/var/containers/Bundle/Application/4D01D32A-B666-4384-B213-31BBF61E54F1/CVTestsSUI.app/imagenet-hard-50-subset-2500__n02089973__ILSVRC2012_val_00025914.JPEG","images/n02089973/imagenet-hard-50-subset-2500__n02089973__ILSVRC2012_val_00025914.JPEG","167","English foxhound","166","Walker hound","8,273438","166|167|162|164|253","Walker hound|English foxhound|beagle|bluetick|basenji","8,273438|7,832031|7,179688|3,953125|3,773438","true"
"/private/var/containers/Bundle/Application/4D01D32A-B666-4384-B213-31BBF61E54F1/CVTestsSUI.app/imagenet-hard-50-subset-2500__n02089973__ILSVRC2012_val_00029164.JPEG","images/n02089973/imagenet-hard-50-subset-2500__n02089973__ILSVRC2012_val_00029164.JPEG","167","English foxhound","162","beagle","6,949219","162|161|166|167|164","beagle|basset|Walker hound|English foxhound|bluetick","6,949219|6,031250|5,867188|5,585938|5,214844","true"
"/private/var/containers/Bundle/Application/4D01D32A-B666-4384-B213-31BBF61E54F1/CVTestsSUI.app/imagenet-hard-50-subset-2500__n02089973__ILSVRC2012_val_00031859.JPEG","images/n02089973/imagenet-hard-50-subset-2500__n02089973__ILSVRC2012_val_00031859.JPEG","167","English foxhound","172","whippet","8,281250","172|176|171|246|173","whippet|Saluki|Italian greyhound|Great Dane|Ibizan hound","8,281250|7,957031|7,621094|6,875000|6,425781","false"
"/private/var/containers/Bundle/Application/4D01D32A-B666-4384-B213-31BBF61E54F1/CVTestsSUI.app/imagenet-hard-50-subset-2500__n02089973__ILSVRC2012_val_00033611.JPEG","images/n02089973/imagenet-hard-50-subset-2500__n02089973__ILSVRC2012_val_00033611.JPEG","167","English foxhound","166","Walker hound","9,515625","166|167|162|208|161","Walker hound|English foxhound|beagle|Labrador retriever|basset","9,515625|8,671875|8,351562|7,140625|5,277344","true"
"/private/var/containers/Bundle/Application/4D01D32A-B666-4384-B213-31BBF61E54F1/CVTestsSUI.app/imagenet-hard-50-subset-2500__n02089973__ILSVRC2012_val_00033633.JPEG","images/n02089973/imagenet-hard-50-subset-2500__n02089973__ILSVRC2012_val_00033633.JPEG","167","English foxhound","162","beagle","10,460938","162|166|167|215|238","beagle|Walker hound|English foxhound|Brittany spaniel|Greater Swiss Mountain dog","10,460938|6,464844|6,347656|5,285156|4,277344","true"
"/private/var/containers/Bundle/Application/4D01D32A-B666-4384-B213-31BBF61E54F1/CVTestsSUI.app/imagenet-hard-50-subset-2500__n02089973__ILSVRC2012_val_00033666.JPEG","images/n02089973/imagenet-hard-50-subset-2500__n02089973__ILSVRC2012_val_00033666.JPEG","167","English foxhound","166","Walker hound","7,859375","166|164|162|238|241","Walker hound|bluetick|beagle|Greater Swiss Mountain dog|EntleBucher","7,859375|6,781250|6,089844|5,691406|5,613281","false"
"/private/var/containers/Bundle/Application/4D01D32A-B666-4384-B213-31BBF61E54F1/CVTestsSUI.app/imagenet-hard-50-subset-2500__n02089973__ILSVRC2012_val_00034690.JPEG","images/n02089973/imagenet-hard-50-subset-2500__n02089973__ILSVRC2012_val_00034690.JPEG","167","English foxhound","166","Walker hound","10,179688","166|167|162|210|164","Walker hound|English foxhound|beagle|German short-haired pointer|bluetick","10,179688|9,531250|7,464844|4,875000|4,703125","true"
"/private/var/containers/Bundle/Application/4D01D32A-B666-4384-B213-31BBF61E54F1/CVTestsSUI.app/imagenet-hard-50-subset-2500__n02089973__ILSVRC2012_val_00036191.JPEG","images/n02089973/imagenet-hard-50-subset-2500__n02089973__ILSVRC2012_val_00036191.JPEG","167","English foxhound","168","redbone","8,617188","168|159|162|208|167","redbone|Rhodesian ridgeback|beagle|Labrador retriever|English foxhound","8,617188|6,511719|5,136719|4,863281|4,683594","true"
"/private/var/containers/Bundle/Application/4D01D32A-B666-4384-B213-31BBF61E54F1/CVTestsSUI.app/imagenet-hard-50-subset-2500__n02089973__ILSVRC2012_val_00036938.JPEG","images/n02089973/imagenet-hard-50-subset-2500__n02089973__ILSVRC2012_val_00036938.JPEG","167","English foxhound","162","beagle","10,507812","162|167|166|241|164","beagle|English foxhound|Walker hound|EntleBucher|bluetick","10,507812|7,093750|6,750000|5,410156|4,558594","true"
"/private/var/containers/Bundle/Application/4D01D32A-B666-4384-B213-31BBF61E54F1/CVTestsSUI.app/imagenet-hard-50-subset-2500__n02089973__ILSVRC2012_val_00037826.JPEG","images/n02089973/imagenet-hard-50-subset-2500__n02089973__ILSVRC2012_val_00037826.JPEG","167","English foxhound","247","Saint Bernard","8,140625","247|242|162|180|238","Saint Bernard|boxer|beagle|American Staffordshire terrier|Greater Swiss Mountain dog","8,140625|8,031250|7,300781|6,937500|5,542969","false"
"/private/var/containers/Bundle/Application/4D01D32A-B666-4384-B213-31BBF61E54F1/CVTestsSUI.app/imagenet-hard-50-subset-2500__n02089973__ILSVRC2012_val_00038676.JPEG","images/n02089973/imagenet-hard-50-subset-2500__n02089973__ILSVRC2012_val_00038676.JPEG","167","English foxhound","166","Walker hound","10,429688","166|167|161|162|163","Walker hound|English foxhound|basset|beagle|bloodhound","10,429688|9,773438|7,222656|6,128906|4,640625","true"
"/private/var/containers/Bundle/Application/4D01D32A-B666-4384-B213-31BBF61E54F1/CVTestsSUI.app/imagenet-hard-50-subset-2500__n02089973__ILSVRC2012_val_00038944.JPEG","images/n02089973/imagenet-hard-50-subset-2500__n02089973__ILSVRC2012_val_00038944.JPEG","167","English foxhound","159","Rhodesian ridgeback","8,218750","159|167|168|166|161","Rhodesian ridgeback|English foxhound|redbone|Walker hound|basset","8,218750|6,894531|6,324219|6,046875|3,832031","true"
"/private/var/containers/Bundle/Application/4D01D32A-B666-4384-B213-31BBF61E54F1/CVTestsSUI.app/imagenet-hard-50-subset-2500__n02089973__ILSVRC2012_val_00039528.JPEG","images/n02089973/imagenet-hard-50-subset-2500__n02089973__ILSVRC2012_val_00039528.JPEG","167","English foxhound","166","Walker hound","8,507812","166|167|159|162|168","Walker hound|English foxhound|Rhodesian ridgeback|beagle|redbone","8,507812|8,257812|6,656250|5,238281|5,160156","true"
"/private/var/containers/Bundle/Application/4D01D32A-B666-4384-B213-31BBF61E54F1/CVTestsSUI.app/imagenet-hard-50-subset-2500__n02089973__ILSVRC2012_val_00040069.JPEG","images/n02089973/imagenet-hard-50-subset-2500__n02089973__ILSVRC2012_val_00040069.JPEG","167","English foxhound","164","bluetick","9,007812","164|210|167|166|165","bluetick|German short-haired pointer|English foxhound|Walker hound|black-and-tan coonhound","9,007812|5,566406|5,433594|5,003906|3,611328","true"
"/private/var/containers/Bundle/Application/4D01D32A-B666-4384-B213-31BBF61E54F1/CVTestsSUI.app/imagenet-hard-50-subset-2500__n02089973__ILSVRC2012_val_00043341.JPEG","images/n02089973/imagenet-hard-50-subset-2500__n02089973__ILSVRC2012_val_00043341.JPEG","167","English foxhound","166","Walker hound","8,054688","166|161|167|163|162","Walker hound|basset|English foxhound|bloodhound|beagle","8,054688|6,375000|5,765625|5,304688|4,835938","true"
"/private/var/containers/Bundle/Application/4D01D32A-B666-4384-B213-31BBF61E54F1/CVTestsSUI.app/imagenet-hard-50-subset-2500__n02089973__ILSVRC2012_val_00043610.JPEG","images/n02089973/imagenet-hard-50-subset-2500__n02089973__ILSVRC2012_val_00043610.JPEG","167","English foxhound","166","Walker hound","8,898438","166|162|167|215|164","Walker hound|beagle|English foxhound|Brittany spaniel|bluetick","8,898438|8,335938|8,203125|5,351562|5,160156","true"
"/private/var/containers/Bundle/Application/4D01D32A-B666-4384-B213-31BBF61E54F1/CVTestsSUI.app/imagenet-hard-50-subset-2500__n02089973__ILSVRC2012_val_00045799.JPEG","images/n02089973/imagenet-hard-50-subset-2500__n02089973__ILSVRC2012_val_00045799.JPEG","167","English foxhound","166","Walker hound","9,304688","166|167|210|172|173","Walker hound|English foxhound|German short-haired pointer|whippet|Ibizan hound","9,304688|8,593750|5,351562|5,031250|5,011719","true"
"/private/var/containers/Bundle/Application/4D01D32A-B666-4384-B213-31BBF61E54F1/CVTestsSUI.app/imagenet-hard-50-subset-2500__n02089973__ILSVRC2012_val_00048188.JPEG","images/n02089973/imagenet-hard-50-subset-2500__n02089973__ILSVRC2012_val_00048188.JPEG","167","English foxhound","158","toy terrier","5,632812","158|151|852|172|179","toy terrier|Chihuahua|tennis ball|whippet|Staffordshire bullterrier","5,632812|5,312500|4,742188|4,679688|4,480469","false"
"/private/var/containers/Bundle/Application/4D01D32A-B666-4384-B213-31BBF61E54F1/CVTestsSUI.app/imagenet-hard-50-subset-2500__n02090379__ILSVRC2012_val_00001363.JPEG","images/n02090379/imagenet-hard-50-subset-2500__n02090379__ILSVRC2012_val_00001363.JPEG","168","redbone","211","vizsla","9,109375","211|168|159|184|163","vizsla|redbone|Rhodesian ridgeback|Irish terrier|bloodhound","9,109375|8,648438|6,968750|4,507812|4,058594","true"
"/private/var/containers/Bundle/Application/4D01D32A-B666-4384-B213-31BBF61E54F1/CVTestsSUI.app/imagenet-hard-50-subset-2500__n02090379__ILSVRC2012_val_00001862.JPEG","images/n02090379/imagenet-hard-50-subset-2500__n02090379__ILSVRC2012_val_00001862.JPEG","168","redbone","211","vizsla","7,820312","211|168|163|159|209","vizsla|redbone|bloodhound|Rhodesian ridgeback|Chesapeake Bay retriever","7,820312|7,730469|5,964844|5,167969|3,669922","true"
"/private/var/containers/Bundle/Application/4D01D32A-B666-4384-B213-31BBF61E54F1/CVTestsSUI.app/imagenet-hard-50-subset-2500__n02090379__ILSVRC2012_val_00002933.JPEG","images/n02090379/imagenet-hard-50-subset-2500__n02090379__ILSVRC2012_val_00002933.JPEG","168","redbone","163","bloodhound","9,320312","163|225|243|255|235","bloodhound|malinois|bull mastiff|Leonberg|German shepherd","9,320312|7,832031|6,492188|5,996094|5,773438","false"
"/private/var/containers/Bundle/Application/4D01D32A-B666-4384-B213-31BBF61E54F1/CVTestsSUI.app/imagenet-hard-50-subset-2500__n02090379__ILSVRC2012_val_00005493.JPEG","images/n02090379/imagenet-hard-50-subset-2500__n02090379__ILSVRC2012_val_00005493.JPEG","168","redbone","159","Rhodesian ridgeback","6,578125","159|211|214|205|168","Rhodesian ridgeback|vizsla|Gordon setter|flat-coated retriever|redbone","6,578125|5,894531|5,777344|5,773438|5,593750","true"
"/private/var/containers/Bundle/Application/4D01D32A-B666-4384-B213-31BBF61E54F1/CVTestsSUI.app/imagenet-hard-50-subset-2500__n02090379__ILSVRC2012_val_00006396.JPEG","images/n02090379/imagenet-hard-50-subset-2500__n02090379__ILSVRC2012_val_00006396.JPEG","168","redbone","159","Rhodesian ridgeback","8,914062","159|168|163|165|166","Rhodesian ridgeback|redbone|bloodhound|black-and-tan coonhound|Walker hound","8,914062|8,460938|5,417969|5,285156|5,195312","true"
"/private/var/containers/Bundle/Application/4D01D32A-B666-4384-B213-31BBF61E54F1/CVTestsSUI.app/imagenet-hard-50-subset-2500__n02090379__ILSVRC2012_val_00008698.JPEG","images/n02090379/imagenet-hard-50-subset-2500__n02090379__ILSVRC2012_val_00008698.JPEG","168","redbone","159","Rhodesian ridgeback","10,375000","159|168|211|242|163","Rhodesian ridgeback|redbone|vizsla|boxer|bloodhound","10,375000|9,109375|8,398438|6,445312|6,085938","true"
"/private/var/containers/Bundle/Application/4D01D32A-B666-4384-B213-31BBF61E54F1/CVTestsSUI.app/imagenet-hard-50-subset-2500__n02090379__ILSVRC2012_val_00030696.JPEG","images/n02090379/imagenet-hard-50-subset-2500__n02090379__ILSVRC2012_val_00030696.JPEG","168","redbone","159","Rhodesian ridgeback","8,296875","159|168|242|179|163","Rhodesian ridgeback|redbone|boxer|Staffordshire bullterrier|bloodhound","8,296875|7,773438|7,187500|5,949219|5,324219","true"
"/private/var/containers/Bundle/Application/4D01D32A-B666-4384-B213-31BBF61E54F1/CVTestsSUI.app/imagenet-hard-50-subset-2500__n02090379__ILSVRC2012_val_00031821.JPEG","images/n02090379/imagenet-hard-50-subset-2500__n02090379__ILSVRC2012_val_00031821.JPEG","168","redbone","159","Rhodesian ridgeback","8,304688","159|168|208|165|163","Rhodesian ridgeback|redbone|Labrador retriever|black-and-tan coonhound|bloodhound","8,304688|7,566406|4,078125|3,867188|3,664062","true"
"/private/var/containers/Bundle/Application/4D01D32A-B666-4384-B213-31BBF61E54F1/CVTestsSUI.app/imagenet-hard-50-subset-2500__n02090379__ILSVRC2012_val_00032746.JPEG","images/n02090379/imagenet-hard-50-subset-2500__n02090379__ILSVRC2012_val_00032746.JPEG","168","redbone","180","American Staffordshire terrier","8,570312","180|179|227|209|236","American Staffordshire terrier|Staffordshire bullterrier|kelpie|Chesapeake Bay retriever|Doberman","8,570312|7,519531|6,589844|6,183594|3,802734","false"
"/private/var/containers/Bundle/Application/4D01D32A-B666-4384-B213-31BBF61E54F1/CVTestsSUI.app/imagenet-hard-50-subset-2500__n02090379__ILSVRC2012_val_00033049.JPEG","images/n02090379/imagenet-hard-50-subset-2500__n02090379__ILSVRC2012_val_00033049.JPEG","168","redbone","211","vizsla","7,890625","211|168|159|178|163","vizsla|redbone|Rhodesian ridgeback|Weimaraner|bloodhound","7,890625|7,878906|6,937500|4,238281|4,207031","true"
"/private/var/containers/Bundle/Application/4D01D32A-B666-4384-B213-31BBF61E54F1/CVTestsSUI.app/imagenet-hard-50-subset-2500__n02090379__ILSVRC2012_val_00035689.JPEG","images/n02090379/imagenet-hard-50-subset-2500__n02090379__ILSVRC2012_val_00035689.JPEG","168","redbone","159","Rhodesian ridgeback","7,109375","159|243|179|163|168","Rhodesian ridgeback|bull mastiff|Staffordshire bullterrier|bloodhound|redbone","7,109375|6,210938|5,886719|4,710938|4,707031","true"
"/private/var/containers/Bundle/Application/4D01D32A-B666-4384-B213-31BBF61E54F1/CVTestsSUI.app/imagenet-hard-50-subset-2500__n02090379__ILSVRC2012_val_00040356.JPEG","images/n02090379/imagenet-hard-50-subset-2500__n02090379__ILSVRC2012_val_00040356.JPEG","168","redbone","159","Rhodesian ridgeback","9,289062","159|168|211|167|180","Rhodesian ridgeback|redbone|vizsla|English foxhound|American Staffordshire terrier","9,289062|8,429688|5,488281|3,693359|3,281250","true"
"/private/var/containers/Bundle/Application/4D01D32A-B666-4384-B213-31BBF61E54F1/CVTestsSUI.app/imagenet-hard-50-subset-2500__n02090379__ILSVRC2012_val_00042442.JPEG","images/n02090379/imagenet-hard-50-subset-2500__n02090379__ILSVRC2012_val_00042442.JPEG","168","redbone","159","Rhodesian ridgeback","8,750000","159|168|163|235|207","Rhodesian ridgeback|redbone|bloodhound|German shepherd|golden retriever","8,750000|8,437500|5,562500|5,539062|5,214844","true"
"/private/var/containers/Bundle/Application/4D01D32A-B666-4384-B213-31BBF61E54F1/CVTestsSUI.app/imagenet-hard-50-subset-2500__n02090379__ILSVRC2012_val_00044444.JPEG","images/n02090379/imagenet-hard-50-subset-2500__n02090379__ILSVRC2012_val_00044444.JPEG","168","redbone","159","Rhodesian ridgeback","7,617188","159|168|273|208|162","Rhodesian ridgeback|redbone|dingo|Labrador retriever|beagle","7,617188|6,808594|6,089844|5,769531|4,554688","true"
"/private/var/containers/Bundle/Application/4D01D32A-B666-4384-B213-31BBF61E54F1/CVTestsSUI.app/imagenet-hard-50-subset-2500__n02090721__ILSVRC2012_val_00001765.JPEG","images/n02090721/imagenet-hard-50-subset-2500__n02090721__ILSVRC2012_val_00001765.JPEG","170","Irish wolfhound","172","whippet","9,789062","172|176|177|246|170","whippet|Saluki|Scottish deerhound|Great Dane|Irish wolfhound","9,789062|6,843750|6,695312|6,488281|5,082031","true"
"/private/var/containers/Bundle/Application/4D01D32A-B666-4384-B213-31BBF61E54F1/CVTestsSUI.app/imagenet-hard-50-subset-2500__n02090721__ILSVRC2012_val_00005946.JPEG","images/n02090721/imagenet-hard-50-subset-2500__n02090721__ILSVRC2012_val_00005946.JPEG","170","Irish wolfhound","177","Scottish deerhound","8,890625","177|170|197|160|169","Scottish deerhound|Irish wolfhound|giant schnauzer|Afghan hound|borzoi","8,890625|8,187500|4,066406|3,986328|3,798828","true"
"/private/var/containers/Bundle/Application/4D01D32A-B666-4384-B213-31BBF61E54F1/CVTestsSUI.app/imagenet-hard-50-subset-2500__n02090721__ILSVRC2012_val_00006627.JPEG","images/n02090721/imagenet-hard-50-subset-2500__n02090721__ILSVRC2012_val_00006627.JPEG","170","Irish wolfhound","222","kuvasz","6,925781","222|170|272|169|212","kuvasz|Irish wolfhound|coyote|borzoi|English setter","6,925781|5,460938|5,375000|5,226562|5,203125","true"
"/private/var/containers/Bundle/Application/4D01D32A-B666-4384-B213-31BBF61E54F1/CVTestsSUI.app/imagenet-hard-50-subset-2500__n02090721__ILSVRC2012_val_00009772.JPEG","images/n02090721/imagenet-hard-50-subset-2500__n02090721__ILSVRC2012_val_00009772.JPEG","170","Irish wolfhound","269","timber wolf","7,785156","269|270|272|170|106","timber wolf|white wolf|coyote|Irish wolfhound|wombat","7,785156|3,919922|3,894531|3,865234|3,519531","true"
"/private/var/containers/Bundle/Application/4D01D32A-B666-4384-B213-31BBF61E54F1/CVTestsSUI.app/imagenet-hard-50-subset-2500__n02090721__ILSVRC2012_val_00014293.JPEG","images/n02090721/imagenet-hard-50-subset-2500__n02090721__ILSVRC2012_val_00014293.JPEG","170","Irish wolfhound","188","wire-haired fox terrier","7,039062","188|222|208|179|167","wire-haired fox terrier|kuvasz|Labrador retriever|Staffordshire bullterrier|English foxhound","7,039062|6,984375|6,656250|6,574219|6,148438","false"
"/private/var/containers/Bundle/Application/4D01D32A-B666-4384-B213-31BBF61E54F1/CVTestsSUI.app/imagenet-hard-50-subset-2500__n02090721__ILSVRC2012_val_00015050.JPEG","images/n02090721/imagenet-hard-50-subset-2500__n02090721__ILSVRC2012_val_00015050.JPEG","170","Irish wolfhound","224","groenendael","7,902344","224|261|223|260|258","groenendael|keeshond|schipperke|chow|Samoyed","7,902344|5,187500|4,582031|3,853516|3,535156","false"
"/private/var/containers/Bundle/Application/4D01D32A-B666-4384-B213-31BBF61E54F1/CVTestsSUI.app/imagenet-hard-50-subset-2500__n02090721__ILSVRC2012_val_00017041.JPEG","images/n02090721/imagenet-hard-50-subset-2500__n02090721__ILSVRC2012_val_00017041.JPEG","170","Irish wolfhound","177","Scottish deerhound","8,218750","177|170|175|160|226","Scottish deerhound|Irish wolfhound|otterhound|Afghan hound|briard","8,218750|7,992188|4,039062|3,078125|2,800781","true"
"/private/var/containers/Bundle/Application/4D01D32A-B666-4384-B213-31BBF61E54F1/CVTestsSUI.app/imagenet-hard-50-subset-2500__n02090721__ILSVRC2012_val_00017327.JPEG","images/n02090721/imagenet-hard-50-subset-2500__n02090721__ILSVRC2012_val_00017327.JPEG","170","Irish wolfhound","202","soft-coated wheaten terrier","8,445312","202|184|170|228|189","soft-coated wheaten terrier|Irish terrier|Irish wolfhound|komondor|Lakeland terrier","8,445312|5,664062|5,222656|4,792969|4,769531","true"
"/private/var/containers/Bundle/Application/4D01D32A-B666-4384-B213-31BBF61E54F1/CVTestsSUI.app/imagenet-hard-50-subset-2500__n02090721__ILSVRC2012_val_00022022.JPEG","images/n02090721/imagenet-hard-50-subset-2500__n02090721__ILSVRC2012_val_00022022.JPEG","170","Irish wolfhound","175","otterhound","7,613281","175|170|177|188|228","otterhound|Irish wolfhound|Scottish deerhound|wire-haired fox terrier|komondor","7,613281|6,906250|6,812500|4,843750|4,527344","true"
"/private/var/containers/Bundle/Application/4D01D32A-B666-4384-B213-31BBF61E54F1/CVTestsSUI.app/imagenet-hard-50-subset-2500__n02090721__ILSVRC2012_val_00022071.JPEG","images/n02090721/imagenet-hard-50-subset-2500__n02090721__ILSVRC2012_val_00022071.JPEG","170","Irish wolfhound","221","Irish water spaniel","9,031250","221|220|206|267|266","Irish water spaniel|Sussex spaniel|curly-coated retriever|standard poodle|miniature poodle","9,031250|4,406250|4,359375|3,984375|2,888672","false"
"/private/var/containers/Bundle/Application/4D01D32A-B666-4384-B213-31BBF61E54F1/CVTestsSUI.app/imagenet-hard-50-subset-2500__n02090721__ILSVRC2012_val_00026728.JPEG","images/n02090721/imagenet-hard-50-subset-2500__n02090721__ILSVRC2012_val_00026728.JPEG","170","Irish wolfhound","160","Afghan hound","8,437500","160|202|267|226|221","Afghan hound|soft-coated wheaten terrier|standard poodle|briard|Irish water spaniel","8,437500|5,578125|5,062500|4,875000|4,464844","false"
"/private/var/containers/Bundle/Application/4D01D32A-B666-4384-B213-31BBF61E54F1/CVTestsSUI.app/imagenet-hard-50-subset-2500__n02090721__ILSVRC2012_val_00027682.JPEG","images/n02090721/imagenet-hard-50-subset-2500__n02090721__ILSVRC2012_val_00027682.JPEG","170","Irish wolfhound","222","kuvasz","6,320312","222|267|170|202|266","kuvasz|standard poodle|Irish wolfhound|soft-coated wheaten terrier|miniature poodle","6,320312|6,257812|6,160156|6,031250|4,660156","true"
"/private/var/containers/Bundle/Application/4D01D32A-B666-4384-B213-31BBF61E54F1/CVTestsSUI.app/imagenet-hard-50-subset-2500__n02090721__ILSVRC2012_val_00030412.JPEG","images/n02090721/imagenet-hard-50-subset-2500__n02090721__ILSVRC2012_val_00030412.JPEG","170","Irish wolfhound","177","Scottish deerhound","7,441406","177|170|233|198|226","Scottish deerhound|Irish wolfhound|Bouvier des Flandres|standard schnauzer|briard","7,441406|7,140625|6,449219|5,652344|5,597656","true"
"/private/var/containers/Bundle/Application/4D01D32A-B666-4384-B213-31BBF61E54F1/CVTestsSUI.app/imagenet-hard-50-subset-2500__n02090721__ILSVRC2012_val_00042118.JPEG","images/n02090721/imagenet-hard-50-subset-2500__n02090721__ILSVRC2012_val_00042118.JPEG","170","Irish wolfhound","192","cairn","8,640625","192|186|170|185|203","cairn|Norwich terrier|Irish wolfhound|Norfolk terrier|West Highland white terrier","8,640625|7,414062|7,367188|6,011719|4,980469","true"
"/private/var/containers/Bundle/Application/4D01D32A-B666-4384-B213-31BBF61E54F1/CVTestsSUI.app/imagenet-hard-50-subset-2500__n02090721__ILSVRC2012_val_00043205.JPEG","images/n02090721/imagenet-hard-50-subset-2500__n02090721__ILSVRC2012_val_00043205.JPEG","170","Irish wolfhound","177","Scottish deerhound","9,148438","177|170|267|233|197","Scottish deerhound|Irish wolfhound|standard poodle|Bouvier des Flandres|giant schnauzer","9,148438|8,914062|4,859375|4,484375|3,289062","true"
"/private/var/containers/Bundle/Application/4D01D32A-B666-4384-B213-31BBF61E54F1/CVTestsSUI.app/imagenet-hard-50-subset-2500__n02090721__ILSVRC2012_val_00049015.JPEG","images/n02090721/imagenet-hard-50-subset-2500__n02090721__ILSVRC2012_val_00049015.JPEG","170","Irish wolfhound","169","borzoi","10,328125","169|222|177|176|173","borzoi|kuvasz|Scottish deerhound|Saluki|Ibizan hound","10,328125|5,468750|4,644531|4,445312|4,046875","false"
"/private/var/containers/Bundle/Application/4D01D32A-B666-4384-B213-31BBF61E54F1/CVTestsSUI.app/imagenet-hard-50-subset-2500__n02090721__ILSVRC2012_val_00049744.JPEG","images/n02090721/imagenet-hard-50-subset-2500__n02090721__ILSVRC2012_val_00049744.JPEG","170","Irish wolfhound","169","borzoi","11,937500","169|222|177|212|176","borzoi|kuvasz|Scottish deerhound|English setter|Saluki","11,937500|6,625000|4,601562|4,460938|4,433594","false"
"/private/var/containers/Bundle/Application/4D01D32A-B666-4384-B213-31BBF61E54F1/CVTestsSUI.app/imagenet-hard-50-subset-2500__n01530575__ILSVRC2012_val_00004006.JPEG","images/n01530575/imagenet-hard-50-subset-2500__n01530575__ILSVRC2012_val_00004006.JPEG","10","brambling","58","water snake","8,796875","58|858|65|62|53","water snake|tile roof|sea snake|rock python|ringneck snake","8,796875|7,058594|6,019531|5,816406|5,812500","false"
"/private/var/containers/Bundle/Application/4D01D32A-B666-4384-B213-31BBF61E54F1/CVTestsSUI.app/imagenet-hard-50-subset-2500__n01530575__ILSVRC2012_val_00013512.JPEG","images/n01530575/imagenet-hard-50-subset-2500__n01530575__ILSVRC2012_val_00013512.JPEG","10","brambling","13","junco","7,378906","13|10|15|82|81","junco|brambling|robin|ruffed grouse|ptarmigan","7,378906|6,820312|5,718750|5,453125|4,953125","true"
"/private/var/containers/Bundle/Application/4D01D32A-B666-4384-B213-31BBF61E54F1/CVTestsSUI.app/imagenet-hard-50-subset-2500__n01530575__ILSVRC2012_val_00023766.JPEG","images/n01530575/imagenet-hard-50-subset-2500__n01530575__ILSVRC2012_val_00023766.JPEG","10","brambling","140","red-backed sandpiper","10,039062","140|99|10|142|143","red-backed sandpiper|goose|brambling|dowitcher|oystercatcher","10,039062|8,703125|8,671875|8,500000|7,363281","true"
"/private/var/containers/Bundle/Application/4D01D32A-B666-4384-B213-31BBF61E54F1/CVTestsSUI.app/imagenet-hard-50-subset-2500__n01530575__ILSVRC2012_val_00046833.JPEG","images/n01530575/imagenet-hard-50-subset-2500__n01530575__ILSVRC2012_val_00046833.JPEG","10","brambling","11","goldfinch","12,882812","11|10|12|17|14","goldfinch|brambling|house finch|jay|indigo bunting","12,882812|9,953125|5,785156|5,257812|5,191406","true"
"/private/var/containers/Bundle/Application/4D01D32A-B666-4384-B213-31BBF61E54F1/CVTestsSUI.app/imagenet-hard-50-subset-2500__n01531178__ILSVRC2012_val_00032359.JPEG","images/n01531178/imagenet-hard-50-subset-2500__n01531178__ILSVRC2012_val_00032359.JPEG","11","goldfinch","10","brambling","8,429688","10|11|92|86|13","brambling|goldfinch|bee eater|partridge|junco","8,429688|6,023438|3,947266|3,316406|3,296875","true"
"/private/var/containers/Bundle/Application/4D01D32A-B666-4384-B213-31BBF61E54F1/CVTestsSUI.app/imagenet-hard-50-subset-2500__n01532829__ILSVRC2012_val_00007129.JPEG","images/n01532829/imagenet-hard-50-subset-2500__n01532829__ILSVRC2012_val_00007129.JPEG","12","house finch","21","kite","6,656250","21|12|82|15|133","kite|house finch|ruffed grouse|robin|bittern","6,656250|6,347656|6,152344|5,882812|5,292969","true"
"/private/var/containers/Bundle/Application/4D01D32A-B666-4384-B213-31BBF61E54F1/CVTestsSUI.app/imagenet-hard-50-subset-2500__n01532829__ILSVRC2012_val_00013209.JPEG","images/n01532829/imagenet-hard-50-subset-2500__n01532829__ILSVRC2012_val_00013209.JPEG","12","house finch","11","goldfinch","7,050781","11|10|16|95|13","goldfinch|brambling|bulbul|jacamar|junco","7,050781|5,671875|5,304688|5,292969|5,113281","false"
"/private/var/containers/Bundle/Application/4D01D32A-B666-4384-B213-31BBF61E54F1/CVTestsSUI.app/imagenet-hard-50-subset-2500__n01532829__ILSVRC2012_val_00048144.JPEG","images/n01532829/imagenet-hard-50-subset-2500__n01532829__ILSVRC2012_val_00048144.JPEG","12","house finch","10","brambling","8,679688","10|12|13|15|16","brambling|house finch|junco|robin|bulbul","8,679688|7,527344|7,292969|5,878906|5,187500","true"
"/private/var/containers/Bundle/Application/4D01D32A-B666-4384-B213-31BBF61E54F1/CVTestsSUI.app/imagenet-hard-50-subset-2500__n01537544__ILSVRC2012_val_00018676.JPEG","images/n01537544/imagenet-hard-50-subset-2500__n01537544__ILSVRC2012_val_00018676.JPEG","14","indigo bunting","136","European gallinule","6,792969","136|18|295|671|84","European gallinule|magpie|American black bear|mountain bike|peacock","6,792969|5,480469|5,433594|5,304688|5,039062","false"
"/private/var/containers/Bundle/Application/4D01D32A-B666-4384-B213-31BBF61E54F1/CVTestsSUI.app/imagenet-hard-50-subset-2500__n01537544__ILSVRC2012_val_00025037.JPEG","images/n01537544/imagenet-hard-50-subset-2500__n01537544__ILSVRC2012_val_00025037.JPEG","14","indigo bunting","94","hummingbird","9,523438","94|91|12|16|14","hummingbird|coucal|house finch|bulbul|indigo bunting","9,523438|8,937500|7,925781|7,636719|7,007812","true"
"/private/var/containers/Bundle/Application/4D01D32A-B666-4384-B213-31BBF61E54F1/CVTestsSUI.app/imagenet-hard-50-subset-2500__n01537544__ILSVRC2012_val_00033196.JPEG","images/n01537544/imagenet-hard-50-subset-2500__n01537544__ILSVRC2012_val_00033196.JPEG","14","indigo bunting","843","swing","8,320312","843|14|621|522|448","swing|indigo bunting|lawn mower|croquet ball|birdhouse","8,320312|6,968750|6,488281|5,824219|5,261719","true"
"/private/var/containers/Bundle/Application/4D01D32A-B666-4384-B213-31BBF61E54F1/CVTestsSUI.app/imagenet-hard-50-subset-2500__n01537544__ILSVRC2012_val_00036431.JPEG","images/n01537544/imagenet-hard-50-subset-2500__n01537544__ILSVRC2012_val_00036431.JPEG","14","indigo bunting","379","howler monkey","8,937500","379|14|23|18|96","howler monkey|indigo bunting|vulture|magpie|toucan","8,937500|7,960938|6,714844|6,660156|6,304688","true"
"/private/var/containers/Bundle/Application/4D01D32A-B666-4384-B213-31BBF61E54F1/CVTestsSUI.app/imagenet-hard-50-subset-2500__n01558993__ILSVRC2012_val_00030475.JPEG","images/n01558993/imagenet-hard-50-subset-2500__n01558993__ILSVRC2012_val_00030475.JPEG","15","robin","10","brambling","8,734375","10|15|19|13|91","brambling|robin|chickadee|junco|coucal","8,734375|8,304688|6,562500|5,695312|4,578125","true"
"/private/var/containers/Bundle/Application/4D01D32A-B666-4384-B213-31BBF61E54F1/CVTestsSUI.app/imagenet-hard-50-subset-2500__n01558993__ILSVRC2012_val_00031273.JPEG","images/n01558993/imagenet-hard-50-subset-2500__n01558993__ILSVRC2012_val_00031273.JPEG","15","robin","13","junco","7,542969","13|85|15|12|912","junco|quail|robin|house finch|worm fence","7,542969|6,910156|6,449219|5,882812|5,675781","true"
"/private/var/containers/Bundle/Application/4D01D32A-B666-4384-B213-31BBF61E54F1/CVTestsSUI.app/imagenet-hard-50-subset-2500__n01558993__ILSVRC2012_val_00045150.JPEG","images/n01558993/imagenet-hard-50-subset-2500__n01558993__ILSVRC2012_val_00045150.JPEG","15","robin","10","brambling","10,148438","10|12|15|13|19","brambling|house finch|robin|junco|chickadee","10,148438|7,343750|7,007812|6,472656|5,464844","true"
"/private/var/containers/Bundle/Application/4D01D32A-B666-4384-B213-31BBF61E54F1/CVTestsSUI.app/imagenet-hard-50-subset-2500__n01558993__ILSVRC2012_val_00045294.JPEG","images/n01558993/imagenet-hard-50-subset-2500__n01558993__ILSVRC2012_val_00045294.JPEG","15","robin","91","coucal","8,125000","91|15|95|10|92","coucal|robin|jacamar|brambling|bee eater","8,125000|7,851562|6,183594|5,402344|5,160156","true"
"/private/var/containers/Bundle/Application/4D01D32A-B666-4384-B213-31BBF61E54F1/CVTestsSUI.app/imagenet-hard-50-subset-2500__n01560419__ILSVRC2012_val_00001720.JPEG","images/n01560419/imagenet-hard-50-subset-2500__n01560419__ILSVRC2012_val_00001720.JPEG","16","bulbul","85","quail","7,957031","85|21|82|22|12","quail|kite|ruffed grouse|bald eagle|house finch","7,957031|7,468750|6,695312|6,562500|6,347656","false"
"/private/var/containers/Bundle/Application/4D01D32A-B666-4384-B213-31BBF61E54F1/CVTestsSUI.app/imagenet-hard-50-subset-2500__n01560419__ILSVRC2012_val_00007263.JPEG","images/n01560419/imagenet-hard-50-subset-2500__n01560419__ILSVRC2012_val_00007263.JPEG","16","bulbul","90","lorikeet","6,832031","90|94|946|953|16","lorikeet|hummingbird|cardoon|pineapple|bulbul","6,832031|6,406250|4,800781|4,687500|4,582031","true"
"/private/var/containers/Bundle/Application/4D01D32A-B666-4384-B213-31BBF61E54F1/CVTestsSUI.app/imagenet-hard-50-subset-2500__n01560419__ILSVRC2012_val_00011267.JPEG","images/n01560419/imagenet-hard-50-subset-2500__n01560419__ILSVRC2012_val_00011267.JPEG","16","bulbul","91","coucal","6,695312","91|23|13|80|136","coucal|vulture|junco|black grouse|European gallinule","6,695312|6,558594|6,347656|5,746094|5,710938","false"
"/private/var/containers/Bundle/Application/4D01D32A-B666-4384-B213-31BBF61E54F1/CVTestsSUI.app/imagenet-hard-50-subset-2500__n01560419__ILSVRC2012_val_00041990.JPEG","images/n01560419/imagenet-hard-50-subset-2500__n01560419__ILSVRC2012_val_00041990.JPEG","16","bulbul","91","coucal","6,832031","91|23|93|16|20","coucal|vulture|hornbill|bulbul|water ouzel","6,832031|6,761719|6,035156|4,925781|4,839844","true"
"/private/var/containers/Bundle/Application/4D01D32A-B666-4384-B213-31BBF61E54F1/CVTestsSUI.app/imagenet-hard-50-subset-2500__n01560419__ILSVRC2012_val_00044009.JPEG","images/n01560419/imagenet-hard-50-subset-2500__n01560419__ILSVRC2012_val_00044009.JPEG","16","bulbul","15","robin","5,894531","15|94|16|10|11","robin|hummingbird|bulbul|brambling|goldfinch","5,894531|5,402344|5,246094|5,011719|4,914062","true"
"/private/var/containers/Bundle/Application/4D01D32A-B666-4384-B213-31BBF61E54F1/CVTestsSUI.app/imagenet-hard-50-subset-2500__n01580077__ILSVRC2012_val_00004317.JPEG","images/n01580077/imagenet-hard-50-subset-2500__n01580077__ILSVRC2012_val_00004317.JPEG","17","jay","128","black stork","6,109375","128|131|129|17|730","black stork|little blue heron|spoonbill|jay|plow","6,109375|5,984375|5,781250|5,589844|5,085938","true"
"/private/var/containers/Bundle/Application/4D01D32A-B666-4384-B213-31BBF61E54F1/CVTestsSUI.app/imagenet-hard-50-subset-2500__n01580077__ILSVRC2012_val_00017024.JPEG","images/n01580077/imagenet-hard-50-subset-2500__n01580077__ILSVRC2012_val_00017024.JPEG","17","jay","85","quail","6,566406","85|17|15|13|19","quail|jay|robin|junco|chickadee","6,566406|6,515625|6,234375|4,941406|4,812500","true"
"/private/var/containers/Bundle/Application/4D01D32A-B666-4384-B213-31BBF61E54F1/CVTestsSUI.app/imagenet-hard-50-subset-2500__n01580077__ILSVRC2012_val_00020905.JPEG","images/n01580077/imagenet-hard-50-subset-2500__n01580077__ILSVRC2012_val_00020905.JPEG","17","jay","10","brambling","9,023438","10|17|12|13|15","brambling|jay|house finch|junco|robin","9,023438|7,050781|6,265625|6,019531|5,117188","true"
"/private/var/containers/Bundle/Application/4D01D32A-B666-4384-B213-31BBF61E54F1/CVTestsSUI.app/imagenet-hard-50-subset-2500__n01580077__ILSVRC2012_val_00022106.JPEG","images/n01580077/imagenet-hard-50-subset-2500__n01580077__ILSVRC2012_val_00022106.JPEG","17","jay","18","magpie","8,257812","18|16|17|20|13","magpie|bulbul|jay|water ouzel|junco","8,257812|5,757812|4,832031|3,882812|3,869141","true"
"/private/var/containers/Bundle/Application/4D01D32A-B666-4384-B213-31BBF61E54F1/CVTestsSUI.app/imagenet-hard-50-subset-2500__n01580077__ILSVRC2012_val_00040412.JPEG","images/n01580077/imagenet-hard-50-subset-2500__n01580077__ILSVRC2012_val_00040412.JPEG","17","jay","18","magpie","10,078125","18|17|16|14|91","magpie|jay|bulbul|indigo bunting|coucal","10,078125|9,515625|5,242188|5,035156|4,695312","true"
"/private/var/containers/Bundle/Application/4D01D32A-B666-4384-B213-31BBF61E54F1/CVTestsSUI.app/imagenet-hard-50-subset-2500__n01582220__ILSVRC2012_val_00009981.JPEG","images/n01582220/imagenet-hard-50-subset-2500__n01582220__ILSVRC2012_val_00009981.JPEG","18","magpie","22","bald eagle","7,546875","22|18|93|143|96","bald eagle|magpie|hornbill|oystercatcher|toucan","7,546875|6,863281|4,921875|4,796875|4,582031","true"
"/private/var/containers/Bundle/Application/4D01D32A-B666-4384-B213-31BBF61E54F1/CVTestsSUI.app/imagenet-hard-50-subset-2500__n01582220__ILSVRC2012_val_00024025.JPEG","images/n01582220/imagenet-hard-50-subset-2500__n01582220__ILSVRC2012_val_00024025.JPEG","18","magpie","17","jay","8,359375","17|18|20|14|91","jay|magpie|water ouzel|indigo bunting|coucal","8,359375|7,390625|4,894531|4,753906|4,261719","true"
"/private/var/containers/Bundle/Application/4D01D32A-B666-4384-B213-31BBF61E54F1/CVTestsSUI.app/imagenet-hard-50-subset-2500__n01582220__ILSVRC2012_val_00041051.JPEG","images/n01582220/imagenet-hard-50-subset-2500__n01582220__ILSVRC2012_val_00041051.JPEG","18","magpie","16","bulbul","6,996094","16|94|20|18|15","bulbul|hummingbird|water ouzel|magpie|robin","6,996094|6,187500|5,144531|4,996094|4,980469","true"
"/private/var/containers/Bundle/Application/4D01D32A-B666-4384-B213-31BBF61E54F1/CVTestsSUI.app/imagenet-hard-50-subset-2500__n01582220__ILSVRC2012_val_00041135.JPEG","images/n01582220/imagenet-hard-50-subset-2500__n01582220__ILSVRC2012_val_00041135.JPEG","18","magpie","353","gazelle","8,164062","353|352|351|172|272","gazelle|impala|hartebeest|whippet|coyote","8,164062|7,343750|3,220703|3,212891|3,066406","false"
"/private/var/containers/Bundle/Application/4D01D32A-B666-4384-B213-31BBF61E54F1/CVTestsSUI.app/imagenet-hard-50-subset-2500__n01601694__ILSVRC2012_val_00009597.JPEG","images/n01601694/imagenet-hard-50-subset-2500__n01601694__ILSVRC2012_val_00009597.JPEG","20","water ouzel","58","water snake","10,070312","58|360|20|150|119","water snake|otter|water ouzel|sea lion|rock crab","10,070312|6,773438|6,515625|6,503906|6,449219","true"
"/private/var/containers/Bundle/Application/4D01D32A-B666-4384-B213-31BBF61E54F1/CVTestsSUI.app/imagenet-hard-50-subset-2500__n01601694__ILSVRC2012_val_00012797.JPEG","images/n01601694/imagenet-hard-50-subset-2500__n01601694__ILSVRC2012_val_00012797.JPEG","20","water ouzel","13","junco","7,042969","13|12|18|10|16","junco|house finch|magpie|brambling|bulbul","7,042969|6,070312|5,347656|5,328125|5,187500","false"
"/private/var/containers/Bundle/Application/4D01D32A-B666-4384-B213-31BBF61E54F1/CVTestsSUI.app/imagenet-hard-50-subset-2500__n01601694__ILSVRC2012_val_00021656.JPEG","images/n01601694/imagenet-hard-50-subset-2500__n01601694__ILSVRC2012_val_00021656.JPEG","20","water ouzel","139","ruddy turnstone","6,687500","139|140|143|141|20","ruddy turnstone|red-backed sandpiper|oystercatcher|redshank|water ouzel","6,687500|6,531250|6,046875|5,070312|5,007812","true"
"/private/var/containers/Bundle/Application/4D01D32A-B666-4384-B213-31BBF61E54F1/CVTestsSUI.app/imagenet-hard-50-subset-2500__n01601694__ILSVRC2012_val_00026023.JPEG","images/n01601694/imagenet-hard-50-subset-2500__n01601694__ILSVRC2012_val_00026023.JPEG","20","water ouzel","95","jacamar","6,613281","95|92|94|84|91","jacamar|bee eater|hummingbird|peacock|coucal","6,613281|4,707031|4,609375|4,558594|3,894531","false"
"/private/var/containers/Bundle/Application/4D01D32A-B666-4384-B213-31BBF61E54F1/CVTestsSUI.app/imagenet-hard-50-subset-2500__n01601694__ILSVRC2012_val_00034929.JPEG","images/n01601694/imagenet-hard-50-subset-2500__n01601694__ILSVRC2012_val_00034929.JPEG","20","water ouzel","979","valley","9,617188","979|20|460|150|976","valley|water ouzel|breakwater|sea lion|promontory","9,617188|6,800781|6,414062|5,718750|5,328125","true"
"/private/var/containers/Bundle/Application/4D01D32A-B666-4384-B213-31BBF61E54F1/CVTestsSUI.app/imagenet-hard-50-subset-2500__n01601694__ILSVRC2012_val_00038159.JPEG","images/n01601694/imagenet-hard-50-subset-2500__n01601694__ILSVRC2012_val_00038159.JPEG","20","water ouzel","10","brambling","9,492188","10|15|92|19|17","brambling|robin|bee eater|chickadee|jay","9,492188|4,546875|2,851562|2,771484|2,759766","false"
"/private/var/containers/Bundle/Application/4D01D32A-B666-4384-B213-31BBF61E54F1/CVTestsSUI.app/imagenet-hard-50-subset-2500__n01601694__ILSVRC2012_val_00049775.JPEG","images/n01601694/imagenet-hard-50-subset-2500__n01601694__ILSVRC2012_val_00049775.JPEG","20","water ouzel","94","hummingbird","8,062500","94|20|16|95|21","hummingbird|water ouzel|bulbul|jacamar|kite","8,062500|7,257812|6,945312|6,539062|5,875000","true"
"/private/var/containers/Bundle/Application/4D01D32A-B666-4384-B213-31BBF61E54F1/CVTestsSUI.app/imagenet-hard-50-subset-2500__n01608432__ILSVRC2012_val_00001488.JPEG","images/n01608432/imagenet-hard-50-subset-2500__n01608432__ILSVRC2012_val_00001488.JPEG","21","kite","23","vulture","6,660156","23|21|7|8|80","vulture|kite|cock|hen|black grouse","6,660156|6,437500|6,140625|5,679688|5,609375","true"
"/private/var/containers/Bundle/Application/4D01D32A-B666-4384-B213-31BBF61E54F1/CVTestsSUI.app/imagenet-hard-50-subset-2500__n01608432__ILSVRC2012_val_00002444.JPEG","images/n01608432/imagenet-hard-50-subset-2500__n01608432__ILSVRC2012_val_00002444.JPEG","21","kite","22","bald eagle","10,484375","22|21|23|20|93","bald eagle|kite|vulture|water ouzel|hornbill","10,484375|6,488281|3,570312|3,130859|2,857422","true"
"/private/var/containers/Bundle/Application/4D01D32A-B666-4384-B213-31BBF61E54F1/CVTestsSUI.app/imagenet-hard-50-subset-2500__n01608432__ILSVRC2012_val_00006203.JPEG","images/n01608432/imagenet-hard-50-subset-2500__n01608432__ILSVRC2012_val_00006203.JPEG","21","kite","138","bustard","6,265625","138|91|95|365|20","bustard|coucal|jacamar|orangutan|water ouzel","6,265625|5,382812|4,843750|4,589844|4,546875","false"
"/private/var/containers/Bundle/Application/4D01D32A-B666-4384-B213-31BBF61E54F1/CVTestsSUI.app/imagenet-hard-50-subset-2500__n01608432__ILSVRC2012_val_00013095.JPEG","images/n01608432/imagenet-hard-50-subset-2500__n01608432__ILSVRC2012_val_00013095.JPEG","21","kite","375","colobus","7,148438","375|127|23|374|93","colobus|white stork|vulture|langur|hornbill","7,148438|6,882812|6,574219|6,203125|5,671875","false"
"/private/var/containers/Bundle/Application/4D01D32A-B666-4384-B213-31BBF61E54F1/CVTestsSUI.app/imagenet-hard-50-subset-2500__n01608432__ILSVRC2012_val_00015746.JPEG","images/n01608432/imagenet-hard-50-subset-2500__n01608432__ILSVRC2012_val_00015746.JPEG","21","kite","22","bald eagle","8,562500","22|21|89|23|24","bald eagle|kite|sulphur-crested cockatoo|vulture|great grey owl","8,562500|8,171875|4,558594|3,898438|2,843750","true"
"/private/var/containers/Bundle/Application/4D01D32A-B666-4384-B213-31BBF61E54F1/CVTestsSUI.app/imagenet-hard-50-subset-2500__n01608432__ILSVRC2012_val_00018796.JPEG","images/n01608432/imagenet-hard-50-subset-2500__n01608432__ILSVRC2012_val_00018796.JPEG","21","kite","22","bald eagle","7,742188","22|21|82|80|83","bald eagle|kite|ruffed grouse|black grouse|prairie chicken","7,742188|7,433594|5,105469|4,781250|4,589844","true"
"/private/var/containers/Bundle/Application/4D01D32A-B666-4384-B213-31BBF61E54F1/CVTestsSUI.app/imagenet-hard-50-subset-2500__n01608432__ILSVRC2012_val_00027693.JPEG","images/n01608432/imagenet-hard-50-subset-2500__n01608432__ILSVRC2012_val_00027693.JPEG","21","kite","138","bustard","7,921875","138|127|21|128|143","bustard|white stork|kite|black stork|oystercatcher","7,921875|7,789062|7,746094|6,781250|5,175781","true"
"/private/var/containers/Bundle/Application/4D01D32A-B666-4384-B213-31BBF61E54F1/CVTestsSUI.app/imagenet-hard-50-subset-2500__n01608432__ILSVRC2012_val_00045690.JPEG","images/n01608432/imagenet-hard-50-subset-2500__n01608432__ILSVRC2012_val_00045690.JPEG","21","kite","138","bustard","8,531250","138|91|21|22|23","bustard|coucal|kite|bald eagle|vulture","8,531250|8,445312|8,101562|6,863281|6,199219","true"
"/private/var/containers/Bundle/Application/4D01D32A-B666-4384-B213-31BBF61E54F1/CVTestsSUI.app/imagenet-hard-50-subset-2500__n01608432__ILSVRC2012_val_00047191.JPEG","images/n01608432/imagenet-hard-50-subset-2500__n01608432__ILSVRC2012_val_00047191.JPEG","21","kite","82","ruffed grouse","6,703125","82|24|21|83|80","ruffed grouse|great grey owl|kite|prairie chicken|black grouse","6,703125|6,207031|5,253906|5,121094|5,023438","true"
"/private/var/containers/Bundle/Application/4D01D32A-B666-4384-B213-31BBF61E54F1/CVTestsSUI.app/imagenet-hard-50-subset-2500__n01616318__ILSVRC2012_val_00022088.JPEG","images/n01616318/imagenet-hard-50-subset-2500__n01616318__ILSVRC2012_val_00022088.JPEG","23","vulture","138","bustard","11,125000","138|23|84|80|82","bustard|vulture|peacock|black grouse|ruffed grouse","11,125000|8,429688|8,070312|7,242188|6,558594","true"
"/private/var/containers/Bundle/Application/4D01D32A-B666-4384-B213-31BBF61E54F1/CVTestsSUI.app/imagenet-hard-50-subset-2500__n01622779__ILSVRC2012_val_00004345.JPEG","images/n01622779/imagenet-hard-50-subset-2500__n01622779__ILSVRC2012_val_00004345.JPEG","24","great grey owl","802","snowmobile","10,125000","802|795|537|796|792","snowmobile|ski|dogsled|ski mask|shovel","10,125000|8,109375|7,398438|6,812500|6,718750","false"
"/private/var/containers/Bundle/Application/4D01D32A-B666-4384-B213-31BBF61E54F1/CVTestsSUI.app/imagenet-hard-50-subset-2500__n02701002__ILSVRC2012_val_00003703.JPEG","images/n02701002/imagenet-hard-50-subset-2500__n02701002__ILSVRC2012_val_00003703.JPEG","407","ambulance","555","fire engine","8,335938","555|407|468|436|581","fire engine|ambulance|cab|beach wagon|grille","8,335938|7,261719|6,109375|5,937500|5,847656","true"
"/private/var/containers/Bundle/Application/4D01D32A-B666-4384-B213-31BBF61E54F1/CVTestsSUI.app/imagenet-hard-50-subset-2500__n02701002__ILSVRC2012_val_00017171.JPEG","images/n02701002/imagenet-hard-50-subset-2500__n02701002__ILSVRC2012_val_00017171.JPEG","407","ambulance","734","police van","10,039062","734|407|654|757|656","police van|ambulance|minibus|recreational vehicle|minivan","10,039062|9,156250|5,398438|4,468750|4,046875","true"
"/private/var/containers/Bundle/Application/4D01D32A-B666-4384-B213-31BBF61E54F1/CVTestsSUI.app/imagenet-hard-50-subset-2500__n02701002__ILSVRC2012_val_00021146.JPEG","images/n02701002/imagenet-hard-50-subset-2500__n02701002__ILSVRC2012_val_00021146.JPEG","407","ambulance","734","police van","7,171875","734|407|654|656|675","police van|ambulance|minibus|minivan|moving van","7,171875|6,933594|4,308594|3,732422|3,292969","true"
"/private/var/containers/Bundle/Application/4D01D32A-B666-4384-B213-31BBF61E54F1/CVTestsSUI.app/imagenet-hard-50-subset-2500__n02701002__ILSVRC2012_val_00043593.JPEG","images/n02701002/imagenet-hard-50-subset-2500__n02701002__ILSVRC2012_val_00043593.JPEG","407","ambulance","734","police van","9,382812","734|407|829|654|830","police van|ambulance|streetcar|minibus|stretcher","9,382812|9,007812|5,550781|4,902344|4,558594","true"
"/private/var/containers/Bundle/Application/4D01D32A-B666-4384-B213-31BBF61E54F1/CVTestsSUI.app/imagenet-hard-50-subset-2500__n02701002__ILSVRC2012_val_00045969.JPEG","images/n02701002/imagenet-hard-50-subset-2500__n02701002__ILSVRC2012_val_00045969.JPEG","407","ambulance","734","police van","8,187500","734|407|654|656|468","police van|ambulance|minibus|minivan|cab","8,187500|7,468750|5,496094|4,914062|4,457031","true"
"/private/var/containers/Bundle/Application/4D01D32A-B666-4384-B213-31BBF61E54F1/CVTestsSUI.app/imagenet-hard-50-subset-2500__n02701002__ILSVRC2012_val_00049302.JPEG","images/n02701002/imagenet-hard-50-subset-2500__n02701002__ILSVRC2012_val_00049302.JPEG","407","ambulance","661","Model T","7,781250","661|555|705|717|436","Model T|fire engine|passenger car|pickup|beach wagon","7,781250|6,437500|4,843750|4,496094|3,988281","false"
"/private/var/containers/Bundle/Application/4D01D32A-B666-4384-B213-31BBF61E54F1/CVTestsSUI.app/imagenet-hard-50-subset-2500__n03345487__ILSVRC2012_val_00000764.JPEG","images/n03345487/imagenet-hard-50-subset-2500__n03345487__ILSVRC2012_val_00000764.JPEG","555","fire engine","864","tow truck","8,781250","864|867|555|569|803","tow truck|trailer truck|fire engine|garbage truck|snowplow","8,781250|7,996094|7,312500|7,066406|5,710938","true"
"/private/var/containers/Bundle/Application/4D01D32A-B666-4384-B213-31BBF61E54F1/CVTestsSUI.app/imagenet-hard-50-subset-2500__n03345487__ILSVRC2012_val_00001491.JPEG","images/n03345487/imagenet-hard-50-subset-2500__n03345487__ILSVRC2012_val_00001491.JPEG","555","fire engine","757","recreational vehicle","5,921875","757|668|920|733|682","recreational vehicle|mosque|traffic light|pole|obelisk","5,921875|5,753906|5,718750|5,605469|5,542969","false"
"/private/var/containers/Bundle/Application/4D01D32A-B666-4384-B213-31BBF61E54F1/CVTestsSUI.app/imagenet-hard-50-subset-2500__n03345487__ILSVRC2012_val_00032745.JPEG","images/n03345487/imagenet-hard-50-subset-2500__n03345487__ILSVRC2012_val_00032745.JPEG","555","fire engine","864","tow truck","6,085938","864|757|734|867|609","tow truck|recreational vehicle|police van|trailer truck|jeep","6,085938|6,058594|5,738281|5,628906|5,152344","false"
"/private/var/containers/Bundle/Application/4D01D32A-B666-4384-B213-31BBF61E54F1/CVTestsSUI.app/imagenet-hard-50-subset-2500__n03345487__ILSVRC2012_val_00047102.JPEG","images/n03345487/imagenet-hard-50-subset-2500__n03345487__ILSVRC2012_val_00047102.JPEG","555","fire engine","407","ambulance","8,468750","407|555|734|757|660","ambulance|fire engine|police van|recreational vehicle|mobile home","8,468750|8,203125|5,589844|5,421875|4,976562","true"
"/private/var/containers/Bundle/Application/4D01D32A-B666-4384-B213-31BBF61E54F1/CVTestsSUI.app/imagenet-hard-50-subset-2500__n03345487__ILSVRC2012_val_00047888.JPEG","images/n03345487/imagenet-hard-50-subset-2500__n03345487__ILSVRC2012_val_00047888.JPEG","555","fire engine","820","steam locomotive","7,953125","820|569|867|803|856","steam locomotive|garbage truck|trailer truck|snowplow|thresher","7,953125|7,027344|6,781250|5,500000|5,414062","false"
"/private/var/containers/Bundle/Application/4D01D32A-B666-4384-B213-31BBF61E54F1/CVTestsSUI.app/imagenet-hard-50-subset-2500__n03345487__ILSVRC2012_val_00048156.JPEG","images/n03345487/imagenet-hard-50-subset-2500__n03345487__ILSVRC2012_val_00048156.JPEG","555","fire engine","652","military uniform","8,093750","652|830|615|555|744","military uniform|stretcher|knee pad|fire engine|projectile","8,093750|6,730469|6,265625|6,011719|5,746094","true"
"/private/var/containers/Bundle/Application/4D01D32A-B666-4384-B213-31BBF61E54F1/CVTestsSUI.app/imagenet-hard-50-subset-2500__n03417042__ILSVRC2012_val_00004119.JPEG","images/n03417042/imagenet-hard-50-subset-2500__n03417042__ILSVRC2012_val_00004119.JPEG","569","garbage truck","864","tow truck","7,511719","864|569|803|867|517","tow truck|garbage truck|snowplow|trailer truck|crane","7,511719|7,359375|7,156250|5,144531|4,292969","true"
"/private/var/containers/Bundle/Application/4D01D32A-B666-4384-B213-31BBF61E54F1/CVTestsSUI.app/imagenet-hard-50-subset-2500__n03417042__ILSVRC2012_val_00025416.JPEG","images/n03417042/imagenet-hard-50-subset-2500__n03417042__ILSVRC2012_val_00025416.JPEG","569","garbage truck","660","mobile home","10,062500","660|569|867|675|757","mobile home|garbage truck|trailer truck|moving van|recreational vehicle","10,062500|9,890625|7,476562|6,578125|5,519531","true"
"/private/var/containers/Bundle/Application/4D01D32A-B666-4384-B213-31BBF61E54F1/CVTestsSUI.app/imagenet-hard-50-subset-2500__n03417042__ILSVRC2012_val_00032800.JPEG","images/n03417042/imagenet-hard-50-subset-2500__n03417042__ILSVRC2012_val_00032800.JPEG","569","garbage truck","803","snowplow","7,199219","803|569|864|867|555","snowplow|garbage truck|tow truck|trailer truck|fire engine","7,199219|6,707031|4,632812|4,429688|3,978516","true"
"/private/var/containers/Bundle/Application/4D01D32A-B666-4384-B213-31BBF61E54F1/CVTestsSUI.app/imagenet-hard-50-subset-2500__n03417042__ILSVRC2012_val_00037947.JPEG","images/n03417042/imagenet-hard-50-subset-2500__n03417042__ILSVRC2012_val_00037947.JPEG","569","garbage truck","864","tow truck","8,062500","864|609|468|717|705","tow truck|jeep|cab|pickup|passenger car","8,062500|5,750000|5,085938|5,066406|4,976562","false"
"/private/var/containers/Bundle/Application/4D01D32A-B666-4384-B213-31BBF61E54F1/CVTestsSUI.app/imagenet-hard-50-subset-2500__n03930630__ILSVRC2012_val_00003080.JPEG","images/n03930630/imagenet-hard-50-subset-2500__n03930630__ILSVRC2012_val_00003080.JPEG","717","pickup","654","minibus","8,539062","654|717|705|511|751","minibus|pickup|passenger car|convertible|racer","8,539062|7,398438|6,324219|6,226562|6,089844","true"
"/private/var/containers/Bundle/Application/4D01D32A-B666-4384-B213-31BBF61E54F1/CVTestsSUI.app/imagenet-hard-50-subset-2500__n03930630__ILSVRC2012_val_00007733.JPEG","images/n03930630/imagenet-hard-50-subset-2500__n03930630__ILSVRC2012_val_00007733.JPEG","717","pickup","660","mobile home","6,496094","660|757|656|675|864","mobile home|recreational vehicle|minivan|moving van|tow truck","6,496094|6,257812|5,937500|5,601562|5,503906","false"
"/private/var/containers/Bundle/Application/4D01D32A-B666-4384-B213-31BBF61E54F1/CVTestsSUI.app/imagenet-hard-50-subset-2500__n03930630__ILSVRC2012_val_00015879.JPEG","images/n03930630/imagenet-hard-50-subset-2500__n03930630__ILSVRC2012_val_00015879.JPEG","717","pickup","511","convertible","7,867188","511|717|627|468|436","convertible|pickup|limousine|cab|beach wagon","7,867188|7,632812|6,464844|6,425781|5,597656","true"
"/private/var/containers/Bundle/Application/4D01D32A-B666-4384-B213-31BBF61E54F1/CVTestsSUI.app/imagenet-hard-50-subset-2500__n03930630__ILSVRC2012_val_00017708.JPEG","images/n03930630/imagenet-hard-50-subset-2500__n03930630__ILSVRC2012_val_00017708.JPEG","717","pickup","660","mobile home","7,089844","660|870|874|864|705","mobile home|tricycle|trolleybus|tow truck|passenger car","7,089844|5,316406|5,117188|4,941406|4,917969","false"
"/private/var/containers/Bundle/Application/4D01D32A-B666-4384-B213-31BBF61E54F1/CVTestsSUI.app/imagenet-hard-50-subset-2500__n03930630__ILSVRC2012_val_00024317.JPEG","images/n03930630/imagenet-hard-50-subset-2500__n03930630__ILSVRC2012_val_00024317.JPEG","717","pickup","867","trailer truck","10,179688","867|864|717|803|479","trailer truck|tow truck|pickup|snowplow|car wheel","10,179688|9,406250|8,609375|8,515625|7,621094","true"
"/private/var/containers/Bundle/Application/4D01D32A-B666-4384-B213-31BBF61E54F1/CVTestsSUI.app/imagenet-hard-50-subset-2500__n03930630__ILSVRC2012_val_00026079.JPEG","images/n03930630/imagenet-hard-50-subset-2500__n03930630__ILSVRC2012_val_00026079.JPEG","717","pickup","661","Model T","9,929688","661|717|479|856|866","Model T|pickup|car wheel|thresher|tractor","9,929688|6,187500|4,808594|4,265625|3,464844","true"
"/private/var/containers/Bundle/Application/4D01D32A-B666-4384-B213-31BBF61E54F1/CVTestsSUI.app/imagenet-hard-50-subset-2500__n03930630__ILSVRC2012_val_00026503.JPEG","images/n03930630/imagenet-hard-50-subset-2500__n03930630__ILSVRC2012_val_00026503.JPEG","717","pickup","661","Model T","8,765625","661|717|479|866|751","Model T|pickup|car wheel|tractor|racer","8,765625|6,652344|5,652344|5,003906|4,671875","true"
"/private/var/containers/Bundle/Application/4D01D32A-B666-4384-B213-31BBF61E54F1/CVTestsSUI.app/imagenet-hard-50-subset-2500__n03930630__ILSVRC2012_val_00027997.JPEG","images/n03930630/imagenet-hard-50-subset-2500__n03930630__ILSVRC2012_val_00027997.JPEG","717","pickup","866","tractor","7,714844","866|586|609|864|803","tractor|half track|jeep|tow truck|snowplow","7,714844|6,757812|6,578125|6,386719|4,550781","false"
"/private/var/containers/Bundle/Application/4D01D32A-B666-4384-B213-31BBF61E54F1/CVTestsSUI.app/imagenet-hard-50-subset-2500__n03930630__ILSVRC2012_val_00029046.JPEG","images/n03930630/imagenet-hard-50-subset-2500__n03930630__ILSVRC2012_val_00029046.JPEG","717","pickup","581","grille","9,085938","581|555|717|511|436","grille|fire engine|pickup|convertible|beach wagon","9,085938|6,664062|6,214844|4,777344|4,761719","true"
"/private/var/containers/Bundle/Application/4D01D32A-B666-4384-B213-31BBF61E54F1/CVTestsSUI.app/imagenet-hard-50-subset-2500__n03930630__ILSVRC2012_val_00034975.JPEG","images/n03930630/imagenet-hard-50-subset-2500__n03930630__ILSVRC2012_val_00034975.JPEG","717","pickup","864","tow truck","7,785156","864|803|717|609|867","tow truck|snowplow|pickup|jeep|trailer truck","7,785156|7,167969|6,785156|6,750000|6,093750","true"
"/private/var/containers/Bundle/Application/4D01D32A-B666-4384-B213-31BBF61E54F1/CVTestsSUI.app/imagenet-hard-50-subset-2500__n03930630__ILSVRC2012_val_00039120.JPEG","images/n03930630/imagenet-hard-50-subset-2500__n03930630__ILSVRC2012_val_00039120.JPEG","717","pickup","982","groom","4,765625","982|468|717|408|864","groom|cab|pickup|amphibian|tow truck","4,765625|4,093750|4,019531|3,937500|3,835938","true"
"/private/var/containers/Bundle/Application/4D01D32A-B666-4384-B213-31BBF61E54F1/CVTestsSUI.app/imagenet-hard-50-subset-2500__n03930630__ILSVRC2012_val_00039963.JPEG","images/n03930630/imagenet-hard-50-subset-2500__n03930630__ILSVRC2012_val_00039963.JPEG","717","pickup","654","minibus","7,292969","654|475|569|656|603","minibus|car mirror|garbage truck|minivan|horse cart","7,292969|6,808594|6,097656|5,738281|5,410156","false"
"/private/var/containers/Bundle/Application/4D01D32A-B666-4384-B213-31BBF61E54F1/CVTestsSUI.app/imagenet-hard-50-subset-2500__n03930630__ILSVRC2012_val_00044388.JPEG","images/n03930630/imagenet-hard-50-subset-2500__n03930630__ILSVRC2012_val_00044388.JPEG","717","pickup","609","jeep","7,218750","609|717|660|757|675","jeep|pickup|mobile home|recreational vehicle|moving van","7,218750|6,917969|6,636719|5,953125|5,417969","true"
"/private/var/containers/Bundle/Application/4D01D32A-B666-4384-B213-31BBF61E54F1/CVTestsSUI.app/imagenet-hard-50-subset-2500__n03930630__ILSVRC2012_val_00049525.JPEG","images/n03930630/imagenet-hard-50-subset-2500__n03930630__ILSVRC2012_val_00049525.JPEG","717","pickup","511","convertible","6,828125","511|717|479|817|436","convertible|pickup|car wheel|sports car|beach wagon","6,828125|6,531250|6,425781|5,730469|5,632812","true"
"/private/var/containers/Bundle/Application/4D01D32A-B666-4384-B213-31BBF61E54F1/CVTestsSUI.app/imagenet-hard-50-subset-2500__n03930630__ILSVRC2012_val_00049789.JPEG","images/n03930630/imagenet-hard-50-subset-2500__n03930630__ILSVRC2012_val_00049789.JPEG","717","pickup","864","tow truck","7,644531","864|609|586|803|717","tow truck|jeep|half track|snowplow|pickup","7,644531|7,242188|6,835938|6,160156|5,894531","true"
"/private/var/containers/Bundle/Application/4D01D32A-B666-4384-B213-31BBF61E54F1/CVTestsSUI.app/imagenet-hard-50-subset-2500__n04461696__ILSVRC2012_val_00000671.JPEG","images/n04461696/imagenet-hard-50-subset-2500__n04461696__ILSVRC2012_val_00000671.JPEG","864","tow truck","555","fire engine","7,695312","555|864|407|867|803","fire engine|tow truck|ambulance|trailer truck|snowplow","7,695312|7,566406|6,035156|5,816406|5,531250","true"
"/private/var/containers/Bundle/Application/4D01D32A-B666-4384-B213-31BBF61E54F1/CVTestsSUI.app/imagenet-hard-50-subset-2500__n04461696__ILSVRC2012_val_00007770.JPEG","images/n04461696/imagenet-hard-50-subset-2500__n04461696__ILSVRC2012_val_00007770.JPEG","864","tow truck","803","snowplow","8,632812","803|864|569|867|609","snowplow|tow truck|garbage truck|trailer truck|jeep","8,632812|8,554688|6,675781|5,609375|5,054688","true"
"/private/var/containers/Bundle/Application/4D01D32A-B666-4384-B213-31BBF61E54F1/CVTestsSUI.app/imagenet-hard-50-subset-2500__n04461696__ILSVRC2012_val_00013149.JPEG","images/n04461696/imagenet-hard-50-subset-2500__n04461696__ILSVRC2012_val_00013149.JPEG","864","tow truck","803","snowplow","6,175781","803|864|656|436|675","snowplow|tow truck|minivan|beach wagon|moving van","6,175781|5,675781|5,503906|5,199219|4,921875","true"
"/private/var/containers/Bundle/Application/4D01D32A-B666-4384-B213-31BBF61E54F1/CVTestsSUI.app/imagenet-hard-50-subset-2500__n04461696__ILSVRC2012_val_00016077.JPEG","images/n04461696/imagenet-hard-50-subset-2500__n04461696__ILSVRC2012_val_00016077.JPEG","864","tow truck","867","trailer truck","7,714844","867|864|571|757|707","trailer truck|tow truck|gas pump|recreational vehicle|pay-phone","7,714844|7,308594|6,375000|6,316406|5,960938","true"
"/private/var/containers/Bundle/Application/4D01D32A-B666-4384-B213-31BBF61E54F1/CVTestsSUI.app/imagenet-hard-50-subset-2500__n04461696__ILSVRC2012_val_00016835.JPEG","images/n04461696/imagenet-hard-50-subset-2500__n04461696__ILSVRC2012_val_00016835.JPEG","864","tow truck","654","minibus","7,156250","654|864|734|675|661","minibus|tow truck|police van|moving van|Model T","7,156250|6,011719|5,093750|4,878906|4,332031","true"
"/private/var/containers/Bundle/Application/4D01D32A-B666-4384-B213-31BBF61E54F1/CVTestsSUI.app/imagenet-hard-50-subset-2500__n04461696__ILSVRC2012_val_00022323.JPEG","images/n04461696/imagenet-hard-50-subset-2500__n04461696__ILSVRC2012_val_00022323.JPEG","864","tow truck","656","minivan","7,691406","656|436|468|511|479","minivan|beach wagon|cab|convertible|car wheel","7,691406|6,835938|6,140625|5,222656|5,218750","false"
"/private/var/containers/Bundle/Application/4D01D32A-B666-4384-B213-31BBF61E54F1/CVTestsSUI.app/imagenet-hard-50-subset-2500__n04461696__ILSVRC2012_val_00025748.JPEG","images/n04461696/imagenet-hard-50-subset-2500__n04461696__ILSVRC2012_val_00025748.JPEG","864","tow truck","705","passenger car","8,468750","705|757|864|779|874","passenger car|recreational vehicle|tow truck|school bus|trolleybus","8,468750|7,589844|5,546875|5,484375|5,304688","true"
"/private/var/containers/Bundle/Application/4D01D32A-B666-4384-B213-31BBF61E54F1/CVTestsSUI.app/imagenet-hard-50-subset-2500__n04461696__ILSVRC2012_val_00026004.JPEG","images/n04461696/imagenet-hard-50-subset-2500__n04461696__ILSVRC2012_val_00026004.JPEG","864","tow truck","407","ambulance","6,828125","407|734|757|475|609","ambulance|police van|recreational vehicle|car mirror|jeep","6,828125|6,210938|5,734375|5,550781|4,949219","false"
"/private/var/containers/Bundle/Application/4D01D32A-B666-4384-B213-31BBF61E54F1/CVTestsSUI.app/imagenet-hard-50-subset-2500__n04461696__ILSVRC2012_val_00027753.JPEG","images/n04461696/imagenet-hard-50-subset-2500__n04461696__ILSVRC2012_val_00027753.JPEG","864","tow truck","561","forklift","6,621094","561|569|867|864|660","forklift|garbage truck|trailer truck|tow truck|mobile home","6,621094|6,402344|6,382812|6,066406|5,718750","true"
"/private/var/containers/Bundle/Application/4D01D32A-B666-4384-B213-31BBF61E54F1/CVTestsSUI.app/imagenet-hard-50-subset-2500__n04461696__ILSVRC2012_val_00028004.JPEG","images/n04461696/imagenet-hard-50-subset-2500__n04461696__ILSVRC2012_val_00028004.JPEG","864","tow truck","661","Model T","8,664062","661|864|717|586|575","Model T|tow truck|pickup|half track|golfcart","8,664062|8,007812|7,093750|6,492188|5,796875","true"
"/private/var/containers/Bundle/Application/4D01D32A-B666-4384-B213-31BBF61E54F1/CVTestsSUI.app/imagenet-hard-50-subset-2500__n04461696__ILSVRC2012_val_00029413.JPEG","images/n04461696/imagenet-hard-50-subset-2500__n04461696__ILSVRC2012_val_00029413.JPEG","864","tow truck","654","minibus","7,078125","654|779|468|864|734","minibus|school bus|cab|tow truck|police van","7,078125|5,726562|5,519531|5,089844|4,562500","true"
"/private/var/containers/Bundle/Application/4D01D32A-B666-4384-B213-31BBF61E54F1/CVTestsSUI.app/imagenet-hard-50-subset-2500__n04461696__ILSVRC2012_val_00039347.JPEG","images/n04461696/imagenet-hard-50-subset-2500__n04461696__ILSVRC2012_val_00039347.JPEG","864","tow truck","581","grille","7,484375","581|864|555|803|867","grille|tow truck|fire engine|snowplow|trailer truck","7,484375|6,800781|6,175781|6,003906|5,792969","true"
"/private/var/containers/Bundle/Application/4D01D32A-B666-4384-B213-31BBF61E54F1/CVTestsSUI.app/imagenet-hard-50-subset-2500__n04461696__ILSVRC2012_val_00045225.JPEG","images/n04461696/imagenet-hard-50-subset-2500__n04461696__ILSVRC2012_val_00045225.JPEG","864","tow truck","627","limousine","9,437500","627|864|468|407|569","limousine|tow truck|cab|ambulance|garbage truck","9,437500|9,007812|8,125000|6,957031|6,828125","true"
"/private/var/containers/Bundle/Application/4D01D32A-B666-4384-B213-31BBF61E54F1/CVTestsSUI.app/imagenet-hard-50-subset-2500__n04461696__ILSVRC2012_val_00046973.JPEG","images/n04461696/imagenet-hard-50-subset-2500__n04461696__ILSVRC2012_val_00046973.JPEG","864","tow truck","627","limousine","8,156250","627|734|466|705|656","limousine|police van|bullet train|passenger car|minivan","8,156250|3,544922|3,365234|3,353516|3,322266","false"
"/private/var/containers/Bundle/Application/4D01D32A-B666-4384-B213-31BBF61E54F1/CVTestsSUI.app/imagenet-hard-50-subset-2500__n04461696__ILSVRC2012_val_00047720.JPEG","images/n04461696/imagenet-hard-50-subset-2500__n04461696__ILSVRC2012_val_00047720.JPEG","864","tow truck","595","harvester","6,835938","595|569|864|609|867","harvester|garbage truck|tow truck|jeep|trailer truck","6,835938|6,652344|5,554688|5,445312|5,175781","true"
"/private/var/containers/Bundle/Application/4D01D32A-B666-4384-B213-31BBF61E54F1/CVTestsSUI.app/imagenet-hard-50-subset-2500__n04461696__ILSVRC2012_val_00049076.JPEG","images/n04461696/imagenet-hard-50-subset-2500__n04461696__ILSVRC2012_val_00049076.JPEG","864","tow truck","595","harvester","7,945312","595|864|555|634|856","harvester|tow truck|fire engine|lumbermill|thresher","7,945312|7,550781|6,593750|5,761719|5,648438","true"
"/private/var/containers/Bundle/Application/4D01D32A-B666-4384-B213-31BBF61E54F1/CVTestsSUI.app/imagenet-hard-50-subset-2500__n04467665__ILSVRC2012_val_00010556.JPEG","images/n04467665/imagenet-hard-50-subset-2500__n04467665__ILSVRC2012_val_00010556.JPEG","867","trailer truck","569","garbage truck","8,554688","569|867|864|866|609","garbage truck|trailer truck|tow truck|tractor|jeep","8,554688|7,042969|6,296875|6,132812|5,593750","true"
"/private/var/containers/Bundle/Application/4D01D32A-B666-4384-B213-31BBF61E54F1/CVTestsSUI.app/imagenet-hard-50-subset-2500__n04467665__ILSVRC2012_val_00014857.JPEG","images/n04467665/imagenet-hard-50-subset-2500__n04467665__ILSVRC2012_val_00014857.JPEG","867","trailer truck","757","recreational vehicle","6,714844","757|867|675|660|864","recreational vehicle|trailer truck|moving van|mobile home|tow truck","6,714844|6,433594|6,054688|5,218750|4,191406","true"
"/private/var/containers/Bundle/Application/4D01D32A-B666-4384-B213-31BBF61E54F1/CVTestsSUI.app/imagenet-hard-50-subset-2500__n04467665__ILSVRC2012_val_00015480.JPEG","images/n04467665/imagenet-hard-50-subset-2500__n04467665__ILSVRC2012_val_00015480.JPEG","867","trailer truck","510","container ship","6,769531","510|437|417|958|649","container ship|beacon|balloon|hay|megalith","6,769531|6,355469|5,695312|5,156250|5,027344","false"
"/private/var/containers/Bundle/Application/4D01D32A-B666-4384-B213-31BBF61E54F1/CVTestsSUI.app/imagenet-hard-50-subset-2500__n04467665__ILSVRC2012_val_00019053.JPEG","images/n04467665/imagenet-hard-50-subset-2500__n04467665__ILSVRC2012_val_00019053.JPEG","867","trailer truck","609","jeep","8,781250","609|867|757|654|660","jeep|trailer truck|recreational vehicle|minibus|mobile home","8,781250|8,117188|7,082031|6,710938|6,351562","true"
"/private/var/containers/Bundle/Application/4D01D32A-B666-4384-B213-31BBF61E54F1/CVTestsSUI.app/imagenet-hard-50-subset-2500__n04467665__ILSVRC2012_val_00030427.JPEG","images/n04467665/imagenet-hard-50-subset-2500__n04467665__ILSVRC2012_val_00030427.JPEG","867","trailer truck","833","submarine","8,789062","833|466|565|820|403","submarine|bullet train|freight car|steam locomotive|aircraft carrier","8,789062|4,828125|4,523438|4,304688|3,966797","false"
"/private/var/containers/Bundle/Application/4D01D32A-B666-4384-B213-31BBF61E54F1/CVTestsSUI.app/imagenet-hard-50-subset-2500__n04467665__ILSVRC2012_val_00030438.JPEG","images/n04467665/imagenet-hard-50-subset-2500__n04467665__ILSVRC2012_val_00030438.JPEG","867","trailer truck","569","garbage truck","7,230469","569|867|675|864|734","garbage truck|trailer truck|moving van|tow truck|police van","7,230469|7,000000|5,839844|5,718750|4,992188","true"
"/private/var/containers/Bundle/Application/4D01D32A-B666-4384-B213-31BBF61E54F1/CVTestsSUI.app/imagenet-hard-50-subset-2500__n04467665__ILSVRC2012_val_00030748.JPEG","images/n04467665/imagenet-hard-50-subset-2500__n04467665__ILSVRC2012_val_00030748.JPEG","867","trailer truck","864","tow truck","6,886719","864|803|867|866|595","tow truck|snowplow|trailer truck|tractor|harvester","6,886719|6,476562|6,468750|5,250000|4,445312","true"
"/private/var/containers/Bundle/Application/4D01D32A-B666-4384-B213-31BBF61E54F1/CVTestsSUI.app/imagenet-hard-50-subset-2500__n04467665__ILSVRC2012_val_00038561.JPEG","images/n04467665/imagenet-hard-50-subset-2500__n04467665__ILSVRC2012_val_00038561.JPEG","867","trailer truck","555","fire engine","7,394531","555|864|654|569|407","fire engine|tow truck|minibus|garbage truck|ambulance","7,394531|7,371094|6,027344|5,687500|5,515625","false"
"/private/var/containers/Bundle/Application/4D01D32A-B666-4384-B213-31BBF61E54F1/CVTestsSUI.app/imagenet-hard-50-subset-2500__n04467665__ILSVRC2012_val_00049660.JPEG","images/n04467665/imagenet-hard-50-subset-2500__n04467665__ILSVRC2012_val_00049660.JPEG","867","trailer truck","757","recreational vehicle","8,796875","757|867|675|660|407","recreational vehicle|trailer truck|moving van|mobile home|ambulance","8,796875|6,238281|5,457031|4,375000|4,144531","true"
"/private/var/containers/Bundle/Application/4D01D32A-B666-4384-B213-31BBF61E54F1/CVTestsSUI.app/imagenet-hard-50-subset-2500__n03769881__ILSVRC2012_val_00000314.JPEG","images/n03769881/imagenet-hard-50-subset-2500__n03769881__ILSVRC2012_val_00000314.JPEG","654","minibus","656","minivan","8,007812","656|654|436|717|468","minivan|minibus|beach wagon|pickup|cab","8,007812|7,386719|7,250000|5,652344|4,980469","true"
"/private/var/containers/Bundle/Application/4D01D32A-B666-4384-B213-31BBF61E54F1/CVTestsSUI.app/imagenet-hard-50-subset-2500__n03769881__ILSVRC2012_val_00021324.JPEG","images/n03769881/imagenet-hard-50-subset-2500__n03769881__ILSVRC2012_val_00021324.JPEG","654","minibus","609","jeep","8,820312","609|654|656|717|436","jeep|minibus|minivan|pickup|beach wagon","8,820312|7,789062|5,503906|5,375000|5,289062","true"
"/private/var/containers/Bundle/Application/4D01D32A-B666-4384-B213-31BBF61E54F1/CVTestsSUI.app/imagenet-hard-50-subset-2500__n03769881__ILSVRC2012_val_00024788.JPEG","images/n03769881/imagenet-hard-50-subset-2500__n03769881__ILSVRC2012_val_00024788.JPEG","654","minibus","468","cab","8,265625","468|656|436|654|627","cab|minivan|beach wagon|minibus|limousine","8,265625|7,441406|7,386719|7,347656|6,417969","true"
"/private/var/containers/Bundle/Application/4D01D32A-B666-4384-B213-31BBF61E54F1/CVTestsSUI.app/imagenet-hard-50-subset-2500__n03769881__ILSVRC2012_val_00031349.JPEG","images/n03769881/imagenet-hard-50-subset-2500__n03769881__ILSVRC2012_val_00031349.JPEG","654","minibus","734","police van","10,562500","734|654|675|656|705","police van|minibus|moving van|minivan|passenger car","10,562500|9,062500|5,457031|5,300781|4,273438","true"
"/private/var/containers/Bundle/Application/4D01D32A-B666-4384-B213-31BBF61E54F1/CVTestsSUI.app/imagenet-hard-50-subset-2500__n03769881__ILSVRC2012_val_00031610.JPEG","images/n03769881/imagenet-hard-50-subset-2500__n03769881__ILSVRC2012_val_00031610.JPEG","654","minibus","627","limousine","9,382812","627|656|654|734|757","limousine|minivan|minibus|police van|recreational vehicle","9,382812|7,609375|7,265625|5,093750|4,847656","true"
"/private/var/containers/Bundle/Application/4D01D32A-B666-4384-B213-31BBF61E54F1/CVTestsSUI.app/imagenet-hard-50-subset-2500__n03769881__ILSVRC2012_val_00032382.JPEG","images/n03769881/imagenet-hard-50-subset-2500__n03769881__ILSVRC2012_val_00032382.JPEG","654","minibus","407","ambulance","10,117188","407|654|734|675|569","ambulance|minibus|police van|moving van|garbage truck","10,117188|9,898438|8,953125|7,046875|5,957031","true"
"/private/var/containers/Bundle/Application/4D01D32A-B666-4384-B213-31BBF61E54F1/CVTestsSUI.app/imagenet-hard-50-subset-2500__n03769881__ILSVRC2012_val_00041906.JPEG","images/n03769881/imagenet-hard-50-subset-2500__n03769881__ILSVRC2012_val_00041906.JPEG","654","minibus","627","limousine","9,109375","627|982|578|601|689","limousine|groom|gown|hoopskirt|overskirt","9,109375|7,929688|5,972656|4,320312|3,925781","false"
"/private/var/containers/Bundle/Application/4D01D32A-B666-4384-B213-31BBF61E54F1/CVTestsSUI.app/imagenet-hard-50-subset-2500__n03769881__ILSVRC2012_val_00042007.JPEG","images/n03769881/imagenet-hard-50-subset-2500__n03769881__ILSVRC2012_val_00042007.JPEG","654","minibus","734","police van","7,261719","734|407|654|779|675","police van|ambulance|minibus|school bus|moving van","7,261719|7,160156|6,847656|4,691406|4,601562","true"
"/private/var/containers/Bundle/Application/4D01D32A-B666-4384-B213-31BBF61E54F1/CVTestsSUI.app/imagenet-hard-50-subset-2500__n03769881__ILSVRC2012_val_00049177.JPEG","images/n03769881/imagenet-hard-50-subset-2500__n03769881__ILSVRC2012_val_00049177.JPEG","654","minibus","779","school bus","9,445312","779|874|654|705|734","school bus|trolleybus|minibus|passenger car|police van","9,445312|4,003906|2,933594|2,750000|2,734375","true"
"/private/var/containers/Bundle/Application/4D01D32A-B666-4384-B213-31BBF61E54F1/CVTestsSUI.app/imagenet-hard-50-subset-2500__n04146614__ILSVRC2012_val_00011337.JPEG","images/n04146614/imagenet-hard-50-subset-2500__n04146614__ILSVRC2012_val_00011337.JPEG","779","school bus","654","minibus","9,476562","654|779|829|734|757","minibus|school bus|streetcar|police van|recreational vehicle","9,476562|8,625000|7,234375|7,187500|6,187500","true"
"/private/var/containers/Bundle/Application/4D01D32A-B666-4384-B213-31BBF61E54F1/CVTestsSUI.app/imagenet-hard-50-subset-2500__n04146614__ILSVRC2012_val_00013295.JPEG","images/n04146614/imagenet-hard-50-subset-2500__n04146614__ILSVRC2012_val_00013295.JPEG","779","school bus","874","trolleybus","9,382812","874|705|779|654|829","trolleybus|passenger car|school bus|minibus|streetcar","9,382812|8,539062|6,257812|6,156250|4,390625","true"
"/private/var/containers/Bundle/Application/4D01D32A-B666-4384-B213-31BBF61E54F1/CVTestsSUI.app/imagenet-hard-50-subset-2500__n04146614__ILSVRC2012_val_00022679.JPEG","images/n04146614/imagenet-hard-50-subset-2500__n04146614__ILSVRC2012_val_00022679.JPEG","779","school bus","874","trolleybus","9,164062","874|829|779|705|654","trolleybus|streetcar|school bus|passenger car|minibus","9,164062|6,691406|5,707031|5,699219|4,523438","true"
"/private/var/containers/Bundle/Application/4D01D32A-B666-4384-B213-31BBF61E54F1/CVTestsSUI.app/imagenet-hard-50-subset-2500__n04146614__ILSVRC2012_val_00035866.JPEG","images/n04146614/imagenet-hard-50-subset-2500__n04146614__ILSVRC2012_val_00035866.JPEG","779","school bus","829","streetcar","9,382812","829|779|654|762|874","streetcar|school bus|minibus|restaurant|trolleybus","9,382812|7,160156|6,394531|5,671875|5,316406","true"
"/private/var/containers/Bundle/Application/4D01D32A-B666-4384-B213-31BBF61E54F1/CVTestsSUI.app/imagenet-hard-50-subset-2500__n04146614__ILSVRC2012_val_00045384.JPEG","images/n04146614/imagenet-hard-50-subset-2500__n04146614__ILSVRC2012_val_00045384.JPEG","779","school bus","705","passenger car","6,718750","705|874|779|829|660","passenger car|trolleybus|school bus|streetcar|mobile home","6,718750|6,257812|6,003906|5,121094|4,265625","true"
"/private/var/containers/Bundle/Application/4D01D32A-B666-4384-B213-31BBF61E54F1/CVTestsSUI.app/imagenet-hard-50-subset-2500__n04285008__ILSVRC2012_val_00003049.JPEG","images/n04285008/imagenet-hard-50-subset-2500__n04285008__ILSVRC2012_val_00003049.JPEG","817","sports car","751","racer","7,273438","751|817|717|705|468","racer|sports car|pickup|passenger car|cab","7,273438|6,722656|5,656250|5,019531|4,246094","true"
"/private/var/containers/Bundle/Application/4D01D32A-B666-4384-B213-31BBF61E54F1/CVTestsSUI.app/imagenet-hard-50-subset-2500__n04285008__ILSVRC2012_val_00004076.JPEG","images/n04285008/imagenet-hard-50-subset-2500__n04285008__ILSVRC2012_val_00004076.JPEG","817","sports car","436","beach wagon","7,996094","436|751|479|511|581","beach wagon|racer|car wheel|convertible|grille","7,996094|6,312500|5,453125|5,292969|5,101562","false"
"/private/var/containers/Bundle/Application/4D01D32A-B666-4384-B213-31BBF61E54F1/CVTestsSUI.app/imagenet-hard-50-subset-2500__n04285008__ILSVRC2012_val_00007125.JPEG","images/n04285008/imagenet-hard-50-subset-2500__n04285008__ILSVRC2012_val_00007125.JPEG","817","sports car","751","racer","8,843750","751|817|802|573|479","racer|sports car|snowmobile|go-kart|car wheel","8,843750|8,078125|5,300781|5,132812|5,039062","true"
"/private/var/containers/Bundle/Application/4D01D32A-B666-4384-B213-31BBF61E54F1/CVTestsSUI.app/imagenet-hard-50-subset-2500__n04285008__ILSVRC2012_val_00009607.JPEG","images/n04285008/imagenet-hard-50-subset-2500__n04285008__ILSVRC2012_val_00009607.JPEG","817","sports car","751","racer","8,437500","751|817|407|864|436","racer|sports car|ambulance|tow truck|beach wagon","8,437500|6,195312|5,730469|4,757812|4,480469","true"
"/private/var/containers/Bundle/Application/4D01D32A-B666-4384-B213-31BBF61E54F1/CVTestsSUI.app/imagenet-hard-50-subset-2500__n04285008__ILSVRC2012_val_00010983.JPEG","images/n04285008/imagenet-hard-50-subset-2500__n04285008__ILSVRC2012_val_00010983.JPEG","817","sports car","661","Model T","9,609375","661|817|751|479|511","Model T|sports car|racer|car wheel|convertible","9,609375|7,109375|6,703125|6,382812|5,414062","true"
"/private/var/containers/Bundle/Application/4D01D32A-B666-4384-B213-31BBF61E54F1/CVTestsSUI.app/imagenet-hard-50-subset-2500__n04285008__ILSVRC2012_val_00013805.JPEG","images/n04285008/imagenet-hard-50-subset-2500__n04285008__ILSVRC2012_val_00013805.JPEG","817","sports car","864","tow truck","10,687500","864|555|575|573|561","tow truck|fire engine|golfcart|go-kart|forklift","10,687500|6,894531|6,687500|6,664062|6,617188","false"
"/private/var/containers/Bundle/Application/4D01D32A-B666-4384-B213-31BBF61E54F1/CVTestsSUI.app/imagenet-hard-50-subset-2500__n04285008__ILSVRC2012_val_00025004.JPEG","images/n04285008/imagenet-hard-50-subset-2500__n04285008__ILSVRC2012_val_00025004.JPEG","817","sports car","751","racer","7,523438","751|479|817|573|621","racer|car wheel|sports car|go-kart|lawn mower","7,523438|7,132812|6,593750|5,863281|5,218750","true"
"/private/var/containers/Bundle/Application/4D01D32A-B666-4384-B213-31BBF61E54F1/CVTestsSUI.app/imagenet-hard-50-subset-2500__n04285008__ILSVRC2012_val_00025465.JPEG","images/n04285008/imagenet-hard-50-subset-2500__n04285008__ILSVRC2012_val_00025465.JPEG","817","sports car","511","convertible","8,640625","511|817|479|436|581","convertible|sports car|car wheel|beach wagon|grille","8,640625|8,109375|4,453125|3,970703|3,904297","true"
"/private/var/containers/Bundle/Application/4D01D32A-B666-4384-B213-31BBF61E54F1/CVTestsSUI.app/imagenet-hard-50-subset-2500__n04285008__ILSVRC2012_val_00029021.JPEG","images/n04285008/imagenet-hard-50-subset-2500__n04285008__ILSVRC2012_val_00029021.JPEG","817","sports car","751","racer","9,140625","751|817|479|573|705","racer|sports car|car wheel|go-kart|passenger car","9,140625|7,851562|5,820312|4,546875|3,531250","true"
"/private/var/containers/Bundle/Application/4D01D32A-B666-4384-B213-31BBF61E54F1/CVTestsSUI.app/imagenet-hard-50-subset-2500__n04285008__ILSVRC2012_val_00033293.JPEG","images/n04285008/imagenet-hard-50-subset-2500__n04285008__ILSVRC2012_val_00033293.JPEG","817","sports car","751","racer","7,488281","751|817|511|436|575","racer|sports car|convertible|beach wagon|golfcart","7,488281|7,222656|6,460938|6,421875|6,128906","true"
"/private/var/containers/Bundle/Application/4D01D32A-B666-4384-B213-31BBF61E54F1/CVTestsSUI.app/imagenet-hard-50-subset-2500__n04285008__ILSVRC2012_val_00035309.JPEG","images/n04285008/imagenet-hard-50-subset-2500__n04285008__ILSVRC2012_val_00035309.JPEG","817","sports car","627","limousine","6,113281","627|817|436|581|511","limousine|sports car|beach wagon|grille|convertible","6,113281|6,078125|5,792969|5,503906|5,093750","true"
"/private/var/containers/Bundle/Application/4D01D32A-B666-4384-B213-31BBF61E54F1/CVTestsSUI.app/imagenet-hard-50-subset-2500__n04285008__ILSVRC2012_val_00038344.JPEG","images/n04285008/imagenet-hard-50-subset-2500__n04285008__ILSVRC2012_val_00038344.JPEG","817","sports car","751","racer","8,515625","751|468|817|705|479","racer|cab|sports car|passenger car|car wheel","8,515625|7,617188|7,535156|6,367188|5,941406","true"
"/private/var/containers/Bundle/Application/4D01D32A-B666-4384-B213-31BBF61E54F1/CVTestsSUI.app/imagenet-hard-50-subset-2500__n04285008__ILSVRC2012_val_00038894.JPEG","images/n04285008/imagenet-hard-50-subset-2500__n04285008__ILSVRC2012_val_00038894.JPEG","817","sports car","751","racer","6,839844","751|734|817|705|479","racer|police van|sports car|passenger car|car wheel","6,839844|6,527344|6,363281|5,785156|4,949219","true"
"/private/var/containers/Bundle/Application/4D01D32A-B666-4384-B213-31BBF61E54F1/CVTestsSUI.app/imagenet-hard-50-subset-2500__n04285008__ILSVRC2012_val_00040009.JPEG","images/n04285008/imagenet-hard-50-subset-2500__n04285008__ILSVRC2012_val_00040009.JPEG","817","sports car","479","car wheel","5,578125","479|817|751|511|661","car wheel|sports car|racer|convertible|Model T","5,578125|5,527344|5,132812|5,093750|2,914062","true"
"/private/var/containers/Bundle/Application/4D01D32A-B666-4384-B213-31BBF61E54F1/CVTestsSUI.app/imagenet-hard-50-subset-2500__n04285008__ILSVRC2012_val_00043297.JPEG","images/n04285008/imagenet-hard-50-subset-2500__n04285008__ILSVRC2012_val_00043297.JPEG","817","sports car","751","racer","9,789062","751|817|573|717|479","racer|sports car|go-kart|pickup|car wheel","9,789062|8,671875|7,054688|5,656250|4,425781","true"
"/private/var/containers/Bundle/Application/4D01D32A-B666-4384-B213-31BBF61E54F1/CVTestsSUI.app/imagenet-hard-50-subset-2500__n04285008__ILSVRC2012_val_00047893.JPEG","images/n04285008/imagenet-hard-50-subset-2500__n04285008__ILSVRC2012_val_00047893.JPEG","817","sports car","751","racer","11,507812","751|817|479|717|705","racer|sports car|car wheel|pickup|passenger car","11,507812|10,492188|8,109375|4,597656|4,589844","true"
"/private/var/containers/Bundle/Application/4D01D32A-B666-4384-B213-31BBF61E54F1/CVTestsSUI.app/imagenet-hard-50-subset-2500__n04037443__ILSVRC2012_val_00012769.JPEG","images/n04037443/imagenet-hard-50-subset-2500__n04037443__ILSVRC2012_val_00012769.JPEG","751","racer","781","scoreboard","8,078125","781|530|751|920|867","scoreboard|digital clock|racer|traffic light|trailer truck","8,078125|5,394531|4,378906|4,179688|4,070312","true"
"/private/var/containers/Bundle/Application/4D01D32A-B666-4384-B213-31BBF61E54F1/CVTestsSUI.app/imagenet-hard-50-subset-2500__n04037443__ILSVRC2012_val_00019802.JPEG","images/n04037443/imagenet-hard-50-subset-2500__n04037443__ILSVRC2012_val_00019802.JPEG","751","racer","972","cliff","10,218750","972|978|751|977|354","cliff|seashore|racer|sandbar|Arabian camel","10,218750|6,390625|6,335938|6,062500|6,031250","true"
"/private/var/containers/Bundle/Application/4D01D32A-B666-4384-B213-31BBF61E54F1/CVTestsSUI.app/imagenet-hard-50-subset-2500__n04037443__ILSVRC2012_val_00019812.JPEG","images/n04037443/imagenet-hard-50-subset-2500__n04037443__ILSVRC2012_val_00019812.JPEG","751","racer","468","cab","8,820312","468|751|817|705|656","cab|racer|sports car|passenger car|minivan","8,820312|6,234375|6,101562|5,144531|5,078125","true"
"/private/var/containers/Bundle/Application/4D01D32A-B666-4384-B213-31BBF61E54F1/CVTestsSUI.app/imagenet-hard-50-subset-2500__n04037443__ILSVRC2012_val_00022017.JPEG","images/n04037443/imagenet-hard-50-subset-2500__n04037443__ILSVRC2012_val_00022017.JPEG","751","racer","817","sports car","10,726562","817|751|479|717|518","sports car|racer|car wheel|pickup|crash helmet","10,726562|9,460938|7,988281|5,339844|5,222656","true"
"/private/var/containers/Bundle/Application/4D01D32A-B666-4384-B213-31BBF61E54F1/CVTestsSUI.app/imagenet-hard-50-subset-2500__n04037443__ILSVRC2012_val_00023273.JPEG","images/n04037443/imagenet-hard-50-subset-2500__n04037443__ILSVRC2012_val_00023273.JPEG","751","racer","573","go-kart","9,632812","573|751|518|450|817","go-kart|racer|crash helmet|bobsled|sports car","9,632812|5,175781|3,787109|3,191406|2,806641","true"
"/private/var/containers/Bundle/Application/4D01D32A-B666-4384-B213-31BBF61E54F1/CVTestsSUI.app/imagenet-hard-50-subset-2500__n04037443__ILSVRC2012_val_00025858.JPEG","images/n04037443/imagenet-hard-50-subset-2500__n04037443__ILSVRC2012_val_00025858.JPEG","751","racer","895","warplane","7,832031","895|908|404|812|751","warplane|wing|airliner|space shuttle|racer","7,832031|7,597656|7,039062|5,820312|4,222656","true"
"/private/var/containers/Bundle/Application/4D01D32A-B666-4384-B213-31BBF61E54F1/CVTestsSUI.app/imagenet-hard-50-subset-2500__n04037443__ILSVRC2012_val_00026947.JPEG","images/n04037443/imagenet-hard-50-subset-2500__n04037443__ILSVRC2012_val_00026947.JPEG","751","racer","880","unicycle","6,093750","880|602|751|554|517","unicycle|horizontal bar|racer|fireboat|crane","6,093750|6,054688|5,421875|5,195312|5,066406","true"
"/private/var/containers/Bundle/Application/4D01D32A-B666-4384-B213-31BBF61E54F1/CVTestsSUI.app/imagenet-hard-50-subset-2500__n04037443__ILSVRC2012_val_00028209.JPEG","images/n04037443/imagenet-hard-50-subset-2500__n04037443__ILSVRC2012_val_00028209.JPEG","751","racer","864","tow truck","9,414062","864|609|479|751|717","tow truck|jeep|car wheel|racer|pickup","9,414062|6,062500|6,019531|5,917969|5,359375","true"
"/private/var/containers/Bundle/Application/4D01D32A-B666-4384-B213-31BBF61E54F1/CVTestsSUI.app/imagenet-hard-50-subset-2500__n04037443__ILSVRC2012_val_00034824.JPEG","images/n04037443/imagenet-hard-50-subset-2500__n04037443__ILSVRC2012_val_00034824.JPEG","751","racer","817","sports car","8,445312","817|751|705|479|717","sports car|racer|passenger car|car wheel|pickup","8,445312|8,234375|5,335938|4,742188|3,796875","true"
"/private/var/containers/Bundle/Application/4D01D32A-B666-4384-B213-31BBF61E54F1/CVTestsSUI.app/imagenet-hard-50-subset-2500__n04037443__ILSVRC2012_val_00037055.JPEG","images/n04037443/imagenet-hard-50-subset-2500__n04037443__ILSVRC2012_val_00037055.JPEG","751","racer","980","volcano","6,664062","980|974|479|755|437","volcano|geyser|car wheel|radio telescope|beacon","6,664062|5,890625|5,222656|5,039062|4,980469","false"
"/private/var/containers/Bundle/Application/4D01D32A-B666-4384-B213-31BBF61E54F1/CVTestsSUI.app/imagenet-hard-50-subset-2500__n04037443__ILSVRC2012_val_00038994.JPEG","images/n04037443/imagenet-hard-50-subset-2500__n04037443__ILSVRC2012_val_00038994.JPEG","751","racer","757","recreational vehicle","7,710938","757|867|751|874|654","recreational vehicle|trailer truck|racer|trolleybus|minibus","7,710938|7,460938|7,375000|7,281250|6,578125","true"
"/private/var/containers/Bundle/Application/4D01D32A-B666-4384-B213-31BBF61E54F1/CVTestsSUI.app/imagenet-hard-50-subset-2500__n04037443__ILSVRC2012_val_00043338.JPEG","images/n04037443/imagenet-hard-50-subset-2500__n04037443__ILSVRC2012_val_00043338.JPEG","751","racer","817","sports car","9,726562","817|751|479|511|705","sports car|racer|car wheel|convertible|passenger car","9,726562|9,453125|6,937500|4,839844|4,425781","true"
"/private/var/containers/Bundle/Application/4D01D32A-B666-4384-B213-31BBF61E54F1/CVTestsSUI.app/imagenet-hard-50-subset-2500__n04037443__ILSVRC2012_val_00043710.JPEG","images/n04037443/imagenet-hard-50-subset-2500__n04037443__ILSVRC2012_val_00043710.JPEG","751","racer","581","grille","9,164062","581|817|751|717|436","grille|sports car|racer|pickup|beach wagon","9,164062|6,246094|5,882812|5,804688|5,140625","true"
"/private/var/containers/Bundle/Application/4D01D32A-B666-4384-B213-31BBF61E54F1/CVTestsSUI.app/imagenet-hard-50-subset-2500__n04037443__ILSVRC2012_val_00043810.JPEG","images/n04037443/imagenet-hard-50-subset-2500__n04037443__ILSVRC2012_val_00043810.JPEG","751","racer","817","sports car","8,632812","817|751|705|479|717","sports car|racer|passenger car|car wheel|pickup","8,632812|8,062500|7,878906|5,054688|4,980469","true"
"/private/var/containers/Bundle/Application/4D01D32A-B666-4384-B213-31BBF61E54F1/CVTestsSUI.app/imagenet-hard-50-subset-2500__n04037443__ILSVRC2012_val_00045368.JPEG","images/n04037443/imagenet-hard-50-subset-2500__n04037443__ILSVRC2012_val_00045368.JPEG","751","racer","817","sports car","9,148438","817|751|511|479|408","sports car|racer|convertible|car wheel|amphibian","9,148438|8,734375|7,171875|7,039062|5,257812","true"
"/private/var/containers/Bundle/Application/4D01D32A-B666-4384-B213-31BBF61E54F1/CVTestsSUI.app/imagenet-hard-50-subset-2500__n04037443__ILSVRC2012_val_00048516.JPEG","images/n04037443/imagenet-hard-50-subset-2500__n04037443__ILSVRC2012_val_00048516.JPEG","751","racer","817","sports car","8,382812","817|656|436|581|479","sports car|minivan|beach wagon|grille|car wheel","8,382812|8,375000|7,429688|7,105469|7,035156","false"
"/private/var/containers/Bundle/Application/4D01D32A-B666-4384-B213-31BBF61E54F1/CVTestsSUI.app/imagenet-hard-50-subset-2500__n04037443__ILSVRC2012_val_00049037.JPEG","images/n04037443/imagenet-hard-50-subset-2500__n04037443__ILSVRC2012_val_00049037.JPEG","751","racer","573","go-kart","7,359375","573|751|817|468|621","go-kart|racer|sports car|cab|lawn mower","7,359375|6,214844|5,488281|4,566406|4,167969","true"
"/private/var/containers/Bundle/Application/4D01D32A-B666-4384-B213-31BBF61E54F1/CVTestsSUI.app/imagenet-hard-50-subset-2500__n02930766__ILSVRC2012_val_00000432.JPEG","images/n02930766/imagenet-hard-50-subset-2500__n02930766__ILSVRC2012_val_00000432.JPEG","468","cab","734","police van","10,164062","734|468|654|864|407","police van|cab|minibus|tow truck|ambulance","10,164062|8,312500|6,378906|5,960938|5,792969","true"
"/private/var/containers/Bundle/Application/4D01D32A-B666-4384-B213-31BBF61E54F1/CVTestsSUI.app/imagenet-hard-50-subset-2500__n02930766__ILSVRC2012_val_00003112.JPEG","images/n02930766/imagenet-hard-50-subset-2500__n02930766__ILSVRC2012_val_00003112.JPEG","468","cab","436","beach wagon","7,296875","436|468|654|717|656","beach wagon|cab|minibus|pickup|minivan","7,296875|7,207031|6,007812|5,804688|5,386719","true"
"/private/var/containers/Bundle/Application/4D01D32A-B666-4384-B213-31BBF61E54F1/CVTestsSUI.app/imagenet-hard-50-subset-2500__n02930766__ILSVRC2012_val_00006258.JPEG","images/n02930766/imagenet-hard-50-subset-2500__n02930766__ILSVRC2012_val_00006258.JPEG","468","cab","563","fountain pen","8,125000","563|907|921|760|446","fountain pen|wine bottle|book jacket|refrigerator|binder","8,125000|7,675781|5,500000|4,972656|4,839844","false"
"/private/var/containers/Bundle/Application/4D01D32A-B666-4384-B213-31BBF61E54F1/CVTestsSUI.app/imagenet-hard-50-subset-2500__n02930766__ILSVRC2012_val_00012182.JPEG","images/n02930766/imagenet-hard-50-subset-2500__n02930766__ILSVRC2012_val_00012182.JPEG","468","cab","920","traffic light","8,406250","920|864|468|867|829","traffic light|tow truck|cab|trailer truck|streetcar","8,406250|7,613281|7,570312|6,730469|6,175781","true"
"/private/var/containers/Bundle/Application/4D01D32A-B666-4384-B213-31BBF61E54F1/CVTestsSUI.app/imagenet-hard-50-subset-2500__n02930766__ILSVRC2012_val_00018744.JPEG","images/n02930766/imagenet-hard-50-subset-2500__n02930766__ILSVRC2012_val_00018744.JPEG","468","cab","920","traffic light","6,777344","920|762|682|860|498","traffic light|restaurant|obelisk|tobacco shop|cinema","6,777344|6,039062|5,949219|5,746094|5,718750","false"
"/private/var/containers/Bundle/Application/4D01D32A-B666-4384-B213-31BBF61E54F1/CVTestsSUI.app/imagenet-hard-50-subset-2500__n02930766__ILSVRC2012_val_00019725.JPEG","images/n02930766/imagenet-hard-50-subset-2500__n02930766__ILSVRC2012_val_00019725.JPEG","468","cab","511","convertible","7,312500","511|482|757|848|754","convertible|cassette player|recreational vehicle|tape player|radio","7,312500|6,843750|6,597656|6,273438|5,941406","false"
"/private/var/containers/Bundle/Application/4D01D32A-B666-4384-B213-31BBF61E54F1/CVTestsSUI.app/imagenet-hard-50-subset-2500__n02930766__ILSVRC2012_val_00021775.JPEG","images/n02930766/imagenet-hard-50-subset-2500__n02930766__ILSVRC2012_val_00021775.JPEG","468","cab","502","clog","6,031250","502|751|627|817|932","clog|racer|limousine|sports car|pretzel","6,031250|5,457031|5,250000|5,234375|5,031250","false"
"/private/var/containers/Bundle/Application/4D01D32A-B666-4384-B213-31BBF61E54F1/CVTestsSUI.app/imagenet-hard-50-subset-2500__n02930766__ILSVRC2012_val_00031878.JPEG","images/n02930766/imagenet-hard-50-subset-2500__n02930766__ILSVRC2012_val_00031878.JPEG","468","cab","581","grille","8,507812","581|717|468|661|609","grille|pickup|cab|Model T|jeep","8,507812|5,863281|5,625000|5,046875|4,964844","true"
"/private/var/containers/Bundle/Application/4D01D32A-B666-4384-B213-31BBF61E54F1/CVTestsSUI.app/imagenet-hard-50-subset-2500__n02930766__ILSVRC2012_val_00035012.JPEG","images/n02930766/imagenet-hard-50-subset-2500__n02930766__ILSVRC2012_val_00035012.JPEG","468","cab","511","convertible","7,660156","511|581|817|436|468","convertible|grille|sports car|beach wagon|cab","7,660156|7,128906|6,753906|5,671875|5,164062","true"
"/private/var/containers/Bundle/Application/4D01D32A-B666-4384-B213-31BBF61E54F1/CVTestsSUI.app/imagenet-hard-50-subset-2500__n02930766__ILSVRC2012_val_00037652.JPEG","images/n02930766/imagenet-hard-50-subset-2500__n02930766__ILSVRC2012_val_00037652.JPEG","468","cab","717","pickup","8,054688","717|436|468|581|479","pickup|beach wagon|cab|grille|car wheel","8,054688|7,425781|7,097656|6,152344|5,621094","true"
"/private/var/containers/Bundle/Application/4D01D32A-B666-4384-B213-31BBF61E54F1/CVTestsSUI.app/imagenet-hard-50-subset-2500__n02930766__ILSVRC2012_val_00038811.JPEG","images/n02930766/imagenet-hard-50-subset-2500__n02930766__ILSVRC2012_val_00038811.JPEG","468","cab","705","passenger car","8,570312","705|466|829|565|547","passenger car|bullet train|streetcar|freight car|electric locomotive","8,570312|7,820312|5,718750|5,351562|4,761719","false"
"/private/var/containers/Bundle/Application/4D01D32A-B666-4384-B213-31BBF61E54F1/CVTestsSUI.app/imagenet-hard-50-subset-2500__n02930766__ILSVRC2012_val_00039097.JPEG","images/n02930766/imagenet-hard-50-subset-2500__n02930766__ILSVRC2012_val_00039097.JPEG","468","cab","717","pickup","8,046875","717|479|751|468|897","pickup|car wheel|racer|cab|washer","8,046875|6,402344|5,777344|5,550781|5,363281","true"
"/private/var/containers/Bundle/Application/4D01D32A-B666-4384-B213-31BBF61E54F1/CVTestsSUI.app/imagenet-hard-50-subset-2500__n02930766__ILSVRC2012_val_00039250.JPEG","images/n02930766/imagenet-hard-50-subset-2500__n02930766__ILSVRC2012_val_00039250.JPEG","468","cab","581","grille","7,695312","581|468|717|661|705","grille|cab|pickup|Model T|passenger car","7,695312|7,187500|5,687500|5,417969|4,972656","true"
"/private/var/containers/Bundle/Application/4D01D32A-B666-4384-B213-31BBF61E54F1/CVTestsSUI.app/imagenet-hard-50-subset-2500__n02930766__ILSVRC2012_val_00041065.JPEG","images/n02930766/imagenet-hard-50-subset-2500__n02930766__ILSVRC2012_val_00041065.JPEG","468","cab","407","ambulance","5,855469","407|468|803|555|627","ambulance|cab|snowplow|fire engine|limousine","5,855469|5,757812|5,636719|5,574219|5,449219","true"
"/private/var/containers/Bundle/Application/4D01D32A-B666-4384-B213-31BBF61E54F1/CVTestsSUI.app/imagenet-hard-50-subset-2500__n02930766__ILSVRC2012_val_00041873.JPEG","images/n02930766/imagenet-hard-50-subset-2500__n02930766__ILSVRC2012_val_00041873.JPEG","468","cab","436","beach wagon","9,703125","436|627|468|581|864","beach wagon|limousine|cab|grille|tow truck","9,703125|6,437500|6,425781|5,089844|4,703125","true"
"/private/var/containers/Bundle/Application/4D01D32A-B666-4384-B213-31BBF61E54F1/CVTestsSUI.app/imagenet-hard-50-subset-2500__n02814533__ILSVRC2012_val_00006220.JPEG","images/n02814533/imagenet-hard-50-subset-2500__n02814533__ILSVRC2012_val_00006220.JPEG","436","beach wagon","817","sports car","8,218750","817|511|581|436|479","sports car|convertible|grille|beach wagon|car wheel","8,218750|7,382812|6,714844|6,562500|5,785156","true"
"/private/var/containers/Bundle/Application/4D01D32A-B666-4384-B213-31BBF61E54F1/CVTestsSUI.app/imagenet-hard-50-subset-2500__n02814533__ILSVRC2012_val_00010252.JPEG","images/n02814533/imagenet-hard-50-subset-2500__n02814533__ILSVRC2012_val_00010252.JPEG","436","beach wagon","479","car wheel","8,242188","479|817|436|581|717","car wheel|sports car|beach wagon|grille|pickup","8,242188|6,675781|5,664062|5,171875|5,128906","true"
"/private/var/containers/Bundle/Application/4D01D32A-B666-4384-B213-31BBF61E54F1/CVTestsSUI.app/imagenet-hard-50-subset-2500__n02814533__ILSVRC2012_val_00011630.JPEG","images/n02814533/imagenet-hard-50-subset-2500__n02814533__ILSVRC2012_val_00011630.JPEG","436","beach wagon","701","parachute","7,609375","701|895|908|817|751","parachute|warplane|wing|sports car|racer","7,609375|6,292969|6,195312|5,742188|5,703125","false"
"/private/var/containers/Bundle/Application/4D01D32A-B666-4384-B213-31BBF61E54F1/CVTestsSUI.app/imagenet-hard-50-subset-2500__n02814533__ILSVRC2012_val_00014447.JPEG","images/n02814533/imagenet-hard-50-subset-2500__n02814533__ILSVRC2012_val_00014447.JPEG","436","beach wagon","479","car wheel","10,515625","479|535|661|581|818","car wheel|disk brake|Model T|grille|spotlight","10,515625|5,664062|3,810547|3,318359|3,158203","false"
"/private/var/containers/Bundle/Application/4D01D32A-B666-4384-B213-31BBF61E54F1/CVTestsSUI.app/imagenet-hard-50-subset-2500__n02814533__ILSVRC2012_val_00014541.JPEG","images/n02814533/imagenet-hard-50-subset-2500__n02814533__ILSVRC2012_val_00014541.JPEG","436","beach wagon","581","grille","9,726562","581|511|817|436|656","grille|convertible|sports car|beach wagon|minivan","9,726562|7,984375|7,039062|6,621094|5,582031","true"
"/private/var/containers/Bundle/Application/4D01D32A-B666-4384-B213-31BBF61E54F1/CVTestsSUI.app/imagenet-hard-50-subset-2500__n02814533__ILSVRC2012_val_00015200.JPEG","images/n02814533/imagenet-hard-50-subset-2500__n02814533__ILSVRC2012_val_00015200.JPEG","436","beach wagon","656","minivan","9,500000","656|436|468|581|734","minivan|beach wagon|cab|grille|police van","9,500000|7,765625|5,582031|5,316406|5,000000","true"
"/private/var/containers/Bundle/Application/4D01D32A-B666-4384-B213-31BBF61E54F1/CVTestsSUI.app/imagenet-hard-50-subset-2500__n02814533__ILSVRC2012_val_00021487.JPEG","images/n02814533/imagenet-hard-50-subset-2500__n02814533__ILSVRC2012_val_00021487.JPEG","436","beach wagon","581","grille","9,054688","581|468|511|817|436","grille|cab|convertible|sports car|beach wagon","9,054688|5,753906|5,230469|4,386719|4,191406","true"
"/private/var/containers/Bundle/Application/4D01D32A-B666-4384-B213-31BBF61E54F1/CVTestsSUI.app/imagenet-hard-50-subset-2500__n02814533__ILSVRC2012_val_00023221.JPEG","images/n02814533/imagenet-hard-50-subset-2500__n02814533__ILSVRC2012_val_00023221.JPEG","436","beach wagon","627","limousine","8,078125","627|436|468|656|581","limousine|beach wagon|cab|minivan|grille","8,078125|7,984375|7,175781|6,476562|5,898438","true"
"/private/var/containers/Bundle/Application/4D01D32A-B666-4384-B213-31BBF61E54F1/CVTestsSUI.app/imagenet-hard-50-subset-2500__n02814533__ILSVRC2012_val_00027049.JPEG","images/n02814533/imagenet-hard-50-subset-2500__n02814533__ILSVRC2012_val_00027049.JPEG","436","beach wagon","817","sports car","7,164062","817|656|468|705|479","sports car|minivan|cab|passenger car|car wheel","7,164062|6,972656|6,894531|5,785156|5,656250","false"
"/private/var/containers/Bundle/Application/4D01D32A-B666-4384-B213-31BBF61E54F1/CVTestsSUI.app/imagenet-hard-50-subset-2500__n02814533__ILSVRC2012_val_00029057.JPEG","images/n02814533/imagenet-hard-50-subset-2500__n02814533__ILSVRC2012_val_00029057.JPEG","436","beach wagon","479","car wheel","6,878906","479|817|468|436|751","car wheel|sports car|cab|beach wagon|racer","6,878906|6,121094|5,785156|5,695312|5,554688","true"
"/private/var/containers/Bundle/Application/4D01D32A-B666-4384-B213-31BBF61E54F1/CVTestsSUI.app/imagenet-hard-50-subset-2500__n02814533__ILSVRC2012_val_00030834.JPEG","images/n02814533/imagenet-hard-50-subset-2500__n02814533__ILSVRC2012_val_00030834.JPEG","436","beach wagon","717","pickup","6,281250","717|864|468|654|656","pickup|tow truck|cab|minibus|minivan","6,281250|5,835938|5,808594|5,261719|4,816406","false"
"/private/var/containers/Bundle/Application/4D01D32A-B666-4384-B213-31BBF61E54F1/CVTestsSUI.app/imagenet-hard-50-subset-2500__n02814533__ILSVRC2012_val_00031765.JPEG","images/n02814533/imagenet-hard-50-subset-2500__n02814533__ILSVRC2012_val_00031765.JPEG","436","beach wagon","421","bannister","6,789062","421|520|743|729|790","bannister|crib|prison|plate rack|shopping basket","6,789062|6,652344|5,871094|5,402344|4,917969","false"
"/private/var/containers/Bundle/Application/4D01D32A-B666-4384-B213-31BBF61E54F1/CVTestsSUI.app/imagenet-hard-50-subset-2500__n02814533__ILSVRC2012_val_00031828.JPEG","images/n02814533/imagenet-hard-50-subset-2500__n02814533__ILSVRC2012_val_00031828.JPEG","436","beach wagon","468","cab","7,281250","468|436|627|656|581","cab|beach wagon|limousine|minivan|grille","7,281250|5,531250|5,132812|4,933594|4,656250","true"
"/private/var/containers/Bundle/Application/4D01D32A-B666-4384-B213-31BBF61E54F1/CVTestsSUI.app/imagenet-hard-50-subset-2500__n02814533__ILSVRC2012_val_00031953.JPEG","images/n02814533/imagenet-hard-50-subset-2500__n02814533__ILSVRC2012_val_00031953.JPEG","436","beach wagon","817","sports car","6,531250","817|511|717|436|479","sports car|convertible|pickup|beach wagon|car wheel","6,531250|6,464844|6,375000|5,503906|5,492188","true"
"/private/var/containers/Bundle/Application/4D01D32A-B666-4384-B213-31BBF61E54F1/CVTestsSUI.app/imagenet-hard-50-subset-2500__n02814533__ILSVRC2012_val_00038392.JPEG","images/n02814533/imagenet-hard-50-subset-2500__n02814533__ILSVRC2012_val_00038392.JPEG","436","beach wagon","656","minivan","8,554688","656|436|627|581|479","minivan|beach wagon|limousine|grille|car wheel","8,554688|7,828125|6,531250|6,210938|6,121094","true"
"/private/var/containers/Bundle/Application/4D01D32A-B666-4384-B213-31BBF61E54F1/CVTestsSUI.app/imagenet-hard-50-subset-2500__n02814533__ILSVRC2012_val_00042416.JPEG","images/n02814533/imagenet-hard-50-subset-2500__n02814533__ILSVRC2012_val_00042416.JPEG","436","beach wagon","660","mobile home","7,406250","660|436|705|757|656","mobile home|beach wagon|passenger car|recreational vehicle|minivan","7,406250|7,386719|5,996094|5,082031|5,035156","true"
"/private/var/containers/Bundle/Application/4D01D32A-B666-4384-B213-31BBF61E54F1/CVTestsSUI.app/imagenet-hard-50-subset-2500__n02814533__ILSVRC2012_val_00042597.JPEG","images/n02814533/imagenet-hard-50-subset-2500__n02814533__ILSVRC2012_val_00042597.JPEG","436","beach wagon","734","police van","11,273438","734|468|656|407|864","police van|cab|minivan|ambulance|tow truck","11,273438|7,398438|6,410156|5,640625|4,660156","false"
"/private/var/containers/Bundle/Application/4D01D32A-B666-4384-B213-31BBF61E54F1/CVTestsSUI.app/imagenet-hard-50-subset-2500__n02814533__ILSVRC2012_val_00048556.JPEG","images/n02814533/imagenet-hard-50-subset-2500__n02814533__ILSVRC2012_val_00048556.JPEG","436","beach wagon","705","passenger car","6,359375","705|817|468|479|751","passenger car|sports car|cab|car wheel|racer","6,359375|6,281250|6,136719|5,160156|5,160156","false"
"/private/var/containers/Bundle/Application/4D01D32A-B666-4384-B213-31BBF61E54F1/CVTestsSUI.app/imagenet-hard-50-subset-2500__n03594945__ILSVRC2012_val_00000659.JPEG","images/n03594945/imagenet-hard-50-subset-2500__n03594945__ILSVRC2012_val_00000659.JPEG","609","jeep","803","snowplow","10,062500","803|867|565|920|802","snowplow|trailer truck|freight car|traffic light|snowmobile","10,062500|5,953125|5,445312|5,058594|4,972656","false"
"/private/var/containers/Bundle/Application/4D01D32A-B666-4384-B213-31BBF61E54F1/CVTestsSUI.app/imagenet-hard-50-subset-2500__n03594945__ILSVRC2012_val_00004439.JPEG","images/n03594945/imagenet-hard-50-subset-2500__n03594945__ILSVRC2012_val_00004439.JPEG","609","jeep","586","half track","6,398438","586|609|407|408|652","half track|jeep|ambulance|amphibian|military uniform","6,398438|5,914062|5,179688|5,070312|4,882812","true"
"/private/var/containers/Bundle/Application/4D01D32A-B666-4384-B213-31BBF61E54F1/CVTestsSUI.app/imagenet-hard-50-subset-2500__n03594945__ILSVRC2012_val_00005147.JPEG","images/n03594945/imagenet-hard-50-subset-2500__n03594945__ILSVRC2012_val_00005147.JPEG","609","jeep","915","yurt","8,148438","915|672|609|757|879","yurt|mountain tent|jeep|recreational vehicle|umbrella","8,148438|5,675781|5,187500|4,855469|4,660156","true"
"/private/var/containers/Bundle/Application/4D01D32A-B666-4384-B213-31BBF61E54F1/CVTestsSUI.app/imagenet-hard-50-subset-2500__n03594945__ILSVRC2012_val_00006530.JPEG","images/n03594945/imagenet-hard-50-subset-2500__n03594945__ILSVRC2012_val_00006530.JPEG","609","jeep","595","harvester","6,367188","595|867|609|864|569","harvester|trailer truck|jeep|tow truck|garbage truck","6,367188|5,535156|5,277344|5,054688|4,175781","true"
"/private/var/containers/Bundle/Application/4D01D32A-B666-4384-B213-31BBF61E54F1/CVTestsSUI.app/imagenet-hard-50-subset-2500__n03594945__ILSVRC2012_val_00009983.JPEG","images/n03594945/imagenet-hard-50-subset-2500__n03594945__ILSVRC2012_val_00009983.JPEG","609","jeep","654","minibus","8,914062","654|734|656|468|569","minibus|police van|minivan|cab|garbage truck","8,914062|7,414062|7,250000|6,425781|6,246094","false"
"/private/var/containers/Bundle/Application/4D01D32A-B666-4384-B213-31BBF61E54F1/CVTestsSUI.app/imagenet-hard-50-subset-2500__n03594945__ILSVRC2012_val_00014198.JPEG","images/n03594945/imagenet-hard-50-subset-2500__n03594945__ILSVRC2012_val_00014198.JPEG","609","jeep","660","mobile home","7,785156","660|675|609|864|757","mobile home|moving van|jeep|tow truck|recreational vehicle","7,785156|7,093750|5,859375|3,955078|3,927734","true"
"/private/var/containers/Bundle/Application/4D01D32A-B666-4384-B213-31BBF61E54F1/CVTestsSUI.app/imagenet-hard-50-subset-2500__n03594945__ILSVRC2012_val_00014841.JPEG","images/n03594945/imagenet-hard-50-subset-2500__n03594945__ILSVRC2012_val_00014841.JPEG","609","jeep","408","amphibian","6,484375","408|866|609|864|586","amphibian|tractor|jeep|tow truck|half track","6,484375|6,480469|5,777344|5,343750|5,253906","true"
"/private/var/containers/Bundle/Application/4D01D32A-B666-4384-B213-31BBF61E54F1/CVTestsSUI.app/imagenet-hard-50-subset-2500__n03594945__ILSVRC2012_val_00016456.JPEG","images/n03594945/imagenet-hard-50-subset-2500__n03594945__ILSVRC2012_val_00016456.JPEG","609","jeep","803","snowplow","6,292969","803|408|814|595|974","snowplow|amphibian|speedboat|harvester|geyser","6,292969|5,289062|4,535156|4,519531|4,242188","false"
"/private/var/containers/Bundle/Application/4D01D32A-B666-4384-B213-31BBF61E54F1/CVTestsSUI.app/imagenet-hard-50-subset-2500__n03594945__ILSVRC2012_val_00018474.JPEG","images/n03594945/imagenet-hard-50-subset-2500__n03594945__ILSVRC2012_val_00018474.JPEG","609","jeep","819","stage","7,250000","819|456|696|558|889","stage|bow|paintbrush|flute|violin","7,250000|5,601562|5,125000|4,636719|4,632812","false"
"/private/var/containers/Bundle/Application/4D01D32A-B666-4384-B213-31BBF61E54F1/CVTestsSUI.app/imagenet-hard-50-subset-2500__n03594945__ILSVRC2012_val_00020829.JPEG","images/n03594945/imagenet-hard-50-subset-2500__n03594945__ILSVRC2012_val_00020829.JPEG","609","jeep","436","beach wagon","9,859375","436|609|656|717|479","beach wagon|jeep|minivan|pickup|car wheel","9,859375|9,257812|5,503906|4,265625|3,998047","true"
"/private/var/containers/Bundle/Application/4D01D32A-B666-4384-B213-31BBF61E54F1/CVTestsSUI.app/imagenet-hard-50-subset-2500__n03594945__ILSVRC2012_val_00028405.JPEG","images/n03594945/imagenet-hard-50-subset-2500__n03594945__ILSVRC2012_val_00028405.JPEG","609","jeep","407","ambulance","9,757812","407|609|734|757|864","ambulance|jeep|police van|recreational vehicle|tow truck","9,757812|8,601562|6,199219|4,054688|3,597656","true"
"/private/var/containers/Bundle/Application/4D01D32A-B666-4384-B213-31BBF61E54F1/CVTestsSUI.app/imagenet-hard-50-subset-2500__n03670208__ILSVRC2012_val_00000185.JPEG","images/n03670208/imagenet-hard-50-subset-2500__n03670208__ILSVRC2012_val_00000185.JPEG","627","limousine","654","minibus","8,539062","654|627|757|656|785","minibus|limousine|recreational vehicle|minivan|seat belt","8,539062|8,203125|7,457031|6,964844|5,085938","true"
"/private/var/containers/Bundle/Application/4D01D32A-B666-4384-B213-31BBF61E54F1/CVTestsSUI.app/imagenet-hard-50-subset-2500__n03670208__ILSVRC2012_val_00000976.JPEG","images/n03670208/imagenet-hard-50-subset-2500__n03670208__ILSVRC2012_val_00000976.JPEG","627","limousine","785","seat belt","7,671875","785|627|656|654|797","seat belt|limousine|minivan|minibus|sleeping bag","7,671875|5,812500|5,675781|4,695312|4,597656","true"
"/private/var/containers/Bundle/Application/4D01D32A-B666-4384-B213-31BBF61E54F1/CVTestsSUI.app/imagenet-hard-50-subset-2500__n03670208__ILSVRC2012_val_00004036.JPEG","images/n03670208/imagenet-hard-50-subset-2500__n03670208__ILSVRC2012_val_00004036.JPEG","627","limousine","716","picket fence","7,546875","716|617|982|627|887","picket fence|lab coat|groom|limousine|vestment","7,546875|7,398438|6,699219|6,507812|6,378906","true"
"/private/var/containers/Bundle/Application/4D01D32A-B666-4384-B213-31BBF61E54F1/CVTestsSUI.app/imagenet-hard-50-subset-2500__n03670208__ILSVRC2012_val_00007113.JPEG","images/n03670208/imagenet-hard-50-subset-2500__n03670208__ILSVRC2012_val_00007113.JPEG","627","limousine","511","convertible","7,871094","511|627|817|479|436","convertible|limousine|sports car|car wheel|beach wagon","7,871094|7,652344|6,906250|6,292969|5,187500","true"
"/private/var/containers/Bundle/Application/4D01D32A-B666-4384-B213-31BBF61E54F1/CVTestsSUI.app/imagenet-hard-50-subset-2500__n03670208__ILSVRC2012_val_00013054.JPEG","images/n03670208/imagenet-hard-50-subset-2500__n03670208__ILSVRC2012_val_00013054.JPEG","627","limousine","751","racer","7,707031","751|817|581|656|468","racer|sports car|grille|minivan|cab","7,707031|6,441406|5,332031|4,613281|4,250000","false"
"/private/var/containers/Bundle/Application/4D01D32A-B666-4384-B213-31BBF61E54F1/CVTestsSUI.app/imagenet-hard-50-subset-2500__n03670208__ILSVRC2012_val_00024440.JPEG","images/n03670208/imagenet-hard-50-subset-2500__n03670208__ILSVRC2012_val_00024440.JPEG","627","limousine","656","minivan","6,820312","656|468|627|498|818","minivan|cab|limousine|cinema|spotlight","6,820312|6,417969|5,406250|4,886719|4,500000","true"
"/private/var/containers/Bundle/Application/4D01D32A-B666-4384-B213-31BBF61E54F1/CVTestsSUI.app/imagenet-hard-50-subset-2500__n03670208__ILSVRC2012_val_00033422.JPEG","images/n03670208/imagenet-hard-50-subset-2500__n03670208__ILSVRC2012_val_00033422.JPEG","627","limousine","436","beach wagon","8,101562","436|511|479|627|656","beach wagon|convertible|car wheel|limousine|minivan","8,101562|7,265625|6,964844|6,898438|6,750000","true"
"/private/var/containers/Bundle/Application/4D01D32A-B666-4384-B213-31BBF61E54F1/CVTestsSUI.app/imagenet-hard-50-subset-2500__n03670208__ILSVRC2012_val_00033993.JPEG","images/n03670208/imagenet-hard-50-subset-2500__n03670208__ILSVRC2012_val_00033993.JPEG","627","limousine","656","minivan","6,378906","656|468|627|867|829","minivan|cab|limousine|trailer truck|streetcar","6,378906|6,144531|6,058594|6,035156|6,015625","true"
"/private/var/containers/Bundle/Application/4D01D32A-B666-4384-B213-31BBF61E54F1/CVTestsSUI.app/imagenet-hard-50-subset-2500__n03670208__ILSVRC2012_val_00042844.JPEG","images/n03670208/imagenet-hard-50-subset-2500__n03670208__ILSVRC2012_val_00042844.JPEG","627","limousine","656","minivan","6,769531","656|511|436|581|479","minivan|convertible|beach wagon|grille|car wheel","6,769531|5,996094|5,894531|5,871094|5,718750","false"
"/private/var/containers/Bundle/Application/4D01D32A-B666-4384-B213-31BBF61E54F1/CVTestsSUI.app/imagenet-hard-50-subset-2500__n03670208__ILSVRC2012_val_00044056.JPEG","images/n03670208/imagenet-hard-50-subset-2500__n03670208__ILSVRC2012_val_00044056.JPEG","627","limousine","654","minibus","6,847656","654|867|627|705|675","minibus|trailer truck|limousine|passenger car|moving van","6,847656|6,218750|6,148438|5,867188|5,796875","true"
"/private/var/containers/Bundle/Application/4D01D32A-B666-4384-B213-31BBF61E54F1/CVTestsSUI.app/imagenet-hard-50-subset-2500__n03670208__ILSVRC2012_val_00046007.JPEG","images/n03670208/imagenet-hard-50-subset-2500__n03670208__ILSVRC2012_val_00046007.JPEG","627","limousine","537","dogsled","5,953125","537|803|802|450|795","dogsled|snowplow|snowmobile|bobsled|ski","5,953125|5,820312|5,160156|5,125000|4,261719","false"
"/private/var/containers/Bundle/Application/4D01D32A-B666-4384-B213-31BBF61E54F1/CVTestsSUI.app/imagenet-hard-50-subset-2500__n03670208__ILSVRC2012_val_00049113.JPEG","images/n03670208/imagenet-hard-50-subset-2500__n03670208__ILSVRC2012_val_00049113.JPEG","627","limousine","468","cab","7,773438","468|751|627|436|656","cab|racer|limousine|beach wagon|minivan","7,773438|6,621094|5,417969|5,222656|4,726562","true"