"imagePath","imageId","groundTruthIndex","groundTruthLabel","predictedTop1Index","predictedTop1Label","predictedTop1Score","top5Indices","top5Labels","top5Scores","isTop5Correct"
"/private/var/containers/Bundle/Application/4D01D32A-B666-4384-B213-31BBF61E54F1/CVTestsSUI.app/imagenet-hard-50-subset-2500__n02085620__ILSVRC2012_val_00002921.JPEG","images/n02085620/imagenet-hard-50-subset-2500__n02085620__ILSVRC2012_val_00002921.JPEG","151","Chihuahua","253","basenji","4,535156","253|104|227|225|284","basenji|wallaby|kelpie|malinois|Siamese cat","4,535156|4,492188|4,367188|4,121094|4,031250","false"
"/private/var/containers/Bundle/Application/4D01D32A-B666-4384-B213-31BBF61E54F1/CVTestsSUI.app/imagenet-hard-50-subset-2500__n02085620__ILSVRC2012_val_00006079.JPEG","images/n02085620/imagenet-hard-50-subset-2500__n02085620__ILSVRC2012_val_00006079.JPEG","151","Chihuahua","435","bathtub","8,437500","435|876|896|804|794","bathtub|tub|washbasin|soap dispenser|shower curtain","8,437500|8,367188|5,429688|4,816406|4,359375","false"
"/private/var/containers/Bundle/Application/4D01D32A-B666-4384-B213-31BBF61E54F1/CVTestsSUI.app/imagenet-hard-50-subset-2500__n02085620__ILSVRC2012_val_00006892.JPEG","images/n02085620/imagenet-hard-50-subset-2500__n02085620__ILSVRC2012_val_00006892.JPEG","151","Chihuahua","237","miniature pinscher","6,472656","237|151|223|227|158","miniature pinscher|Chihuahua|schipperke|kelpie|toy terrier","6,472656|6,117188|5,281250|4,675781|4,179688","true"
"/private/var/containers/Bundle/Application/4D01D32A-B666-4384-B213-31BBF61E54F1/CVTestsSUI.app/imagenet-hard-50-subset-2500__n02085620__ILSVRC2012_val_00011639.JPEG","images/n02085620/imagenet-hard-50-subset-2500__n02085620__ILSVRC2012_val_00011639.JPEG","151","Chihuahua","236","Doberman","4,613281","236|234|165|163|242","Doberman|Rottweiler|black-and-tan coonhound|bloodhound|boxer","4,613281|4,476562|4,285156|4,273438|3,792969","false"
"/private/var/containers/Bundle/Application/4D01D32A-B666-4384-B213-31BBF61E54F1/CVTestsSUI.app/imagenet-hard-50-subset-2500__n02085620__ILSVRC2012_val_00011900.JPEG","images/n02085620/imagenet-hard-50-subset-2500__n02085620__ILSVRC2012_val_00011900.JPEG","151","Chihuahua","171","Italian greyhound","5,117188","171|172|180|245|284","Italian greyhound|whippet|American Staffordshire terrier|French bulldog|Siamese cat","5,117188|4,738281|4,714844|3,804688|3,765625","false"
"/private/var/containers/Bundle/Application/4D01D32A-B666-4384-B213-31BBF61E54F1/CVTestsSUI.app/imagenet-hard-50-subset-2500__n02085620__ILSVRC2012_val_00014409.JPEG","images/n02085620/imagenet-hard-50-subset-2500__n02085620__ILSVRC2012_val_00014409.JPEG","151","Chihuahua","162","beagle","5,386719","162|166|253|263|167","beagle|Walker hound|basenji|Pembroke|English foxhound","5,386719|3,576172|3,480469|3,443359|3,099609","false"
"/private/var/containers/Bundle/Application/4D01D32A-B666-4384-B213-31BBF61E54F1/CVTestsSUI.app/imagenet-hard-50-subset-2500__n02085620__ILSVRC2012_val_00016688.JPEG","images/n02085620/imagenet-hard-50-subset-2500__n02085620__ILSVRC2012_val_00016688.JPEG","151","Chihuahua","259","Pomeranian","6,871094","259|157|154|283|151","Pomeranian|papillon|Pekinese|Persian cat|Chihuahua","6,871094|4,554688|4,402344|4,261719|3,945312","true"
"/private/var/containers/Bundle/Application/4D01D32A-B666-4384-B213-31BBF61E54F1/CVTestsSUI.app/imagenet-hard-50-subset-2500__n02085620__ILSVRC2012_val_00016757.JPEG","images/n02085620/imagenet-hard-50-subset-2500__n02085620__ILSVRC2012_val_00016757.JPEG","151","Chihuahua","157","papillon","7,398438","157|151|158|230|263","papillon|Chihuahua|toy terrier|Shetland sheepdog|Pembroke","7,398438|5,695312|4,816406|3,904297|3,558594","true"
"/private/var/containers/Bundle/Application/4D01D32A-B666-4384-B213-31BBF61E54F1/CVTestsSUI.app/imagenet-hard-50-subset-2500__n02085620__ILSVRC2012_val_00017702.JPEG","images/n02085620/imagenet-hard-50-subset-2500__n02085620__ILSVRC2012_val_00017702.JPEG","151","Chihuahua","232","Border collie","5,480469","232|217|205|176|231","Border collie|English springer|flat-coated retriever|Saluki|collie","5,480469|4,519531|4,230469|4,089844|3,904297","false"
"/private/var/containers/Bundle/Application/4D01D32A-B666-4384-B213-31BBF61E54F1/CVTestsSUI.app/imagenet-hard-50-subset-2500__n02085620__ILSVRC2012_val_00018882.JPEG","images/n02085620/imagenet-hard-50-subset-2500__n02085620__ILSVRC2012_val_00018882.JPEG","151","Chihuahua","259","Pomeranian","5,074219","259|154|157|151|152","Pomeranian|Pekinese|papillon|Chihuahua|Japanese spaniel","5,074219|4,820312|4,628906|4,515625|3,417969","true"
"/private/var/containers/Bundle/Application/4D01D32A-B666-4384-B213-31BBF61E54F1/CVTestsSUI.app/imagenet-hard-50-subset-2500__n02085620__ILSVRC2012_val_00019402.JPEG","images/n02085620/imagenet-hard-50-subset-2500__n02085620__ILSVRC2012_val_00019402.JPEG","151","Chihuahua","186","Norwich terrier","5,785156","186|192|193|203|182","Norwich terrier|cairn|Australian terrier|West Highland white terrier|Border terrier","5,785156|5,562500|4,132812|4,113281|4,039062","false"
"/private/var/containers/Bundle/Application/4D01D32A-B666-4384-B213-31BBF61E54F1/CVTestsSUI.app/imagenet-hard-50-subset-2500__n02085620__ILSVRC2012_val_00020016.JPEG","images/n02085620/imagenet-hard-50-subset-2500__n02085620__ILSVRC2012_val_00020016.JPEG","151","Chihuahua","876","tub","7,257812","876|435|151|896|804","tub|bathtub|Chihuahua|washbasin|soap dispenser","7,257812|6,781250|5,496094|5,402344|5,125000","true"
"/private/var/containers/Bundle/Application/4D01D32A-B666-4384-B213-31BBF61E54F1/CVTestsSUI.app/imagenet-hard-50-subset-2500__n02085620__ILSVRC2012_val_00022609.JPEG","images/n02085620/imagenet-hard-50-subset-2500__n02085620__ILSVRC2012_val_00022609.JPEG","151","Chihuahua","195","Boston bull","6,964844","195|245|151|158|264","Boston bull|French bulldog|Chihuahua|toy terrier|Cardigan","6,964844|6,644531|5,058594|3,898438|2,927734","true"
"/private/var/containers/Bundle/Application/4D01D32A-B666-4384-B213-31BBF61E54F1/CVTestsSUI.app/imagenet-hard-50-subset-2500__n02085620__ILSVRC2012_val_00023749.JPEG","images/n02085620/imagenet-hard-50-subset-2500__n02085620__ILSVRC2012_val_00023749.JPEG","151","Chihuahua","158","toy terrier","5,679688","158|151|237|245|195","toy terrier|Chihuahua|miniature pinscher|French bulldog|Boston bull","5,679688|5,562500|5,128906|4,281250|3,912109","true"
"/private/var/containers/Bundle/Application/4D01D32A-B666-4384-B213-31BBF61E54F1/CVTestsSUI.app/imagenet-hard-50-subset-2500__n02085620__ILSVRC2012_val_00023886.JPEG","images/n02085620/imagenet-hard-50-subset-2500__n02085620__ILSVRC2012_val_00023886.JPEG","151","Chihuahua","225","malinois","4,265625","225|235|263|174|151","malinois|German shepherd|Pembroke|Norwegian elkhound|Chihuahua","4,265625|4,187500|3,953125|3,730469|3,695312","true"
"/private/var/containers/Bundle/Application/4D01D32A-B666-4384-B213-31BBF61E54F1/CVTestsSUI.app/imagenet-hard-50-subset-2500__n02085620__ILSVRC2012_val_00024590.JPEG","images/n02085620/imagenet-hard-50-subset-2500__n02085620__ILSVRC2012_val_00024590.JPEG","151","Chihuahua","157","papillon","6,250000","157|151|259|158|187","papillon|Chihuahua|Pomeranian|toy terrier|Yorkshire terrier","6,250000|5,597656|5,445312|4,320312|4,031250","true"
"/private/var/containers/Bundle/Application/4D01D32A-B666-4384-B213-31BBF61E54F1/CVTestsSUI.app/imagenet-hard-50-subset-2500__n02085620__ILSVRC2012_val_00027452.JPEG","images/n02085620/imagenet-hard-50-subset-2500__n02085620__ILSVRC2012_val_00027452.JPEG","151","Chihuahua","231","collie","4,531250","231|230|257|160|169","collie|Shetland sheepdog|Great Pyrenees|Afghan hound|borzoi","4,531250|4,375000|3,591797|3,416016|3,339844","false"
"/private/var/containers/Bundle/Application/4D01D32A-B666-4384-B213-31BBF61E54F1/CVTestsSUI.app/imagenet-hard-50-subset-2500__n02085620__ILSVRC2012_val_00028943.JPEG","images/n02085620/imagenet-hard-50-subset-2500__n02085620__ILSVRC2012_val_00028943.JPEG","151","Chihuahua","185","Norfolk terrier","3,117188","185|259|182|151|158","Norfolk terrier|Pomeranian|Border terrier|Chihuahua|toy terrier","3,117188|3,052734|2,939453|2,876953|2,847656","true"
"/private/var/containers/Bundle/Application/4D01D32A-B666-4384-B213-31BBF61E54F1/CVTestsSUI.app/imagenet-hard-50-subset-2500__n02085620__ILSVRC2012_val_00030519.JPEG","images/n02085620/imagenet-hard-50-subset-2500__n02085620__ILSVRC2012_val_00030519.JPEG","151","Chihuahua","245","French bulldog","5,812500","245|151|195|154|852","French bulldog|Chihuahua|Boston bull|Pekinese|tennis ball","5,812500|5,765625|3,904297|3,353516|3,052734","true"
"/private/var/containers/Bundle/Application/4D01D32A-B666-4384-B213-31BBF61E54F1/CVTestsSUI.app/imagenet-hard-50-subset-2500__n02085620__ILSVRC2012_val_00031597.JPEG","images/n02085620/imagenet-hard-50-subset-2500__n02085620__ILSVRC2012_val_00031597.JPEG","151","Chihuahua","237","miniature pinscher","7,132812","237|158|151|227|171","miniature pinscher|toy terrier|Chihuahua|kelpie|Italian greyhound","7,132812|7,093750|6,734375|3,876953|3,232422","true"
"/private/var/containers/Bundle/Application/4D01D32A-B666-4384-B213-31BBF61E54F1/CVTestsSUI.app/imagenet-hard-50-subset-2500__n02085620__ILSVRC2012_val_00036150.JPEG","images/n02085620/imagenet-hard-50-subset-2500__n02085620__ILSVRC2012_val_00036150.JPEG","151","Chihuahua","237","miniature pinscher","6,000000","237|151|158|227|223","miniature pinscher|Chihuahua|toy terrier|kelpie|schipperke","6,000000|5,992188|5,691406|3,822266|3,714844","true"
"/private/var/containers/Bundle/Application/4D01D32A-B666-4384-B213-31BBF61E54F1/CVTestsSUI.app/imagenet-hard-50-subset-2500__n02085620__ILSVRC2012_val_00037791.JPEG","images/n02085620/imagenet-hard-50-subset-2500__n02085620__ILSVRC2012_val_00037791.JPEG","151","Chihuahua","155","Shih-Tzu","5,722656","155|157|154|156|151","Shih-Tzu|papillon|Pekinese|Blenheim spaniel|Chihuahua","5,722656|5,507812|4,691406|4,519531|3,914062","true"
"/private/var/containers/Bundle/Application/4D01D32A-B666-4384-B213-31BBF61E54F1/CVTestsSUI.app/imagenet-hard-50-subset-2500__n02085620__ILSVRC2012_val_00039439.JPEG","images/n02085620/imagenet-hard-50-subset-2500__n02085620__ILSVRC2012_val_00039439.JPEG","151","Chihuahua","263","Pembroke","5,812500","263|151|264|158|157","Pembroke|Chihuahua|Cardigan|toy terrier|papillon","5,812500|5,695312|4,382812|4,058594|2,710938","true"
"/private/var/containers/Bundle/Application/4D01D32A-B666-4384-B213-31BBF61E54F1/CVTestsSUI.app/imagenet-hard-50-subset-2500__n02085782__ILSVRC2012_val_00004671.JPEG","images/n02085782/imagenet-hard-50-subset-2500__n02085782__ILSVRC2012_val_00004671.JPEG","152","Japanese spaniel","156","Blenheim spaniel","5,585938","156|152|157|155|239","Blenheim spaniel|Japanese spaniel|papillon|Shih-Tzu|Bernese mountain dog","5,585938|5,039062|5,003906|2,718750|2,332031","true"
"/private/var/containers/Bundle/Application/4D01D32A-B666-4384-B213-31BBF61E54F1/CVTestsSUI.app/imagenet-hard-50-subset-2500__n02085782__ILSVRC2012_val_00006146.JPEG","images/n02085782/imagenet-hard-50-subset-2500__n02085782__ILSVRC2012_val_00006146.JPEG","152","Japanese spaniel","155","Shih-Tzu","6,285156","155|204|200|152|157","Shih-Tzu|Lhasa|Tibetan terrier|Japanese spaniel|papillon","6,285156|5,031250|4,257812|4,214844|4,128906","true"
"/private/var/containers/Bundle/Application/4D01D32A-B666-4384-B213-31BBF61E54F1/CVTestsSUI.app/imagenet-hard-50-subset-2500__n02085782__ILSVRC2012_val_00010516.JPEG","images/n02085782/imagenet-hard-50-subset-2500__n02085782__ILSVRC2012_val_00010516.JPEG","152","Japanese spaniel","217","English springer","5,246094","217|216|212|219|156","English springer|clumber|English setter|cocker spaniel|Blenheim spaniel","5,246094|4,496094|4,371094|3,892578|3,818359","false"
"/private/var/containers/Bundle/Application/4D01D32A-B666-4384-B213-31BBF61E54F1/CVTestsSUI.app/imagenet-hard-50-subset-2500__n02085782__ILSVRC2012_val_00012298.JPEG","images/n02085782/imagenet-hard-50-subset-2500__n02085782__ILSVRC2012_val_00012298.JPEG","152","Japanese spaniel","156","Blenheim spaniel","6,707031","156|152|218|215|220","Blenheim spaniel|Japanese spaniel|Welsh springer spaniel|Brittany spaniel|Sussex spaniel","6,707031|4,324219|3,878906|3,558594|3,474609","true"
"/private/var/containers/Bundle/Application/4D01D32A-B666-4384-B213-31BBF61E54F1/CVTestsSUI.app/imagenet-hard-50-subset-2500__n02085782__ILSVRC2012_val_00018296.JPEG","images/n02085782/imagenet-hard-50-subset-2500__n02085782__ILSVRC2012_val_00018296.JPEG","152","Japanese spaniel","154","Pekinese","5,289062","154|152|157|151|259","Pekinese|Japanese spaniel|papillon|Chihuahua|Pomeranian","5,289062|5,156250|3,521484|3,105469|2,650391","true"
"/private/var/containers/Bundle/Application/4D01D32A-B666-4384-B213-31BBF61E54F1/CVTestsSUI.app/imagenet-hard-50-subset-2500__n02085782__ILSVRC2012_val_00021896.JPEG","images/n02085782/imagenet-hard-50-subset-2500__n02085782__ILSVRC2012_val_00021896.JPEG","152","Japanese spaniel","154","Pekinese","5,148438","154|244|262|214|380","Pekinese|Tibetan mastiff|Brabancon griffon|Gordon setter|titi","5,148438|4,554688|4,160156|4,023438|3,572266","false"
"/private/var/containers/Bundle/Application/4D01D32A-B666-4384-B213-31BBF61E54F1/CVTestsSUI.app/imagenet-hard-50-subset-2500__n02085782__ILSVRC2012_val_00022438.JPEG","images/n02085782/imagenet-hard-50-subset-2500__n02085782__ILSVRC2012_val_00022438.JPEG","152","Japanese spaniel","157","papillon","6,855469","157|232|152|231|217","papillon|Border collie|Japanese spaniel|collie|English springer","6,855469|6,132812|5,792969|4,832031|3,724609","true"
"/private/var/containers/Bundle/Application/4D01D32A-B666-4384-B213-31BBF61E54F1/CVTestsSUI.app/imagenet-hard-50-subset-2500__n02085782__ILSVRC2012_val_00025437.JPEG","images/n02085782/imagenet-hard-50-subset-2500__n02085782__ILSVRC2012_val_00025437.JPEG","152","Japanese spaniel","200","Tibetan terrier","5,648438","200|152|229|155|232","Tibetan terrier|Japanese spaniel|Old English sheepdog|Shih-Tzu|Border collie","5,648438|5,074219|4,585938|4,578125|4,332031","true"
"/private/var/containers/Bundle/Application/4D01D32A-B666-4384-B213-31BBF61E54F1/CVTestsSUI.app/imagenet-hard-50-subset-2500__n02085782__ILSVRC2012_val_00028706.JPEG","images/n02085782/imagenet-hard-50-subset-2500__n02085782__ILSVRC2012_val_00028706.JPEG","152","Japanese spaniel","338","guinea pig","3,300781","338|152|361|157|331","guinea pig|Japanese spaniel|skunk|papillon|hare","3,300781|3,220703|3,015625|2,625000|2,464844","true"
"/private/var/containers/Bundle/Application/4D01D32A-B666-4384-B213-31BBF61E54F1/CVTestsSUI.app/imagenet-hard-50-subset-2500__n02085782__ILSVRC2012_val_00029262.JPEG","images/n02085782/imagenet-hard-50-subset-2500__n02085782__ILSVRC2012_val_00029262.JPEG","152","Japanese spaniel","157","papillon","6,609375","157|152|154|259|151","papillon|Japanese spaniel|Pekinese|Pomeranian|Chihuahua","6,609375|5,472656|4,210938|4,050781|3,359375","true"
"/private/var/containers/Bundle/Application/4D01D32A-B666-4384-B213-31BBF61E54F1/CVTestsSUI.app/imagenet-hard-50-subset-2500__n02085782__ILSVRC2012_val_00033476.JPEG","images/n02085782/imagenet-hard-50-subset-2500__n02085782__ILSVRC2012_val_00033476.JPEG","152","Japanese spaniel","156","Blenheim spaniel","8,078125","156|152|157|219|218","Blenheim spaniel|Japanese spaniel|papillon|cocker spaniel|Welsh springer spaniel","8,078125|5,125000|4,402344|3,457031|3,253906","true"
"/private/var/containers/Bundle/Application/4D01D32A-B666-4384-B213-31BBF61E54F1/CVTestsSUI.app/imagenet-hard-50-subset-2500__n02085782__ILSVRC2012_val_00034040.JPEG","images/n02085782/imagenet-hard-50-subset-2500__n02085782__ILSVRC2012_val_00034040.JPEG","152","Japanese spaniel","232","Border collie","5,816406","232|157|152|231|200","Border collie|papillon|Japanese spaniel|collie|Tibetan terrier","5,816406|5,523438|5,050781|4,468750|3,755859","true"
"/private/var/containers/Bundle/Application/4D01D32A-B666-4384-B213-31BBF61E54F1/CVTestsSUI.app/imagenet-hard-50-subset-2500__n02085782__ILSVRC2012_val_00036267.JPEG","images/n02085782/imagenet-hard-50-subset-2500__n02085782__ILSVRC2012_val_00036267.JPEG","152","Japanese spaniel","157","papillon","7,058594","157|230|152|259|156","papillon|Shetland sheepdog|Japanese spaniel|Pomeranian|Blenheim spaniel","7,058594|3,855469|3,787109|2,927734|2,673828","true"
"/private/var/containers/Bundle/Application/4D01D32A-B666-4384-B213-31BBF61E54F1/CVTestsSUI.app/imagenet-hard-50-subset-2500__n02085782__ILSVRC2012_val_00037960.JPEG","images/n02085782/imagenet-hard-50-subset-2500__n02085782__ILSVRC2012_val_00037960.JPEG","152","Japanese spaniel","155","Shih-Tzu","5,011719","155|152|154|283|262","Shih-Tzu|Japanese spaniel|Pekinese|Persian cat|Brabancon griffon","5,011719|4,761719|4,687500|3,238281|3,128906","true"
"/private/var/containers/Bundle/Application/4D01D32A-B666-4384-B213-31BBF61E54F1/CVTestsSUI.app/imagenet-hard-50-subset-2500__n02085782__ILSVRC2012_val_00043776.JPEG","images/n02085782/imagenet-hard-50-subset-2500__n02085782__ILSVRC2012_val_00043776.JPEG","152","Japanese spaniel","154","Pekinese","5,781250","154|259|152|157|231","Pekinese|Pomeranian|Japanese spaniel|papillon|collie","5,781250|4,093750|3,841797|3,132812|2,980469","true"
"/private/var/containers/Bundle/Application/4D01D32A-B666-4384-B213-31BBF61E54F1/CVTestsSUI.app/imagenet-hard-50-subset-2500__n02085782__ILSVRC2012_val_00047276.JPEG","images/n02085782/imagenet-hard-50-subset-2500__n02085782__ILSVRC2012_val_00047276.JPEG","152","Japanese spaniel","157","papillon","6,343750","157|152|200|232|204","papillon|Japanese spaniel|Tibetan terrier|Border collie|Lhasa","6,343750|6,199219|4,925781|3,496094|3,466797","true"
"/private/var/containers/Bundle/Application/4D01D32A-B666-4384-B213-31BBF61E54F1/CVTestsSUI.app/imagenet-hard-50-subset-2500__n02085936__ILSVRC2012_val_00010238.JPEG","images/n02085936/imagenet-hard-50-subset-2500__n02085936__ILSVRC2012_val_00010238.JPEG","153","Maltese dog","204","Lhasa","6,628906","204|153|155|200|187","Lhasa|Maltese dog|Shih-Tzu|Tibetan terrier|Yorkshire terrier","6,628906|6,304688|5,152344|4,042969|3,169922","true"
"/private/var/containers/Bundle/Application/4D01D32A-B666-4384-B213-31BBF61E54F1/CVTestsSUI.app/imagenet-hard-50-subset-2500__n02085936__ILSVRC2012_val_00015300.JPEG","images/n02085936/imagenet-hard-50-subset-2500__n02085936__ILSVRC2012_val_00015300.JPEG","153","Maltese dog","229","Old English sheepdog","3,779297","229|852|805|153|203","Old English sheepdog|tennis ball|soccer ball|Maltese dog|West Highland white terrier","3,779297|3,640625|3,623047|3,453125|3,279297","true"
"/private/var/containers/Bundle/Application/4D01D32A-B666-4384-B213-31BBF61E54F1/CVTestsSUI.app/imagenet-hard-50-subset-2500__n02085936__ILSVRC2012_val_00030893.JPEG","images/n02085936/imagenet-hard-50-subset-2500__n02085936__ILSVRC2012_val_00030893.JPEG","153","Maltese dog","265","toy poodle","5,257812","265|153|266|398|202","toy poodle|Maltese dog|miniature poodle|abacus|soft-coated wheaten terrier","5,257812|4,726562|4,402344|3,619141|3,521484","true"
"/private/var/containers/Bundle/Application/4D01D32A-B666-4384-B213-31BBF61E54F1/CVTestsSUI.app/imagenet-hard-50-subset-2500__n02085936__ILSVRC2012_val_00033310.JPEG","images/n02085936/imagenet-hard-50-subset-2500__n02085936__ILSVRC2012_val_00033310.JPEG","153","Maltese dog","267","standard poodle","5,527344","267|181|266|265|825","standard poodle|Bedlington terrier|miniature poodle|toy poodle|stone wall","5,527344|5,390625|5,097656|4,296875|3,933594","false"
"/private/var/containers/Bundle/Application/4D01D32A-B666-4384-B213-31BBF61E54F1/CVTestsSUI.app/imagenet-hard-50-subset-2500__n02085936__ILSVRC2012_val_00034259.JPEG","images/n02085936/imagenet-hard-50-subset-2500__n02085936__ILSVRC2012_val_00034259.JPEG","153","Maltese dog","204","Lhasa","4,867188","204|200|202|185|265","Lhasa|Tibetan terrier|soft-coated wheaten terrier|Norfolk terrier|toy poodle","4,867188|4,832031|4,605469|4,156250|4,140625","false"
"/private/var/containers/Bundle/Application/4D01D32A-B666-4384-B213-31BBF61E54F1/CVTestsSUI.app/imagenet-hard-50-subset-2500__n02085936__ILSVRC2012_val_00039146.JPEG","images/n02085936/imagenet-hard-50-subset-2500__n02085936__ILSVRC2012_val_00039146.JPEG","153","Maltese dog","203","West Highland white terrier","6,394531","203|153|265|229|266","West Highland white terrier|Maltese dog|toy poodle|Old English sheepdog|miniature poodle","6,394531|5,429688|4,789062|4,226562|4,218750","true"
"/private/var/containers/Bundle/Application/4D01D32A-B666-4384-B213-31BBF61E54F1/CVTestsSUI.app/imagenet-hard-50-subset-2500__n02085936__ILSVRC2012_val_00039695.JPEG","images/n02085936/imagenet-hard-50-subset-2500__n02085936__ILSVRC2012_val_00039695.JPEG","153","Maltese dog","257","Great Pyrenees","6,179688","257|153|203|207|222","Great Pyrenees|Maltese dog|West Highland white terrier|golden retriever|kuvasz","6,179688|5,316406|5,003906|4,878906|3,812500","true"
"/private/var/containers/Bundle/Application/4D01D32A-B666-4384-B213-31BBF61E54F1/CVTestsSUI.app/imagenet-hard-50-subset-2500__n02085936__ILSVRC2012_val_00041918.JPEG","images/n02085936/imagenet-hard-50-subset-2500__n02085936__ILSVRC2012_val_00041918.JPEG","153","Maltese dog","229","Old English sheepdog","4,632812","229|190|203|202|188","Old English sheepdog|Sealyham terrier|West Highland white terrier|soft-coated wheaten terrier|wire-haired fox terrier","4,632812|4,562500|3,335938|3,080078|3,054688","false"
"/private/var/containers/Bundle/Application/4D01D32A-B666-4384-B213-31BBF61E54F1/CVTestsSUI.app/imagenet-hard-50-subset-2500__n02086079__ILSVRC2012_val_00004065.JPEG","images/n02086079/imagenet-hard-50-subset-2500__n02086079__ILSVRC2012_val_00004065.JPEG","154","Pekinese","207","golden retriever","6,453125","207|154|185|259|204","golden retriever|Pekinese|Norfolk terrier|Pomeranian|Lhasa","6,453125|6,234375|5,078125|4,753906|4,574219","true"
"/private/var/containers/Bundle/Application/4D01D32A-B666-4384-B213-31BBF61E54F1/CVTestsSUI.app/imagenet-hard-50-subset-2500__n02086079__ILSVRC2012_val_00007057.JPEG","images/n02086079/imagenet-hard-50-subset-2500__n02086079__ILSVRC2012_val_00007057.JPEG","154","Pekinese","151","Chihuahua","5,312500","151|154|259|263|157","Chihuahua|Pekinese|Pomeranian|Pembroke|papillon","5,312500|4,773438|4,285156|3,685547|3,333984","true"
"/private/var/containers/Bundle/Application/4D01D32A-B666-4384-B213-31BBF61E54F1/CVTestsSUI.app/imagenet-hard-50-subset-2500__n02086079__ILSVRC2012_val_00007111.JPEG","images/n02086079/imagenet-hard-50-subset-2500__n02086079__ILSVRC2012_val_00007111.JPEG","154","Pekinese","152","Japanese spaniel","5,425781","152|154|157|156|155","Japanese spaniel|Pekinese|papillon|Blenheim spaniel|Shih-Tzu","5,425781|4,121094|3,886719|2,740234|2,685547","true"
"/private/var/containers/Bundle/Application/4D01D32A-B666-4384-B213-31BBF61E54F1/CVTestsSUI.app/imagenet-hard-50-subset-2500__n02086079__ILSVRC2012_val_00009105.JPEG","images/n02086079/imagenet-hard-50-subset-2500__n02086079__ILSVRC2012_val_00009105.JPEG","154","Pekinese","157","papillon","7,968750","157|232|230|231|151","papillon|Border collie|Shetland sheepdog|collie|Chihuahua","7,968750|5,921875|5,050781|4,949219|4,164062","false"
"/private/var/containers/Bundle/Application/4D01D32A-B666-4384-B213-31BBF61E54F1/CVTestsSUI.app/imagenet-hard-50-subset-2500__n02086079__ILSVRC2012_val_00009250.JPEG","images/n02086079/imagenet-hard-50-subset-2500__n02086079__ILSVRC2012_val_00009250.JPEG","154","Pekinese","201","silky terrier","6,007812","201|187|193|185|155","silky terrier|Yorkshire terrier|Australian terrier|Norfolk terrier|Shih-Tzu","6,007812|5,691406|5,097656|4,589844|3,371094","false"
"/private/var/containers/Bundle/Application/4D01D32A-B666-4384-B213-31BBF61E54F1/CVTestsSUI.app/imagenet-hard-50-subset-2500__n02086079__ILSVRC2012_val_00031157.JPEG","images/n02086079/imagenet-hard-50-subset-2500__n02086079__ILSVRC2012_val_00031157.JPEG","154","Pekinese","155","Shih-Tzu","6,203125","155|204|154|200|262","Shih-Tzu|Lhasa|Pekinese|Tibetan terrier|Brabancon griffon","6,203125|5,800781|5,160156|4,164062|2,857422","true"
"/private/var/containers/Bundle/Application/4D01D32A-B666-4384-B213-31BBF61E54F1/CVTestsSUI.app/imagenet-hard-50-subset-2500__n02086079__ILSVRC2012_val_00038786.JPEG","images/n02086079/imagenet-hard-50-subset-2500__n02086079__ILSVRC2012_val_00038786.JPEG","154","Pekinese","155","Shih-Tzu","5,890625","155|204|154|283|157","Shih-Tzu|Lhasa|Pekinese|Persian cat|papillon","5,890625|4,968750|4,777344|3,009766|2,955078","true"
"/private/var/containers/Bundle/Application/4D01D32A-B666-4384-B213-31BBF61E54F1/CVTestsSUI.app/imagenet-hard-50-subset-2500__n02086079__ILSVRC2012_val_00041109.JPEG","images/n02086079/imagenet-hard-50-subset-2500__n02086079__ILSVRC2012_val_00041109.JPEG","154","Pekinese","265","toy poodle","3,111328","265|259|266|154|239","toy poodle|Pomeranian|miniature poodle|Pekinese|Bernese mountain dog","3,111328|2,863281|2,667969|2,619141|2,468750","true"
"/private/var/containers/Bundle/Application/4D01D32A-B666-4384-B213-31BBF61E54F1/CVTestsSUI.app/imagenet-hard-50-subset-2500__n02086079__ILSVRC2012_val_00044854.JPEG","images/n02086079/imagenet-hard-50-subset-2500__n02086079__ILSVRC2012_val_00044854.JPEG","154","Pekinese","201","silky terrier","7,914062","201|204|155|187|200","silky terrier|Lhasa|Shih-Tzu|Yorkshire terrier|Tibetan terrier","7,914062|6,269531|6,074219|5,949219|5,769531","false"
"/private/var/containers/Bundle/Application/4D01D32A-B666-4384-B213-31BBF61E54F1/CVTestsSUI.app/imagenet-hard-50-subset-2500__n02086240__ILSVRC2012_val_00010550.JPEG","images/n02086240/imagenet-hard-50-subset-2500__n02086240__ILSVRC2012_val_00010550.JPEG","155","Shih-Tzu","157","papillon","4,921875","157|232|151|230|231","papillon|Border collie|Chihuahua|Shetland sheepdog|collie","4,921875|3,419922|3,392578|3,343750|3,130859","false"
"/private/var/containers/Bundle/Application/4D01D32A-B666-4384-B213-31BBF61E54F1/CVTestsSUI.app/imagenet-hard-50-subset-2500__n02086240__ILSVRC2012_val_00015738.JPEG","images/n02086240/imagenet-hard-50-subset-2500__n02086240__ILSVRC2012_val_00015738.JPEG","155","Shih-Tzu","219","cocker spaniel","5,656250","219|212|216|204|153","cocker spaniel|English setter|clumber|Lhasa|Maltese dog","5,656250|4,621094|4,335938|4,328125|3,126953","false"
"/private/var/containers/Bundle/Application/4D01D32A-B666-4384-B213-31BBF61E54F1/CVTestsSUI.app/imagenet-hard-50-subset-2500__n02086240__ILSVRC2012_val_00018392.JPEG","images/n02086240/imagenet-hard-50-subset-2500__n02086240__ILSVRC2012_val_00018392.JPEG","155","Shih-Tzu","154","Pekinese","6,148438","154|155|153|204|265","Pekinese|Shih-Tzu|Maltese dog|Lhasa|toy poodle","6,148438|4,988281|4,605469|3,976562|3,541016","true"
"/private/var/containers/Bundle/Application/4D01D32A-B666-4384-B213-31BBF61E54F1/CVTestsSUI.app/imagenet-hard-50-subset-2500__n02086240__ILSVRC2012_val_00023653.JPEG","images/n02086240/imagenet-hard-50-subset-2500__n02086240__ILSVRC2012_val_00023653.JPEG","155","Shih-Tzu","252","affenpinscher","6,835938","252|204|262|192|155","affenpinscher|Lhasa|Brabancon griffon|cairn|Shih-Tzu","6,835938|4,292969|4,234375|3,994141|3,750000","true"
"/private/var/containers/Bundle/Application/4D01D32A-B666-4384-B213-31BBF61E54F1/CVTestsSUI.app/imagenet-hard-50-subset-2500__n02086240__ILSVRC2012_val_00024776.JPEG","images/n02086240/imagenet-hard-50-subset-2500__n02086240__ILSVRC2012_val_00024776.JPEG","155","Shih-Tzu","204","Lhasa","5,003906","204|201|155|192|226","Lhasa|silky terrier|Shih-Tzu|cairn|briard","5,003906|4,324219|4,050781|4,042969|3,972656","true"
"/private/var/containers/Bundle/Application/4D01D32A-B666-4384-B213-31BBF61E54F1/CVTestsSUI.app/imagenet-hard-50-subset-2500__n02086240__ILSVRC2012_val_00026070.JPEG","images/n02086240/imagenet-hard-50-subset-2500__n02086240__ILSVRC2012_val_00026070.JPEG","155","Shih-Tzu","153","Maltese dog","6,265625","153|204|155|154|200","Maltese dog|Lhasa|Shih-Tzu|Pekinese|Tibetan terrier","6,265625|6,250000|5,972656|4,023438|3,203125","true"
"/private/var/containers/Bundle/Application/4D01D32A-B666-4384-B213-31BBF61E54F1/CVTestsSUI.app/imagenet-hard-50-subset-2500__n02086240__ILSVRC2012_val_00026911.JPEG","images/n02086240/imagenet-hard-50-subset-2500__n02086240__ILSVRC2012_val_00026911.JPEG","155","Shih-Tzu","154","Pekinese","6,210938","154|155|204|153|259","Pekinese|Shih-Tzu|Lhasa|Maltese dog|Pomeranian","6,210938|5,902344|5,734375|4,605469|3,484375","true"
"/private/var/containers/Bundle/Application/4D01D32A-B666-4384-B213-31BBF61E54F1/CVTestsSUI.app/imagenet-hard-50-subset-2500__n02086240__ILSVRC2012_val_00027703.JPEG","images/n02086240/imagenet-hard-50-subset-2500__n02086240__ILSVRC2012_val_00027703.JPEG","155","Shih-Tzu","231","collie","3,552734","231|230|155|200|193","collie|Shetland sheepdog|Shih-Tzu|Tibetan terrier|Australian terrier","3,552734|3,414062|2,835938|2,630859|2,380859","true"
"/private/var/containers/Bundle/Application/4D01D32A-B666-4384-B213-31BBF61E54F1/CVTestsSUI.app/imagenet-hard-50-subset-2500__n02086240__ILSVRC2012_val_00029700.JPEG","images/n02086240/imagenet-hard-50-subset-2500__n02086240__ILSVRC2012_val_00029700.JPEG","155","Shih-Tzu","200","Tibetan terrier","6,441406","200|204|226|155|160","Tibetan terrier|Lhasa|briard|Shih-Tzu|Afghan hound","6,441406|6,097656|6,054688|5,597656|4,050781","true"
"/private/var/containers/Bundle/Application/4D01D32A-B666-4384-B213-31BBF61E54F1/CVTestsSUI.app/imagenet-hard-50-subset-2500__n02086240__ILSVRC2012_val_00031419.JPEG","images/n02086240/imagenet-hard-50-subset-2500__n02086240__ILSVRC2012_val_00031419.JPEG","155","Shih-Tzu","204","Lhasa","5,863281","204|155|192|200|196","Lhasa|Shih-Tzu|cairn|Tibetan terrier|miniature schnauzer","5,863281|5,761719|4,796875|4,722656|4,246094","true"
"/private/var/containers/Bundle/Application/4D01D32A-B666-4384-B213-31BBF61E54F1/CVTestsSUI.app/imagenet-hard-50-subset-2500__n02086240__ILSVRC2012_val_00035293.JPEG","images/n02086240/imagenet-hard-50-subset-2500__n02086240__ILSVRC2012_val_00035293.JPEG","155","Shih-Tzu","205","flat-coated retriever","4,253906","205|182|219|256|214","flat-coated retriever|Border terrier|cocker spaniel|Newfoundland|Gordon setter","4,253906|3,763672|3,535156|3,527344|2,994141","false"
"/private/var/containers/Bundle/Application/4D01D32A-B666-4384-B213-31BBF61E54F1/CVTestsSUI.app/imagenet-hard-50-subset-2500__n02086240__ILSVRC2012_val_00036888.JPEG","images/n02086240/imagenet-hard-50-subset-2500__n02086240__ILSVRC2012_val_00036888.JPEG","155","Shih-Tzu","204","Lhasa","6,378906","204|155|202|200|153","Lhasa|Shih-Tzu|soft-coated wheaten terrier|Tibetan terrier|Maltese dog","6,378906|6,093750|4,789062|4,359375|3,669922","true"
"/private/var/containers/Bundle/Application/4D01D32A-B666-4384-B213-31BBF61E54F1/CVTestsSUI.app/imagenet-hard-50-subset-2500__n02086240__ILSVRC2012_val_00040043.JPEG","images/n02086240/imagenet-hard-50-subset-2500__n02086240__ILSVRC2012_val_00040043.JPEG","155","Shih-Tzu","154","Pekinese","6,597656","154|155|204|259|152","Pekinese|Shih-Tzu|Lhasa|Pomeranian|Japanese spaniel","6,597656|5,746094|5,253906|4,160156|3,537109","true"
"/private/var/containers/Bundle/Application/4D01D32A-B666-4384-B213-31BBF61E54F1/CVTestsSUI.app/imagenet-hard-50-subset-2500__n02086240__ILSVRC2012_val_00044224.JPEG","images/n02086240/imagenet-hard-50-subset-2500__n02086240__ILSVRC2012_val_00044224.JPEG","155","Shih-Tzu","200","Tibetan terrier","5,296875","200|201|204|153|155","Tibetan terrier|silky terrier|Lhasa|Maltese dog|Shih-Tzu","5,296875|4,289062|4,101562|3,220703|3,119141","true"
"/private/var/containers/Bundle/Application/4D01D32A-B666-4384-B213-31BBF61E54F1/CVTestsSUI.app/imagenet-hard-50-subset-2500__n02086646__ILSVRC2012_val_00001848.JPEG","images/n02086646/imagenet-hard-50-subset-2500__n02086646__ILSVRC2012_val_00001848.JPEG","156","Blenheim spaniel","215","Brittany spaniel","5,730469","215|218|247|156|217","Brittany spaniel|Welsh springer spaniel|Saint Bernard|Blenheim spaniel|English springer","5,730469|5,410156|5,265625|4,792969|4,441406","true"
"/private/var/containers/Bundle/Application/4D01D32A-B666-4384-B213-31BBF61E54F1/CVTestsSUI.app/imagenet-hard-50-subset-2500__n02086646__ILSVRC2012_val_00030642.JPEG","images/n02086646/imagenet-hard-50-subset-2500__n02086646__ILSVRC2012_val_00030642.JPEG","156","Blenheim spaniel","231","collie","5,894531","231|230|260|157|259","collie|Shetland sheepdog|chow|papillon|Pomeranian","5,894531|5,746094|2,992188|2,404297|2,380859","false"
"/private/var/containers/Bundle/Application/4D01D32A-B666-4384-B213-31BBF61E54F1/CVTestsSUI.app/imagenet-hard-50-subset-2500__n02086910__ILSVRC2012_val_00022099.JPEG","images/n02086910/imagenet-hard-50-subset-2500__n02086910__ILSVRC2012_val_00022099.JPEG","157","papillon","152","Japanese spaniel","5,878906","152|200|155|204|232","Japanese spaniel|Tibetan terrier|Shih-Tzu|Lhasa|Border collie","5,878906|5,878906|5,835938|4,933594|4,304688","false"
"/private/var/containers/Bundle/Application/4D01D32A-B666-4384-B213-31BBF61E54F1/CVTestsSUI.app/imagenet-hard-50-subset-2500__n02086910__ILSVRC2012_val_00033944.JPEG","images/n02086910/imagenet-hard-50-subset-2500__n02086910__ILSVRC2012_val_00033944.JPEG","157","papillon","226","briard","5,707031","226|217|218|160|212","briard|English springer|Welsh springer spaniel|Afghan hound|English setter","5,707031|5,328125|5,039062|4,734375|4,425781","false"
"/private/var/containers/Bundle/Application/4D01D32A-B666-4384-B213-31BBF61E54F1/CVTestsSUI.app/imagenet-hard-50-subset-2500__n02086910__ILSVRC2012_val_00040564.JPEG","images/n02086910/imagenet-hard-50-subset-2500__n02086910__ILSVRC2012_val_00040564.JPEG","157","papillon","219","cocker spaniel","5,468750","219|151|157|156|154","cocker spaniel|Chihuahua|papillon|Blenheim spaniel|Pekinese","5,468750|4,433594|4,023438|3,974609|3,939453","true"
"/private/var/containers/Bundle/Application/4D01D32A-B666-4384-B213-31BBF61E54F1/CVTestsSUI.app/imagenet-hard-50-subset-2500__n02087046__ILSVRC2012_val_00002521.JPEG","images/n02087046/imagenet-hard-50-subset-2500__n02087046__ILSVRC2012_val_00002521.JPEG","158","toy terrier","151","Chihuahua","5,984375","151|158|171|172|245","Chihuahua|toy terrier|Italian greyhound|whippet|French bulldog","5,984375|5,722656|3,982422|3,648438|3,542969","true"
"/private/var/containers/Bundle/Application/4D01D32A-B666-4384-B213-31BBF61E54F1/CVTestsSUI.app/imagenet-hard-50-subset-2500__n02087046__ILSVRC2012_val_00004325.JPEG","images/n02087046/imagenet-hard-50-subset-2500__n02087046__ILSVRC2012_val_00004325.JPEG","158","toy terrier","237","miniature pinscher","5,496094","237|158|236|268|227","miniature pinscher|toy terrier|Doberman|Mexican hairless|kelpie","5,496094|4,589844|4,492188|3,964844|3,673828","true"
"/private/var/containers/Bundle/Application/4D01D32A-B666-4384-B213-31BBF61E54F1/CVTestsSUI.app/imagenet-hard-50-subset-2500__n02087046__ILSVRC2012_val_00004717.JPEG","images/n02087046/imagenet-hard-50-subset-2500__n02087046__ILSVRC2012_val_00004717.JPEG","158","toy terrier","151","Chihuahua","5,148438","151|263|253|158|259","Chihuahua|Pembroke|basenji|toy terrier|Pomeranian","5,148438|4,937500|4,863281|4,351562|4,058594","true"
"/private/var/containers/Bundle/Application/4D01D32A-B666-4384-B213-31BBF61E54F1/CVTestsSUI.app/imagenet-hard-50-subset-2500__n02087046__ILSVRC2012_val_00005639.JPEG","images/n02087046/imagenet-hard-50-subset-2500__n02087046__ILSVRC2012_val_00005639.JPEG","158","toy terrier","151","Chihuahua","7,035156","151|268|171|237|158","Chihuahua|Mexican hairless|Italian greyhound|miniature pinscher|toy terrier","7,035156|6,789062|6,394531|5,800781|5,628906","true"
"/private/var/containers/Bundle/Application/4D01D32A-B666-4384-B213-31BBF61E54F1/CVTestsSUI.app/imagenet-hard-50-subset-2500__n02087046__ILSVRC2012_val_00007511.JPEG","images/n02087046/imagenet-hard-50-subset-2500__n02087046__ILSVRC2012_val_00007511.JPEG","158","toy terrier","180","American Staffordshire terrier","5,414062","180|179|158|173|246","American Staffordshire terrier|Staffordshire bullterrier|toy terrier|Ibizan hound|Great Dane","5,414062|4,527344|3,869141|3,490234|3,283203","true"
"/private/var/containers/Bundle/Application/4D01D32A-B666-4384-B213-31BBF61E54F1/CVTestsSUI.app/imagenet-hard-50-subset-2500__n02087046__ILSVRC2012_val_00011748.JPEG","images/n02087046/imagenet-hard-50-subset-2500__n02087046__ILSVRC2012_val_00011748.JPEG","158","toy terrier","223","schipperke","4,343750","223|199|205|227|262","schipperke|Scotch terrier|flat-coated retriever|kelpie|Brabancon griffon","4,343750|4,050781|3,373047|3,349609|3,171875","false"
"/private/var/containers/Bundle/Application/4D01D32A-B666-4384-B213-31BBF61E54F1/CVTestsSUI.app/imagenet-hard-50-subset-2500__n02087046__ILSVRC2012_val_00015701.JPEG","images/n02087046/imagenet-hard-50-subset-2500__n02087046__ILSVRC2012_val_00015701.JPEG","158","toy terrier","237","miniature pinscher","4,457031","237|236|158|227|268","miniature pinscher|Doberman|toy terrier|kelpie|Mexican hairless","4,457031|3,796875|3,546875|2,964844|2,371094","true"
"/private/var/containers/Bundle/Application/4D01D32A-B666-4384-B213-31BBF61E54F1/CVTestsSUI.app/imagenet-hard-50-subset-2500__n02087046__ILSVRC2012_val_00017869.JPEG","images/n02087046/imagenet-hard-50-subset-2500__n02087046__ILSVRC2012_val_00017869.JPEG","158","toy terrier","253","basenji","6,515625","253|158|151|171|173","basenji|toy terrier|Chihuahua|Italian greyhound|Ibizan hound","6,515625|6,125000|4,933594|4,296875|4,152344","true"
"/private/var/containers/Bundle/Application/4D01D32A-B666-4384-B213-31BBF61E54F1/CVTestsSUI.app/imagenet-hard-50-subset-2500__n02087046__ILSVRC2012_val_00019261.JPEG","images/n02087046/imagenet-hard-50-subset-2500__n02087046__ILSVRC2012_val_00019261.JPEG","158","toy terrier","195","Boston bull","5,675781","195|245|158|171|151","Boston bull|French bulldog|toy terrier|Italian greyhound|Chihuahua","5,675781|3,964844|3,826172|3,769531|3,419922","true"
"/private/var/containers/Bundle/Application/4D01D32A-B666-4384-B213-31BBF61E54F1/CVTestsSUI.app/imagenet-hard-50-subset-2500__n02087046__ILSVRC2012_val_00019566.JPEG","images/n02087046/imagenet-hard-50-subset-2500__n02087046__ILSVRC2012_val_00019566.JPEG","158","toy terrier","227","kelpie","5,171875","227|237|151|158|234","kelpie|miniature pinscher|Chihuahua|toy terrier|Rottweiler","5,171875|4,980469|4,355469|4,273438|3,978516","true"
"/private/var/containers/Bundle/Application/4D01D32A-B666-4384-B213-31BBF61E54F1/CVTestsSUI.app/imagenet-hard-50-subset-2500__n02087046__ILSVRC2012_val_00019883.JPEG","images/n02087046/imagenet-hard-50-subset-2500__n02087046__ILSVRC2012_val_00019883.JPEG","158","toy terrier","245","French bulldog","5,316406","245|158|195|180|166","French bulldog|toy terrier|Boston bull|American Staffordshire terrier|Walker hound","5,316406|5,300781|4,238281|3,644531|3,632812","true"
"/private/var/containers/Bundle/Application/4D01D32A-B666-4384-B213-31BBF61E54F1/CVTestsSUI.app/imagenet-hard-50-subset-2500__n02087046__ILSVRC2012_val_00020484.JPEG","images/n02087046/imagenet-hard-50-subset-2500__n02087046__ILSVRC2012_val_00020484.JPEG","158","toy terrier","263","Pembroke","5,839844","263|264|158|253|151","Pembroke|Cardigan|toy terrier|basenji|Chihuahua","5,839844|5,335938|4,953125|4,046875|3,599609","true"
"/private/var/containers/Bundle/Application/4D01D32A-B666-4384-B213-31BBF61E54F1/CVTestsSUI.app/imagenet-hard-50-subset-2500__n02087046__ILSVRC2012_val_00022182.JPEG","images/n02087046/imagenet-hard-50-subset-2500__n02087046__ILSVRC2012_val_00022182.JPEG","158","toy terrier","151","Chihuahua","3,359375","151|158|173|210|245","Chihuahua|toy terrier|Ibizan hound|German short-haired pointer|French bulldog","3,359375|3,181641|2,962891|2,943359|2,666016","true"
"/private/var/containers/Bundle/Application/4D01D32A-B666-4384-B213-31BBF61E54F1/CVTestsSUI.app/imagenet-hard-50-subset-2500__n02087046__ILSVRC2012_val_00022434.JPEG","images/n02087046/imagenet-hard-50-subset-2500__n02087046__ILSVRC2012_val_00022434.JPEG","158","toy terrier","237","miniature pinscher","5,500000","237|236|158|227|268","miniature pinscher|Doberman|toy terrier|kelpie|Mexican hairless","5,500000|5,265625|4,265625|3,039062|2,927734","true"
"/private/var/containers/Bundle/Application/4D01D32A-B666-4384-B213-31BBF61E54F1/CVTestsSUI.app/imagenet-hard-50-subset-2500__n02087046__ILSVRC2012_val_00025550.JPEG","images/n02087046/imagenet-hard-50-subset-2500__n02087046__ILSVRC2012_val_00025550.JPEG","158","toy terrier","151","Chihuahua","6,656250","151|158|245|171|179","Chihuahua|toy terrier|French bulldog|Italian greyhound|Staffordshire bullterrier","6,656250|5,886719|5,050781|4,417969|4,101562","true"
"/private/var/containers/Bundle/Application/4D01D32A-B666-4384-B213-31BBF61E54F1/CVTestsSUI.app/imagenet-hard-50-subset-2500__n02087046__ILSVRC2012_val_00033726.JPEG","images/n02087046/imagenet-hard-50-subset-2500__n02087046__ILSVRC2012_val_00033726.JPEG","158","toy terrier","195","Boston bull","6,937500","195|245|158|151|171","Boston bull|French bulldog|toy terrier|Chihuahua|Italian greyhound","6,937500|5,757812|4,121094|3,871094|3,779297","true"
"/private/var/containers/Bundle/Application/4D01D32A-B666-4384-B213-31BBF61E54F1/CVTestsSUI.app/imagenet-hard-50-subset-2500__n02087046__ILSVRC2012_val_00036751.JPEG","images/n02087046/imagenet-hard-50-subset-2500__n02087046__ILSVRC2012_val_00036751.JPEG","158","toy terrier","182","Border terrier","5,261719","182|192|185|188|193","Border terrier|cairn|Norfolk terrier|wire-haired fox terrier|Australian terrier","5,261719|4,863281|3,701172|3,488281|3,322266","false"
"/private/var/containers/Bundle/Application/4D01D32A-B666-4384-B213-31BBF61E54F1/CVTestsSUI.app/imagenet-hard-50-subset-2500__n02087046__ILSVRC2012_val_00037669.JPEG","images/n02087046/imagenet-hard-50-subset-2500__n02087046__ILSVRC2012_val_00037669.JPEG","158","toy terrier","227","kelpie","4,957031","227|158|151|237|234","kelpie|toy terrier|Chihuahua|miniature pinscher|Rottweiler","4,957031|4,667969|4,644531|3,994141|3,117188","true"
"/private/var/containers/Bundle/Application/4D01D32A-B666-4384-B213-31BBF61E54F1/CVTestsSUI.app/imagenet-hard-50-subset-2500__n02087046__ILSVRC2012_val_00038974.JPEG","images/n02087046/imagenet-hard-50-subset-2500__n02087046__ILSVRC2012_val_00038974.JPEG","158","toy terrier","151","Chihuahua","6,332031","151|173|253|273|263","Chihuahua|Ibizan hound|basenji|dingo|Pembroke","6,332031|5,855469|5,226562|4,027344|4,007812","false"
"/private/var/containers/Bundle/Application/4D01D32A-B666-4384-B213-31BBF61E54F1/CVTestsSUI.app/imagenet-hard-50-subset-2500__n02087046__ILSVRC2012_val_00039622.JPEG","images/n02087046/imagenet-hard-50-subset-2500__n02087046__ILSVRC2012_val_00039622.JPEG","158","toy terrier","237","miniature pinscher","6,027344","237|158|236|227|165","miniature pinscher|toy terrier|Doberman|kelpie|black-and-tan coonhound","6,027344|5,734375|5,199219|3,669922|3,619141","true"
"/private/var/containers/Bundle/Application/4D01D32A-B666-4384-B213-31BBF61E54F1/CVTestsSUI.app/imagenet-hard-50-subset-2500__n02087046__ILSVRC2012_val_00040431.JPEG","images/n02087046/imagenet-hard-50-subset-2500__n02087046__ILSVRC2012_val_00040431.JPEG","158","toy terrier","151","Chihuahua","5,375000","151|253|158|273|237","Chihuahua|basenji|toy terrier|dingo|miniature pinscher","5,375000|4,617188|4,589844|3,820312|3,750000","true"
"/private/var/containers/Bundle/Application/4D01D32A-B666-4384-B213-31BBF61E54F1/CVTestsSUI.app/imagenet-hard-50-subset-2500__n02087046__ILSVRC2012_val_00041444.JPEG","images/n02087046/imagenet-hard-50-subset-2500__n02087046__ILSVRC2012_val_00041444.JPEG","158","toy terrier","237","miniature pinscher","7,996094","237|236|158|234|227","miniature pinscher|Doberman|toy terrier|Rottweiler|kelpie","7,996094|5,898438|4,906250|4,714844|4,328125","true"
"/private/var/containers/Bundle/Application/4D01D32A-B666-4384-B213-31BBF61E54F1/CVTestsSUI.app/imagenet-hard-50-subset-2500__n02087046__ILSVRC2012_val_00042449.JPEG","images/n02087046/imagenet-hard-50-subset-2500__n02087046__ILSVRC2012_val_00042449.JPEG","158","toy terrier","237","miniature pinscher","7,863281","237|236|158|227|165","miniature pinscher|Doberman|toy terrier|kelpie|black-and-tan coonhound","7,863281|7,855469|5,203125|4,695312|4,292969","true"
"/private/var/containers/Bundle/Application/4D01D32A-B666-4384-B213-31BBF61E54F1/CVTestsSUI.app/imagenet-hard-50-subset-2500__n02087046__ILSVRC2012_val_00044441.JPEG","images/n02087046/imagenet-hard-50-subset-2500__n02087046__ILSVRC2012_val_00044441.JPEG","158","toy terrier","237","miniature pinscher","5,769531","237|158|236|227|268","miniature pinscher|toy terrier|Doberman|kelpie|Mexican hairless","5,769531|4,882812|4,750000|3,757812|3,458984","true"
"/private/var/containers/Bundle/Application/4D01D32A-B666-4384-B213-31BBF61E54F1/CVTestsSUI.app/imagenet-hard-50-subset-2500__n02087394__ILSVRC2012_val_00000948.JPEG","images/n02087394/imagenet-hard-50-subset-2500__n02087394__ILSVRC2012_val_00000948.JPEG","159","Rhodesian ridgeback","211","vizsla","6,265625","211|159|178|173|209","vizsla|Rhodesian ridgeback|Weimaraner|Ibizan hound|Chesapeake Bay retriever","6,265625|5,417969|4,511719|4,015625|3,904297","true"
"/private/var/containers/Bundle/Application/4D01D32A-B666-4384-B213-31BBF61E54F1/CVTestsSUI.app/imagenet-hard-50-subset-2500__n02087394__ILSVRC2012_val_00003837.JPEG","images/n02087394/imagenet-hard-50-subset-2500__n02087394__ILSVRC2012_val_00003837.JPEG","159","Rhodesian ridgeback","243","bull mastiff","5,335938","243|163|242|159|168","bull mastiff|bloodhound|boxer|Rhodesian ridgeback|redbone","5,335938|4,828125|4,636719|4,406250|4,019531","true"
"/private/var/containers/Bundle/Application/4D01D32A-B666-4384-B213-31BBF61E54F1/CVTestsSUI.app/imagenet-hard-50-subset-2500__n02087394__ILSVRC2012_val_00004074.JPEG","images/n02087394/imagenet-hard-50-subset-2500__n02087394__ILSVRC2012_val_00004074.JPEG","159","Rhodesian ridgeback","242","boxer","5,855469","242|159|243|180|246","boxer|Rhodesian ridgeback|bull mastiff|American Staffordshire terrier|Great Dane","5,855469|5,304688|5,109375|4,031250|3,728516","true"
"/private/var/containers/Bundle/Application/4D01D32A-B666-4384-B213-31BBF61E54F1/CVTestsSUI.app/imagenet-hard-50-subset-2500__n02087394__ILSVRC2012_val_00005215.JPEG","images/n02087394/imagenet-hard-50-subset-2500__n02087394__ILSVRC2012_val_00005215.JPEG","159","Rhodesian ridgeback","168","redbone","6,027344","168|159|242|211|253","redbone|Rhodesian ridgeback|boxer|vizsla|basenji","6,027344|5,988281|4,574219|4,113281|4,015625","true"
"/private/var/containers/Bundle/Application/4D01D32A-B666-4384-B213-31BBF61E54F1/CVTestsSUI.app/imagenet-hard-50-subset-2500__n02087394__ILSVRC2012_val_00008104.JPEG","images/n02087394/imagenet-hard-50-subset-2500__n02087394__ILSVRC2012_val_00008104.JPEG","159","Rhodesian ridgeback","173","Ibizan hound","3,337891","173|242|172|159|247","Ibizan hound|boxer|whippet|Rhodesian ridgeback|Saint Bernard","3,337891|3,273438|3,187500|2,828125|2,794922","true"
"/private/var/containers/Bundle/Application/4D01D32A-B666-4384-B213-31BBF61E54F1/CVTestsSUI.app/imagenet-hard-50-subset-2500__n02087394__ILSVRC2012_val_00009470.JPEG","images/n02087394/imagenet-hard-50-subset-2500__n02087394__ILSVRC2012_val_00009470.JPEG","159","Rhodesian ridgeback","211","vizsla","7,121094","211|159|168|243|209","vizsla|Rhodesian ridgeback|redbone|bull mastiff|Chesapeake Bay retriever","7,121094|6,882812|5,707031|5,300781|5,105469","true"
"/private/var/containers/Bundle/Application/4D01D32A-B666-4384-B213-31BBF61E54F1/CVTestsSUI.app/imagenet-hard-50-subset-2500__n02087394__ILSVRC2012_val_00010057.JPEG","images/n02087394/imagenet-hard-50-subset-2500__n02087394__ILSVRC2012_val_00010057.JPEG","159","Rhodesian ridgeback","211","vizsla","5,535156","211|168|159|209|242","vizsla|redbone|Rhodesian ridgeback|Chesapeake Bay retriever|boxer","5,535156|5,492188|5,230469|4,539062|3,607422","true"
"/private/var/containers/Bundle/Application/4D01D32A-B666-4384-B213-31BBF61E54F1/CVTestsSUI.app/imagenet-hard-50-subset-2500__n02087394__ILSVRC2012_val_00018629.JPEG","images/n02087394/imagenet-hard-50-subset-2500__n02087394__ILSVRC2012_val_00018629.JPEG","159","Rhodesian ridgeback","242","boxer","5,921875","242|211|159|168|180","boxer|vizsla|Rhodesian ridgeback|redbone|American Staffordshire terrier","5,921875|5,816406|5,800781|5,515625|5,023438","true"
"/private/var/containers/Bundle/Application/4D01D32A-B666-4384-B213-31BBF61E54F1/CVTestsSUI.app/imagenet-hard-50-subset-2500__n02087394__ILSVRC2012_val_00018933.JPEG","images/n02087394/imagenet-hard-50-subset-2500__n02087394__ILSVRC2012_val_00018933.JPEG","159","Rhodesian ridgeback","163","bloodhound","7,703125","163|159|168|243|242","bloodhound|Rhodesian ridgeback|redbone|bull mastiff|boxer","7,703125|7,320312|6,800781|6,703125|6,347656","true"
"/private/var/containers/Bundle/Application/4D01D32A-B666-4384-B213-31BBF61E54F1/CVTestsSUI.app/imagenet-hard-50-subset-2500__n02087394__ILSVRC2012_val_00027290.JPEG","images/n02087394/imagenet-hard-50-subset-2500__n02087394__ILSVRC2012_val_00027290.JPEG","159","Rhodesian ridgeback","168","redbone","4,804688","168|159|163|211|178","redbone|Rhodesian ridgeback|bloodhound|vizsla|Weimaraner","4,804688|4,597656|3,396484|3,173828|3,169922","true"
"/private/var/containers/Bundle/Application/4D01D32A-B666-4384-B213-31BBF61E54F1/CVTestsSUI.app/imagenet-hard-50-subset-2500__n02087394__ILSVRC2012_val_00035341.JPEG","images/n02087394/imagenet-hard-50-subset-2500__n02087394__ILSVRC2012_val_00035341.JPEG","159","Rhodesian ridgeback","211","vizsla","5,535156","211|159|168|163|209","vizsla|Rhodesian ridgeback|redbone|bloodhound|Chesapeake Bay retriever","5,535156|5,421875|5,191406|5,089844|4,667969","true"
"/private/var/containers/Bundle/Application/4D01D32A-B666-4384-B213-31BBF61E54F1/CVTestsSUI.app/imagenet-hard-50-subset-2500__n02087394__ILSVRC2012_val_00036907.JPEG","images/n02087394/imagenet-hard-50-subset-2500__n02087394__ILSVRC2012_val_00036907.JPEG","159","Rhodesian ridgeback","242","boxer","5,582031","242|243|159|180|179","boxer|bull mastiff|Rhodesian ridgeback|American Staffordshire terrier|Staffordshire bullterrier","5,582031|5,234375|4,984375|4,257812|3,814453","true"
"/private/var/containers/Bundle/Application/4D01D32A-B666-4384-B213-31BBF61E54F1/CVTestsSUI.app/imagenet-hard-50-subset-2500__n02087394__ILSVRC2012_val_00037577.JPEG","images/n02087394/imagenet-hard-50-subset-2500__n02087394__ILSVRC2012_val_00037577.JPEG","159","Rhodesian ridgeback","253","basenji","3,890625","253|180|242|173|172","basenji|American Staffordshire terrier|boxer|Ibizan hound|whippet","3,890625|3,582031|3,380859|2,998047|2,960938","false"
"/private/var/containers/Bundle/Application/4D01D32A-B666-4384-B213-31BBF61E54F1/CVTestsSUI.app/imagenet-hard-50-subset-2500__n02088094__ILSVRC2012_val_00006698.JPEG","images/n02088094/imagenet-hard-50-subset-2500__n02088094__ILSVRC2012_val_00006698.JPEG","160","Afghan hound","226","briard","6,578125","226|160|200|201|187","briard|Afghan hound|Tibetan terrier|silky terrier|Yorkshire terrier","6,578125|6,519531|4,582031|4,039062|3,869141","true"
"/private/var/containers/Bundle/Application/4D01D32A-B666-4384-B213-31BBF61E54F1/CVTestsSUI.app/imagenet-hard-50-subset-2500__n02088094__ILSVRC2012_val_00009294.JPEG","images/n02088094/imagenet-hard-50-subset-2500__n02088094__ILSVRC2012_val_00009294.JPEG","160","Afghan hound","177","Scottish deerhound","7,582031","177|170|169|160|176","Scottish deerhound|Irish wolfhound|borzoi|Afghan hound|Saluki","7,582031|6,386719|6,097656|5,750000|3,679688","true"
"/private/var/containers/Bundle/Application/4D01D32A-B666-4384-B213-31BBF61E54F1/CVTestsSUI.app/imagenet-hard-50-subset-2500__n02088094__ILSVRC2012_val_00021532.JPEG","images/n02088094/imagenet-hard-50-subset-2500__n02088094__ILSVRC2012_val_00021532.JPEG","160","Afghan hound","256","Newfoundland","6,222656","256|160|226|224|244","Newfoundland|Afghan hound|briard|groenendael|Tibetan mastiff","6,222656|6,050781|4,503906|4,406250|3,773438","true"
"/private/var/containers/Bundle/Application/4D01D32A-B666-4384-B213-31BBF61E54F1/CVTestsSUI.app/imagenet-hard-50-subset-2500__n02088094__ILSVRC2012_val_00029140.JPEG","images/n02088094/imagenet-hard-50-subset-2500__n02088094__ILSVRC2012_val_00029140.JPEG","160","Afghan hound","224","groenendael","4,968750","224|160|256|244|177","groenendael|Afghan hound|Newfoundland|Tibetan mastiff|Scottish deerhound","4,968750|4,863281|4,789062|3,470703|3,082031","true"
"/private/var/containers/Bundle/Application/4D01D32A-B666-4384-B213-31BBF61E54F1/CVTestsSUI.app/imagenet-hard-50-subset-2500__n02088094__ILSVRC2012_val_00032668.JPEG","images/n02088094/imagenet-hard-50-subset-2500__n02088094__ILSVRC2012_val_00032668.JPEG","160","Afghan hound","226","briard","5,003906","226|193|185|160|186","briard|Australian terrier|Norfolk terrier|Afghan hound|Norwich terrier","5,003906|4,281250|3,423828|3,402344|3,375000","true"
"/private/var/containers/Bundle/Application/4D01D32A-B666-4384-B213-31BBF61E54F1/CVTestsSUI.app/imagenet-hard-50-subset-2500__n02088094__ILSVRC2012_val_00044215.JPEG","images/n02088094/imagenet-hard-50-subset-2500__n02088094__ILSVRC2012_val_00044215.JPEG","160","Afghan hound","224","groenendael","4,648438","224|256|230|244|232","groenendael|Newfoundland|Shetland sheepdog|Tibetan mastiff|Border collie","4,648438|4,414062|4,277344|4,171875|3,988281","false"
"/private/var/containers/Bundle/Application/4D01D32A-B666-4384-B213-31BBF61E54F1/CVTestsSUI.app/imagenet-hard-50-subset-2500__n02088238__ILSVRC2012_val_00000838.JPEG","images/n02088238/imagenet-hard-50-subset-2500__n02088238__ILSVRC2012_val_00000838.JPEG","161","basset","162","beagle","6,757812","162|166|161|785|171","beagle|Walker hound|basset|seat belt|Italian greyhound","6,757812|6,554688|5,144531|4,546875|4,332031","true"
"/private/var/containers/Bundle/Application/4D01D32A-B666-4384-B213-31BBF61E54F1/CVTestsSUI.app/imagenet-hard-50-subset-2500__n02088238__ILSVRC2012_val_00002111.JPEG","images/n02088238/imagenet-hard-50-subset-2500__n02088238__ILSVRC2012_val_00002111.JPEG","161","basset","615","knee pad","5,785156","615|208|179|223|171","knee pad|Labrador retriever|Staffordshire bullterrier|schipperke|Italian greyhound","5,785156|4,886719|4,562500|4,402344|4,277344","false"
"/private/var/containers/Bundle/Application/4D01D32A-B666-4384-B213-31BBF61E54F1/CVTestsSUI.app/imagenet-hard-50-subset-2500__n02088238__ILSVRC2012_val_00013260.JPEG","images/n02088238/imagenet-hard-50-subset-2500__n02088238__ILSVRC2012_val_00013260.JPEG","161","basset","218","Welsh springer spaniel","5,601562","218|215|161|213|162","Welsh springer spaniel|Brittany spaniel|basset|Irish setter|beagle","5,601562|4,671875|3,628906|3,345703|2,914062","true"
"/private/var/containers/Bundle/Application/4D01D32A-B666-4384-B213-31BBF61E54F1/CVTestsSUI.app/imagenet-hard-50-subset-2500__n02088238__ILSVRC2012_val_00014030.JPEG","images/n02088238/imagenet-hard-50-subset-2500__n02088238__ILSVRC2012_val_00014030.JPEG","161","basset","168","redbone","6,816406","168|159|211|237|180","redbone|Rhodesian ridgeback|vizsla|miniature pinscher|American Staffordshire terrier","6,816406|5,070312|4,460938|3,828125|2,742188","false"
"/private/var/containers/Bundle/Application/4D01D32A-B666-4384-B213-31BBF61E54F1/CVTestsSUI.app/imagenet-hard-50-subset-2500__n02088238__ILSVRC2012_val_00027114.JPEG","images/n02088238/imagenet-hard-50-subset-2500__n02088238__ILSVRC2012_val_00027114.JPEG","161","basset","162","beagle","7,675781","162|166|253|195|158","beagle|Walker hound|basenji|Boston bull|toy terrier","7,675781|7,398438|5,855469|5,839844|5,550781","false"
"/private/var/containers/Bundle/Application/4D01D32A-B666-4384-B213-31BBF61E54F1/CVTestsSUI.app/imagenet-hard-50-subset-2500__n02088238__ILSVRC2012_val_00030429.JPEG","images/n02088238/imagenet-hard-50-subset-2500__n02088238__ILSVRC2012_val_00030429.JPEG","161","basset","162","beagle","8,359375","162|161|166|167|163","beagle|basset|Walker hound|English foxhound|bloodhound","8,359375|8,117188|5,687500|5,019531|4,859375","true"
"/private/var/containers/Bundle/Application/4D01D32A-B666-4384-B213-31BBF61E54F1/CVTestsSUI.app/imagenet-hard-50-subset-2500__n02088238__ILSVRC2012_val_00033003.JPEG","images/n02088238/imagenet-hard-50-subset-2500__n02088238__ILSVRC2012_val_00033003.JPEG","161","basset","162","beagle","5,792969","162|161|168|166|167","beagle|basset|redbone|Walker hound|English foxhound","5,792969|5,445312|5,050781|4,414062|3,933594","true"
"/private/var/containers/Bundle/Application/4D01D32A-B666-4384-B213-31BBF61E54F1/CVTestsSUI.app/imagenet-hard-50-subset-2500__n02088238__ILSVRC2012_val_00035117.JPEG","images/n02088238/imagenet-hard-50-subset-2500__n02088238__ILSVRC2012_val_00035117.JPEG","161","basset","162","beagle","6,078125","162|166|257|250|248","beagle|Walker hound|Great Pyrenees|Siberian husky|Eskimo dog","6,078125|4,214844|4,156250|3,896484|3,515625","false"
"/private/var/containers/Bundle/Application/4D01D32A-B666-4384-B213-31BBF61E54F1/CVTestsSUI.app/imagenet-hard-50-subset-2500__n02088238__ILSVRC2012_val_00049931.JPEG","images/n02088238/imagenet-hard-50-subset-2500__n02088238__ILSVRC2012_val_00049931.JPEG","161","basset","207","golden retriever","6,750000","207|212|219|208|161","golden retriever|English setter|cocker spaniel|Labrador retriever|basset","6,750000|5,847656|4,636719|4,355469|4,277344","true"
"/private/var/containers/Bundle/Application/4D01D32A-B666-4384-B213-31BBF61E54F1/CVTestsSUI.app/imagenet-hard-50-subset-2500__n02088364__ILSVRC2012_val_00013381.JPEG","images/n02088364/imagenet-hard-50-subset-2500__n02088364__ILSVRC2012_val_00013381.JPEG","162","beagle","168","redbone","5,289062","168|162|166|161|159","redbone|beagle|Walker hound|basset|Rhodesian ridgeback","5,289062|5,226562|5,171875|4,949219|4,292969","true"
"/private/var/containers/Bundle/Application/4D01D32A-B666-4384-B213-31BBF61E54F1/CVTestsSUI.app/imagenet-hard-50-subset-2500__n02088364__ILSVRC2012_val_00019283.JPEG","images/n02088364/imagenet-hard-50-subset-2500__n02088364__ILSVRC2012_val_00019283.JPEG","162","beagle","161","basset","6,937500","161|162|166|218|167","basset|beagle|Walker hound|Welsh springer spaniel|English foxhound","6,937500|6,019531|3,974609|3,789062|3,261719","true"
"/private/var/containers/Bundle/Application/4D01D32A-B666-4384-B213-31BBF61E54F1/CVTestsSUI.app/imagenet-hard-50-subset-2500__n02088364__ILSVRC2012_val_00025613.JPEG","images/n02088364/imagenet-hard-50-subset-2500__n02088364__ILSVRC2012_val_00025613.JPEG","162","beagle","161","basset","5,863281","161|162|166|167|218","basset|beagle|Walker hound|English foxhound|Welsh springer spaniel","5,863281|5,851562|5,300781|4,515625|4,226562","true"
"/private/var/containers/Bundle/Application/4D01D32A-B666-4384-B213-31BBF61E54F1/CVTestsSUI.app/imagenet-hard-50-subset-2500__n02088364__ILSVRC2012_val_00028001.JPEG","images/n02088364/imagenet-hard-50-subset-2500__n02088364__ILSVRC2012_val_00028001.JPEG","162","beagle","166","Walker hound","6,273438","166|162|164|161|167","Walker hound|beagle|bluetick|basset|English foxhound","6,273438|5,933594|5,468750|5,214844|5,199219","true"
"/private/var/containers/Bundle/Application/4D01D32A-B666-4384-B213-31BBF61E54F1/CVTestsSUI.app/imagenet-hard-50-subset-2500__n02088364__ILSVRC2012_val_00034041.JPEG","images/n02088364/imagenet-hard-50-subset-2500__n02088364__ILSVRC2012_val_00034041.JPEG","162","beagle","572","goblet","3,451172","572|643|461|604|452","goblet|mask|breastplate|hourglass|bonnet","3,451172|2,742188|2,677734|2,623047|2,406250","false"
"/private/var/containers/Bundle/Application/4D01D32A-B666-4384-B213-31BBF61E54F1/CVTestsSUI.app/imagenet-hard-50-subset-2500__n02088364__ILSVRC2012_val_00035320.JPEG","images/n02088364/imagenet-hard-50-subset-2500__n02088364__ILSVRC2012_val_00035320.JPEG","162","beagle","208","Labrador retriever","5,582031","208|162|207|263|176","Labrador retriever|beagle|golden retriever|Pembroke|Saluki","5,582031|5,394531|4,421875|4,062500|3,847656","true"
"/private/var/containers/Bundle/Application/4D01D32A-B666-4384-B213-31BBF61E54F1/CVTestsSUI.app/imagenet-hard-50-subset-2500__n02088364__ILSVRC2012_val_00044978.JPEG","images/n02088364/imagenet-hard-50-subset-2500__n02088364__ILSVRC2012_val_00044978.JPEG","162","beagle","161","basset","5,347656","161|162|163|166|180","basset|beagle|bloodhound|Walker hound|American Staffordshire terrier","5,347656|5,289062|3,839844|3,281250|2,925781","true"
"/private/var/containers/Bundle/Application/4D01D32A-B666-4384-B213-31BBF61E54F1/CVTestsSUI.app/imagenet-hard-50-subset-2500__n02088364__ILSVRC2012_val_00049354.JPEG","images/n02088364/imagenet-hard-50-subset-2500__n02088364__ILSVRC2012_val_00049354.JPEG","162","beagle","161","basset","5,031250","161|215|162|166|173","basset|Brittany spaniel|beagle|Walker hound|Ibizan hound","5,031250|4,902344|4,894531|4,687500|3,863281","true"
"/private/var/containers/Bundle/Application/4D01D32A-B666-4384-B213-31BBF61E54F1/CVTestsSUI.app/imagenet-hard-50-subset-2500__n02088466__ILSVRC2012_val_00000909.JPEG","images/n02088466/imagenet-hard-50-subset-2500__n02088466__ILSVRC2012_val_00000909.JPEG","163","bloodhound","165","black-and-tan coonhound","4,585938","165|163|234|162|237","black-and-tan coonhound|bloodhound|Rottweiler|beagle|miniature pinscher","4,585938|4,308594|3,878906|3,660156|3,095703","true"
"/private/var/containers/Bundle/Application/4D01D32A-B666-4384-B213-31BBF61E54F1/CVTestsSUI.app/imagenet-hard-50-subset-2500__n02088466__ILSVRC2012_val_00002503.JPEG","images/n02088466/imagenet-hard-50-subset-2500__n02088466__ILSVRC2012_val_00002503.JPEG","163","bloodhound","237","miniature pinscher","4,695312","237|168|242|236|211","miniature pinscher|redbone|boxer|Doberman|vizsla","4,695312|4,687500|4,582031|4,445312|4,382812","false"
"/private/var/containers/Bundle/Application/4D01D32A-B666-4384-B213-31BBF61E54F1/CVTestsSUI.app/imagenet-hard-50-subset-2500__n02088466__ILSVRC2012_val_00006895.JPEG","images/n02088466/imagenet-hard-50-subset-2500__n02088466__ILSVRC2012_val_00006895.JPEG","163","bloodhound","159","Rhodesian ridgeback","4,933594","159|168|211|163|225","Rhodesian ridgeback|redbone|vizsla|bloodhound|malinois","4,933594|4,773438|4,656250|4,625000|4,125000","true"
"/private/var/containers/Bundle/Application/4D01D32A-B666-4384-B213-31BBF61E54F1/CVTestsSUI.app/imagenet-hard-50-subset-2500__n02088466__ILSVRC2012_val_00008375.JPEG","images/n02088466/imagenet-hard-50-subset-2500__n02088466__ILSVRC2012_val_00008375.JPEG","163","bloodhound","241","EntleBucher","4,867188","241|240|162|238|164","EntleBucher|Appenzeller|beagle|Greater Swiss Mountain dog|bluetick","4,867188|4,601562|4,132812|3,876953|3,384766","false"
"/private/var/containers/Bundle/Application/4D01D32A-B666-4384-B213-31BBF61E54F1/CVTestsSUI.app/imagenet-hard-50-subset-2500__n02088466__ILSVRC2012_val_00010842.JPEG","images/n02088466/imagenet-hard-50-subset-2500__n02088466__ILSVRC2012_val_00010842.JPEG","163","bloodhound","234","Rottweiler","6,105469","234|165|238|236|208","Rottweiler|black-and-tan coonhound|Greater Swiss Mountain dog|Doberman|Labrador retriever","6,105469|4,414062|4,042969|3,972656|3,906250","false"
"/private/var/containers/Bundle/Application/4D01D32A-B666-4384-B213-31BBF61E54F1/CVTestsSUI.app/imagenet-hard-50-subset-2500__n02088466__ILSVRC2012_val_00013080.JPEG","images/n02088466/imagenet-hard-50-subset-2500__n02088466__ILSVRC2012_val_00013080.JPEG","163","bloodhound","242","boxer","4,984375","242|168|236|159|163","boxer|redbone|Doberman|Rhodesian ridgeback|bloodhound","4,984375|4,597656|4,539062|4,234375|4,082031","true"
"/private/var/containers/Bundle/Application/4D01D32A-B666-4384-B213-31BBF61E54F1/CVTestsSUI.app/imagenet-hard-50-subset-2500__n02088466__ILSVRC2012_val_00013651.JPEG","images/n02088466/imagenet-hard-50-subset-2500__n02088466__ILSVRC2012_val_00013651.JPEG","163","bloodhound","161","basset","6,949219","161|163|166|176|167","basset|bloodhound|Walker hound|Saluki|English foxhound","6,949219|5,589844|4,437500|4,000000|3,822266","true"
"/private/var/containers/Bundle/Application/4D01D32A-B666-4384-B213-31BBF61E54F1/CVTestsSUI.app/imagenet-hard-50-subset-2500__n02088466__ILSVRC2012_val_00014580.JPEG","images/n02088466/imagenet-hard-50-subset-2500__n02088466__ILSVRC2012_val_00014580.JPEG","163","bloodhound","242","boxer","4,976562","242|179|180|243|162","boxer|Staffordshire bullterrier|American Staffordshire terrier|bull mastiff|beagle","4,976562|3,816406|3,722656|3,224609|3,144531","false"
"/private/var/containers/Bundle/Application/4D01D32A-B666-4384-B213-31BBF61E54F1/CVTestsSUI.app/imagenet-hard-50-subset-2500__n02088466__ILSVRC2012_val_00014631.JPEG","images/n02088466/imagenet-hard-50-subset-2500__n02088466__ILSVRC2012_val_00014631.JPEG","163","bloodhound","225","malinois","5,843750","225|163|159|243|242","malinois|bloodhound|Rhodesian ridgeback|bull mastiff|boxer","5,843750|5,613281|5,527344|5,429688|5,375000","true"
"/private/var/containers/Bundle/Application/4D01D32A-B666-4384-B213-31BBF61E54F1/CVTestsSUI.app/imagenet-hard-50-subset-2500__n02088466__ILSVRC2012_val_00015244.JPEG","images/n02088466/imagenet-hard-50-subset-2500__n02088466__ILSVRC2012_val_00015244.JPEG","163","bloodhound","161","basset","6,039062","161|163|166|168|242","basset|bloodhound|Walker hound|redbone|boxer","6,039062|5,074219|4,496094|4,121094|3,554688","true"
"/private/var/containers/Bundle/Application/4D01D32A-B666-4384-B213-31BBF61E54F1/CVTestsSUI.app/imagenet-hard-50-subset-2500__n02088466__ILSVRC2012_val_00017226.JPEG","images/n02088466/imagenet-hard-50-subset-2500__n02088466__ILSVRC2012_val_00017226.JPEG","163","bloodhound","159","Rhodesian ridgeback","5,664062","159|209|168|208|184","Rhodesian ridgeback|Chesapeake Bay retriever|redbone|Labrador retriever|Irish terrier","5,664062|5,070312|4,828125|4,574219|4,367188","false"
"/private/var/containers/Bundle/Application/4D01D32A-B666-4384-B213-31BBF61E54F1/CVTestsSUI.app/imagenet-hard-50-subset-2500__n02088466__ILSVRC2012_val_00017511.JPEG","images/n02088466/imagenet-hard-50-subset-2500__n02088466__ILSVRC2012_val_00017511.JPEG","163","bloodhound","161","basset","6,007812","161|211|166|210|173","basset|vizsla|Walker hound|German short-haired pointer|Ibizan hound","6,007812|4,152344|4,062500|3,800781|3,652344","false"
"/private/var/containers/Bundle/Application/4D01D32A-B666-4384-B213-31BBF61E54F1/CVTestsSUI.app/imagenet-hard-50-subset-2500__n02088466__ILSVRC2012_val_00018835.JPEG","images/n02088466/imagenet-hard-50-subset-2500__n02088466__ILSVRC2012_val_00018835.JPEG","163","bloodhound","167","English foxhound","6,542969","167|166|173|176|162","English foxhound|Walker hound|Ibizan hound|Saluki|beagle","6,542969|5,710938|5,531250|5,226562|4,664062","false"
"/private/var/containers/Bundle/Application/4D01D32A-B666-4384-B213-31BBF61E54F1/CVTestsSUI.app/imagenet-hard-50-subset-2500__n02088466__ILSVRC2012_val_00019241.JPEG","images/n02088466/imagenet-hard-50-subset-2500__n02088466__ILSVRC2012_val_00019241.JPEG","163","bloodhound","161","basset","8,062500","161|162|164|166|163","basset|beagle|bluetick|Walker hound|bloodhound","8,062500|6,492188|5,925781|5,566406|4,164062","true"
"/private/var/containers/Bundle/Application/4D01D32A-B666-4384-B213-31BBF61E54F1/CVTestsSUI.app/imagenet-hard-50-subset-2500__n02088466__ILSVRC2012_val_00020047.JPEG","images/n02088466/imagenet-hard-50-subset-2500__n02088466__ILSVRC2012_val_00020047.JPEG","163","bloodhound","159","Rhodesian ridgeback","5,527344","159|168|180|179|243","Rhodesian ridgeback|redbone|American Staffordshire terrier|Staffordshire bullterrier|bull mastiff","5,527344|5,175781|4,480469|4,007812|3,947266","false"
"/private/var/containers/Bundle/Application/4D01D32A-B666-4384-B213-31BBF61E54F1/CVTestsSUI.app/imagenet-hard-50-subset-2500__n02088466__ILSVRC2012_val_00024046.JPEG","images/n02088466/imagenet-hard-50-subset-2500__n02088466__ILSVRC2012_val_00024046.JPEG","163","bloodhound","161","basset","9,625000","161|163|166|162|164","basset|bloodhound|Walker hound|beagle|bluetick","9,625000|5,542969|5,480469|5,273438|4,167969","true"
"/private/var/containers/Bundle/Application/4D01D32A-B666-4384-B213-31BBF61E54F1/CVTestsSUI.app/imagenet-hard-50-subset-2500__n02088466__ILSVRC2012_val_00024090.JPEG","images/n02088466/imagenet-hard-50-subset-2500__n02088466__ILSVRC2012_val_00024090.JPEG","163","bloodhound","162","beagle","5,582031","162|161|264|164|263","beagle|basset|Cardigan|bluetick|Pembroke","5,582031|4,898438|4,425781|3,839844|3,814453","false"
"/private/var/containers/Bundle/Application/4D01D32A-B666-4384-B213-31BBF61E54F1/CVTestsSUI.app/imagenet-hard-50-subset-2500__n02088466__ILSVRC2012_val_00024505.JPEG","images/n02088466/imagenet-hard-50-subset-2500__n02088466__ILSVRC2012_val_00024505.JPEG","163","bloodhound","168","redbone","5,796875","168|159|211|163|178","redbone|Rhodesian ridgeback|vizsla|bloodhound|Weimaraner","5,796875|5,218750|4,128906|3,679688|3,367188","true"
"/private/var/containers/Bundle/Application/4D01D32A-B666-4384-B213-31BBF61E54F1/CVTestsSUI.app/imagenet-hard-50-subset-2500__n02088466__ILSVRC2012_val_00028118.JPEG","images/n02088466/imagenet-hard-50-subset-2500__n02088466__ILSVRC2012_val_00028118.JPEG","163","bloodhound","281","tabby","4,605469","281|282|285|283|700","tabby|tiger cat|Egyptian cat|Persian cat|paper towel","4,605469|4,144531|3,792969|3,103516|2,871094","false"
"/private/var/containers/Bundle/Application/4D01D32A-B666-4384-B213-31BBF61E54F1/CVTestsSUI.app/imagenet-hard-50-subset-2500__n02088466__ILSVRC2012_val_00029326.JPEG","images/n02088466/imagenet-hard-50-subset-2500__n02088466__ILSVRC2012_val_00029326.JPEG","163","bloodhound","159","Rhodesian ridgeback","4,484375","159|211|168|227|213","Rhodesian ridgeback|vizsla|redbone|kelpie|Irish setter","4,484375|4,316406|4,195312|3,166016|2,878906","false"
"/private/var/containers/Bundle/Application/4D01D32A-B666-4384-B213-31BBF61E54F1/CVTestsSUI.app/imagenet-hard-50-subset-2500__n02088466__ILSVRC2012_val_00031603.JPEG","images/n02088466/imagenet-hard-50-subset-2500__n02088466__ILSVRC2012_val_00031603.JPEG","163","bloodhound","245","French bulldog","4,996094","245|208|254|243|180","French bulldog|Labrador retriever|pug|bull mastiff|American Staffordshire terrier","4,996094|4,828125|4,402344|4,382812|4,281250","false"
"/private/var/containers/Bundle/Application/4D01D32A-B666-4384-B213-31BBF61E54F1/CVTestsSUI.app/imagenet-hard-50-subset-2500__n02088466__ILSVRC2012_val_00032365.JPEG","images/n02088466/imagenet-hard-50-subset-2500__n02088466__ILSVRC2012_val_00032365.JPEG","163","bloodhound","167","English foxhound","5,890625","167|166|162|161|238","English foxhound|Walker hound|beagle|basset|Greater Swiss Mountain dog","5,890625|5,777344|4,371094|4,097656|3,683594","false"
"/private/var/containers/Bundle/Application/4D01D32A-B666-4384-B213-31BBF61E54F1/CVTestsSUI.app/imagenet-hard-50-subset-2500__n02088466__ILSVRC2012_val_00036523.JPEG","images/n02088466/imagenet-hard-50-subset-2500__n02088466__ILSVRC2012_val_00036523.JPEG","163","bloodhound","161","basset","6,281250","161|163|162|166|167","basset|bloodhound|beagle|Walker hound|English foxhound","6,281250|5,890625|3,871094|3,664062|2,720703","true"
"/private/var/containers/Bundle/Application/4D01D32A-B666-4384-B213-31BBF61E54F1/CVTestsSUI.app/imagenet-hard-50-subset-2500__n02088466__ILSVRC2012_val_00038054.JPEG","images/n02088466/imagenet-hard-50-subset-2500__n02088466__ILSVRC2012_val_00038054.JPEG","163","bloodhound","273","dingo","4,015625","273|260|253|180|225","dingo|chow|basenji|American Staffordshire terrier|malinois","4,015625|3,175781|3,173828|3,162109|2,839844","false"
"/private/var/containers/Bundle/Application/4D01D32A-B666-4384-B213-31BBF61E54F1/CVTestsSUI.app/imagenet-hard-50-subset-2500__n02088466__ILSVRC2012_val_00039900.JPEG","images/n02088466/imagenet-hard-50-subset-2500__n02088466__ILSVRC2012_val_00039900.JPEG","163","bloodhound","385","Indian elephant","3,583984","385|208|876|435|386","Indian elephant|Labrador retriever|tub|bathtub|African elephant","3,583984|3,470703|3,326172|3,277344|3,263672","false"
"/private/var/containers/Bundle/Application/4D01D32A-B666-4384-B213-31BBF61E54F1/CVTestsSUI.app/imagenet-hard-50-subset-2500__n02088466__ILSVRC2012_val_00042692.JPEG","images/n02088466/imagenet-hard-50-subset-2500__n02088466__ILSVRC2012_val_00042692.JPEG","163","bloodhound","209","Chesapeake Bay retriever","4,796875","209|208|178|243|220","Chesapeake Bay retriever|Labrador retriever|Weimaraner|bull mastiff|Sussex spaniel","4,796875|4,007812|3,560547|3,492188|3,265625","false"
"/private/var/containers/Bundle/Application/4D01D32A-B666-4384-B213-31BBF61E54F1/CVTestsSUI.app/imagenet-hard-50-subset-2500__n02088466__ILSVRC2012_val_00044554.JPEG","images/n02088466/imagenet-hard-50-subset-2500__n02088466__ILSVRC2012_val_00044554.JPEG","163","bloodhound","211","vizsla","5,851562","211|163|168|159|243","vizsla|bloodhound|redbone|Rhodesian ridgeback|bull mastiff","5,851562|5,593750|4,984375|4,308594|4,253906","true"
"/private/var/containers/Bundle/Application/4D01D32A-B666-4384-B213-31BBF61E54F1/CVTestsSUI.app/imagenet-hard-50-subset-2500__n02088466__ILSVRC2012_val_00044716.JPEG","images/n02088466/imagenet-hard-50-subset-2500__n02088466__ILSVRC2012_val_00044716.JPEG","163","bloodhound","208","Labrador retriever","4,976562","208|205|164|210|219","Labrador retriever|flat-coated retriever|bluetick|German short-haired pointer|cocker spaniel","4,976562|4,710938|4,382812|3,976562|3,849609","false"
"/private/var/containers/Bundle/Application/4D01D32A-B666-4384-B213-31BBF61E54F1/CVTestsSUI.app/imagenet-hard-50-subset-2500__n02088466__ILSVRC2012_val_00049762.JPEG","images/n02088466/imagenet-hard-50-subset-2500__n02088466__ILSVRC2012_val_00049762.JPEG","163","bloodhound","161","basset","5,007812","161|162|168|163|211","basset|beagle|redbone|bloodhound|vizsla","5,007812|4,445312|4,398438|4,175781|3,734375","true"
"/private/var/containers/Bundle/Application/4D01D32A-B666-4384-B213-31BBF61E54F1/CVTestsSUI.app/imagenet-hard-50-subset-2500__n02088632__ILSVRC2012_val_00017281.JPEG","images/n02088632/imagenet-hard-50-subset-2500__n02088632__ILSVRC2012_val_00017281.JPEG","164","bluetick","166","Walker hound","6,742188","166|167|164|162|163","Walker hound|English foxhound|bluetick|beagle|bloodhound","6,742188|6,199219|6,117188|5,527344|4,531250","true"
"/private/var/containers/Bundle/Application/4D01D32A-B666-4384-B213-31BBF61E54F1/CVTestsSUI.app/imagenet-hard-50-subset-2500__n02088632__ILSVRC2012_val_00032000.JPEG","images/n02088632/imagenet-hard-50-subset-2500__n02088632__ILSVRC2012_val_00032000.JPEG","164","bluetick","179","Staffordshire bullterrier","4,164062","179|242|180|171|246","Staffordshire bullterrier|boxer|American Staffordshire terrier|Italian greyhound|Great Dane","4,164062|4,085938|4,082031|3,537109|3,179688","false"
"/private/var/containers/Bundle/Application/4D01D32A-B666-4384-B213-31BBF61E54F1/CVTestsSUI.app/imagenet-hard-50-subset-2500__n02088632__ILSVRC2012_val_00045887.JPEG","images/n02088632/imagenet-hard-50-subset-2500__n02088632__ILSVRC2012_val_00045887.JPEG","164","bluetick","241","EntleBucher","5,324219","241|164|238|234|240","EntleBucher|bluetick|Greater Swiss Mountain dog|Rottweiler|Appenzeller","5,324219|4,718750|4,558594|3,904297|3,791016","true"
"/private/var/containers/Bundle/Application/4D01D32A-B666-4384-B213-31BBF61E54F1/CVTestsSUI.app/imagenet-hard-50-subset-2500__n02088632__ILSVRC2012_val_00046158.JPEG","images/n02088632/imagenet-hard-50-subset-2500__n02088632__ILSVRC2012_val_00046158.JPEG","164","bluetick","162","beagle","5,820312","162|164|166|161|241","beagle|bluetick|Walker hound|basset|EntleBucher","5,820312|4,964844|4,843750|4,839844|4,058594","true"
"/private/var/containers/Bundle/Application/4D01D32A-B666-4384-B213-31BBF61E54F1/CVTestsSUI.app/imagenet-hard-50-subset-2500__n02088632__ILSVRC2012_val_00046273.JPEG","images/n02088632/imagenet-hard-50-subset-2500__n02088632__ILSVRC2012_val_00046273.JPEG","164","bluetick","151","Chihuahua","4,292969","151|217|158|171|195","Chihuahua|English springer|toy terrier|Italian greyhound|Boston bull","4,292969|3,808594|3,603516|3,529297|3,382812","false"
"/private/var/containers/Bundle/Application/4D01D32A-B666-4384-B213-31BBF61E54F1/CVTestsSUI.app/imagenet-hard-50-subset-2500__n02088632__ILSVRC2012_val_00049516.JPEG","images/n02088632/imagenet-hard-50-subset-2500__n02088632__ILSVRC2012_val_00049516.JPEG","164","bluetick","176","Saluki","6,027344","176|248|250|166|169","Saluki|Eskimo dog|Siberian husky|Walker hound|borzoi","6,027344|4,707031|4,644531|3,853516|3,783203","false"
"/private/var/containers/Bundle/Application/4D01D32A-B666-4384-B213-31BBF61E54F1/CVTestsSUI.app/imagenet-hard-50-subset-2500__n02088632__ILSVRC2012_val_00049779.JPEG","images/n02088632/imagenet-hard-50-subset-2500__n02088632__ILSVRC2012_val_00049779.JPEG","164","bluetick","151","Chihuahua","3,822266","151|164|434|195|232","Chihuahua|bluetick|bath towel|Boston bull|Border collie","3,822266|3,671875|3,630859|3,589844|3,478516","true"
"/private/var/containers/Bundle/Application/4D01D32A-B666-4384-B213-31BBF61E54F1/CVTestsSUI.app/imagenet-hard-50-subset-2500__n02089078__ILSVRC2012_val_00000327.JPEG","images/n02089078/imagenet-hard-50-subset-2500__n02089078__ILSVRC2012_val_00000327.JPEG","165","black-and-tan coonhound","234","Rottweiler","4,855469","234|236|237|240|241","Rottweiler|Doberman|miniature pinscher|Appenzeller|EntleBucher","4,855469|4,378906|3,972656|3,798828|3,648438","false"
"/private/var/containers/Bundle/Application/4D01D32A-B666-4384-B213-31BBF61E54F1/CVTestsSUI.app/imagenet-hard-50-subset-2500__n02089078__ILSVRC2012_val_00002398.JPEG","images/n02089078/imagenet-hard-50-subset-2500__n02089078__ILSVRC2012_val_00002398.JPEG","165","black-and-tan coonhound","237","miniature pinscher","5,039062","237|236|234|165|676","miniature pinscher|Doberman|Rottweiler|black-and-tan coonhound|muzzle","5,039062|4,832031|4,535156|3,832031|2,835938","true"
"/private/var/containers/Bundle/Application/4D01D32A-B666-4384-B213-31BBF61E54F1/CVTestsSUI.app/imagenet-hard-50-subset-2500__n02089078__ILSVRC2012_val_00006401.JPEG","images/n02089078/imagenet-hard-50-subset-2500__n02089078__ILSVRC2012_val_00006401.JPEG","165","black-and-tan coonhound","162","beagle","5,074219","162|167|166|165|164","beagle|English foxhound|Walker hound|black-and-tan coonhound|bluetick","5,074219|4,312500|4,183594|4,156250|3,890625","true"
"/private/var/containers/Bundle/Application/4D01D32A-B666-4384-B213-31BBF61E54F1/CVTestsSUI.app/imagenet-hard-50-subset-2500__n02089078__ILSVRC2012_val_00006415.JPEG","images/n02089078/imagenet-hard-50-subset-2500__n02089078__ILSVRC2012_val_00006415.JPEG","165","black-and-tan coonhound","241","EntleBucher","5,203125","241|234|165|238|164","EntleBucher|Rottweiler|black-and-tan coonhound|Greater Swiss Mountain dog|bluetick","5,203125|5,144531|4,890625|4,859375|4,804688","true"
"/private/var/containers/Bundle/Application/4D01D32A-B666-4384-B213-31BBF61E54F1/CVTestsSUI.app/imagenet-hard-50-subset-2500__n02089078__ILSVRC2012_val_00008152.JPEG","images/n02089078/imagenet-hard-50-subset-2500__n02089078__ILSVRC2012_val_00008152.JPEG","165","black-and-tan coonhound","236","Doberman","5,953125","236|165|237|168|234","Doberman|black-and-tan coonhound|miniature pinscher|redbone|Rottweiler","5,953125|5,187500|5,152344|3,982422|3,964844","true"
"/private/var/containers/Bundle/Application/4D01D32A-B666-4384-B213-31BBF61E54F1/CVTestsSUI.app/imagenet-hard-50-subset-2500__n02089078__ILSVRC2012_val_00009405.JPEG","images/n02089078/imagenet-hard-50-subset-2500__n02089078__ILSVRC2012_val_00009405.JPEG","165","black-and-tan coonhound","236","Doberman","4,765625","236|234|165|237|240","Doberman|Rottweiler|black-and-tan coonhound|miniature pinscher|Appenzeller","4,765625|4,691406|4,460938|3,123047|2,287109","true"
"/private/var/containers/Bundle/Application/4D01D32A-B666-4384-B213-31BBF61E54F1/CVTestsSUI.app/imagenet-hard-50-subset-2500__n02089078__ILSVRC2012_val_00012055.JPEG","images/n02089078/imagenet-hard-50-subset-2500__n02089078__ILSVRC2012_val_00012055.JPEG","165","black-and-tan coonhound","236","Doberman","6,011719","236|237|234|165|159","Doberman|miniature pinscher|Rottweiler|black-and-tan coonhound|Rhodesian ridgeback","6,011719|4,609375|4,296875|4,011719|3,888672","true"
"/private/var/containers/Bundle/Application/4D01D32A-B666-4384-B213-31BBF61E54F1/CVTestsSUI.app/imagenet-hard-50-subset-2500__n02089078__ILSVRC2012_val_00012293.JPEG","images/n02089078/imagenet-hard-50-subset-2500__n02089078__ILSVRC2012_val_00012293.JPEG","165","black-and-tan coonhound","179","Staffordshire bullterrier","5,804688","179|246|180|197|236","Staffordshire bullterrier|Great Dane|American Staffordshire terrier|giant schnauzer|Doberman","5,804688|5,539062|5,066406|4,972656|4,808594","false"
"/private/var/containers/Bundle/Application/4D01D32A-B666-4384-B213-31BBF61E54F1/CVTestsSUI.app/imagenet-hard-50-subset-2500__n02089078__ILSVRC2012_val_00019462.JPEG","images/n02089078/imagenet-hard-50-subset-2500__n02089078__ILSVRC2012_val_00019462.JPEG","165","black-and-tan coonhound","236","Doberman","5,488281","236|165|237|234|164","Doberman|black-and-tan coonhound|miniature pinscher|Rottweiler|bluetick","5,488281|4,937500|4,410156|4,132812|3,625000","true"
"/private/var/containers/Bundle/Application/4D01D32A-B666-4384-B213-31BBF61E54F1/CVTestsSUI.app/imagenet-hard-50-subset-2500__n02089078__ILSVRC2012_val_00021831.JPEG","images/n02089078/imagenet-hard-50-subset-2500__n02089078__ILSVRC2012_val_00021831.JPEG","165","black-and-tan coonhound","234","Rottweiler","6,785156","234|236|165|237|214","Rottweiler|Doberman|black-and-tan coonhound|miniature pinscher|Gordon setter","6,785156|6,464844|5,437500|4,941406|3,251953","true"
"/private/var/containers/Bundle/Application/4D01D32A-B666-4384-B213-31BBF61E54F1/CVTestsSUI.app/imagenet-hard-50-subset-2500__n02089078__ILSVRC2012_val_00023966.JPEG","images/n02089078/imagenet-hard-50-subset-2500__n02089078__ILSVRC2012_val_00023966.JPEG","165","black-and-tan coonhound","236","Doberman","6,070312","236|234|238|165|237","Doberman|Rottweiler|Greater Swiss Mountain dog|black-and-tan coonhound|miniature pinscher","6,070312|5,734375|4,898438|4,597656|4,476562","true"
"/private/var/containers/Bundle/Application/4D01D32A-B666-4384-B213-31BBF61E54F1/CVTestsSUI.app/imagenet-hard-50-subset-2500__n02089078__ILSVRC2012_val_00025165.JPEG","images/n02089078/imagenet-hard-50-subset-2500__n02089078__ILSVRC2012_val_00025165.JPEG","165","black-and-tan coonhound","241","EntleBucher","5,363281","241|238|227|234|240","EntleBucher|Greater Swiss Mountain dog|kelpie|Rottweiler|Appenzeller","5,363281|5,035156|4,953125|4,890625|4,570312","false"
"/private/var/containers/Bundle/Application/4D01D32A-B666-4384-B213-31BBF61E54F1/CVTestsSUI.app/imagenet-hard-50-subset-2500__n02089078__ILSVRC2012_val_00025466.JPEG","images/n02089078/imagenet-hard-50-subset-2500__n02089078__ILSVRC2012_val_00025466.JPEG","165","black-and-tan coonhound","164","bluetick","5,285156","164|234|165|244|241","bluetick|Rottweiler|black-and-tan coonhound|Tibetan mastiff|EntleBucher","5,285156|4,808594|4,738281|4,312500|4,246094","true"
"/private/var/containers/Bundle/Application/4D01D32A-B666-4384-B213-31BBF61E54F1/CVTestsSUI.app/imagenet-hard-50-subset-2500__n02089078__ILSVRC2012_val_00029836.JPEG","images/n02089078/imagenet-hard-50-subset-2500__n02089078__ILSVRC2012_val_00029836.JPEG","165","black-and-tan coonhound","236","Doberman","5,343750","236|237|227|235|225","Doberman|miniature pinscher|kelpie|German shepherd|malinois","5,343750|5,214844|4,445312|4,183594|4,117188","false"
"/private/var/containers/Bundle/Application/4D01D32A-B666-4384-B213-31BBF61E54F1/CVTestsSUI.app/imagenet-hard-50-subset-2500__n02089078__ILSVRC2012_val_00029973.JPEG","images/n02089078/imagenet-hard-50-subset-2500__n02089078__ILSVRC2012_val_00029973.JPEG","165","black-and-tan coonhound","234","Rottweiler","5,128906","234|165|236|237|214","Rottweiler|black-and-tan coonhound|Doberman|miniature pinscher|Gordon setter","5,128906|4,933594|4,929688|3,636719|2,658203","true"
"/private/var/containers/Bundle/Application/4D01D32A-B666-4384-B213-31BBF61E54F1/CVTestsSUI.app/imagenet-hard-50-subset-2500__n02089078__ILSVRC2012_val_00030002.JPEG","images/n02089078/imagenet-hard-50-subset-2500__n02089078__ILSVRC2012_val_00030002.JPEG","165","black-and-tan coonhound","234","Rottweiler","5,750000","234|214|236|164|165","Rottweiler|Gordon setter|Doberman|bluetick|black-and-tan coonhound","5,750000|4,382812|3,687500|3,347656|3,181641","true"
"/private/var/containers/Bundle/Application/4D01D32A-B666-4384-B213-31BBF61E54F1/CVTestsSUI.app/imagenet-hard-50-subset-2500__n02089078__ILSVRC2012_val_00030928.JPEG","images/n02089078/imagenet-hard-50-subset-2500__n02089078__ILSVRC2012_val_00030928.JPEG","165","black-and-tan coonhound","240","Appenzeller","3,962891","240|180|241|238|253","Appenzeller|American Staffordshire terrier|EntleBucher|Greater Swiss Mountain dog|basenji","3,962891|3,859375|3,759766|3,656250|3,232422","false"
"/private/var/containers/Bundle/Application/4D01D32A-B666-4384-B213-31BBF61E54F1/CVTestsSUI.app/imagenet-hard-50-subset-2500__n02089078__ILSVRC2012_val_00031040.JPEG","images/n02089078/imagenet-hard-50-subset-2500__n02089078__ILSVRC2012_val_00031040.JPEG","165","black-and-tan coonhound","234","Rottweiler","5,867188","234|165|236|238|208","Rottweiler|black-and-tan coonhound|Doberman|Greater Swiss Mountain dog|Labrador retriever","5,867188|5,121094|5,070312|4,726562|4,359375","true"
"/private/var/containers/Bundle/Application/4D01D32A-B666-4384-B213-31BBF61E54F1/CVTestsSUI.app/imagenet-hard-50-subset-2500__n02089078__ILSVRC2012_val_00031699.JPEG","images/n02089078/imagenet-hard-50-subset-2500__n02089078__ILSVRC2012_val_00031699.JPEG","165","black-and-tan coonhound","238","Greater Swiss Mountain dog","4,882812","238|164|195|166|242","Greater Swiss Mountain dog|bluetick|Boston bull|Walker hound|boxer","4,882812|4,742188|4,687500|4,679688|4,394531","false"
"/private/var/containers/Bundle/Application/4D01D32A-B666-4384-B213-31BBF61E54F1/CVTestsSUI.app/imagenet-hard-50-subset-2500__n02089078__ILSVRC2012_val_00033531.JPEG","images/n02089078/imagenet-hard-50-subset-2500__n02089078__ILSVRC2012_val_00033531.JPEG","165","black-and-tan coonhound","234","Rottweiler","4,714844","234|163|179|165|236","Rottweiler|bloodhound|Staffordshire bullterrier|black-and-tan coonhound|Doberman","4,714844|4,402344|3,949219|3,810547|3,595703","true"
"/private/var/containers/Bundle/Application/4D01D32A-B666-4384-B213-31BBF61E54F1/CVTestsSUI.app/imagenet-hard-50-subset-2500__n02089078__ILSVRC2012_val_00034171.JPEG","images/n02089078/imagenet-hard-50-subset-2500__n02089078__ILSVRC2012_val_00034171.JPEG","165","black-and-tan coonhound","236","Doberman","7,589844","236|234|165|237|214","Doberman|Rottweiler|black-and-tan coonhound|miniature pinscher|Gordon setter","7,589844|6,734375|5,503906|5,175781|3,369141","true"
"/private/var/containers/Bundle/Application/4D01D32A-B666-4384-B213-31BBF61E54F1/CVTestsSUI.app/imagenet-hard-50-subset-2500__n02089078__ILSVRC2012_val_00037559.JPEG","images/n02089078/imagenet-hard-50-subset-2500__n02089078__ILSVRC2012_val_00037559.JPEG","165","black-and-tan coonhound","159","Rhodesian ridgeback","4,121094","159|236|165|171|162","Rhodesian ridgeback|Doberman|black-and-tan coonhound|Italian greyhound|beagle","4,121094|3,845703|3,767578|3,712891|3,687500","true"
"/private/var/containers/Bundle/Application/4D01D32A-B666-4384-B213-31BBF61E54F1/CVTestsSUI.app/imagenet-hard-50-subset-2500__n02089078__ILSVRC2012_val_00037609.JPEG","images/n02089078/imagenet-hard-50-subset-2500__n02089078__ILSVRC2012_val_00037609.JPEG","165","black-and-tan coonhound","234","Rottweiler","6,960938","234|208|238|240|197","Rottweiler|Labrador retriever|Greater Swiss Mountain dog|Appenzeller|giant schnauzer","6,960938|5,347656|5,074219|4,886719|4,460938","false"
"/private/var/containers/Bundle/Application/4D01D32A-B666-4384-B213-31BBF61E54F1/CVTestsSUI.app/imagenet-hard-50-subset-2500__n02089078__ILSVRC2012_val_00039934.JPEG","images/n02089078/imagenet-hard-50-subset-2500__n02089078__ILSVRC2012_val_00039934.JPEG","165","black-and-tan coonhound","234","Rottweiler","5,531250","234|165|237|236|163","Rottweiler|black-and-tan coonhound|miniature pinscher|Doberman|bloodhound","5,531250|5,023438|4,808594|4,132812|3,332031","true"
"/private/var/containers/Bundle/Application/4D01D32A-B666-4384-B213-31BBF61E54F1/CVTestsSUI.app/imagenet-hard-50-subset-2500__n02089078__ILSVRC2012_val_00041629.JPEG","images/n02089078/imagenet-hard-50-subset-2500__n02089078__ILSVRC2012_val_00041629.JPEG","165","black-and-tan coonhound","239","Bernese mountain dog","5,613281","239|214|244|240|256","Bernese mountain dog|Gordon setter|Tibetan mastiff|Appenzeller|Newfoundland","5,613281|4,921875|3,691406|3,353516|3,208984","false"
"/private/var/containers/Bundle/Application/4D01D32A-B666-4384-B213-31BBF61E54F1/CVTestsSUI.app/imagenet-hard-50-subset-2500__n02089078__ILSVRC2012_val_00041810.JPEG","images/n02089078/imagenet-hard-50-subset-2500__n02089078__ILSVRC2012_val_00041810.JPEG","165","black-and-tan coonhound","163","bloodhound","5,015625","163|730|234|238|227","bloodhound|plow|Rottweiler|Greater Swiss Mountain dog|kelpie","5,015625|4,773438|4,546875|4,019531|3,744141","false"
"/private/var/containers/Bundle/Application/4D01D32A-B666-4384-B213-31BBF61E54F1/CVTestsSUI.app/imagenet-hard-50-subset-2500__n02089078__ILSVRC2012_val_00043206.JPEG","images/n02089078/imagenet-hard-50-subset-2500__n02089078__ILSVRC2012_val_00043206.JPEG","165","black-and-tan coonhound","237","miniature pinscher","6,050781","237|165|236|234|168","miniature pinscher|black-and-tan coonhound|Doberman|Rottweiler|redbone","6,050781|5,125000|5,007812|3,880859|3,718750","true"
"/private/var/containers/Bundle/Application/4D01D32A-B666-4384-B213-31BBF61E54F1/CVTestsSUI.app/imagenet-hard-50-subset-2500__n02089078__ILSVRC2012_val_00045901.JPEG","images/n02089078/imagenet-hard-50-subset-2500__n02089078__ILSVRC2012_val_00045901.JPEG","165","black-and-tan coonhound","236","Doberman","5,605469","236|158|237|165|227","Doberman|toy terrier|miniature pinscher|black-and-tan coonhound|kelpie","5,605469|4,996094|4,714844|3,751953|3,011719","true"
"/private/var/containers/Bundle/Application/4D01D32A-B666-4384-B213-31BBF61E54F1/CVTestsSUI.app/imagenet-hard-50-subset-2500__n02089078__ILSVRC2012_val_00047543.JPEG","images/n02089078/imagenet-hard-50-subset-2500__n02089078__ILSVRC2012_val_00047543.JPEG","165","black-and-tan coonhound","234","Rottweiler","5,632812","234|165|237|236|163","Rottweiler|black-and-tan coonhound|miniature pinscher|Doberman|bloodhound","5,632812|5,023438|4,988281|4,414062|3,802734","true"
"/private/var/containers/Bundle/Application/4D01D32A-B666-4384-B213-31BBF61E54F1/CVTestsSUI.app/imagenet-hard-50-subset-2500__n02089078__ILSVRC2012_val_00049198.JPEG","images/n02089078/imagenet-hard-50-subset-2500__n02089078__ILSVRC2012_val_00049198.JPEG","165","black-and-tan coonhound","234","Rottweiler","4,855469","234|165|214|236|237","Rottweiler|black-and-tan coonhound|Gordon setter|Doberman|miniature pinscher","4,855469|4,433594|4,425781|3,941406|3,242188","true"
"/private/var/containers/Bundle/Application/4D01D32A-B666-4384-B213-31BBF61E54F1/CVTestsSUI.app/imagenet-hard-50-subset-2500__n02089078__ILSVRC2012_val_00049229.JPEG","images/n02089078/imagenet-hard-50-subset-2500__n02089078__ILSVRC2012_val_00049229.JPEG","165","black-and-tan coonhound","238","Greater Swiss Mountain dog","5,812500","238|166|241|240|164","Greater Swiss Mountain dog|Walker hound|EntleBucher|Appenzeller|bluetick","5,812500|5,621094|5,246094|4,785156|4,453125","false"
"/private/var/containers/Bundle/Application/4D01D32A-B666-4384-B213-31BBF61E54F1/CVTestsSUI.app/imagenet-hard-50-subset-2500__n02089867__ILSVRC2012_val_00001538.JPEG","images/n02089867/imagenet-hard-50-subset-2500__n02089867__ILSVRC2012_val_00001538.JPEG","166","Walker hound","240","Appenzeller","4,910156","240|238|166|241|162","Appenzeller|Greater Swiss Mountain dog|Walker hound|EntleBucher|beagle","4,910156|4,710938|4,429688|4,261719|3,902344","true"
"/private/var/containers/Bundle/Application/4D01D32A-B666-4384-B213-31BBF61E54F1/CVTestsSUI.app/imagenet-hard-50-subset-2500__n02089867__ILSVRC2012_val_00002373.JPEG","images/n02089867/imagenet-hard-50-subset-2500__n02089867__ILSVRC2012_val_00002373.JPEG","166","Walker hound","215","Brittany spaniel","5,183594","215|166|167|247|210","Brittany spaniel|Walker hound|English foxhound|Saint Bernard|German short-haired pointer","5,183594|5,015625|4,546875|4,328125|3,365234","true"
"/private/var/containers/Bundle/Application/4D01D32A-B666-4384-B213-31BBF61E54F1/CVTestsSUI.app/imagenet-hard-50-subset-2500__n02089867__ILSVRC2012_val_00002656.JPEG","images/n02089867/imagenet-hard-50-subset-2500__n02089867__ILSVRC2012_val_00002656.JPEG","166","Walker hound","162","beagle","6,160156","162|166|161|167|164","beagle|Walker hound|basset|English foxhound|bluetick","6,160156|5,765625|4,742188|3,849609|2,970703","true"
"/private/var/containers/Bundle/Application/4D01D32A-B666-4384-B213-31BBF61E54F1/CVTestsSUI.app/imagenet-hard-50-subset-2500__n02089867__ILSVRC2012_val_00004148.JPEG","images/n02089867/imagenet-hard-50-subset-2500__n02089867__ILSVRC2012_val_00004148.JPEG","166","Walker hound","171","Italian greyhound","4,761719","171|158|166|180|172","Italian greyhound|toy terrier|Walker hound|American Staffordshire terrier|whippet","4,761719|4,257812|4,222656|4,082031|3,929688","true"
"/private/var/containers/Bundle/Application/4D01D32A-B666-4384-B213-31BBF61E54F1/CVTestsSUI.app/imagenet-hard-50-subset-2500__n02089867__ILSVRC2012_val_00007945.JPEG","images/n02089867/imagenet-hard-50-subset-2500__n02089867__ILSVRC2012_val_00007945.JPEG","166","Walker hound","161","basset","8,117188","161|166|164|163|167","basset|Walker hound|bluetick|bloodhound|English foxhound","8,117188|7,136719|6,167969|5,015625|4,949219","true"
"/private/var/containers/Bundle/Application/4D01D32A-B666-4384-B213-31BBF61E54F1/CVTestsSUI.app/imagenet-hard-50-subset-2500__n02089867__ILSVRC2012_val_00008536.JPEG","images/n02089867/imagenet-hard-50-subset-2500__n02089867__ILSVRC2012_val_00008536.JPEG","166","Walker hound","162","beagle","7,339844","162|166|167|161|253","beagle|Walker hound|English foxhound|basset|basenji","7,339844|6,351562|6,011719|5,121094|3,468750","true"
"/private/var/containers/Bundle/Application/4D01D32A-B666-4384-B213-31BBF61E54F1/CVTestsSUI.app/imagenet-hard-50-subset-2500__n02089867__ILSVRC2012_val_00009220.JPEG","images/n02089867/imagenet-hard-50-subset-2500__n02089867__ILSVRC2012_val_00009220.JPEG","166","Walker hound","162","beagle","8,031250","162|161|166|167|164","beagle|basset|Walker hound|English foxhound|bluetick","8,031250|6,953125|5,875000|4,777344|3,380859","true"
"/private/var/containers/Bundle/Application/4D01D32A-B666-4384-B213-31BBF61E54F1/CVTestsSUI.app/imagenet-hard-50-subset-2500__n02089867__ILSVRC2012_val_00010249.JPEG","images/n02089867/imagenet-hard-50-subset-2500__n02089867__ILSVRC2012_val_00010249.JPEG","166","Walker hound","162","beagle","7,007812","162|166|167|161|253","beagle|Walker hound|English foxhound|basset|basenji","7,007812|6,917969|5,531250|5,027344|3,242188","true"
"/private/var/containers/Bundle/Application/4D01D32A-B666-4384-B213-31BBF61E54F1/CVTestsSUI.app/imagenet-hard-50-subset-2500__n02089867__ILSVRC2012_val_00010626.JPEG","images/n02089867/imagenet-hard-50-subset-2500__n02089867__ILSVRC2012_val_00010626.JPEG","166","Walker hound","162","beagle","6,339844","162|166|167|161|247","beagle|Walker hound|English foxhound|basset|Saint Bernard","6,339844|5,589844|4,957031|3,603516|3,210938","true"
"/private/var/containers/Bundle/Application/4D01D32A-B666-4384-B213-31BBF61E54F1/CVTestsSUI.app/imagenet-hard-50-subset-2500__n02089867__ILSVRC2012_val_00010950.JPEG","images/n02089867/imagenet-hard-50-subset-2500__n02089867__ILSVRC2012_val_00010950.JPEG","166","Walker hound","795","ski","5,242188","795|792|247|166|802","ski|shovel|Saint Bernard|Walker hound|snowmobile","5,242188|3,910156|3,337891|3,195312|2,863281","true"
"/private/var/containers/Bundle/Application/4D01D32A-B666-4384-B213-31BBF61E54F1/CVTestsSUI.app/imagenet-hard-50-subset-2500__n02089867__ILSVRC2012_val_00011792.JPEG","images/n02089867/imagenet-hard-50-subset-2500__n02089867__ILSVRC2012_val_00011792.JPEG","166","Walker hound","167","English foxhound","4,792969","167|215|166|162|173","English foxhound|Brittany spaniel|Walker hound|beagle|Ibizan hound","4,792969|4,773438|4,683594|4,445312|4,425781","true"
"/private/var/containers/Bundle/Application/4D01D32A-B666-4384-B213-31BBF61E54F1/CVTestsSUI.app/imagenet-hard-50-subset-2500__n02089867__ILSVRC2012_val_00014045.JPEG","images/n02089867/imagenet-hard-50-subset-2500__n02089867__ILSVRC2012_val_00014045.JPEG","166","Walker hound","195","Boston bull","3,701172","195|166|246|247|254","Boston bull|Walker hound|Great Dane|Saint Bernard|pug","3,701172|3,541016|3,513672|2,912109|2,896484","true"
"/private/var/containers/Bundle/Application/4D01D32A-B666-4384-B213-31BBF61E54F1/CVTestsSUI.app/imagenet-hard-50-subset-2500__n02089867__ILSVRC2012_val_00021357.JPEG","images/n02089867/imagenet-hard-50-subset-2500__n02089867__ILSVRC2012_val_00021357.JPEG","166","Walker hound","162","beagle","6,777344","162|166|161|167|158","beagle|Walker hound|basset|English foxhound|toy terrier","6,777344|6,179688|4,484375|4,257812|3,482422","true"
"/private/var/containers/Bundle/Application/4D01D32A-B666-4384-B213-31BBF61E54F1/CVTestsSUI.app/imagenet-hard-50-subset-2500__n02089867__ILSVRC2012_val_00022913.JPEG","images/n02089867/imagenet-hard-50-subset-2500__n02089867__ILSVRC2012_val_00022913.JPEG","166","Walker hound","161","basset","6,144531","161|166|162|164|163","basset|Walker hound|beagle|bluetick|bloodhound","6,144531|6,011719|5,933594|5,230469|4,300781","true"
"/private/var/containers/Bundle/Application/4D01D32A-B666-4384-B213-31BBF61E54F1/CVTestsSUI.app/imagenet-hard-50-subset-2500__n02089867__ILSVRC2012_val_00025562.JPEG","images/n02089867/imagenet-hard-50-subset-2500__n02089867__ILSVRC2012_val_00025562.JPEG","166","Walker hound","162","beagle","7,789062","162|161|166|167|253","beagle|basset|Walker hound|English foxhound|basenji","7,789062|6,203125|6,074219|5,285156|4,917969","true"
"/private/var/containers/Bundle/Application/4D01D32A-B666-4384-B213-31BBF61E54F1/CVTestsSUI.app/imagenet-hard-50-subset-2500__n02089867__ILSVRC2012_val_00025773.JPEG","images/n02089867/imagenet-hard-50-subset-2500__n02089867__ILSVRC2012_val_00025773.JPEG","166","Walker hound","161","basset","6,156250","161|166|164|162|168","basset|Walker hound|bluetick|beagle|redbone","6,156250|5,355469|5,093750|4,871094|4,527344","true"
"/private/var/containers/Bundle/Application/4D01D32A-B666-4384-B213-31BBF61E54F1/CVTestsSUI.app/imagenet-hard-50-subset-2500__n02089867__ILSVRC2012_val_00030025.JPEG","images/n02089867/imagenet-hard-50-subset-2500__n02089867__ILSVRC2012_val_00030025.JPEG","166","Walker hound","161","basset","6,351562","161|162|166|164|167","basset|beagle|Walker hound|bluetick|English foxhound","6,351562|6,070312|5,695312|5,128906|4,847656","true"
"/private/var/containers/Bundle/Application/4D01D32A-B666-4384-B213-31BBF61E54F1/CVTestsSUI.app/imagenet-hard-50-subset-2500__n02089867__ILSVRC2012_val_00031834.JPEG","images/n02089867/imagenet-hard-50-subset-2500__n02089867__ILSVRC2012_val_00031834.JPEG","166","Walker hound","162","beagle","6,972656","162|166|161|180|242","beagle|Walker hound|basset|American Staffordshire terrier|boxer","6,972656|6,132812|5,421875|4,828125|4,457031","true"
"/private/var/containers/Bundle/Application/4D01D32A-B666-4384-B213-31BBF61E54F1/CVTestsSUI.app/imagenet-hard-50-subset-2500__n02089867__ILSVRC2012_val_00033233.JPEG","images/n02089867/imagenet-hard-50-subset-2500__n02089867__ILSVRC2012_val_00033233.JPEG","166","Walker hound","162","beagle","5,917969","162|166|167|161|164","beagle|Walker hound|English foxhound|basset|bluetick","5,917969|5,593750|4,296875|3,828125|3,064453","true"
"/private/var/containers/Bundle/Application/4D01D32A-B666-4384-B213-31BBF61E54F1/CVTestsSUI.app/imagenet-hard-50-subset-2500__n02089867__ILSVRC2012_val_00034382.JPEG","images/n02089867/imagenet-hard-50-subset-2500__n02089867__ILSVRC2012_val_00034382.JPEG","166","Walker hound","161","basset","8,218750","161|162|166|163|218","basset|beagle|Walker hound|bloodhound|Welsh springer spaniel","8,218750|5,500000|4,402344|4,187500|3,912109","true"
"/private/var/containers/Bundle/Application/4D01D32A-B666-4384-B213-31BBF61E54F1/CVTestsSUI.app/imagenet-hard-50-subset-2500__n02089867__ILSVRC2012_val_00035767.JPEG","images/n02089867/imagenet-hard-50-subset-2500__n02089867__ILSVRC2012_val_00035767.JPEG","166","Walker hound","162","beagle","7,226562","162|166|167|161|263","beagle|Walker hound|English foxhound|basset|Pembroke","7,226562|5,644531|4,718750|4,628906|2,824219","true"
"/private/var/containers/Bundle/Application/4D01D32A-B666-4384-B213-31BBF61E54F1/CVTestsSUI.app/imagenet-hard-50-subset-2500__n02089867__ILSVRC2012_val_00039247.JPEG","images/n02089867/imagenet-hard-50-subset-2500__n02089867__ILSVRC2012_val_00039247.JPEG","166","Walker hound","162","beagle","6,523438","162|166|161|167|164","beagle|Walker hound|basset|English foxhound|bluetick","6,523438|6,218750|4,988281|4,183594|4,058594","true"
"/private/var/containers/Bundle/Application/4D01D32A-B666-4384-B213-31BBF61E54F1/CVTestsSUI.app/imagenet-hard-50-subset-2500__n02089867__ILSVRC2012_val_00044513.JPEG","images/n02089867/imagenet-hard-50-subset-2500__n02089867__ILSVRC2012_val_00044513.JPEG","166","Walker hound","162","beagle","6,152344","162|166|167|164|161","beagle|Walker hound|English foxhound|bluetick|basset","6,152344|5,667969|5,007812|2,912109|2,875000","true"
"/private/var/containers/Bundle/Application/4D01D32A-B666-4384-B213-31BBF61E54F1/CVTestsSUI.app/imagenet-hard-50-subset-2500__n02089867__ILSVRC2012_val_00046021.JPEG","images/n02089867/imagenet-hard-50-subset-2500__n02089867__ILSVRC2012_val_00046021.JPEG","166","Walker hound","172","whippet","6,375000","172|173|180|242|171","whippet|Ibizan hound|American Staffordshire terrier|boxer|Italian greyhound","6,375000|5,933594|5,160156|4,933594|4,546875","false"
"/private/var/containers/Bundle/Application/4D01D32A-B666-4384-B213-31BBF61E54F1/CVTestsSUI.app/imagenet-hard-50-subset-2500__n02089867__ILSVRC2012_val_00048592.JPEG","images/n02089867/imagenet-hard-50-subset-2500__n02089867__ILSVRC2012_val_00048592.JPEG","166","Walker hound","162","beagle","6,347656","162|166|167|161|164","beagle|Walker hound|English foxhound|basset|bluetick","6,347656|5,808594|4,375000|3,972656|3,843750","true"
"/private/var/containers/Bundle/Application/4D01D32A-B666-4384-B213-31BBF61E54F1/CVTestsSUI.app/imagenet-hard-50-subset-2500__n02089867__ILSVRC2012_val_00049809.JPEG","images/n02089867/imagenet-hard-50-subset-2500__n02089867__ILSVRC2012_val_00049809.JPEG","166","Walker hound","162","beagle","5,074219","162|166|167|158|182","beagle|Walker hound|English foxhound|toy terrier|Border terrier","5,074219|4,761719|3,568359|3,056641|2,679688","true"
"/private/var/containers/Bundle/Application/4D01D32A-B666-4384-B213-31BBF61E54F1/CVTestsSUI.app/imagenet-hard-50-subset-2500__n02089973__ILSVRC2012_val_00000028.JPEG","images/n02089973/imagenet-hard-50-subset-2500__n02089973__ILSVRC2012_val_00000028.JPEG","167","English foxhound","166","Walker hound","4,277344","166|162|253|167|180","Walker hound|beagle|basenji|English foxhound|American Staffordshire terrier","4,277344|3,945312|3,601562|3,523438|3,509766","true"
"/private/var/containers/Bundle/Application/4D01D32A-B666-4384-B213-31BBF61E54F1/CVTestsSUI.app/imagenet-hard-50-subset-2500__n02089973__ILSVRC2012_val_00000048.JPEG","images/n02089973/imagenet-hard-50-subset-2500__n02089973__ILSVRC2012_val_00000048.JPEG","167","English foxhound","162","beagle","5,187500","162|166|161|253|167","beagle|Walker hound|basset|basenji|English foxhound","5,187500|4,648438|4,027344|3,931641|3,712891","true"
"/private/var/containers/Bundle/Application/4D01D32A-B666-4384-B213-31BBF61E54F1/CVTestsSUI.app/imagenet-hard-50-subset-2500__n02089973__ILSVRC2012_val_00000237.JPEG","images/n02089973/imagenet-hard-50-subset-2500__n02089973__ILSVRC2012_val_00000237.JPEG","167","English foxhound","166","Walker hound","5,261719","166|167|212|210|161","Walker hound|English foxhound|English setter|German short-haired pointer|basset","5,261719|5,207031|4,367188|4,156250|4,042969","true"
"/private/var/containers/Bundle/Application/4D01D32A-B666-4384-B213-31BBF61E54F1/CVTestsSUI.app/imagenet-hard-50-subset-2500__n02089973__ILSVRC2012_val_00001128.JPEG","images/n02089973/imagenet-hard-50-subset-2500__n02089973__ILSVRC2012_val_00001128.JPEG","167","English foxhound","166","Walker hound","6,070312","166|167|162|161|164","Walker hound|English foxhound|beagle|basset|bluetick","6,070312|5,648438|4,777344|4,011719|3,308594","true"
"/private/var/containers/Bundle/Application/4D01D32A-B666-4384-B213-31BBF61E54F1/CVTestsSUI.app/imagenet-hard-50-subset-2500__n02089973__ILSVRC2012_val_00001696.JPEG","images/n02089973/imagenet-hard-50-subset-2500__n02089973__ILSVRC2012_val_00001696.JPEG","167","English foxhound","537","dogsled","4,941406","537|167|166|176|253","dogsled|English foxhound|Walker hound|Saluki|basenji","4,941406|4,777344|3,617188|3,488281|3,431641","true"
"/private/var/containers/Bundle/Application/4D01D32A-B666-4384-B213-31BBF61E54F1/CVTestsSUI.app/imagenet-hard-50-subset-2500__n02089973__ILSVRC2012_val_00001777.JPEG","images/n02089973/imagenet-hard-50-subset-2500__n02089973__ILSVRC2012_val_00001777.JPEG","167","English foxhound","166","Walker hound","6,265625","166|161|167|162|164","Walker hound|basset|English foxhound|beagle|bluetick","6,265625|5,769531|5,433594|4,441406|3,205078","true"
"/private/var/containers/Bundle/Application/4D01D32A-B666-4384-B213-31BBF61E54F1/CVTestsSUI.app/imagenet-hard-50-subset-2500__n02089973__ILSVRC2012_val_00003671.JPEG","images/n02089973/imagenet-hard-50-subset-2500__n02089973__ILSVRC2012_val_00003671.JPEG","167","English foxhound","162","beagle","6,167969","162|166|167|208|238","beagle|Walker hound|English foxhound|Labrador retriever|Greater Swiss Mountain dog","6,167969|4,996094|4,304688|3,894531|3,839844","true"
"/private/var/containers/Bundle/Application/4D01D32A-B666-4384-B213-31BBF61E54F1/CVTestsSUI.app/imagenet-hard-50-subset-2500__n02089973__ILSVRC2012_val_00004774.JPEG","images/n02089973/imagenet-hard-50-subset-2500__n02089973__ILSVRC2012_val_00004774.JPEG","167","English foxhound","162","beagle","5,035156","162|263|247|264|253","beagle|Pembroke|Saint Bernard|Cardigan|basenji","5,035156|4,859375|4,332031|4,101562|3,835938","false"
"/private/var/containers/Bundle/Application/4D01D32A-B666-4384-B213-31BBF61E54F1/CVTestsSUI.app/imagenet-hard-50-subset-2500__n02089973__ILSVRC2012_val_00004795.JPEG","images/n02089973/imagenet-hard-50-subset-2500__n02089973__ILSVRC2012_val_00004795.JPEG","167","English foxhound","166","Walker hound","5,164062","166|162|167|161|159","Walker hound|beagle|English foxhound|basset|Rhodesian ridgeback","5,164062|4,578125|4,546875|4,238281|3,531250","true"
"/private/var/containers/Bundle/Application/4D01D32A-B666-4384-B213-31BBF61E54F1/CVTestsSUI.app/imagenet-hard-50-subset-2500__n02089973__ILSVRC2012_val_00005943.JPEG","images/n02089973/imagenet-hard-50-subset-2500__n02089973__ILSVRC2012_val_00005943.JPEG","167","English foxhound","162","beagle","7,289062","162|166|161|253|167","beagle|Walker hound|basset|basenji|English foxhound","7,289062|5,968750|5,582031|4,925781|4,289062","true"
"/private/var/containers/Bundle/Application/4D01D32A-B666-4384-B213-31BBF61E54F1/CVTestsSUI.app/imagenet-hard-50-subset-2500__n02089973__ILSVRC2012_val_00006505.JPEG","images/n02089973/imagenet-hard-50-subset-2500__n02089973__ILSVRC2012_val_00006505.JPEG","167","English foxhound","215","Brittany spaniel","5,847656","215|162|211|166|238","Brittany spaniel|beagle|vizsla|Walker hound|Greater Swiss Mountain dog","5,847656|4,460938|3,132812|3,107422|2,824219","false"
"/private/var/containers/Bundle/Application/4D01D32A-B666-4384-B213-31BBF61E54F1/CVTestsSUI.app/imagenet-hard-50-subset-2500__n02089973__ILSVRC2012_val_00006815.JPEG","images/n02089973/imagenet-hard-50-subset-2500__n02089973__ILSVRC2012_val_00006815.JPEG","167","English foxhound","162","beagle","5,089844","162|156|167|166|157","beagle|Blenheim spaniel|English foxhound|Walker hound|papillon","5,089844|4,097656|3,437500|3,070312|2,972656","true"
"/private/var/containers/Bundle/Application/4D01D32A-B666-4384-B213-31BBF61E54F1/CVTestsSUI.app/imagenet-hard-50-subset-2500__n02089973__ILSVRC2012_val_00007850.JPEG","images/n02089973/imagenet-hard-50-subset-2500__n02089973__ILSVRC2012_val_00007850.JPEG","167","English foxhound","172","whippet","4,335938","172|167|246|166|180","whippet|English foxhound|Great Dane|Walker hound|American Staffordshire terrier","4,335938|4,093750|3,605469|3,554688|3,431641","true"
"/private/var/containers/Bundle/Application/4D01D32A-B666-4384-B213-31BBF61E54F1/CVTestsSUI.app/imagenet-hard-50-subset-2500__n02089973__ILSVRC2012_val_00011342.JPEG","images/n02089973/imagenet-hard-50-subset-2500__n02089973__ILSVRC2012_val_00011342.JPEG","167","English foxhound","161","basset","5,433594","161|543|162|166|898","basset|dumbbell|beagle|Walker hound|water bottle","5,433594|4,738281|4,320312|4,125000|3,253906","false"
"/private/var/containers/Bundle/Application/4D01D32A-B666-4384-B213-31BBF61E54F1/CVTestsSUI.app/imagenet-hard-50-subset-2500__n02089973__ILSVRC2012_val_00011586.JPEG","images/n02089973/imagenet-hard-50-subset-2500__n02089973__ILSVRC2012_val_00011586.JPEG","167","English foxhound","215","Brittany spaniel","4,820312","215|167|166|173|162","Brittany spaniel|English foxhound|Walker hound|Ibizan hound|beagle","4,820312|4,386719|4,316406|3,505859|3,425781","true"
"/private/var/containers/Bundle/Application/4D01D32A-B666-4384-B213-31BBF61E54F1/CVTestsSUI.app/imagenet-hard-50-subset-2500__n02089973__ILSVRC2012_val_00012875.JPEG","images/n02089973/imagenet-hard-50-subset-2500__n02089973__ILSVRC2012_val_00012875.JPEG","167","English foxhound","162","beagle","5,878906","162|166|167|161|215","beagle|Walker hound|English foxhound|basset|Brittany spaniel","5,878906|5,429688|5,195312|4,464844|3,675781","true"
"/private/var/containers/Bundle/Application/4D01D32A-B666-4384-B213-31BBF61E54F1/CVTestsSUI.app/imagenet-hard-50-subset-2500__n02089973__ILSVRC2012_val_00018202.JPEG","images/n02089973/imagenet-hard-50-subset-2500__n02089973__ILSVRC2012_val_00018202.JPEG","167","English foxhound","166","Walker hound","4,105469","166|167|172|162|161","Walker hound|English foxhound|whippet|beagle|basset","4,105469|3,990234|3,513672|3,269531|3,107422","true"
"/private/var/containers/Bundle/Application/4D01D32A-B666-4384-B213-31BBF61E54F1/CVTestsSUI.app/imagenet-hard-50-subset-2500__n02089973__ILSVRC2012_val_00020403.JPEG","images/n02089973/imagenet-hard-50-subset-2500__n02089973__ILSVRC2012_val_00020403.JPEG","167","English foxhound","166","Walker hound","5,535156","166|162|167|242|180","Walker hound|beagle|English foxhound|boxer|American Staffordshire terrier","5,535156|5,492188|5,015625|3,408203|2,984375","true"
"/private/var/containers/Bundle/Application/4D01D32A-B666-4384-B213-31BBF61E54F1/CVTestsSUI.app/imagenet-hard-50-subset-2500__n02089973__ILSVRC2012_val_00025914.JPEG","images/n02089973/imagenet-hard-50-subset-2500__n02089973__ILSVRC2012_val_00025914.JPEG","167","English foxhound","162","beagle","6,234375","162|166|167|161|247","beagle|Walker hound|English foxhound|basset|Saint Bernard","6,234375|5,742188|5,480469|3,808594|2,992188","true"
"/private/var/containers/Bundle/Application/4D01D32A-B666-4384-B213-31BBF61E54F1/CVTestsSUI.app/imagenet-hard-50-subset-2500__n02089973__ILSVRC2012_val_00029164.JPEG","images/n02089973/imagenet-hard-50-subset-2500__n02089973__ILSVRC2012_val_00029164.JPEG","167","English foxhound","162","beagle","4,757812","162|161|166|168|167","beagle|basset|Walker hound|redbone|English foxhound","4,757812|3,943359|3,798828|3,792969|3,435547","true"
"/private/var/containers/Bundle/Application/4D01D32A-B666-4384-B213-31BBF61E54F1/CVTestsSUI.app/imagenet-hard-50-subset-2500__n02089973__ILSVRC2012_val_00031859.JPEG","images/n02089973/imagenet-hard-50-subset-2500__n02089973__ILSVRC2012_val_00031859.JPEG","167","English foxhound","246","Great Dane","4,605469","246|227|176|171|173","Great Dane|kelpie|Saluki|Italian greyhound|Ibizan hound","4,605469|4,546875|4,101562|3,953125|3,826172","false"
"/private/var/containers/Bundle/Application/4D01D32A-B666-4384-B213-31BBF61E54F1/CVTestsSUI.app/imagenet-hard-50-subset-2500__n02089973__ILSVRC2012_val_00033378.JPEG","images/n02089973/imagenet-hard-50-subset-2500__n02089973__ILSVRC2012_val_00033378.JPEG","167","English foxhound","166","Walker hound","4,902344","166|162|167|242|208","Walker hound|beagle|English foxhound|boxer|Labrador retriever","4,902344|4,656250|4,585938|4,308594|4,210938","true"
"/private/var/containers/Bundle/Application/4D01D32A-B666-4384-B213-31BBF61E54F1/CVTestsSUI.app/imagenet-hard-50-subset-2500__n02089973__ILSVRC2012_val_00033611.JPEG","images/n02089973/imagenet-hard-50-subset-2500__n02089973__ILSVRC2012_val_00033611.JPEG","167","English foxhound","166","Walker hound","4,457031","166|162|208|167|245","Walker hound|beagle|Labrador retriever|English foxhound|French bulldog","4,457031|4,324219|3,812500|3,593750|3,115234","true"
"/private/var/containers/Bundle/Application/4D01D32A-B666-4384-B213-31BBF61E54F1/CVTestsSUI.app/imagenet-hard-50-subset-2500__n02089973__ILSVRC2012_val_00033633.JPEG","images/n02089973/imagenet-hard-50-subset-2500__n02089973__ILSVRC2012_val_00033633.JPEG","167","English foxhound","162","beagle","6,664062","162|166|167|161|215","beagle|Walker hound|English foxhound|basset|Brittany spaniel","6,664062|4,546875|4,355469|3,712891|3,232422","true"
"/private/var/containers/Bundle/Application/4D01D32A-B666-4384-B213-31BBF61E54F1/CVTestsSUI.app/imagenet-hard-50-subset-2500__n02089973__ILSVRC2012_val_00033666.JPEG","images/n02089973/imagenet-hard-50-subset-2500__n02089973__ILSVRC2012_val_00033666.JPEG","167","English foxhound","166","Walker hound","4,492188","166|162|241|240|238","Walker hound|beagle|EntleBucher|Appenzeller|Greater Swiss Mountain dog","4,492188|3,964844|3,623047|3,562500|3,296875","false"
"/private/var/containers/Bundle/Application/4D01D32A-B666-4384-B213-31BBF61E54F1/CVTestsSUI.app/imagenet-hard-50-subset-2500__n02089973__ILSVRC2012_val_00034690.JPEG","images/n02089973/imagenet-hard-50-subset-2500__n02089973__ILSVRC2012_val_00034690.JPEG","167","English foxhound","166","Walker hound","7,933594","166|162|167|161|164","Walker hound|beagle|English foxhound|basset|bluetick","7,933594|6,808594|6,738281|4,839844|4,070312","true"
"/private/var/containers/Bundle/Application/4D01D32A-B666-4384-B213-31BBF61E54F1/CVTestsSUI.app/imagenet-hard-50-subset-2500__n02089973__ILSVRC2012_val_00036191.JPEG","images/n02089973/imagenet-hard-50-subset-2500__n02089973__ILSVRC2012_val_00036191.JPEG","167","English foxhound","168","redbone","4,589844","168|162|159|208|207","redbone|beagle|Rhodesian ridgeback|Labrador retriever|golden retriever","4,589844|3,605469|3,275391|3,060547|3,003906","false"
"/private/var/containers/Bundle/Application/4D01D32A-B666-4384-B213-31BBF61E54F1/CVTestsSUI.app/imagenet-hard-50-subset-2500__n02089973__ILSVRC2012_val_00036728.JPEG","images/n02089973/imagenet-hard-50-subset-2500__n02089973__ILSVRC2012_val_00036728.JPEG","167","English foxhound","162","beagle","7,378906","162|167|166|161|163","beagle|English foxhound|Walker hound|basset|bloodhound","7,378906|6,722656|6,367188|5,089844|3,570312","true"
"/private/var/containers/Bundle/Application/4D01D32A-B666-4384-B213-31BBF61E54F1/CVTestsSUI.app/imagenet-hard-50-subset-2500__n02089973__ILSVRC2012_val_00036938.JPEG","images/n02089973/imagenet-hard-50-subset-2500__n02089973__ILSVRC2012_val_00036938.JPEG","167","English foxhound","162","beagle","6,890625","162|167|166|168|161","beagle|English foxhound|Walker hound|redbone|basset","6,890625|4,632812|4,484375|4,292969|3,242188","true"
"/private/var/containers/Bundle/Application/4D01D32A-B666-4384-B213-31BBF61E54F1/CVTestsSUI.app/imagenet-hard-50-subset-2500__n02089973__ILSVRC2012_val_00037826.JPEG","images/n02089973/imagenet-hard-50-subset-2500__n02089973__ILSVRC2012_val_00037826.JPEG","167","English foxhound","162","beagle","4,402344","162|242|180|245|179","beagle|boxer|American Staffordshire terrier|French bulldog|Staffordshire bullterrier","4,402344|4,390625|4,000000|3,541016|3,515625","false"
"/private/var/containers/Bundle/Application/4D01D32A-B666-4384-B213-31BBF61E54F1/CVTestsSUI.app/imagenet-hard-50-subset-2500__n02089973__ILSVRC2012_val_00038676.JPEG","images/n02089973/imagenet-hard-50-subset-2500__n02089973__ILSVRC2012_val_00038676.JPEG","167","English foxhound","166","Walker hound","7,851562","166|167|161|162|218","Walker hound|English foxhound|basset|beagle|Welsh springer spaniel","7,851562|7,398438|6,339844|6,117188|3,876953","true"
"/private/var/containers/Bundle/Application/4D01D32A-B666-4384-B213-31BBF61E54F1/CVTestsSUI.app/imagenet-hard-50-subset-2500__n02089973__ILSVRC2012_val_00038944.JPEG","images/n02089973/imagenet-hard-50-subset-2500__n02089973__ILSVRC2012_val_00038944.JPEG","167","English foxhound","159","Rhodesian ridgeback","4,726562","159|166|168|167|162","Rhodesian ridgeback|Walker hound|redbone|English foxhound|beagle","4,726562|4,601562|4,261719|4,089844|3,753906","true"
"/private/var/containers/Bundle/Application/4D01D32A-B666-4384-B213-31BBF61E54F1/CVTestsSUI.app/imagenet-hard-50-subset-2500__n02089973__ILSVRC2012_val_00039528.JPEG","images/n02089973/imagenet-hard-50-subset-2500__n02089973__ILSVRC2012_val_00039528.JPEG","167","English foxhound","159","Rhodesian ridgeback","5,339844","159|168|167|166|208","Rhodesian ridgeback|redbone|English foxhound|Walker hound|Labrador retriever","5,339844|4,578125|3,906250|3,816406|3,511719","true"
"/private/var/containers/Bundle/Application/4D01D32A-B666-4384-B213-31BBF61E54F1/CVTestsSUI.app/imagenet-hard-50-subset-2500__n02089973__ILSVRC2012_val_00040069.JPEG","images/n02089973/imagenet-hard-50-subset-2500__n02089973__ILSVRC2012_val_00040069.JPEG","167","English foxhound","164","bluetick","5,839844","164|167|166|210|162","bluetick|English foxhound|Walker hound|German short-haired pointer|beagle","5,839844|5,089844|4,417969|3,656250|3,494141","true"
"/private/var/containers/Bundle/Application/4D01D32A-B666-4384-B213-31BBF61E54F1/CVTestsSUI.app/imagenet-hard-50-subset-2500__n02089973__ILSVRC2012_val_00042318.JPEG","images/n02089973/imagenet-hard-50-subset-2500__n02089973__ILSVRC2012_val_00042318.JPEG","167","English foxhound","166","Walker hound","5,648438","166|162|242|180|167","Walker hound|beagle|boxer|American Staffordshire terrier|English foxhound","5,648438|5,003906|4,812500|4,761719|4,628906","true"
"/private/var/containers/Bundle/Application/4D01D32A-B666-4384-B213-31BBF61E54F1/CVTestsSUI.app/imagenet-hard-50-subset-2500__n02089973__ILSVRC2012_val_00043341.JPEG","images/n02089973/imagenet-hard-50-subset-2500__n02089973__ILSVRC2012_val_00043341.JPEG","167","English foxhound","166","Walker hound","4,527344","166|161|167|162|163","Walker hound|basset|English foxhound|beagle|bloodhound","4,527344|4,281250|4,269531|4,109375|3,841797","true"
"/private/var/containers/Bundle/Application/4D01D32A-B666-4384-B213-31BBF61E54F1/CVTestsSUI.app/imagenet-hard-50-subset-2500__n02089973__ILSVRC2012_val_00043610.JPEG","images/n02089973/imagenet-hard-50-subset-2500__n02089973__ILSVRC2012_val_00043610.JPEG","167","English foxhound","162","beagle","5,402344","162|166|167|253|215","beagle|Walker hound|English foxhound|basenji|Brittany spaniel","5,402344|5,378906|4,656250|4,191406|3,376953","true"
"/private/var/containers/Bundle/Application/4D01D32A-B666-4384-B213-31BBF61E54F1/CVTestsSUI.app/imagenet-hard-50-subset-2500__n02089973__ILSVRC2012_val_00045799.JPEG","images/n02089973/imagenet-hard-50-subset-2500__n02089973__ILSVRC2012_val_00045799.JPEG","167","English foxhound","166","Walker hound","6,847656","166|167|246|162|215","Walker hound|English foxhound|Great Dane|beagle|Brittany spaniel","6,847656|6,265625|4,527344|4,433594|4,136719","true"
"/private/var/containers/Bundle/Application/4D01D32A-B666-4384-B213-31BBF61E54F1/CVTestsSUI.app/imagenet-hard-50-subset-2500__n02089973__ILSVRC2012_val_00046454.JPEG","images/n02089973/imagenet-hard-50-subset-2500__n02089973__ILSVRC2012_val_00046454.JPEG","167","English foxhound","166","Walker hound","5,777344","166|167|162|172|173","Walker hound|English foxhound|beagle|whippet|Ibizan hound","5,777344|5,445312|3,636719|3,326172|3,195312","true"
"/private/var/containers/Bundle/Application/4D01D32A-B666-4384-B213-31BBF61E54F1/CVTestsSUI.app/imagenet-hard-50-subset-2500__n02089973__ILSVRC2012_val_00048188.JPEG","images/n02089973/imagenet-hard-50-subset-2500__n02089973__ILSVRC2012_val_00048188.JPEG","167","English foxhound","180","American Staffordshire terrier","3,632812","180|179|162|242|172","American Staffordshire terrier|Staffordshire bullterrier|beagle|boxer|whippet","3,632812|3,597656|3,255859|2,792969|2,593750","false"
"/private/var/containers/Bundle/Application/4D01D32A-B666-4384-B213-31BBF61E54F1/CVTestsSUI.app/imagenet-hard-50-subset-2500__n02090379__ILSVRC2012_val_00001267.JPEG","images/n02090379/imagenet-hard-50-subset-2500__n02090379__ILSVRC2012_val_00001267.JPEG","168","redbone","237","miniature pinscher","5,007812","237|168|268|253|211","miniature pinscher|redbone|Mexican hairless|basenji|vizsla","5,007812|4,898438|4,425781|4,414062|4,199219","true"
"/private/var/containers/Bundle/Application/4D01D32A-B666-4384-B213-31BBF61E54F1/CVTestsSUI.app/imagenet-hard-50-subset-2500__n02090379__ILSVRC2012_val_00002933.JPEG","images/n02090379/imagenet-hard-50-subset-2500__n02090379__ILSVRC2012_val_00002933.JPEG","168","redbone","225","malinois","3,630859","225|291|180|243|101","malinois|lion|American Staffordshire terrier|bull mastiff|tusker","3,630859|3,283203|3,267578|3,167969|3,113281","false"
"/private/var/containers/Bundle/Application/4D01D32A-B666-4384-B213-31BBF61E54F1/CVTestsSUI.app/imagenet-hard-50-subset-2500__n02090379__ILSVRC2012_val_00011798.JPEG","images/n02090379/imagenet-hard-50-subset-2500__n02090379__ILSVRC2012_val_00011798.JPEG","168","redbone","213","Irish setter","5,500000","213|211|168|209|163","Irish setter|vizsla|redbone|Chesapeake Bay retriever|bloodhound","5,500000|4,660156|4,582031|4,351562|4,089844","true"
"/private/var/containers/Bundle/Application/4D01D32A-B666-4384-B213-31BBF61E54F1/CVTestsSUI.app/imagenet-hard-50-subset-2500__n02090379__ILSVRC2012_val_00021575.JPEG","images/n02090379/imagenet-hard-50-subset-2500__n02090379__ILSVRC2012_val_00021575.JPEG","168","redbone","211","vizsla","5,582031","211|168|159|178|213","vizsla|redbone|Rhodesian ridgeback|Weimaraner|Irish setter","5,582031|5,312500|4,335938|3,431641|3,207031","true"
"/private/var/containers/Bundle/Application/4D01D32A-B666-4384-B213-31BBF61E54F1/CVTestsSUI.app/imagenet-hard-50-subset-2500__n02090379__ILSVRC2012_val_00030696.JPEG","images/n02090379/imagenet-hard-50-subset-2500__n02090379__ILSVRC2012_val_00030696.JPEG","168","redbone","159","Rhodesian ridgeback","5,863281","159|168|242|211|243","Rhodesian ridgeback|redbone|boxer|vizsla|bull mastiff","5,863281|4,804688|4,554688|3,498047|3,275391","true"
"/private/var/containers/Bundle/Application/4D01D32A-B666-4384-B213-31BBF61E54F1/CVTestsSUI.app/imagenet-hard-50-subset-2500__n02090379__ILSVRC2012_val_00031821.JPEG","images/n02090379/imagenet-hard-50-subset-2500__n02090379__ILSVRC2012_val_00031821.JPEG","168","redbone","159","Rhodesian ridgeback","5,960938","159|168|180|179|237","Rhodesian ridgeback|redbone|American Staffordshire terrier|Staffordshire bullterrier|miniature pinscher","5,960938|4,300781|3,638672|3,554688|3,125000","true"
"/private/var/containers/Bundle/Application/4D01D32A-B666-4384-B213-31BBF61E54F1/CVTestsSUI.app/imagenet-hard-50-subset-2500__n02090379__ILSVRC2012_val_00032746.JPEG","images/n02090379/imagenet-hard-50-subset-2500__n02090379__ILSVRC2012_val_00032746.JPEG","168","redbone","180","American Staffordshire terrier","6,429688","180|179|227|237|151","American Staffordshire terrier|Staffordshire bullterrier|kelpie|miniature pinscher|Chihuahua","6,429688|5,425781|5,062500|4,019531|3,789062","false"
"/private/var/containers/Bundle/Application/4D01D32A-B666-4384-B213-31BBF61E54F1/CVTestsSUI.app/imagenet-hard-50-subset-2500__n02090379__ILSVRC2012_val_00035689.JPEG","images/n02090379/imagenet-hard-50-subset-2500__n02090379__ILSVRC2012_val_00035689.JPEG","168","redbone","180","American Staffordshire terrier","4,648438","180|159|179|168|184","American Staffordshire terrier|Rhodesian ridgeback|Staffordshire bullterrier|redbone|Irish terrier","4,648438|4,492188|4,453125|3,541016|3,296875","true"
"/private/var/containers/Bundle/Application/4D01D32A-B666-4384-B213-31BBF61E54F1/CVTestsSUI.app/imagenet-hard-50-subset-2500__n02090379__ILSVRC2012_val_00038737.JPEG","images/n02090379/imagenet-hard-50-subset-2500__n02090379__ILSVRC2012_val_00038737.JPEG","168","redbone","207","golden retriever","4,187500","207|168|208|159|162","golden retriever|redbone|Labrador retriever|Rhodesian ridgeback|beagle","4,187500|3,929688|3,689453|3,548828|3,253906","true"
"/private/var/containers/Bundle/Application/4D01D32A-B666-4384-B213-31BBF61E54F1/CVTestsSUI.app/imagenet-hard-50-subset-2500__n02090379__ILSVRC2012_val_00042442.JPEG","images/n02090379/imagenet-hard-50-subset-2500__n02090379__ILSVRC2012_val_00042442.JPEG","168","redbone","159","Rhodesian ridgeback","6,972656","159|168|180|179|163","Rhodesian ridgeback|redbone|American Staffordshire terrier|Staffordshire bullterrier|bloodhound","6,972656|6,300781|4,925781|4,675781|4,476562","true"
"/private/var/containers/Bundle/Application/4D01D32A-B666-4384-B213-31BBF61E54F1/CVTestsSUI.app/imagenet-hard-50-subset-2500__n02090379__ILSVRC2012_val_00043888.JPEG","images/n02090379/imagenet-hard-50-subset-2500__n02090379__ILSVRC2012_val_00043888.JPEG","168","redbone","211","vizsla","5,820312","211|209|168|159|243","vizsla|Chesapeake Bay retriever|redbone|Rhodesian ridgeback|bull mastiff","5,820312|4,910156|4,902344|4,796875|3,066406","true"
"/private/var/containers/Bundle/Application/4D01D32A-B666-4384-B213-31BBF61E54F1/CVTestsSUI.app/imagenet-hard-50-subset-2500__n02090379__ILSVRC2012_val_00044444.JPEG","images/n02090379/imagenet-hard-50-subset-2500__n02090379__ILSVRC2012_val_00044444.JPEG","168","redbone","159","Rhodesian ridgeback","4,351562","159|168|162|208|180","Rhodesian ridgeback|redbone|beagle|Labrador retriever|American Staffordshire terrier","4,351562|4,031250|3,716797|3,593750|3,156250","true"
"/private/var/containers/Bundle/Application/4D01D32A-B666-4384-B213-31BBF61E54F1/CVTestsSUI.app/imagenet-hard-50-subset-2500__n02090622__ILSVRC2012_val_00013804.JPEG","images/n02090622/imagenet-hard-50-subset-2500__n02090622__ILSVRC2012_val_00013804.JPEG","169","borzoi","258","Samoyed","5,070312","258|270|248|250|169","Samoyed|white wolf|Eskimo dog|Siberian husky|borzoi","5,070312|4,679688|4,195312|3,580078|3,568359","true"
"/private/var/containers/Bundle/Application/4D01D32A-B666-4384-B213-31BBF61E54F1/CVTestsSUI.app/imagenet-hard-50-subset-2500__n02090622__ILSVRC2012_val_00020810.JPEG","images/n02090622/imagenet-hard-50-subset-2500__n02090622__ILSVRC2012_val_00020810.JPEG","169","borzoi","208","Labrador retriever","4,304688","208|169|257|248|222","Labrador retriever|borzoi|Great Pyrenees|Eskimo dog|kuvasz","4,304688|3,628906|3,408203|3,136719|3,130859","true"
"/private/var/containers/Bundle/Application/4D01D32A-B666-4384-B213-31BBF61E54F1/CVTestsSUI.app/imagenet-hard-50-subset-2500__n02090622__ILSVRC2012_val_00038397.JPEG","images/n02090622/imagenet-hard-50-subset-2500__n02090622__ILSVRC2012_val_00038397.JPEG","169","borzoi","212","English setter","5,910156","212|169|257|222|258","English setter|borzoi|Great Pyrenees|kuvasz|Samoyed","5,910156|5,152344|4,890625|4,136719|3,810547","true"
"/private/var/containers/Bundle/Application/4D01D32A-B666-4384-B213-31BBF61E54F1/CVTestsSUI.app/imagenet-hard-50-subset-2500__n02090622__ILSVRC2012_val_00046420.JPEG","images/n02090622/imagenet-hard-50-subset-2500__n02090622__ILSVRC2012_val_00046420.JPEG","169","borzoi","257","Great Pyrenees","5,625000","257|222|207|208|248","Great Pyrenees|kuvasz|golden retriever|Labrador retriever|Eskimo dog","5,625000|4,507812|3,736328|3,726562|3,578125","false"
"/private/var/containers/Bundle/Application/4D01D32A-B666-4384-B213-31BBF61E54F1/CVTestsSUI.app/imagenet-hard-50-subset-2500__n02090721__ILSVRC2012_val_00001765.JPEG","images/n02090721/imagenet-hard-50-subset-2500__n02090721__ILSVRC2012_val_00001765.JPEG","170","Irish wolfhound","246","Great Dane","6,582031","246|172|176|177|178","Great Dane|whippet|Saluki|Scottish deerhound|Weimaraner","6,582031|6,464844|5,308594|4,250000|4,062500","false"
"/private/var/containers/Bundle/Application/4D01D32A-B666-4384-B213-31BBF61E54F1/CVTestsSUI.app/imagenet-hard-50-subset-2500__n02090721__ILSVRC2012_val_00005946.JPEG","images/n02090721/imagenet-hard-50-subset-2500__n02090721__ILSVRC2012_val_00005946.JPEG","170","Irish wolfhound","177","Scottish deerhound","6,328125","177|170|169|233|175","Scottish deerhound|Irish wolfhound|borzoi|Bouvier des Flandres|otterhound","6,328125|5,890625|3,673828|3,669922|3,630859","true"
"/private/var/containers/Bundle/Application/4D01D32A-B666-4384-B213-31BBF61E54F1/CVTestsSUI.app/imagenet-hard-50-subset-2500__n02090721__ILSVRC2012_val_00006627.JPEG","images/n02090721/imagenet-hard-50-subset-2500__n02090721__ILSVRC2012_val_00006627.JPEG","170","Irish wolfhound","222","kuvasz","4,523438","222|181|188|169|270","kuvasz|Bedlington terrier|wire-haired fox terrier|borzoi|white wolf","4,523438|4,113281|3,464844|3,197266|3,162109","false"
"/private/var/containers/Bundle/Application/4D01D32A-B666-4384-B213-31BBF61E54F1/CVTestsSUI.app/imagenet-hard-50-subset-2500__n02090721__ILSVRC2012_val_00008739.JPEG","images/n02090721/imagenet-hard-50-subset-2500__n02090721__ILSVRC2012_val_00008739.JPEG","170","Irish wolfhound","177","Scottish deerhound","6,398438","177|170|233|198|197","Scottish deerhound|Irish wolfhound|Bouvier des Flandres|standard schnauzer|giant schnauzer","6,398438|5,703125|3,230469|3,017578|2,925781","true"
"/private/var/containers/Bundle/Application/4D01D32A-B666-4384-B213-31BBF61E54F1/CVTestsSUI.app/imagenet-hard-50-subset-2500__n02090721__ILSVRC2012_val_00013817.JPEG","images/n02090721/imagenet-hard-50-subset-2500__n02090721__ILSVRC2012_val_00013817.JPEG","170","Irish wolfhound","177","Scottish deerhound","6,945312","177|170|176|169|267","Scottish deerhound|Irish wolfhound|Saluki|borzoi|standard poodle","6,945312|6,183594|3,363281|2,992188|2,960938","true"
"/private/var/containers/Bundle/Application/4D01D32A-B666-4384-B213-31BBF61E54F1/CVTestsSUI.app/imagenet-hard-50-subset-2500__n02090721__ILSVRC2012_val_00014293.JPEG","images/n02090721/imagenet-hard-50-subset-2500__n02090721__ILSVRC2012_val_00014293.JPEG","170","Irish wolfhound","188","wire-haired fox terrier","4,925781","188|169|208|167|222","wire-haired fox terrier|borzoi|Labrador retriever|English foxhound|kuvasz","4,925781|4,898438|4,550781|4,527344|4,421875","false"
"/private/var/containers/Bundle/Application/4D01D32A-B666-4384-B213-31BBF61E54F1/CVTestsSUI.app/imagenet-hard-50-subset-2500__n02090721__ILSVRC2012_val_00015050.JPEG","images/n02090721/imagenet-hard-50-subset-2500__n02090721__ILSVRC2012_val_00015050.JPEG","170","Irish wolfhound","224","groenendael","7,414062","224|205|223|256|177","groenendael|flat-coated retriever|schipperke|Newfoundland|Scottish deerhound","7,414062|4,175781|3,908203|3,521484|3,343750","false"
"/private/var/containers/Bundle/Application/4D01D32A-B666-4384-B213-31BBF61E54F1/CVTestsSUI.app/imagenet-hard-50-subset-2500__n02090721__ILSVRC2012_val_00017327.JPEG","images/n02090721/imagenet-hard-50-subset-2500__n02090721__ILSVRC2012_val_00017327.JPEG","170","Irish wolfhound","202","soft-coated wheaten terrier","5,515625","202|192|189|266|184","soft-coated wheaten terrier|cairn|Lakeland terrier|miniature poodle|Irish terrier","5,515625|4,214844|4,117188|3,734375|3,634766","false"
"/private/var/containers/Bundle/Application/4D01D32A-B666-4384-B213-31BBF61E54F1/CVTestsSUI.app/imagenet-hard-50-subset-2500__n02090721__ILSVRC2012_val_00020375.JPEG","images/n02090721/imagenet-hard-50-subset-2500__n02090721__ILSVRC2012_val_00020375.JPEG","170","Irish wolfhound","177","Scottish deerhound","5,847656","177|170|176|172|169","Scottish deerhound|Irish wolfhound|Saluki|whippet|borzoi","5,847656|5,269531|4,582031|3,935547|3,333984","true"
"/private/var/containers/Bundle/Application/4D01D32A-B666-4384-B213-31BBF61E54F1/CVTestsSUI.app/imagenet-hard-50-subset-2500__n02090721__ILSVRC2012_val_00022071.JPEG","images/n02090721/imagenet-hard-50-subset-2500__n02090721__ILSVRC2012_val_00022071.JPEG","170","Irish wolfhound","221","Irish water spaniel","8,109375","221|267|206|266|183","Irish water spaniel|standard poodle|curly-coated retriever|miniature poodle|Kerry blue terrier","8,109375|4,765625|4,640625|3,859375|2,451172","false"
"/private/var/containers/Bundle/Application/4D01D32A-B666-4384-B213-31BBF61E54F1/CVTestsSUI.app/imagenet-hard-50-subset-2500__n02090721__ILSVRC2012_val_00026728.JPEG","images/n02090721/imagenet-hard-50-subset-2500__n02090721__ILSVRC2012_val_00026728.JPEG","170","Irish wolfhound","160","Afghan hound","6,164062","160|226|267|247|354","Afghan hound|briard|standard poodle|Saint Bernard|Arabian camel","6,164062|3,880859|3,865234|3,314453|3,210938","false"
"/private/var/containers/Bundle/Application/4D01D32A-B666-4384-B213-31BBF61E54F1/CVTestsSUI.app/imagenet-hard-50-subset-2500__n02090721__ILSVRC2012_val_00027682.JPEG","images/n02090721/imagenet-hard-50-subset-2500__n02090721__ILSVRC2012_val_00027682.JPEG","170","Irish wolfhound","267","standard poodle","5,218750","267|170|188|181|169","standard poodle|Irish wolfhound|wire-haired fox terrier|Bedlington terrier|borzoi","5,218750|4,804688|4,316406|4,203125|4,195312","true"
"/private/var/containers/Bundle/Application/4D01D32A-B666-4384-B213-31BBF61E54F1/CVTestsSUI.app/imagenet-hard-50-subset-2500__n02090721__ILSVRC2012_val_00030412.JPEG","images/n02090721/imagenet-hard-50-subset-2500__n02090721__ILSVRC2012_val_00030412.JPEG","170","Irish wolfhound","177","Scottish deerhound","5,902344","177|233|170|226|204","Scottish deerhound|Bouvier des Flandres|Irish wolfhound|briard|Lhasa","5,902344|4,863281|4,597656|4,074219|3,900391","true"
"/private/var/containers/Bundle/Application/4D01D32A-B666-4384-B213-31BBF61E54F1/CVTestsSUI.app/imagenet-hard-50-subset-2500__n02090721__ILSVRC2012_val_00042118.JPEG","images/n02090721/imagenet-hard-50-subset-2500__n02090721__ILSVRC2012_val_00042118.JPEG","170","Irish wolfhound","192","cairn","6,492188","192|226|186|199|203","cairn|briard|Norwich terrier|Scotch terrier|West Highland white terrier","6,492188|4,898438|4,277344|4,050781|4,007812","false"
"/private/var/containers/Bundle/Application/4D01D32A-B666-4384-B213-31BBF61E54F1/CVTestsSUI.app/imagenet-hard-50-subset-2500__n02090721__ILSVRC2012_val_00043205.JPEG","images/n02090721/imagenet-hard-50-subset-2500__n02090721__ILSVRC2012_val_00043205.JPEG","170","Irish wolfhound","177","Scottish deerhound","7,027344","177|170|197|233|256","Scottish deerhound|Irish wolfhound|giant schnauzer|Bouvier des Flandres|Newfoundland","7,027344|6,308594|4,164062|3,808594|3,781250","true"
"/private/var/containers/Bundle/Application/4D01D32A-B666-4384-B213-31BBF61E54F1/CVTestsSUI.app/imagenet-hard-50-subset-2500__n02090721__ILSVRC2012_val_00049015.JPEG","images/n02090721/imagenet-hard-50-subset-2500__n02090721__ILSVRC2012_val_00049015.JPEG","170","Irish wolfhound","169","borzoi","8,492188","169|222|176|173|170","borzoi|kuvasz|Saluki|Ibizan hound|Irish wolfhound","8,492188|5,839844|5,140625|4,851562|4,535156","true"
"/private/var/containers/Bundle/Application/4D01D32A-B666-4384-B213-31BBF61E54F1/CVTestsSUI.app/imagenet-hard-50-subset-2500__n02090721__ILSVRC2012_val_00049744.JPEG","images/n02090721/imagenet-hard-50-subset-2500__n02090721__ILSVRC2012_val_00049744.JPEG","170","Irish wolfhound","169","borzoi","10,992188","169|222|212|176|177","borzoi|kuvasz|English setter|Saluki|Scottish deerhound","10,992188|6,062500|5,679688|5,000000|4,144531","false"
"/private/var/containers/Bundle/Application/4D01D32A-B666-4384-B213-31BBF61E54F1/CVTestsSUI.app/imagenet-hard-50-subset-2500__n01530575__ILSVRC2012_val_00004006.JPEG","images/n01530575/imagenet-hard-50-subset-2500__n01530575__ILSVRC2012_val_00004006.JPEG","10","brambling","58","water snake","4,785156","58|858|110|53|6","water snake|tile roof|flatworm|ringneck snake|stingray","4,785156|4,542969|4,101562|3,617188|3,570312","false"
"/private/var/containers/Bundle/Application/4D01D32A-B666-4384-B213-31BBF61E54F1/CVTestsSUI.app/imagenet-hard-50-subset-2500__n01530575__ILSVRC2012_val_00013512.JPEG","images/n01530575/imagenet-hard-50-subset-2500__n01530575__ILSVRC2012_val_00013512.JPEG","10","brambling","13","junco","5,316406","13|12|16|85|15","junco|house finch|bulbul|quail|robin","5,316406|4,156250|3,623047|3,607422|3,511719","false"
"/private/var/containers/Bundle/Application/4D01D32A-B666-4384-B213-31BBF61E54F1/CVTestsSUI.app/imagenet-hard-50-subset-2500__n01530575__ILSVRC2012_val_00023766.JPEG","images/n01530575/imagenet-hard-50-subset-2500__n01530575__ILSVRC2012_val_00023766.JPEG","10","brambling","140","red-backed sandpiper","6,019531","140|143|10|139|99","red-backed sandpiper|oystercatcher|brambling|ruddy turnstone|goose","6,019531|5,167969|5,031250|5,023438|4,824219","true"
"/private/var/containers/Bundle/Application/4D01D32A-B666-4384-B213-31BBF61E54F1/CVTestsSUI.app/imagenet-hard-50-subset-2500__n01530575__ILSVRC2012_val_00034864.JPEG","images/n01530575/imagenet-hard-50-subset-2500__n01530575__ILSVRC2012_val_00034864.JPEG","10","brambling","82","ruffed grouse","5,906250","82|10|85|13|86","ruffed grouse|brambling|quail|junco|partridge","5,906250|5,285156|4,898438|4,878906|4,750000","true"
"/private/var/containers/Bundle/Application/4D01D32A-B666-4384-B213-31BBF61E54F1/CVTestsSUI.app/imagenet-hard-50-subset-2500__n01530575__ILSVRC2012_val_00035540.JPEG","images/n01530575/imagenet-hard-50-subset-2500__n01530575__ILSVRC2012_val_00035540.JPEG","10","brambling","13","junco","6,871094","13|10|20|15|17","junco|brambling|water ouzel|robin|jay","6,871094|6,742188|4,796875|4,265625|3,955078","true"
"/private/var/containers/Bundle/Application/4D01D32A-B666-4384-B213-31BBF61E54F1/CVTestsSUI.app/imagenet-hard-50-subset-2500__n01530575__ILSVRC2012_val_00045172.JPEG","images/n01530575/imagenet-hard-50-subset-2500__n01530575__ILSVRC2012_val_00045172.JPEG","10","brambling","13","junco","4,898438","13|10|16|15|94","junco|brambling|bulbul|robin|hummingbird","4,898438|4,644531|4,480469|3,814453|2,705078","true"
"/private/var/containers/Bundle/Application/4D01D32A-B666-4384-B213-31BBF61E54F1/CVTestsSUI.app/imagenet-hard-50-subset-2500__n01530575__ILSVRC2012_val_00045611.JPEG","images/n01530575/imagenet-hard-50-subset-2500__n01530575__ILSVRC2012_val_00045611.JPEG","10","brambling","13","junco","4,179688","13|10|139|140|86","junco|brambling|ruddy turnstone|red-backed sandpiper|partridge","4,179688|4,117188|3,689453|2,501953|2,302734","true"
"/private/var/containers/Bundle/Application/4D01D32A-B666-4384-B213-31BBF61E54F1/CVTestsSUI.app/imagenet-hard-50-subset-2500__n01530575__ILSVRC2012_val_00046833.JPEG","images/n01530575/imagenet-hard-50-subset-2500__n01530575__ILSVRC2012_val_00046833.JPEG","10","brambling","11","goldfinch","6,105469","11|10|17|682|97","goldfinch|brambling|jay|obelisk|drake","6,105469|4,558594|3,148438|2,933594|2,771484","true"
"/private/var/containers/Bundle/Application/4D01D32A-B666-4384-B213-31BBF61E54F1/CVTestsSUI.app/imagenet-hard-50-subset-2500__n01530575__ILSVRC2012_val_00047878.JPEG","images/n01530575/imagenet-hard-50-subset-2500__n01530575__ILSVRC2012_val_00047878.JPEG","10","brambling","60","night snake","4,402344","60|66|61|43|62","night snake|horned viper|boa constrictor|frilled lizard|rock python","4,402344|4,308594|4,156250|4,113281|4,023438","false"
"/private/var/containers/Bundle/Application/4D01D32A-B666-4384-B213-31BBF61E54F1/CVTestsSUI.app/imagenet-hard-50-subset-2500__n01531178__ILSVRC2012_val_00032359.JPEG","images/n01531178/imagenet-hard-50-subset-2500__n01531178__ILSVRC2012_val_00032359.JPEG","11","goldfinch","10","brambling","4,738281","10|11|92|19|13","brambling|goldfinch|bee eater|chickadee|junco","4,738281|4,242188|3,380859|2,839844|2,505859","true"
"/private/var/containers/Bundle/Application/4D01D32A-B666-4384-B213-31BBF61E54F1/CVTestsSUI.app/imagenet-hard-50-subset-2500__n01532829__ILSVRC2012_val_00004749.JPEG","images/n01532829/imagenet-hard-50-subset-2500__n01532829__ILSVRC2012_val_00004749.JPEG","12","house finch","16","bulbul","5,273438","16|12|15|81|13","bulbul|house finch|robin|ptarmigan|junco","5,273438|4,273438|3,064453|3,052734|2,904297","true"
"/private/var/containers/Bundle/Application/4D01D32A-B666-4384-B213-31BBF61E54F1/CVTestsSUI.app/imagenet-hard-50-subset-2500__n01532829__ILSVRC2012_val_00006597.JPEG","images/n01532829/imagenet-hard-50-subset-2500__n01532829__ILSVRC2012_val_00006597.JPEG","12","house finch","13","junco","5,109375","13|12|20|16|81","junco|house finch|water ouzel|bulbul|ptarmigan","5,109375|4,898438|3,468750|3,337891|2,976562","true"
"/private/var/containers/Bundle/Application/4D01D32A-B666-4384-B213-31BBF61E54F1/CVTestsSUI.app/imagenet-hard-50-subset-2500__n01532829__ILSVRC2012_val_00007129.JPEG","images/n01532829/imagenet-hard-50-subset-2500__n01532829__ILSVRC2012_val_00007129.JPEG","12","house finch","23","vulture","3,755859","23|21|94|12|141","vulture|kite|hummingbird|house finch|redshank","3,755859|3,710938|3,593750|3,248047|3,197266","true"
"/private/var/containers/Bundle/Application/4D01D32A-B666-4384-B213-31BBF61E54F1/CVTestsSUI.app/imagenet-hard-50-subset-2500__n01532829__ILSVRC2012_val_00013209.JPEG","images/n01532829/imagenet-hard-50-subset-2500__n01532829__ILSVRC2012_val_00013209.JPEG","12","house finch","16","bulbul","6,664062","16|11|95|92|13","bulbul|goldfinch|jacamar|bee eater|junco","6,664062|4,906250|3,988281|3,722656|3,572266","false"
"/private/var/containers/Bundle/Application/4D01D32A-B666-4384-B213-31BBF61E54F1/CVTestsSUI.app/imagenet-hard-50-subset-2500__n01532829__ILSVRC2012_val_00029709.JPEG","images/n01532829/imagenet-hard-50-subset-2500__n01532829__ILSVRC2012_val_00029709.JPEG","12","house finch","23","vulture","4,132812","23|141|140|12|21","vulture|redshank|red-backed sandpiper|house finch|kite","4,132812|3,964844|3,343750|3,007812|2,947266","true"
"/private/var/containers/Bundle/Application/4D01D32A-B666-4384-B213-31BBF61E54F1/CVTestsSUI.app/imagenet-hard-50-subset-2500__n01532829__ILSVRC2012_val_00045623.JPEG","images/n01532829/imagenet-hard-50-subset-2500__n01532829__ILSVRC2012_val_00045623.JPEG","12","house finch","19","chickadee","6,628906","19|12|10|13|15","chickadee|house finch|brambling|junco|robin","6,628906|6,375000|5,617188|5,457031|5,125000","true"
"/private/var/containers/Bundle/Application/4D01D32A-B666-4384-B213-31BBF61E54F1/CVTestsSUI.app/imagenet-hard-50-subset-2500__n01532829__ILSVRC2012_val_00048144.JPEG","images/n01532829/imagenet-hard-50-subset-2500__n01532829__ILSVRC2012_val_00048144.JPEG","12","house finch","10","brambling","4,753906","10|21|13|12|16","brambling|kite|junco|house finch|bulbul","4,753906|4,300781|4,046875|3,707031|3,644531","true"
"/private/var/containers/Bundle/Application/4D01D32A-B666-4384-B213-31BBF61E54F1/CVTestsSUI.app/imagenet-hard-50-subset-2500__n01537544__ILSVRC2012_val_00003279.JPEG","images/n01537544/imagenet-hard-50-subset-2500__n01537544__ILSVRC2012_val_00003279.JPEG","14","indigo bunting","11","goldfinch","5,238281","11|14|17|92|10","goldfinch|indigo bunting|jay|bee eater|brambling","5,238281|4,269531|3,312500|2,572266|2,484375","true"
"/private/var/containers/Bundle/Application/4D01D32A-B666-4384-B213-31BBF61E54F1/CVTestsSUI.app/imagenet-hard-50-subset-2500__n01537544__ILSVRC2012_val_00018676.JPEG","images/n01537544/imagenet-hard-50-subset-2500__n01537544__ILSVRC2012_val_00018676.JPEG","14","indigo bunting","84","peacock","6,027344","84|136|88|14|90","peacock|European gallinule|macaw|indigo bunting|lorikeet","6,027344|3,525391|3,505859|3,482422|3,308594","true"
"/private/var/containers/Bundle/Application/4D01D32A-B666-4384-B213-31BBF61E54F1/CVTestsSUI.app/imagenet-hard-50-subset-2500__n01537544__ILSVRC2012_val_00033196.JPEG","images/n01537544/imagenet-hard-50-subset-2500__n01537544__ILSVRC2012_val_00033196.JPEG","14","indigo bunting","84","peacock","4,898438","84|7|621|8|293","peacock|cock|lawn mower|hen|cheetah","4,898438|3,394531|3,390625|3,230469|3,111328","false"
"/private/var/containers/Bundle/Application/4D01D32A-B666-4384-B213-31BBF61E54F1/CVTestsSUI.app/imagenet-hard-50-subset-2500__n01537544__ILSVRC2012_val_00036431.JPEG","images/n01537544/imagenet-hard-50-subset-2500__n01537544__ILSVRC2012_val_00036431.JPEG","14","indigo bunting","18","magpie","6,523438","18|379|93|21|23","magpie|howler monkey|hornbill|kite|vulture","6,523438|5,664062|4,789062|4,785156|4,757812","false"
"/private/var/containers/Bundle/Application/4D01D32A-B666-4384-B213-31BBF61E54F1/CVTestsSUI.app/imagenet-hard-50-subset-2500__n01558993__ILSVRC2012_val_00007667.JPEG","images/n01558993/imagenet-hard-50-subset-2500__n01558993__ILSVRC2012_val_00007667.JPEG","15","robin","50","American alligator","4,472656","50|84|85|363|904","American alligator|peacock|quail|armadillo|window screen","4,472656|3,839844|3,697266|3,623047|3,548828","false"
"/private/var/containers/Bundle/Application/4D01D32A-B666-4384-B213-31BBF61E54F1/CVTestsSUI.app/imagenet-hard-50-subset-2500__n01558993__ILSVRC2012_val_00022186.JPEG","images/n01558993/imagenet-hard-50-subset-2500__n01558993__ILSVRC2012_val_00022186.JPEG","15","robin","16","bulbul","5,742188","16|21|85|15|13","bulbul|kite|quail|robin|junco","5,742188|5,480469|5,429688|5,234375|5,226562","true"
"/private/var/containers/Bundle/Application/4D01D32A-B666-4384-B213-31BBF61E54F1/CVTestsSUI.app/imagenet-hard-50-subset-2500__n01558993__ILSVRC2012_val_00029627.JPEG","images/n01558993/imagenet-hard-50-subset-2500__n01558993__ILSVRC2012_val_00029627.JPEG","15","robin","19","chickadee","5,539062","19|15|10|13|16","chickadee|robin|brambling|junco|bulbul","5,539062|5,324219|4,785156|4,281250|3,763672","true"
"/private/var/containers/Bundle/Application/4D01D32A-B666-4384-B213-31BBF61E54F1/CVTestsSUI.app/imagenet-hard-50-subset-2500__n01558993__ILSVRC2012_val_00031273.JPEG","images/n01558993/imagenet-hard-50-subset-2500__n01558993__ILSVRC2012_val_00031273.JPEG","15","robin","85","quail","6,453125","85|82|15|86|12","quail|ruffed grouse|robin|partridge|house finch","6,453125|5,089844|5,058594|4,937500|4,253906","true"
"/private/var/containers/Bundle/Application/4D01D32A-B666-4384-B213-31BBF61E54F1/CVTestsSUI.app/imagenet-hard-50-subset-2500__n01558993__ILSVRC2012_val_00045150.JPEG","images/n01558993/imagenet-hard-50-subset-2500__n01558993__ILSVRC2012_val_00045150.JPEG","15","robin","12","house finch","6,800781","12|10|15|92|14","house finch|brambling|robin|bee eater|indigo bunting","6,800781|6,097656|5,882812|5,675781|5,312500","true"
"/private/var/containers/Bundle/Application/4D01D32A-B666-4384-B213-31BBF61E54F1/CVTestsSUI.app/imagenet-hard-50-subset-2500__n01558993__ILSVRC2012_val_00045294.JPEG","images/n01558993/imagenet-hard-50-subset-2500__n01558993__ILSVRC2012_val_00045294.JPEG","15","robin","91","coucal","4,984375","91|92|15|42|387","coucal|bee eater|robin|agama|lesser panda","4,984375|4,500000|4,445312|3,736328|3,574219","true"
"/private/var/containers/Bundle/Application/4D01D32A-B666-4384-B213-31BBF61E54F1/CVTestsSUI.app/imagenet-hard-50-subset-2500__n01560419__ILSVRC2012_val_00001720.JPEG","images/n01560419/imagenet-hard-50-subset-2500__n01560419__ILSVRC2012_val_00001720.JPEG","16","bulbul","22","bald eagle","5,800781","22|82|18|23|12","bald eagle|ruffed grouse|magpie|vulture|house finch","5,800781|5,417969|5,074219|4,984375|4,746094","false"
"/private/var/containers/Bundle/Application/4D01D32A-B666-4384-B213-31BBF61E54F1/CVTestsSUI.app/imagenet-hard-50-subset-2500__n01560419__ILSVRC2012_val_00001751.JPEG","images/n01560419/imagenet-hard-50-subset-2500__n01560419__ILSVRC2012_val_00001751.JPEG","16","bulbul","94","hummingbird","5,222656","94|92|95|16|134","hummingbird|bee eater|jacamar|bulbul|crane","5,222656|4,695312|4,429688|3,275391|2,558594","true"
"/private/var/containers/Bundle/Application/4D01D32A-B666-4384-B213-31BBF61E54F1/CVTestsSUI.app/imagenet-hard-50-subset-2500__n01560419__ILSVRC2012_val_00007263.JPEG","images/n01560419/imagenet-hard-50-subset-2500__n01560419__ILSVRC2012_val_00007263.JPEG","16","bulbul","94","hummingbird","4,734375","94|89|90|11|91","hummingbird|sulphur-crested cockatoo|lorikeet|goldfinch|coucal","4,734375|4,511719|4,429688|3,861328|3,781250","false"
"/private/var/containers/Bundle/Application/4D01D32A-B666-4384-B213-31BBF61E54F1/CVTestsSUI.app/imagenet-hard-50-subset-2500__n01560419__ILSVRC2012_val_00011267.JPEG","images/n01560419/imagenet-hard-50-subset-2500__n01560419__ILSVRC2012_val_00011267.JPEG","16","bulbul","93","hornbill","4,890625","93|18|17|85|16","hornbill|magpie|jay|quail|bulbul","4,890625|4,722656|4,675781|4,648438|4,550781","true"
"/private/var/containers/Bundle/Application/4D01D32A-B666-4384-B213-31BBF61E54F1/CVTestsSUI.app/imagenet-hard-50-subset-2500__n01560419__ILSVRC2012_val_00034720.JPEG","images/n01560419/imagenet-hard-50-subset-2500__n01560419__ILSVRC2012_val_00034720.JPEG","16","bulbul","91","coucal","4,972656","91|17|16|14|21","coucal|jay|bulbul|indigo bunting|kite","4,972656|4,347656|4,210938|3,738281|3,302734","true"
"/private/var/containers/Bundle/Application/4D01D32A-B666-4384-B213-31BBF61E54F1/CVTestsSUI.app/imagenet-hard-50-subset-2500__n01560419__ILSVRC2012_val_00041990.JPEG","images/n01560419/imagenet-hard-50-subset-2500__n01560419__ILSVRC2012_val_00041990.JPEG","16","bulbul","23","vulture","4,289062","23|13|16|14|18","vulture|junco|bulbul|indigo bunting|magpie","4,289062|3,869141|3,783203|3,367188|3,123047","true"
"/private/var/containers/Bundle/Application/4D01D32A-B666-4384-B213-31BBF61E54F1/CVTestsSUI.app/imagenet-hard-50-subset-2500__n01560419__ILSVRC2012_val_00044009.JPEG","images/n01560419/imagenet-hard-50-subset-2500__n01560419__ILSVRC2012_val_00044009.JPEG","16","bulbul","92","bee eater","5,203125","92|15|16|94|90","bee eater|robin|bulbul|hummingbird|lorikeet","5,203125|4,484375|4,390625|3,150391|3,052734","true"
"/private/var/containers/Bundle/Application/4D01D32A-B666-4384-B213-31BBF61E54F1/CVTestsSUI.app/imagenet-hard-50-subset-2500__n01580077__ILSVRC2012_val_00004317.JPEG","images/n01580077/imagenet-hard-50-subset-2500__n01580077__ILSVRC2012_val_00004317.JPEG","17","jay","98","red-breasted merganser","5,292969","98|99|97|143|20","red-breasted merganser|goose|drake|oystercatcher|water ouzel","5,292969|4,332031|4,265625|4,078125|4,023438","false"
"/private/var/containers/Bundle/Application/4D01D32A-B666-4384-B213-31BBF61E54F1/CVTestsSUI.app/imagenet-hard-50-subset-2500__n01580077__ILSVRC2012_val_00013753.JPEG","images/n01580077/imagenet-hard-50-subset-2500__n01580077__ILSVRC2012_val_00013753.JPEG","17","jay","10","brambling","5,437500","10|11|17|19|12","brambling|goldfinch|jay|chickadee|house finch","5,437500|3,912109|3,320312|3,253906|2,699219","true"
"/private/var/containers/Bundle/Application/4D01D32A-B666-4384-B213-31BBF61E54F1/CVTestsSUI.app/imagenet-hard-50-subset-2500__n01580077__ILSVRC2012_val_00015195.JPEG","images/n01580077/imagenet-hard-50-subset-2500__n01580077__ILSVRC2012_val_00015195.JPEG","17","jay","84","peacock","5,332031","84|17|85|136|18","peacock|jay|quail|European gallinule|magpie","5,332031|4,683594|4,398438|3,587891|3,199219","true"
"/private/var/containers/Bundle/Application/4D01D32A-B666-4384-B213-31BBF61E54F1/CVTestsSUI.app/imagenet-hard-50-subset-2500__n01580077__ILSVRC2012_val_00017024.JPEG","images/n01580077/imagenet-hard-50-subset-2500__n01580077__ILSVRC2012_val_00017024.JPEG","17","jay","94","hummingbird","4,992188","94|95|91|84|17","hummingbird|jacamar|coucal|peacock|jay","4,992188|4,953125|3,859375|3,746094|3,248047","true"
"/private/var/containers/Bundle/Application/4D01D32A-B666-4384-B213-31BBF61E54F1/CVTestsSUI.app/imagenet-hard-50-subset-2500__n01580077__ILSVRC2012_val_00020905.JPEG","images/n01580077/imagenet-hard-50-subset-2500__n01580077__ILSVRC2012_val_00020905.JPEG","17","jay","10","brambling","6,281250","10|12|13|15|91","brambling|house finch|junco|robin|coucal","6,281250|4,804688|4,695312|4,664062|3,082031","false"
"/private/var/containers/Bundle/Application/4D01D32A-B666-4384-B213-31BBF61E54F1/CVTestsSUI.app/imagenet-hard-50-subset-2500__n01580077__ILSVRC2012_val_00022106.JPEG","images/n01580077/imagenet-hard-50-subset-2500__n01580077__ILSVRC2012_val_00022106.JPEG","17","jay","18","magpie","6,062500","18|16|19|17|13","magpie|bulbul|chickadee|jay|junco","6,062500|5,871094|5,503906|3,667969|3,597656","true"
"/private/var/containers/Bundle/Application/4D01D32A-B666-4384-B213-31BBF61E54F1/CVTestsSUI.app/imagenet-hard-50-subset-2500__n01580077__ILSVRC2012_val_00026656.JPEG","images/n01580077/imagenet-hard-50-subset-2500__n01580077__ILSVRC2012_val_00026656.JPEG","17","jay","16","bulbul","5,804688","16|17|19|18|95","bulbul|jay|chickadee|magpie|jacamar","5,804688|5,558594|5,386719|4,050781|3,646484","true"
"/private/var/containers/Bundle/Application/4D01D32A-B666-4384-B213-31BBF61E54F1/CVTestsSUI.app/imagenet-hard-50-subset-2500__n01580077__ILSVRC2012_val_00040412.JPEG","images/n01580077/imagenet-hard-50-subset-2500__n01580077__ILSVRC2012_val_00040412.JPEG","17","jay","18","magpie","6,667969","18|17|16|14|13","magpie|jay|bulbul|indigo bunting|junco","6,667969|6,121094|3,750000|3,693359|3,652344","true"
"/private/var/containers/Bundle/Application/4D01D32A-B666-4384-B213-31BBF61E54F1/CVTestsSUI.app/imagenet-hard-50-subset-2500__n01582220__ILSVRC2012_val_00000476.JPEG","images/n01582220/imagenet-hard-50-subset-2500__n01582220__ILSVRC2012_val_00000476.JPEG","18","magpie","137","American coot","5,605469","137|18|143|136|99","American coot|magpie|oystercatcher|European gallinule|goose","5,605469|4,437500|3,931641|3,921875|3,673828","true"
"/private/var/containers/Bundle/Application/4D01D32A-B666-4384-B213-31BBF61E54F1/CVTestsSUI.app/imagenet-hard-50-subset-2500__n01582220__ILSVRC2012_val_00009981.JPEG","images/n01582220/imagenet-hard-50-subset-2500__n01582220__ILSVRC2012_val_00009981.JPEG","18","magpie","22","bald eagle","5,738281","22|21|18|89|23","bald eagle|kite|magpie|sulphur-crested cockatoo|vulture","5,738281|4,597656|4,042969|2,974609|2,970703","true"
"/private/var/containers/Bundle/Application/4D01D32A-B666-4384-B213-31BBF61E54F1/CVTestsSUI.app/imagenet-hard-50-subset-2500__n01582220__ILSVRC2012_val_00029695.JPEG","images/n01582220/imagenet-hard-50-subset-2500__n01582220__ILSVRC2012_val_00029695.JPEG","18","magpie","127","white stork","5,078125","127|128|18|93|22","white stork|black stork|magpie|hornbill|bald eagle","5,078125|4,378906|4,218750|4,035156|3,589844","true"
"/private/var/containers/Bundle/Application/4D01D32A-B666-4384-B213-31BBF61E54F1/CVTestsSUI.app/imagenet-hard-50-subset-2500__n01582220__ILSVRC2012_val_00035348.JPEG","images/n01582220/imagenet-hard-50-subset-2500__n01582220__ILSVRC2012_val_00035348.JPEG","18","magpie","611","jigsaw puzzle","9,203125","611|18|148|562|921","jigsaw puzzle|magpie|killer whale|fountain|book jacket","9,203125|7,355469|6,785156|5,238281|4,457031","true"
"/private/var/containers/Bundle/Application/4D01D32A-B666-4384-B213-31BBF61E54F1/CVTestsSUI.app/imagenet-hard-50-subset-2500__n01582220__ILSVRC2012_val_00037806.JPEG","images/n01582220/imagenet-hard-50-subset-2500__n01582220__ILSVRC2012_val_00037806.JPEG","18","magpie","22","bald eagle","4,488281","22|18|127|23|998","bald eagle|magpie|white stork|vulture|ear","4,488281|4,019531|3,748047|3,578125|3,525391","true"
"/private/var/containers/Bundle/Application/4D01D32A-B666-4384-B213-31BBF61E54F1/CVTestsSUI.app/imagenet-hard-50-subset-2500__n01582220__ILSVRC2012_val_00041051.JPEG","images/n01582220/imagenet-hard-50-subset-2500__n01582220__ILSVRC2012_val_00041051.JPEG","18","magpie","13","junco","4,578125","13|16|94|18|20","junco|bulbul|hummingbird|magpie|water ouzel","4,578125|4,214844|3,757812|3,531250|3,324219","true"
"/private/var/containers/Bundle/Application/4D01D32A-B666-4384-B213-31BBF61E54F1/CVTestsSUI.app/imagenet-hard-50-subset-2500__n01582220__ILSVRC2012_val_00041135.JPEG","images/n01582220/imagenet-hard-50-subset-2500__n01582220__ILSVRC2012_val_00041135.JPEG","18","magpie","272","coyote","4,777344","272|352|353|280|278","coyote|impala|gazelle|grey fox|kit fox","4,777344|4,585938|4,402344|4,296875|4,140625","false"
"/private/var/containers/Bundle/Application/4D01D32A-B666-4384-B213-31BBF61E54F1/CVTestsSUI.app/imagenet-hard-50-subset-2500__n01592084__ILSVRC2012_val_00043585.JPEG","images/n01592084/imagenet-hard-50-subset-2500__n01592084__ILSVRC2012_val_00043585.JPEG","19","chickadee","17","jay","5,097656","17|19|18|132|89","jay|chickadee|magpie|American egret|sulphur-crested cockatoo","5,097656|4,382812|4,304688|4,253906|3,957031","true"
"/private/var/containers/Bundle/Application/4D01D32A-B666-4384-B213-31BBF61E54F1/CVTestsSUI.app/imagenet-hard-50-subset-2500__n01601694__ILSVRC2012_val_00009597.JPEG","images/n01601694/imagenet-hard-50-subset-2500__n01601694__ILSVRC2012_val_00009597.JPEG","20","water ouzel","58","water snake","5,343750","58|50|20|49|360","water snake|American alligator|water ouzel|African crocodile|otter","5,343750|4,515625|4,031250|3,892578|3,853516","true"
"/private/var/containers/Bundle/Application/4D01D32A-B666-4384-B213-31BBF61E54F1/CVTestsSUI.app/imagenet-hard-50-subset-2500__n01601694__ILSVRC2012_val_00012797.JPEG","images/n01601694/imagenet-hard-50-subset-2500__n01601694__ILSVRC2012_val_00012797.JPEG","20","water ouzel","16","bulbul","3,595703","16|19|94|21|18","bulbul|chickadee|hummingbird|kite|magpie","3,595703|2,748047|2,634766|2,626953|2,484375","false"
"/private/var/containers/Bundle/Application/4D01D32A-B666-4384-B213-31BBF61E54F1/CVTestsSUI.app/imagenet-hard-50-subset-2500__n01601694__ILSVRC2012_val_00014673.JPEG","images/n01601694/imagenet-hard-50-subset-2500__n01601694__ILSVRC2012_val_00014673.JPEG","20","water ouzel","114","slug","5,945312","114|995|20|988|113","slug|earthstar|water ouzel|acorn|snail","5,945312|5,277344|4,839844|3,960938|3,859375","true"
"/private/var/containers/Bundle/Application/4D01D32A-B666-4384-B213-31BBF61E54F1/CVTestsSUI.app/imagenet-hard-50-subset-2500__n01601694__ILSVRC2012_val_00022972.JPEG","images/n01601694/imagenet-hard-50-subset-2500__n01601694__ILSVRC2012_val_00022972.JPEG","20","water ouzel","18","magpie","5,382812","18|13|20|19|145","magpie|junco|water ouzel|chickadee|king penguin","5,382812|4,808594|4,554688|4,359375|2,939453","true"
"/private/var/containers/Bundle/Application/4D01D32A-B666-4384-B213-31BBF61E54F1/CVTestsSUI.app/imagenet-hard-50-subset-2500__n01601694__ILSVRC2012_val_00026023.JPEG","images/n01601694/imagenet-hard-50-subset-2500__n01601694__ILSVRC2012_val_00026023.JPEG","20","water ouzel","95","jacamar","5,113281","95|91|14|15|90","jacamar|coucal|indigo bunting|robin|lorikeet","5,113281|4,855469|4,300781|3,851562|3,675781","false"
"/private/var/containers/Bundle/Application/4D01D32A-B666-4384-B213-31BBF61E54F1/CVTestsSUI.app/imagenet-hard-50-subset-2500__n01601694__ILSVRC2012_val_00030011.JPEG","images/n01601694/imagenet-hard-50-subset-2500__n01601694__ILSVRC2012_val_00030011.JPEG","20","water ouzel","137","American coot","5,328125","137|20|360|337|103","American coot|water ouzel|otter|beaver|platypus","5,328125|4,789062|4,425781|4,160156|3,949219","true"
"/private/var/containers/Bundle/Application/4D01D32A-B666-4384-B213-31BBF61E54F1/CVTestsSUI.app/imagenet-hard-50-subset-2500__n01601694__ILSVRC2012_val_00038159.JPEG","images/n01601694/imagenet-hard-50-subset-2500__n01601694__ILSVRC2012_val_00038159.JPEG","20","water ouzel","10","brambling","5,175781","10|15|42|19|13","brambling|robin|agama|chickadee|junco","5,175781|4,000000|2,566406|2,482422|2,474609","false"
"/private/var/containers/Bundle/Application/4D01D32A-B666-4384-B213-31BBF61E54F1/CVTestsSUI.app/imagenet-hard-50-subset-2500__n01601694__ILSVRC2012_val_00045873.JPEG","images/n01601694/imagenet-hard-50-subset-2500__n01601694__ILSVRC2012_val_00045873.JPEG","20","water ouzel","137","American coot","5,695312","137|20|136|360|337","American coot|water ouzel|European gallinule|otter|beaver","5,695312|4,523438|3,492188|3,261719|2,818359","true"
"/private/var/containers/Bundle/Application/4D01D32A-B666-4384-B213-31BBF61E54F1/CVTestsSUI.app/imagenet-hard-50-subset-2500__n01601694__ILSVRC2012_val_00049775.JPEG","images/n01601694/imagenet-hard-50-subset-2500__n01601694__ILSVRC2012_val_00049775.JPEG","20","water ouzel","94","hummingbird","4,300781","94|16|13|19|324","hummingbird|bulbul|junco|chickadee|cabbage butterfly","4,300781|4,023438|3,923828|3,724609|3,449219","false"
"/private/var/containers/Bundle/Application/4D01D32A-B666-4384-B213-31BBF61E54F1/CVTestsSUI.app/imagenet-hard-50-subset-2500__n01608432__ILSVRC2012_val_00001488.JPEG","images/n01608432/imagenet-hard-50-subset-2500__n01608432__ILSVRC2012_val_00001488.JPEG","21","kite","23","vulture","4,542969","23|21|8|135|18","vulture|kite|hen|limpkin|magpie","4,542969|3,679688|3,636719|3,226562|3,146484","true"
"/private/var/containers/Bundle/Application/4D01D32A-B666-4384-B213-31BBF61E54F1/CVTestsSUI.app/imagenet-hard-50-subset-2500__n01608432__ILSVRC2012_val_00002444.JPEG","images/n01608432/imagenet-hard-50-subset-2500__n01608432__ILSVRC2012_val_00002444.JPEG","21","kite","22","bald eagle","6,335938","22|21|23|16|139","bald eagle|kite|vulture|bulbul|ruddy turnstone","6,335938|4,792969|3,228516|3,095703|2,414062","true"
"/private/var/containers/Bundle/Application/4D01D32A-B666-4384-B213-31BBF61E54F1/CVTestsSUI.app/imagenet-hard-50-subset-2500__n01608432__ILSVRC2012_val_00006203.JPEG","images/n01608432/imagenet-hard-50-subset-2500__n01608432__ILSVRC2012_val_00006203.JPEG","21","kite","377","marmoset","3,917969","377|365|88|21|489","marmoset|orangutan|macaw|kite|chainlink fence","3,917969|3,839844|3,396484|3,253906|3,193359","true"
"/private/var/containers/Bundle/Application/4D01D32A-B666-4384-B213-31BBF61E54F1/CVTestsSUI.app/imagenet-hard-50-subset-2500__n01608432__ILSVRC2012_val_00013095.JPEG","images/n01608432/imagenet-hard-50-subset-2500__n01608432__ILSVRC2012_val_00013095.JPEG","21","kite","22","bald eagle","5,781250","22|93|23|375|24","bald eagle|hornbill|vulture|colobus|great grey owl","5,781250|4,578125|4,351562|4,343750|4,050781","false"
"/private/var/containers/Bundle/Application/4D01D32A-B666-4384-B213-31BBF61E54F1/CVTestsSUI.app/imagenet-hard-50-subset-2500__n01608432__ILSVRC2012_val_00014196.JPEG","images/n01608432/imagenet-hard-50-subset-2500__n01608432__ILSVRC2012_val_00014196.JPEG","21","kite","18","magpie","4,140625","18|80|22|21|93","magpie|black grouse|bald eagle|kite|hornbill","4,140625|3,708984|3,488281|3,273438|3,210938","true"
"/private/var/containers/Bundle/Application/4D01D32A-B666-4384-B213-31BBF61E54F1/CVTestsSUI.app/imagenet-hard-50-subset-2500__n01608432__ILSVRC2012_val_00015746.JPEG","images/n01608432/imagenet-hard-50-subset-2500__n01608432__ILSVRC2012_val_00015746.JPEG","21","kite","22","bald eagle","5,656250","22|21|89|81|132","bald eagle|kite|sulphur-crested cockatoo|ptarmigan|American egret","5,656250|5,480469|4,320312|3,710938|3,175781","true"
"/private/var/containers/Bundle/Application/4D01D32A-B666-4384-B213-31BBF61E54F1/CVTestsSUI.app/imagenet-hard-50-subset-2500__n01608432__ILSVRC2012_val_00018796.JPEG","images/n01608432/imagenet-hard-50-subset-2500__n01608432__ILSVRC2012_val_00018796.JPEG","21","kite","22","bald eagle","6,417969","22|21|23|24|18","bald eagle|kite|vulture|great grey owl|magpie","6,417969|4,566406|3,458984|2,992188|2,855469","true"
"/private/var/containers/Bundle/Application/4D01D32A-B666-4384-B213-31BBF61E54F1/CVTestsSUI.app/imagenet-hard-50-subset-2500__n01608432__ILSVRC2012_val_00023128.JPEG","images/n01608432/imagenet-hard-50-subset-2500__n01608432__ILSVRC2012_val_00023128.JPEG","21","kite","22","bald eagle","4,199219","22|23|345|93|346","bald eagle|vulture|ox|hornbill|water buffalo","4,199219|4,175781|3,798828|3,253906|3,091797","false"
"/private/var/containers/Bundle/Application/4D01D32A-B666-4384-B213-31BBF61E54F1/CVTestsSUI.app/imagenet-hard-50-subset-2500__n01608432__ILSVRC2012_val_00026444.JPEG","images/n01608432/imagenet-hard-50-subset-2500__n01608432__ILSVRC2012_val_00026444.JPEG","21","kite","16","bulbul","5,664062","16|364|21|91|82","bulbul|three-toed sloth|kite|coucal|ruffed grouse","5,664062|4,527344|4,371094|4,269531|3,830078","true"
"/private/var/containers/Bundle/Application/4D01D32A-B666-4384-B213-31BBF61E54F1/CVTestsSUI.app/imagenet-hard-50-subset-2500__n01608432__ILSVRC2012_val_00030292.JPEG","images/n01608432/imagenet-hard-50-subset-2500__n01608432__ILSVRC2012_val_00030292.JPEG","21","kite","140","red-backed sandpiper","4,855469","140|21|22|12|82","red-backed sandpiper|kite|bald eagle|house finch|ruffed grouse","4,855469|4,625000|4,292969|3,460938|3,380859","true"
"/private/var/containers/Bundle/Application/4D01D32A-B666-4384-B213-31BBF61E54F1/CVTestsSUI.app/imagenet-hard-50-subset-2500__n01608432__ILSVRC2012_val_00045690.JPEG","images/n01608432/imagenet-hard-50-subset-2500__n01608432__ILSVRC2012_val_00045690.JPEG","21","kite","138","bustard","5,574219","138|133|91|21|83","bustard|bittern|coucal|kite|prairie chicken","5,574219|3,943359|3,601562|3,197266|3,074219","true"
"/private/var/containers/Bundle/Application/4D01D32A-B666-4384-B213-31BBF61E54F1/CVTestsSUI.app/imagenet-hard-50-subset-2500__n01608432__ILSVRC2012_val_00047191.JPEG","images/n01608432/imagenet-hard-50-subset-2500__n01608432__ILSVRC2012_val_00047191.JPEG","21","kite","82","ruffed grouse","4,964844","82|8|83|67|7","ruffed grouse|hen|prairie chicken|diamondback|cock","4,964844|4,152344|4,070312|3,984375|3,851562","false"
"/private/var/containers/Bundle/Application/4D01D32A-B666-4384-B213-31BBF61E54F1/CVTestsSUI.app/imagenet-hard-50-subset-2500__n01614925__ILSVRC2012_val_00000128.JPEG","images/n01614925/imagenet-hard-50-subset-2500__n01614925__ILSVRC2012_val_00000128.JPEG","22","bald eagle","21","kite","5,871094","21|23|22|18|24","kite|vulture|bald eagle|magpie|great grey owl","5,871094|4,925781|4,675781|3,759766|3,707031","true"
"/private/var/containers/Bundle/Application/4D01D32A-B666-4384-B213-31BBF61E54F1/CVTestsSUI.app/imagenet-hard-50-subset-2500__n01616318__ILSVRC2012_val_00000018.JPEG","images/n01616318/imagenet-hard-50-subset-2500__n01616318__ILSVRC2012_val_00000018.JPEG","23","vulture","21","kite","4,886719","21|23|134|128|129","kite|vulture|crane|black stork|spoonbill","4,886719|4,812500|3,832031|3,830078|3,507812","true"
"/private/var/containers/Bundle/Application/4D01D32A-B666-4384-B213-31BBF61E54F1/CVTestsSUI.app/imagenet-hard-50-subset-2500__n01616318__ILSVRC2012_val_00014220.JPEG","images/n01616318/imagenet-hard-50-subset-2500__n01616318__ILSVRC2012_val_00014220.JPEG","23","vulture","22","bald eagle","6,109375","22|23|379|375|18","bald eagle|vulture|howler monkey|colobus|magpie","6,109375|5,847656|5,164062|4,500000|4,355469","true"
"/private/var/containers/Bundle/Application/4D01D32A-B666-4384-B213-31BBF61E54F1/CVTestsSUI.app/imagenet-hard-50-subset-2500__n01616318__ILSVRC2012_val_00022088.JPEG","images/n01616318/imagenet-hard-50-subset-2500__n01616318__ILSVRC2012_val_00022088.JPEG","23","vulture","330","wood rabbit","6,183594","330|331|104|82|138","wood rabbit|hare|wallaby|ruffed grouse|bustard","6,183594|5,578125|4,679688|4,593750|3,914062","false"
"/private/var/containers/Bundle/Application/4D01D32A-B666-4384-B213-31BBF61E54F1/CVTestsSUI.app/imagenet-hard-50-subset-2500__n01616318__ILSVRC2012_val_00037259.JPEG","images/n01616318/imagenet-hard-50-subset-2500__n01616318__ILSVRC2012_val_00037259.JPEG","23","vulture","372","baboon","5,035156","372|23|291|343|958","baboon|vulture|lion|warthog|hay","5,035156|4,281250|3,908203|3,683594|3,605469","true"
"/private/var/containers/Bundle/Application/4D01D32A-B666-4384-B213-31BBF61E54F1/CVTestsSUI.app/imagenet-hard-50-subset-2500__n01616318__ILSVRC2012_val_00047350.JPEG","images/n01616318/imagenet-hard-50-subset-2500__n01616318__ILSVRC2012_val_00047350.JPEG","23","vulture","21","kite","5,605469","21|23|134|94|127","kite|vulture|crane|hummingbird|white stork","5,605469|4,960938|4,324219|3,730469|3,722656","true"
"/private/var/containers/Bundle/Application/4D01D32A-B666-4384-B213-31BBF61E54F1/CVTestsSUI.app/imagenet-hard-50-subset-2500__n01622779__ILSVRC2012_val_00003892.JPEG","images/n01622779/imagenet-hard-50-subset-2500__n01622779__ILSVRC2012_val_00003892.JPEG","24","great grey owl","21","kite","5,917969","21|135|22|24|23","kite|limpkin|bald eagle|great grey owl|vulture","5,917969|5,753906|5,605469|4,765625|4,578125","true"
"/private/var/containers/Bundle/Application/4D01D32A-B666-4384-B213-31BBF61E54F1/CVTestsSUI.app/imagenet-hard-50-subset-2500__n01622779__ILSVRC2012_val_00004345.JPEG","images/n01622779/imagenet-hard-50-subset-2500__n01622779__ILSVRC2012_val_00004345.JPEG","24","great grey owl","795","ski","4,226562","795|802|792|391|537","ski|snowmobile|shovel|coho|dogsled","4,226562|3,863281|3,703125|3,281250|3,212891","false"
"/private/var/containers/Bundle/Application/4D01D32A-B666-4384-B213-31BBF61E54F1/CVTestsSUI.app/imagenet-hard-50-subset-2500__n02701002__ILSVRC2012_val_00003703.JPEG","images/n02701002/imagenet-hard-50-subset-2500__n02701002__ILSVRC2012_val_00003703.JPEG","407","ambulance","581","grille","5,429688","581|511|436|555|468","grille|convertible|beach wagon|fire engine|cab","5,429688|5,046875|5,023438|4,433594|4,027344","false"
"/private/var/containers/Bundle/Application/4D01D32A-B666-4384-B213-31BBF61E54F1/CVTestsSUI.app/imagenet-hard-50-subset-2500__n02701002__ILSVRC2012_val_00017171.JPEG","images/n02701002/imagenet-hard-50-subset-2500__n02701002__ILSVRC2012_val_00017171.JPEG","407","ambulance","734","police van","6,261719","734|407|654|656|757","police van|ambulance|minibus|minivan|recreational vehicle","6,261719|5,785156|4,964844|3,757812|3,095703","true"
"/private/var/containers/Bundle/Application/4D01D32A-B666-4384-B213-31BBF61E54F1/CVTestsSUI.app/imagenet-hard-50-subset-2500__n02701002__ILSVRC2012_val_00021146.JPEG","images/n02701002/imagenet-hard-50-subset-2500__n02701002__ILSVRC2012_val_00021146.JPEG","407","ambulance","734","police van","5,554688","734|407|654|656|468","police van|ambulance|minibus|minivan|cab","5,554688|4,730469|4,199219|3,546875|3,181641","true"
"/private/var/containers/Bundle/Application/4D01D32A-B666-4384-B213-31BBF61E54F1/CVTestsSUI.app/imagenet-hard-50-subset-2500__n02701002__ILSVRC2012_val_00024658.JPEG","images/n02701002/imagenet-hard-50-subset-2500__n02701002__ILSVRC2012_val_00024658.JPEG","407","ambulance","734","police van","6,648438","734|407|468|751|656","police van|ambulance|cab|racer|minivan","6,648438|5,363281|3,253906|3,125000|3,052734","true"
"/private/var/containers/Bundle/Application/4D01D32A-B666-4384-B213-31BBF61E54F1/CVTestsSUI.app/imagenet-hard-50-subset-2500__n02701002__ILSVRC2012_val_00043593.JPEG","images/n02701002/imagenet-hard-50-subset-2500__n02701002__ILSVRC2012_val_00043593.JPEG","407","ambulance","734","police van","4,929688","734|407|654|468|874","police van|ambulance|minibus|cab|trolleybus","4,929688|4,597656|3,419922|2,998047|2,638672","true"
"/private/var/containers/Bundle/Application/4D01D32A-B666-4384-B213-31BBF61E54F1/CVTestsSUI.app/imagenet-hard-50-subset-2500__n02701002__ILSVRC2012_val_00049302.JPEG","images/n02701002/imagenet-hard-50-subset-2500__n02701002__ILSVRC2012_val_00049302.JPEG","407","ambulance","555","fire engine","5,484375","555|661|864|757|717","fire engine|Model T|tow truck|recreational vehicle|pickup","5,484375|5,042969|3,107422|2,902344|2,636719","false"
"/private/var/containers/Bundle/Application/4D01D32A-B666-4384-B213-31BBF61E54F1/CVTestsSUI.app/imagenet-hard-50-subset-2500__n03345487__ILSVRC2012_val_00000764.JPEG","images/n03345487/imagenet-hard-50-subset-2500__n03345487__ILSVRC2012_val_00000764.JPEG","555","fire engine","867","trailer truck","5,304688","867|569|864|555|517","trailer truck|garbage truck|tow truck|fire engine|crane","5,304688|5,117188|4,675781|4,464844|4,183594","true"
"/private/var/containers/Bundle/Application/4D01D32A-B666-4384-B213-31BBF61E54F1/CVTestsSUI.app/imagenet-hard-50-subset-2500__n03345487__ILSVRC2012_val_00001491.JPEG","images/n03345487/imagenet-hard-50-subset-2500__n03345487__ILSVRC2012_val_00001491.JPEG","555","fire engine","874","trolleybus","4,664062","874|829|920|705|557","trolleybus|streetcar|traffic light|passenger car|flagpole","4,664062|4,289062|3,763672|3,273438|3,228516","false"
"/private/var/containers/Bundle/Application/4D01D32A-B666-4384-B213-31BBF61E54F1/CVTestsSUI.app/imagenet-hard-50-subset-2500__n03345487__ILSVRC2012_val_00023423.JPEG","images/n03345487/imagenet-hard-50-subset-2500__n03345487__ILSVRC2012_val_00023423.JPEG","555","fire engine","407","ambulance","5,718750","407|555|734|757|864","ambulance|fire engine|police van|recreational vehicle|tow truck","5,718750|4,605469|4,585938|3,417969|3,414062","true"
"/private/var/containers/Bundle/Application/4D01D32A-B666-4384-B213-31BBF61E54F1/CVTestsSUI.app/imagenet-hard-50-subset-2500__n03345487__ILSVRC2012_val_00024593.JPEG","images/n03345487/imagenet-hard-50-subset-2500__n03345487__ILSVRC2012_val_00024593.JPEG","555","fire engine","779","school bus","5,500000","779|555|874|705|547","school bus|fire engine|trolleybus|passenger car|electric locomotive","5,500000|5,464844|3,605469|3,373047|2,468750","true"
"/private/var/containers/Bundle/Application/4D01D32A-B666-4384-B213-31BBF61E54F1/CVTestsSUI.app/imagenet-hard-50-subset-2500__n03345487__ILSVRC2012_val_00025134.JPEG","images/n03345487/imagenet-hard-50-subset-2500__n03345487__ILSVRC2012_val_00025134.JPEG","555","fire engine","829","streetcar","5,140625","829|555|547|705|407","streetcar|fire engine|electric locomotive|passenger car|ambulance","5,140625|4,839844|4,585938|3,851562|3,820312","true"
"/private/var/containers/Bundle/Application/4D01D32A-B666-4384-B213-31BBF61E54F1/CVTestsSUI.app/imagenet-hard-50-subset-2500__n03345487__ILSVRC2012_val_00028536.JPEG","images/n03345487/imagenet-hard-50-subset-2500__n03345487__ILSVRC2012_val_00028536.JPEG","555","fire engine","560","football helmet","4,339844","560|440|745|543|907","football helmet|beer bottle|projector|dumbbell|wine bottle","4,339844|4,046875|3,425781|3,296875|3,287109","false"
"/private/var/containers/Bundle/Application/4D01D32A-B666-4384-B213-31BBF61E54F1/CVTestsSUI.app/imagenet-hard-50-subset-2500__n03345487__ILSVRC2012_val_00032745.JPEG","images/n03345487/imagenet-hard-50-subset-2500__n03345487__ILSVRC2012_val_00032745.JPEG","555","fire engine","654","minibus","4,746094","654|757|705|609|734","minibus|recreational vehicle|passenger car|jeep|police van","4,746094|4,542969|3,894531|3,845703|3,734375","false"
"/private/var/containers/Bundle/Application/4D01D32A-B666-4384-B213-31BBF61E54F1/CVTestsSUI.app/imagenet-hard-50-subset-2500__n03345487__ILSVRC2012_val_00037232.JPEG","images/n03345487/imagenet-hard-50-subset-2500__n03345487__ILSVRC2012_val_00037232.JPEG","555","fire engine","874","trolleybus","6,000000","874|829|733|555|920","trolleybus|streetcar|pole|fire engine|traffic light","6,000000|5,941406|4,742188|4,687500|4,351562","true"
"/private/var/containers/Bundle/Application/4D01D32A-B666-4384-B213-31BBF61E54F1/CVTestsSUI.app/imagenet-hard-50-subset-2500__n03345487__ILSVRC2012_val_00047888.JPEG","images/n03345487/imagenet-hard-50-subset-2500__n03345487__ILSVRC2012_val_00047888.JPEG","555","fire engine","820","steam locomotive","7,093750","820|856|595|867|569","steam locomotive|thresher|harvester|trailer truck|garbage truck","7,093750|4,125000|3,480469|3,298828|3,072266","false"
"/private/var/containers/Bundle/Application/4D01D32A-B666-4384-B213-31BBF61E54F1/CVTestsSUI.app/imagenet-hard-50-subset-2500__n03345487__ILSVRC2012_val_00048156.JPEG","images/n03345487/imagenet-hard-50-subset-2500__n03345487__ILSVRC2012_val_00048156.JPEG","555","fire engine","830","stretcher","4,988281","830|652|880|421|484","stretcher|military uniform|unicycle|bannister|catamaran","4,988281|3,279297|3,154297|2,966797|2,902344","false"
"/private/var/containers/Bundle/Application/4D01D32A-B666-4384-B213-31BBF61E54F1/CVTestsSUI.app/imagenet-hard-50-subset-2500__n03417042__ILSVRC2012_val_00002210.JPEG","images/n03417042/imagenet-hard-50-subset-2500__n03417042__ILSVRC2012_val_00002210.JPEG","569","garbage truck","867","trailer truck","7,261719","867|569|675|864|561","trailer truck|garbage truck|moving van|tow truck|forklift","7,261719|7,132812|6,003906|5,910156|4,593750","true"
"/private/var/containers/Bundle/Application/4D01D32A-B666-4384-B213-31BBF61E54F1/CVTestsSUI.app/imagenet-hard-50-subset-2500__n03417042__ILSVRC2012_val_00004119.JPEG","images/n03417042/imagenet-hard-50-subset-2500__n03417042__ILSVRC2012_val_00004119.JPEG","569","garbage truck","864","tow truck","4,894531","864|569|803|555|867","tow truck|garbage truck|snowplow|fire engine|trailer truck","4,894531|4,835938|4,707031|4,320312|4,121094","true"
"/private/var/containers/Bundle/Application/4D01D32A-B666-4384-B213-31BBF61E54F1/CVTestsSUI.app/imagenet-hard-50-subset-2500__n03417042__ILSVRC2012_val_00019147.JPEG","images/n03417042/imagenet-hard-50-subset-2500__n03417042__ILSVRC2012_val_00019147.JPEG","569","garbage truck","867","trailer truck","7,347656","867|569|864|675|561","trailer truck|garbage truck|tow truck|moving van|forklift","7,347656|7,265625|4,117188|4,078125|3,474609","true"
"/private/var/containers/Bundle/Application/4D01D32A-B666-4384-B213-31BBF61E54F1/CVTestsSUI.app/imagenet-hard-50-subset-2500__n03417042__ILSVRC2012_val_00032800.JPEG","images/n03417042/imagenet-hard-50-subset-2500__n03417042__ILSVRC2012_val_00032800.JPEG","569","garbage truck","803","snowplow","6,480469","803|569|915|867|874","snowplow|garbage truck|yurt|trailer truck|trolleybus","6,480469|5,781250|4,371094|4,304688|4,148438","true"
"/private/var/containers/Bundle/Application/4D01D32A-B666-4384-B213-31BBF61E54F1/CVTestsSUI.app/imagenet-hard-50-subset-2500__n03417042__ILSVRC2012_val_00034001.JPEG","images/n03417042/imagenet-hard-50-subset-2500__n03417042__ILSVRC2012_val_00034001.JPEG","569","garbage truck","867","trailer truck","6,378906","867|569|675|757|864","trailer truck|garbage truck|moving van|recreational vehicle|tow truck","6,378906|6,269531|5,019531|3,802734|3,001953","true"
"/private/var/containers/Bundle/Application/4D01D32A-B666-4384-B213-31BBF61E54F1/CVTestsSUI.app/imagenet-hard-50-subset-2500__n03417042__ILSVRC2012_val_00037947.JPEG","images/n03417042/imagenet-hard-50-subset-2500__n03417042__ILSVRC2012_val_00037947.JPEG","569","garbage truck","717","pickup","3,810547","717|468|609|436|864","pickup|cab|jeep|beach wagon|tow truck","3,810547|3,757812|3,582031|3,478516|3,414062","false"
"/private/var/containers/Bundle/Application/4D01D32A-B666-4384-B213-31BBF61E54F1/CVTestsSUI.app/imagenet-hard-50-subset-2500__n03417042__ILSVRC2012_val_00039069.JPEG","images/n03417042/imagenet-hard-50-subset-2500__n03417042__ILSVRC2012_val_00039069.JPEG","569","garbage truck","867","trailer truck","5,593750","867|569|595|866|820","trailer truck|garbage truck|harvester|tractor|steam locomotive","5,593750|5,394531|5,121094|4,070312|3,544922","true"
"/private/var/containers/Bundle/Application/4D01D32A-B666-4384-B213-31BBF61E54F1/CVTestsSUI.app/imagenet-hard-50-subset-2500__n03417042__ILSVRC2012_val_00042487.JPEG","images/n03417042/imagenet-hard-50-subset-2500__n03417042__ILSVRC2012_val_00042487.JPEG","569","garbage truck","561","forklift","4,449219","561|595|847|408|586","forklift|harvester|tank|amphibian|half track","4,449219|4,296875|4,195312|3,914062|3,759766","false"
"/private/var/containers/Bundle/Application/4D01D32A-B666-4384-B213-31BBF61E54F1/CVTestsSUI.app/imagenet-hard-50-subset-2500__n03417042__ILSVRC2012_val_00046913.JPEG","images/n03417042/imagenet-hard-50-subset-2500__n03417042__ILSVRC2012_val_00046913.JPEG","569","garbage truck","866","tractor","4,910156","866|730|595|856|609","tractor|plow|harvester|thresher|jeep","4,910156|4,839844|4,226562|3,863281|3,378906","false"
"/private/var/containers/Bundle/Application/4D01D32A-B666-4384-B213-31BBF61E54F1/CVTestsSUI.app/imagenet-hard-50-subset-2500__n03417042__ILSVRC2012_val_00047189.JPEG","images/n03417042/imagenet-hard-50-subset-2500__n03417042__ILSVRC2012_val_00047189.JPEG","569","garbage truck","867","trailer truck","5,609375","867|569|660|757|864","trailer truck|garbage truck|mobile home|recreational vehicle|tow truck","5,609375|5,347656|4,167969|4,070312|4,039062","true"
"/private/var/containers/Bundle/Application/4D01D32A-B666-4384-B213-31BBF61E54F1/CVTestsSUI.app/imagenet-hard-50-subset-2500__n03930630__ILSVRC2012_val_00007733.JPEG","images/n03930630/imagenet-hard-50-subset-2500__n03930630__ILSVRC2012_val_00007733.JPEG","717","pickup","757","recreational vehicle","4,992188","757|660|675|654|874","recreational vehicle|mobile home|moving van|minibus|trolleybus","4,992188|4,781250|4,671875|4,328125|4,066406","false"
"/private/var/containers/Bundle/Application/4D01D32A-B666-4384-B213-31BBF61E54F1/CVTestsSUI.app/imagenet-hard-50-subset-2500__n03930630__ILSVRC2012_val_00015879.JPEG","images/n03930630/imagenet-hard-50-subset-2500__n03930630__ILSVRC2012_val_00015879.JPEG","717","pickup","511","convertible","5,148438","511|436|817|468|581","convertible|beach wagon|sports car|cab|grille","5,148438|4,488281|4,441406|4,078125|3,908203","false"
"/private/var/containers/Bundle/Application/4D01D32A-B666-4384-B213-31BBF61E54F1/CVTestsSUI.app/imagenet-hard-50-subset-2500__n03930630__ILSVRC2012_val_00017360.JPEG","images/n03930630/imagenet-hard-50-subset-2500__n03930630__ILSVRC2012_val_00017360.JPEG","717","pickup","511","convertible","5,453125","511|436|581|717|817","convertible|beach wagon|grille|pickup|sports car","5,453125|5,242188|4,777344|4,199219|4,175781","true"
"/private/var/containers/Bundle/Application/4D01D32A-B666-4384-B213-31BBF61E54F1/CVTestsSUI.app/imagenet-hard-50-subset-2500__n03930630__ILSVRC2012_val_00017708.JPEG","images/n03930630/imagenet-hard-50-subset-2500__n03930630__ILSVRC2012_val_00017708.JPEG","717","pickup","660","mobile home","4,261719","660|718|603|867|705","mobile home|pier|horse cart|trailer truck|passenger car","4,261719|3,837891|3,712891|3,687500|3,685547","false"
"/private/var/containers/Bundle/Application/4D01D32A-B666-4384-B213-31BBF61E54F1/CVTestsSUI.app/imagenet-hard-50-subset-2500__n03930630__ILSVRC2012_val_00026079.JPEG","images/n03930630/imagenet-hard-50-subset-2500__n03930630__ILSVRC2012_val_00026079.JPEG","717","pickup","661","Model T","6,250000","661|717|621|864|866","Model T|pickup|lawn mower|tow truck|tractor","6,250000|3,820312|3,808594|3,248047|3,140625","true"
"/private/var/containers/Bundle/Application/4D01D32A-B666-4384-B213-31BBF61E54F1/CVTestsSUI.app/imagenet-hard-50-subset-2500__n03930630__ILSVRC2012_val_00026503.JPEG","images/n03930630/imagenet-hard-50-subset-2500__n03930630__ILSVRC2012_val_00026503.JPEG","717","pickup","661","Model T","5,414062","661|479|717|511|581","Model T|car wheel|pickup|convertible|grille","5,414062|3,757812|3,722656|3,636719|3,482422","true"
"/private/var/containers/Bundle/Application/4D01D32A-B666-4384-B213-31BBF61E54F1/CVTestsSUI.app/imagenet-hard-50-subset-2500__n03930630__ILSVRC2012_val_00027997.JPEG","images/n03930630/imagenet-hard-50-subset-2500__n03930630__ILSVRC2012_val_00027997.JPEG","717","pickup","586","half track","4,878906","586|866|864|661|717","half track|tractor|tow truck|Model T|pickup","4,878906|3,984375|3,822266|3,480469|3,189453","true"
"/private/var/containers/Bundle/Application/4D01D32A-B666-4384-B213-31BBF61E54F1/CVTestsSUI.app/imagenet-hard-50-subset-2500__n03930630__ILSVRC2012_val_00029046.JPEG","images/n03930630/imagenet-hard-50-subset-2500__n03930630__ILSVRC2012_val_00029046.JPEG","717","pickup","581","grille","6,007812","581|717|555|511|468","grille|pickup|fire engine|convertible|cab","6,007812|4,820312|4,671875|4,109375|4,042969","true"
"/private/var/containers/Bundle/Application/4D01D32A-B666-4384-B213-31BBF61E54F1/CVTestsSUI.app/imagenet-hard-50-subset-2500__n03930630__ILSVRC2012_val_00029772.JPEG","images/n03930630/imagenet-hard-50-subset-2500__n03930630__ILSVRC2012_val_00029772.JPEG","717","pickup","817","sports car","3,642578","817|479|581|436|511","sports car|car wheel|grille|beach wagon|convertible","3,642578|3,603516|3,470703|3,267578|3,177734","false"
"/private/var/containers/Bundle/Application/4D01D32A-B666-4384-B213-31BBF61E54F1/CVTestsSUI.app/imagenet-hard-50-subset-2500__n03930630__ILSVRC2012_val_00034975.JPEG","images/n03930630/imagenet-hard-50-subset-2500__n03930630__ILSVRC2012_val_00034975.JPEG","717","pickup","864","tow truck","5,738281","864|717|609|803|627","tow truck|pickup|jeep|snowplow|limousine","5,738281|5,464844|4,968750|4,542969|3,916016","true"
"/private/var/containers/Bundle/Application/4D01D32A-B666-4384-B213-31BBF61E54F1/CVTestsSUI.app/imagenet-hard-50-subset-2500__n03930630__ILSVRC2012_val_00039508.JPEG","images/n03930630/imagenet-hard-50-subset-2500__n03930630__ILSVRC2012_val_00039508.JPEG","717","pickup","581","grille","5,863281","581|717|511|479|817","grille|pickup|convertible|car wheel|sports car","5,863281|5,804688|4,914062|3,826172|3,779297","true"
"/private/var/containers/Bundle/Application/4D01D32A-B666-4384-B213-31BBF61E54F1/CVTestsSUI.app/imagenet-hard-50-subset-2500__n03930630__ILSVRC2012_val_00039963.JPEG","images/n03930630/imagenet-hard-50-subset-2500__n03930630__ILSVRC2012_val_00039963.JPEG","717","pickup","475","car mirror","3,775391","475|654|569|561|864","car mirror|minibus|garbage truck|forklift|tow truck","3,775391|3,732422|3,687500|3,556641|3,259766","false"
"/private/var/containers/Bundle/Application/4D01D32A-B666-4384-B213-31BBF61E54F1/CVTestsSUI.app/imagenet-hard-50-subset-2500__n03930630__ILSVRC2012_val_00044388.JPEG","images/n03930630/imagenet-hard-50-subset-2500__n03930630__ILSVRC2012_val_00044388.JPEG","717","pickup","609","jeep","5,828125","609|717|436|660|468","jeep|pickup|beach wagon|mobile home|cab","5,828125|4,250000|4,164062|3,306641|3,214844","true"
"/private/var/containers/Bundle/Application/4D01D32A-B666-4384-B213-31BBF61E54F1/CVTestsSUI.app/imagenet-hard-50-subset-2500__n03930630__ILSVRC2012_val_00045071.JPEG","images/n03930630/imagenet-hard-50-subset-2500__n03930630__ILSVRC2012_val_00045071.JPEG","717","pickup","609","jeep","3,869141","609|717|660|733|803","jeep|pickup|mobile home|pole|snowplow","3,869141|3,742188|3,519531|3,113281|3,099609","true"
"/private/var/containers/Bundle/Application/4D01D32A-B666-4384-B213-31BBF61E54F1/CVTestsSUI.app/imagenet-hard-50-subset-2500__n03930630__ILSVRC2012_val_00049525.JPEG","images/n03930630/imagenet-hard-50-subset-2500__n03930630__ILSVRC2012_val_00049525.JPEG","717","pickup","511","convertible","5,585938","511|717|436|817|479","convertible|pickup|beach wagon|sports car|car wheel","5,585938|5,015625|4,050781|3,582031|3,566406","true"
"/private/var/containers/Bundle/Application/4D01D32A-B666-4384-B213-31BBF61E54F1/CVTestsSUI.app/imagenet-hard-50-subset-2500__n03930630__ILSVRC2012_val_00049789.JPEG","images/n03930630/imagenet-hard-50-subset-2500__n03930630__ILSVRC2012_val_00049789.JPEG","717","pickup","864","tow truck","5,152344","864|609|717|586|661","tow truck|jeep|pickup|half track|Model T","5,152344|4,609375|4,550781|4,289062|3,595703","true"
"/private/var/containers/Bundle/Application/4D01D32A-B666-4384-B213-31BBF61E54F1/CVTestsSUI.app/imagenet-hard-50-subset-2500__n04461696__ILSVRC2012_val_00000671.JPEG","images/n04461696/imagenet-hard-50-subset-2500__n04461696__ILSVRC2012_val_00000671.JPEG","864","tow truck","555","fire engine","5,109375","555|864|717|867|407","fire engine|tow truck|pickup|trailer truck|ambulance","5,109375|4,675781|4,312500|4,269531|3,791016","true"
"/private/var/containers/Bundle/Application/4D01D32A-B666-4384-B213-31BBF61E54F1/CVTestsSUI.app/imagenet-hard-50-subset-2500__n04461696__ILSVRC2012_val_00007500.JPEG","images/n04461696/imagenet-hard-50-subset-2500__n04461696__ILSVRC2012_val_00007500.JPEG","864","tow truck","627","limousine","4,445312","627|609|864|717|867","limousine|jeep|tow truck|pickup|trailer truck","4,445312|4,015625|3,902344|3,521484|3,519531","true"
"/private/var/containers/Bundle/Application/4D01D32A-B666-4384-B213-31BBF61E54F1/CVTestsSUI.app/imagenet-hard-50-subset-2500__n04461696__ILSVRC2012_val_00007770.JPEG","images/n04461696/imagenet-hard-50-subset-2500__n04461696__ILSVRC2012_val_00007770.JPEG","864","tow truck","569","garbage truck","4,843750","569|864|867|803|654","garbage truck|tow truck|trailer truck|snowplow|minibus","4,843750|4,488281|4,066406|3,773438|2,771484","true"
"/private/var/containers/Bundle/Application/4D01D32A-B666-4384-B213-31BBF61E54F1/CVTestsSUI.app/imagenet-hard-50-subset-2500__n04461696__ILSVRC2012_val_00008483.JPEG","images/n04461696/imagenet-hard-50-subset-2500__n04461696__ILSVRC2012_val_00008483.JPEG","864","tow truck","867","trailer truck","7,003906","867|864|569|675|555","trailer truck|tow truck|garbage truck|moving van|fire engine","7,003906|6,546875|4,335938|3,638672|3,589844","true"
"/private/var/containers/Bundle/Application/4D01D32A-B666-4384-B213-31BBF61E54F1/CVTestsSUI.app/imagenet-hard-50-subset-2500__n04461696__ILSVRC2012_val_00013149.JPEG","images/n04461696/imagenet-hard-50-subset-2500__n04461696__ILSVRC2012_val_00013149.JPEG","864","tow truck","656","minivan","4,441406","656|734|407|436|864","minivan|police van|ambulance|beach wagon|tow truck","4,441406|4,199219|3,880859|3,816406|3,517578","true"
"/private/var/containers/Bundle/Application/4D01D32A-B666-4384-B213-31BBF61E54F1/CVTestsSUI.app/imagenet-hard-50-subset-2500__n04461696__ILSVRC2012_val_00014036.JPEG","images/n04461696/imagenet-hard-50-subset-2500__n04461696__ILSVRC2012_val_00014036.JPEG","864","tow truck","717","pickup","7,042969","717|864|581|555|609","pickup|tow truck|grille|fire engine|jeep","7,042969|5,714844|5,265625|3,958984|3,953125","true"
"/private/var/containers/Bundle/Application/4D01D32A-B666-4384-B213-31BBF61E54F1/CVTestsSUI.app/imagenet-hard-50-subset-2500__n04461696__ILSVRC2012_val_00016077.JPEG","images/n04461696/imagenet-hard-50-subset-2500__n04461696__ILSVRC2012_val_00016077.JPEG","864","tow truck","867","trailer truck","6,187500","867|864|555|757|569","trailer truck|tow truck|fire engine|recreational vehicle|garbage truck","6,187500|5,542969|4,089844|3,736328|3,400391","true"
"/private/var/containers/Bundle/Application/4D01D32A-B666-4384-B213-31BBF61E54F1/CVTestsSUI.app/imagenet-hard-50-subset-2500__n04461696__ILSVRC2012_val_00016835.JPEG","images/n04461696/imagenet-hard-50-subset-2500__n04461696__ILSVRC2012_val_00016835.JPEG","864","tow truck","654","minibus","4,894531","654|864|675|705|717","minibus|tow truck|moving van|passenger car|pickup","4,894531|3,953125|3,925781|3,478516|3,332031","true"
"/private/var/containers/Bundle/Application/4D01D32A-B666-4384-B213-31BBF61E54F1/CVTestsSUI.app/imagenet-hard-50-subset-2500__n04461696__ILSVRC2012_val_00022323.JPEG","images/n04461696/imagenet-hard-50-subset-2500__n04461696__ILSVRC2012_val_00022323.JPEG","864","tow truck","656","minivan","5,687500","656|511|436|627|817","minivan|convertible|beach wagon|limousine|sports car","5,687500|5,214844|4,976562|4,445312|4,199219","false"
"/private/var/containers/Bundle/Application/4D01D32A-B666-4384-B213-31BBF61E54F1/CVTestsSUI.app/imagenet-hard-50-subset-2500__n04461696__ILSVRC2012_val_00025748.JPEG","images/n04461696/imagenet-hard-50-subset-2500__n04461696__ILSVRC2012_val_00025748.JPEG","864","tow truck","654","minibus","3,619141","654|705|555|864|779","minibus|passenger car|fire engine|tow truck|school bus","3,619141|3,427734|3,351562|3,203125|3,068359","true"
"/private/var/containers/Bundle/Application/4D01D32A-B666-4384-B213-31BBF61E54F1/CVTestsSUI.app/imagenet-hard-50-subset-2500__n04461696__ILSVRC2012_val_00026004.JPEG","images/n04461696/imagenet-hard-50-subset-2500__n04461696__ILSVRC2012_val_00026004.JPEG","864","tow truck","757","recreational vehicle","6,050781","757|660|609|654|803","recreational vehicle|mobile home|jeep|minibus|snowplow","6,050781|4,601562|4,375000|3,667969|3,431641","false"
"/private/var/containers/Bundle/Application/4D01D32A-B666-4384-B213-31BBF61E54F1/CVTestsSUI.app/imagenet-hard-50-subset-2500__n04461696__ILSVRC2012_val_00027416.JPEG","images/n04461696/imagenet-hard-50-subset-2500__n04461696__ILSVRC2012_val_00027416.JPEG","864","tow truck","555","fire engine","4,105469","555|864|803|595|867","fire engine|tow truck|snowplow|harvester|trailer truck","4,105469|3,873047|3,423828|3,152344|3,033203","true"
"/private/var/containers/Bundle/Application/4D01D32A-B666-4384-B213-31BBF61E54F1/CVTestsSUI.app/imagenet-hard-50-subset-2500__n04461696__ILSVRC2012_val_00027593.JPEG","images/n04461696/imagenet-hard-50-subset-2500__n04461696__ILSVRC2012_val_00027593.JPEG","864","tow truck","575","golfcart","5,808594","575|864|408|661|609","golfcart|tow truck|amphibian|Model T|jeep","5,808594|5,593750|4,785156|4,324219|4,003906","true"
"/private/var/containers/Bundle/Application/4D01D32A-B666-4384-B213-31BBF61E54F1/CVTestsSUI.app/imagenet-hard-50-subset-2500__n04461696__ILSVRC2012_val_00027753.JPEG","images/n04461696/imagenet-hard-50-subset-2500__n04461696__ILSVRC2012_val_00027753.JPEG","864","tow truck","920","traffic light","3,771484","920|698|682|975|408","traffic light|palace|obelisk|lakeside|amphibian","3,771484|3,302734|3,103516|3,101562|2,943359","false"
"/private/var/containers/Bundle/Application/4D01D32A-B666-4384-B213-31BBF61E54F1/CVTestsSUI.app/imagenet-hard-50-subset-2500__n04461696__ILSVRC2012_val_00028004.JPEG","images/n04461696/imagenet-hard-50-subset-2500__n04461696__ILSVRC2012_val_00028004.JPEG","864","tow truck","717","pickup","7,011719","717|661|864|609|479","pickup|Model T|tow truck|jeep|car wheel","7,011719|6,648438|5,695312|3,814453|3,656250","true"
"/private/var/containers/Bundle/Application/4D01D32A-B666-4384-B213-31BBF61E54F1/CVTestsSUI.app/imagenet-hard-50-subset-2500__n04461696__ILSVRC2012_val_00031256.JPEG","images/n04461696/imagenet-hard-50-subset-2500__n04461696__ILSVRC2012_val_00031256.JPEG","864","tow truck","468","cab","5,695312","468|864|873|779|698","cab|tow truck|triumphal arch|school bus|palace","5,695312|4,402344|3,908203|3,898438|3,716797","true"
"/private/var/containers/Bundle/Application/4D01D32A-B666-4384-B213-31BBF61E54F1/CVTestsSUI.app/imagenet-hard-50-subset-2500__n04461696__ILSVRC2012_val_00039347.JPEG","images/n04461696/imagenet-hard-50-subset-2500__n04461696__ILSVRC2012_val_00039347.JPEG","864","tow truck","581","grille","6,074219","581|717|468|436|864","grille|pickup|cab|beach wagon|tow truck","6,074219|5,531250|5,410156|4,535156|4,187500","true"
"/private/var/containers/Bundle/Application/4D01D32A-B666-4384-B213-31BBF61E54F1/CVTestsSUI.app/imagenet-hard-50-subset-2500__n04461696__ILSVRC2012_val_00041027.JPEG","images/n04461696/imagenet-hard-50-subset-2500__n04461696__ILSVRC2012_val_00041027.JPEG","864","tow truck","803","snowplow","4,492188","803|864|555|595|634","snowplow|tow truck|fire engine|harvester|lumbermill","4,492188|4,328125|4,042969|3,154297|2,998047","true"
"/private/var/containers/Bundle/Application/4D01D32A-B666-4384-B213-31BBF61E54F1/CVTestsSUI.app/imagenet-hard-50-subset-2500__n04461696__ILSVRC2012_val_00045225.JPEG","images/n04461696/imagenet-hard-50-subset-2500__n04461696__ILSVRC2012_val_00045225.JPEG","864","tow truck","920","traffic light","6,402344","920|468|627|803|555","traffic light|cab|limousine|snowplow|fire engine","6,402344|5,988281|5,734375|4,675781|4,492188","false"
"/private/var/containers/Bundle/Application/4D01D32A-B666-4384-B213-31BBF61E54F1/CVTestsSUI.app/imagenet-hard-50-subset-2500__n04461696__ILSVRC2012_val_00046404.JPEG","images/n04461696/imagenet-hard-50-subset-2500__n04461696__ILSVRC2012_val_00046404.JPEG","864","tow truck","468","cab","5,550781","468|734|864|407|751","cab|police van|tow truck|ambulance|racer","5,550781|4,964844|4,750000|4,242188|4,152344","true"
"/private/var/containers/Bundle/Application/4D01D32A-B666-4384-B213-31BBF61E54F1/CVTestsSUI.app/imagenet-hard-50-subset-2500__n04461696__ILSVRC2012_val_00046880.JPEG","images/n04461696/imagenet-hard-50-subset-2500__n04461696__ILSVRC2012_val_00046880.JPEG","864","tow truck","511","convertible","5,558594","511|436|627|717|864","convertible|beach wagon|limousine|pickup|tow truck","5,558594|3,705078|3,640625|3,517578|2,988281","true"
"/private/var/containers/Bundle/Application/4D01D32A-B666-4384-B213-31BBF61E54F1/CVTestsSUI.app/imagenet-hard-50-subset-2500__n04461696__ILSVRC2012_val_00046973.JPEG","images/n04461696/imagenet-hard-50-subset-2500__n04461696__ILSVRC2012_val_00046973.JPEG","864","tow truck","627","limousine","4,281250","627|705|745|742|657","limousine|passenger car|projector|printer|missile","4,281250|3,267578|3,251953|3,162109|3,068359","false"
"/private/var/containers/Bundle/Application/4D01D32A-B666-4384-B213-31BBF61E54F1/CVTestsSUI.app/imagenet-hard-50-subset-2500__n04461696__ILSVRC2012_val_00047720.JPEG","images/n04461696/imagenet-hard-50-subset-2500__n04461696__ILSVRC2012_val_00047720.JPEG","864","tow truck","569","garbage truck","4,691406","569|864|595|621|866","garbage truck|tow truck|harvester|lawn mower|tractor","4,691406|4,687500|4,460938|4,402344|4,285156","true"
"/private/var/containers/Bundle/Application/4D01D32A-B666-4384-B213-31BBF61E54F1/CVTestsSUI.app/imagenet-hard-50-subset-2500__n04461696__ILSVRC2012_val_00048241.JPEG","images/n04461696/imagenet-hard-50-subset-2500__n04461696__ILSVRC2012_val_00048241.JPEG","864","tow truck","511","convertible","4,394531","511|479|609|864|817","convertible|car wheel|jeep|tow truck|sports car","4,394531|4,277344|4,062500|3,947266|3,746094","true"
"/private/var/containers/Bundle/Application/4D01D32A-B666-4384-B213-31BBF61E54F1/CVTestsSUI.app/imagenet-hard-50-subset-2500__n04461696__ILSVRC2012_val_00049076.JPEG","images/n04461696/imagenet-hard-50-subset-2500__n04461696__ILSVRC2012_val_00049076.JPEG","864","tow truck","555","fire engine","4,554688","555|864|595|609|866","fire engine|tow truck|harvester|jeep|tractor","4,554688|4,492188|4,117188|3,250000|2,896484","true"
"/private/var/containers/Bundle/Application/4D01D32A-B666-4384-B213-31BBF61E54F1/CVTestsSUI.app/imagenet-hard-50-subset-2500__n04467665__ILSVRC2012_val_00001797.JPEG","images/n04467665/imagenet-hard-50-subset-2500__n04467665__ILSVRC2012_val_00001797.JPEG","867","trailer truck","757","recreational vehicle","5,703125","757|867|864|717|675","recreational vehicle|trailer truck|tow truck|pickup|moving van","5,703125|5,527344|4,742188|4,390625|4,320312","true"
"/private/var/containers/Bundle/Application/4D01D32A-B666-4384-B213-31BBF61E54F1/CVTestsSUI.app/imagenet-hard-50-subset-2500__n04467665__ILSVRC2012_val_00014857.JPEG","images/n04467665/imagenet-hard-50-subset-2500__n04467665__ILSVRC2012_val_00014857.JPEG","867","trailer truck","757","recreational vehicle","6,105469","757|660|675|654|867","recreational vehicle|mobile home|moving van|minibus|trailer truck","6,105469|4,703125|4,371094|3,917969|3,855469","true"
"/private/var/containers/Bundle/Application/4D01D32A-B666-4384-B213-31BBF61E54F1/CVTestsSUI.app/imagenet-hard-50-subset-2500__n04467665__ILSVRC2012_val_00015480.JPEG","images/n04467665/imagenet-hard-50-subset-2500__n04467665__ILSVRC2012_val_00015480.JPEG","867","trailer truck","483","castle","6,812500","483|698|437|497|663","castle|palace|beacon|church|monastery","6,812500|5,230469|4,320312|4,121094|3,789062","false"
"/private/var/containers/Bundle/Application/4D01D32A-B666-4384-B213-31BBF61E54F1/CVTestsSUI.app/imagenet-hard-50-subset-2500__n04467665__ILSVRC2012_val_00029961.JPEG","images/n04467665/imagenet-hard-50-subset-2500__n04467665__ILSVRC2012_val_00029961.JPEG","867","trailer truck","919","street sign","6,011719","919|920|733|867|637","street sign|traffic light|pole|trailer truck|mailbox","6,011719|4,910156|4,132812|3,894531|3,640625","true"
"/private/var/containers/Bundle/Application/4D01D32A-B666-4384-B213-31BBF61E54F1/CVTestsSUI.app/imagenet-hard-50-subset-2500__n04467665__ILSVRC2012_val_00030427.JPEG","images/n04467665/imagenet-hard-50-subset-2500__n04467665__ILSVRC2012_val_00030427.JPEG","867","trailer truck","460","breakwater","4,660156","460|920|833|867|900","breakwater|traffic light|submarine|trailer truck|water tower","4,660156|4,222656|4,210938|3,125000|2,869141","true"
"/private/var/containers/Bundle/Application/4D01D32A-B666-4384-B213-31BBF61E54F1/CVTestsSUI.app/imagenet-hard-50-subset-2500__n04467665__ILSVRC2012_val_00030748.JPEG","images/n04467665/imagenet-hard-50-subset-2500__n04467665__ILSVRC2012_val_00030748.JPEG","867","trailer truck","864","tow truck","4,636719","864|867|555|751|803","tow truck|trailer truck|fire engine|racer|snowplow","4,636719|4,339844|3,904297|3,894531|3,482422","true"
"/private/var/containers/Bundle/Application/4D01D32A-B666-4384-B213-31BBF61E54F1/CVTestsSUI.app/imagenet-hard-50-subset-2500__n04467665__ILSVRC2012_val_00033485.JPEG","images/n04467665/imagenet-hard-50-subset-2500__n04467665__ILSVRC2012_val_00033485.JPEG","867","trailer truck","525","dam","6,542969","525|460|867|977|705","dam|breakwater|trailer truck|sandbar|passenger car","6,542969|6,378906|5,449219|4,023438|3,679688","true"
"/private/var/containers/Bundle/Application/4D01D32A-B666-4384-B213-31BBF61E54F1/CVTestsSUI.app/imagenet-hard-50-subset-2500__n04467665__ILSVRC2012_val_00035841.JPEG","images/n04467665/imagenet-hard-50-subset-2500__n04467665__ILSVRC2012_val_00035841.JPEG","867","trailer truck","839","suspension bridge","5,617188","839|718|460|536|510","suspension bridge|pier|breakwater|dock|container ship","5,617188|5,367188|5,242188|3,810547|3,716797","false"
"/private/var/containers/Bundle/Application/4D01D32A-B666-4384-B213-31BBF61E54F1/CVTestsSUI.app/imagenet-hard-50-subset-2500__n04467665__ILSVRC2012_val_00038561.JPEG","images/n04467665/imagenet-hard-50-subset-2500__n04467665__ILSVRC2012_val_00038561.JPEG","867","trailer truck","555","fire engine","5,296875","555|864|867|569|407","fire engine|tow truck|trailer truck|garbage truck|ambulance","5,296875|4,531250|4,050781|3,816406|3,693359","true"
"/private/var/containers/Bundle/Application/4D01D32A-B666-4384-B213-31BBF61E54F1/CVTestsSUI.app/imagenet-hard-50-subset-2500__n03769881__ILSVRC2012_val_00001207.JPEG","images/n03769881/imagenet-hard-50-subset-2500__n03769881__ILSVRC2012_val_00001207.JPEG","654","minibus","436","beach wagon","5,074219","436|654|656|581|407","beach wagon|minibus|minivan|grille|ambulance","5,074219|4,625000|4,421875|3,404297|3,281250","true"
"/private/var/containers/Bundle/Application/4D01D32A-B666-4384-B213-31BBF61E54F1/CVTestsSUI.app/imagenet-hard-50-subset-2500__n03769881__ILSVRC2012_val_00004866.JPEG","images/n03769881/imagenet-hard-50-subset-2500__n03769881__ILSVRC2012_val_00004866.JPEG","654","minibus","734","police van","5,460938","734|654|407|675|757","police van|minibus|ambulance|moving van|recreational vehicle","5,460938|5,453125|5,074219|4,828125|3,068359","true"
"/private/var/containers/Bundle/Application/4D01D32A-B666-4384-B213-31BBF61E54F1/CVTestsSUI.app/imagenet-hard-50-subset-2500__n03769881__ILSVRC2012_val_00012953.JPEG","images/n03769881/imagenet-hard-50-subset-2500__n03769881__ILSVRC2012_val_00012953.JPEG","654","minibus","675","moving van","6,535156","675|654|757|734|656","moving van|minibus|recreational vehicle|police van|minivan","6,535156|5,964844|5,949219|5,398438|4,542969","true"
"/private/var/containers/Bundle/Application/4D01D32A-B666-4384-B213-31BBF61E54F1/CVTestsSUI.app/imagenet-hard-50-subset-2500__n03769881__ILSVRC2012_val_00017651.JPEG","images/n03769881/imagenet-hard-50-subset-2500__n03769881__ILSVRC2012_val_00017651.JPEG","654","minibus","407","ambulance","4,046875","407|654|555|874|734","ambulance|minibus|fire engine|trolleybus|police van","4,046875|3,884766|3,615234|3,210938|3,048828","true"
"/private/var/containers/Bundle/Application/4D01D32A-B666-4384-B213-31BBF61E54F1/CVTestsSUI.app/imagenet-hard-50-subset-2500__n03769881__ILSVRC2012_val_00021324.JPEG","images/n03769881/imagenet-hard-50-subset-2500__n03769881__ILSVRC2012_val_00021324.JPEG","654","minibus","609","jeep","5,363281","609|654|717|734|656","jeep|minibus|pickup|police van|minivan","5,363281|4,890625|4,734375|4,429688|4,101562","true"
"/private/var/containers/Bundle/Application/4D01D32A-B666-4384-B213-31BBF61E54F1/CVTestsSUI.app/imagenet-hard-50-subset-2500__n03769881__ILSVRC2012_val_00024201.JPEG","images/n03769881/imagenet-hard-50-subset-2500__n03769881__ILSVRC2012_val_00024201.JPEG","654","minibus","874","trolleybus","4,250000","874|654|757|627|675","trolleybus|minibus|recreational vehicle|limousine|moving van","4,250000|4,238281|3,824219|3,816406|3,609375","true"
"/private/var/containers/Bundle/Application/4D01D32A-B666-4384-B213-31BBF61E54F1/CVTestsSUI.app/imagenet-hard-50-subset-2500__n03769881__ILSVRC2012_val_00024788.JPEG","images/n03769881/imagenet-hard-50-subset-2500__n03769881__ILSVRC2012_val_00024788.JPEG","654","minibus","468","cab","4,847656","468|654|656|575|436","cab|minibus|minivan|golfcart|beach wagon","4,847656|4,457031|4,191406|3,935547|3,769531","true"
"/private/var/containers/Bundle/Application/4D01D32A-B666-4384-B213-31BBF61E54F1/CVTestsSUI.app/imagenet-hard-50-subset-2500__n03769881__ILSVRC2012_val_00027080.JPEG","images/n03769881/imagenet-hard-50-subset-2500__n03769881__ILSVRC2012_val_00027080.JPEG","654","minibus","734","police van","5,078125","734|654|407|675|757","police van|minibus|ambulance|moving van|recreational vehicle","5,078125|5,019531|4,031250|3,638672|3,455078","true"
"/private/var/containers/Bundle/Application/4D01D32A-B666-4384-B213-31BBF61E54F1/CVTestsSUI.app/imagenet-hard-50-subset-2500__n03769881__ILSVRC2012_val_00027191.JPEG","images/n03769881/imagenet-hard-50-subset-2500__n03769881__ILSVRC2012_val_00027191.JPEG","654","minibus","734","police van","5,082031","734|654|757|675|407","police van|minibus|recreational vehicle|moving van|ambulance","5,082031|5,070312|4,976562|4,113281|3,908203","true"
"/private/var/containers/Bundle/Application/4D01D32A-B666-4384-B213-31BBF61E54F1/CVTestsSUI.app/imagenet-hard-50-subset-2500__n03769881__ILSVRC2012_val_00031610.JPEG","images/n03769881/imagenet-hard-50-subset-2500__n03769881__ILSVRC2012_val_00031610.JPEG","654","minibus","627","limousine","7,601562","627|654|656|757|982","limousine|minibus|minivan|recreational vehicle|groom","7,601562|6,304688|6,183594|5,050781|4,914062","true"
"/private/var/containers/Bundle/Application/4D01D32A-B666-4384-B213-31BBF61E54F1/CVTestsSUI.app/imagenet-hard-50-subset-2500__n03769881__ILSVRC2012_val_00032382.JPEG","images/n03769881/imagenet-hard-50-subset-2500__n03769881__ILSVRC2012_val_00032382.JPEG","654","minibus","483","castle","3,537109","483|663|734|654|407","castle|monastery|police van|minibus|ambulance","3,537109|3,500000|3,451172|3,300781|3,144531","true"
"/private/var/containers/Bundle/Application/4D01D32A-B666-4384-B213-31BBF61E54F1/CVTestsSUI.app/imagenet-hard-50-subset-2500__n03769881__ILSVRC2012_val_00035663.JPEG","images/n03769881/imagenet-hard-50-subset-2500__n03769881__ILSVRC2012_val_00035663.JPEG","654","minibus","656","minivan","5,292969","656|555|654|407|717","minivan|fire engine|minibus|ambulance|pickup","5,292969|4,218750|4,007812|3,871094|3,341797","true"
"/private/var/containers/Bundle/Application/4D01D32A-B666-4384-B213-31BBF61E54F1/CVTestsSUI.app/imagenet-hard-50-subset-2500__n03769881__ILSVRC2012_val_00037159.JPEG","images/n03769881/imagenet-hard-50-subset-2500__n03769881__ILSVRC2012_val_00037159.JPEG","654","minibus","757","recreational vehicle","5,886719","757|407|654|675|734","recreational vehicle|ambulance|minibus|moving van|police van","5,886719|5,882812|5,414062|5,035156|4,789062","true"
"/private/var/containers/Bundle/Application/4D01D32A-B666-4384-B213-31BBF61E54F1/CVTestsSUI.app/imagenet-hard-50-subset-2500__n03769881__ILSVRC2012_val_00041906.JPEG","images/n03769881/imagenet-hard-50-subset-2500__n03769881__ILSVRC2012_val_00041906.JPEG","654","minibus","627","limousine","8,507812","627|654|982|757|578","limousine|minibus|groom|recreational vehicle|gown","8,507812|6,335938|5,449219|4,945312|4,742188","true"
"/private/var/containers/Bundle/Application/4D01D32A-B666-4384-B213-31BBF61E54F1/CVTestsSUI.app/imagenet-hard-50-subset-2500__n03769881__ILSVRC2012_val_00042007.JPEG","images/n03769881/imagenet-hard-50-subset-2500__n03769881__ILSVRC2012_val_00042007.JPEG","654","minibus","407","ambulance","5,535156","407|654|734|675|656","ambulance|minibus|police van|moving van|minivan","5,535156|4,714844|4,691406|4,183594|3,083984","true"
"/private/var/containers/Bundle/Application/4D01D32A-B666-4384-B213-31BBF61E54F1/CVTestsSUI.app/imagenet-hard-50-subset-2500__n03769881__ILSVRC2012_val_00043105.JPEG","images/n03769881/imagenet-hard-50-subset-2500__n03769881__ILSVRC2012_val_00043105.JPEG","654","minibus","734","police van","4,054688","734|407|751|479|656","police van|ambulance|racer|car wheel|minivan","4,054688|3,755859|3,605469|3,472656|3,388672","false"
"/private/var/containers/Bundle/Application/4D01D32A-B666-4384-B213-31BBF61E54F1/CVTestsSUI.app/imagenet-hard-50-subset-2500__n03769881__ILSVRC2012_val_00049177.JPEG","images/n03769881/imagenet-hard-50-subset-2500__n03769881__ILSVRC2012_val_00049177.JPEG","654","minibus","779","school bus","7,812500","779|874|757|654|555","school bus|trolleybus|recreational vehicle|minibus|fire engine","7,812500|3,910156|3,089844|3,060547|3,031250","true"
"/private/var/containers/Bundle/Application/4D01D32A-B666-4384-B213-31BBF61E54F1/CVTestsSUI.app/imagenet-hard-50-subset-2500__n04146614__ILSVRC2012_val_00013295.JPEG","images/n04146614/imagenet-hard-50-subset-2500__n04146614__ILSVRC2012_val_00013295.JPEG","779","school bus","829","streetcar","5,312500","829|874|705|654|779","streetcar|trolleybus|passenger car|minibus|school bus","5,312500|5,136719|4,367188|3,863281|3,060547","true"
"/private/var/containers/Bundle/Application/4D01D32A-B666-4384-B213-31BBF61E54F1/CVTestsSUI.app/imagenet-hard-50-subset-2500__n04146614__ILSVRC2012_val_00018568.JPEG","images/n04146614/imagenet-hard-50-subset-2500__n04146614__ILSVRC2012_val_00018568.JPEG","779","school bus","866","tractor","5,472656","866|595|867|856|779","tractor|harvester|trailer truck|thresher|school bus","5,472656|4,347656|4,332031|3,919922|3,822266","true"
"/private/var/containers/Bundle/Application/4D01D32A-B666-4384-B213-31BBF61E54F1/CVTestsSUI.app/imagenet-hard-50-subset-2500__n04146614__ILSVRC2012_val_00045384.JPEG","images/n04146614/imagenet-hard-50-subset-2500__n04146614__ILSVRC2012_val_00045384.JPEG","779","school bus","874","trolleybus","6,296875","874|705|779|757|829","trolleybus|passenger car|school bus|recreational vehicle|streetcar","6,296875|5,570312|5,031250|4,609375|4,574219","true"
"/private/var/containers/Bundle/Application/4D01D32A-B666-4384-B213-31BBF61E54F1/CVTestsSUI.app/imagenet-hard-50-subset-2500__n04146614__ILSVRC2012_val_00047962.JPEG","images/n04146614/imagenet-hard-50-subset-2500__n04146614__ILSVRC2012_val_00047962.JPEG","779","school bus","920","traffic light","6,667969","920|779|704|637|571","traffic light|school bus|parking meter|mailbox|gas pump","6,667969|5,507812|5,425781|4,417969|4,328125","true"
"/private/var/containers/Bundle/Application/4D01D32A-B666-4384-B213-31BBF61E54F1/CVTestsSUI.app/imagenet-hard-50-subset-2500__n04487081__ILSVRC2012_val_00011711.JPEG","images/n04487081/imagenet-hard-50-subset-2500__n04487081__ILSVRC2012_val_00011711.JPEG","874","trolleybus","779","school bus","5,679688","779|874|705|654|829","school bus|trolleybus|passenger car|minibus|streetcar","5,679688|5,582031|4,167969|3,785156|2,595703","true"
"/private/var/containers/Bundle/Application/4D01D32A-B666-4384-B213-31BBF61E54F1/CVTestsSUI.app/imagenet-hard-50-subset-2500__n04487081__ILSVRC2012_val_00041413.JPEG","images/n04487081/imagenet-hard-50-subset-2500__n04487081__ILSVRC2012_val_00041413.JPEG","874","trolleybus","829","streetcar","4,917969","829|874|654|734|569","streetcar|trolleybus|minibus|police van|garbage truck","4,917969|4,644531|3,666016|3,550781|2,976562","true"
"/private/var/containers/Bundle/Application/4D01D32A-B666-4384-B213-31BBF61E54F1/CVTestsSUI.app/imagenet-hard-50-subset-2500__n04285008__ILSVRC2012_val_00003049.JPEG","images/n04285008/imagenet-hard-50-subset-2500__n04285008__ILSVRC2012_val_00003049.JPEG","817","sports car","751","racer","6,792969","751|468|817|734|479","racer|cab|sports car|police van|car wheel","6,792969|6,097656|5,078125|4,613281|3,531250","true"
"/private/var/containers/Bundle/Application/4D01D32A-B666-4384-B213-31BBF61E54F1/CVTestsSUI.app/imagenet-hard-50-subset-2500__n04285008__ILSVRC2012_val_00003478.JPEG","images/n04285008/imagenet-hard-50-subset-2500__n04285008__ILSVRC2012_val_00003478.JPEG","817","sports car","511","convertible","7,410156","511|817|751|627|479","convertible|sports car|racer|limousine|car wheel","7,410156|6,957031|4,687500|4,378906|4,375000","true"
"/private/var/containers/Bundle/Application/4D01D32A-B666-4384-B213-31BBF61E54F1/CVTestsSUI.app/imagenet-hard-50-subset-2500__n04285008__ILSVRC2012_val_00003896.JPEG","images/n04285008/imagenet-hard-50-subset-2500__n04285008__ILSVRC2012_val_00003896.JPEG","817","sports car","511","convertible","7,085938","511|817|751|479|581","convertible|sports car|racer|car wheel|grille","7,085938|6,675781|4,453125|4,230469|3,859375","true"
"/private/var/containers/Bundle/Application/4D01D32A-B666-4384-B213-31BBF61E54F1/CVTestsSUI.app/imagenet-hard-50-subset-2500__n04285008__ILSVRC2012_val_00004076.JPEG","images/n04285008/imagenet-hard-50-subset-2500__n04285008__ILSVRC2012_val_00004076.JPEG","817","sports car","511","convertible","5,746094","511|817|436|717|581","convertible|sports car|beach wagon|pickup|grille","5,746094|4,437500|4,308594|3,941406|3,617188","true"
"/private/var/containers/Bundle/Application/4D01D32A-B666-4384-B213-31BBF61E54F1/CVTestsSUI.app/imagenet-hard-50-subset-2500__n04285008__ILSVRC2012_val_00004868.JPEG","images/n04285008/imagenet-hard-50-subset-2500__n04285008__ILSVRC2012_val_00004868.JPEG","817","sports car","511","convertible","6,363281","511|817|479|581|436","convertible|sports car|car wheel|grille|beach wagon","6,363281|5,816406|4,414062|4,152344|3,890625","true"
"/private/var/containers/Bundle/Application/4D01D32A-B666-4384-B213-31BBF61E54F1/CVTestsSUI.app/imagenet-hard-50-subset-2500__n04285008__ILSVRC2012_val_00004970.JPEG","images/n04285008/imagenet-hard-50-subset-2500__n04285008__ILSVRC2012_val_00004970.JPEG","817","sports car","511","convertible","4,675781","511|817|581|479|468","convertible|sports car|grille|car wheel|cab","4,675781|4,437500|4,250000|4,066406|3,880859","true"
"/private/var/containers/Bundle/Application/4D01D32A-B666-4384-B213-31BBF61E54F1/CVTestsSUI.app/imagenet-hard-50-subset-2500__n04285008__ILSVRC2012_val_00007125.JPEG","images/n04285008/imagenet-hard-50-subset-2500__n04285008__ILSVRC2012_val_00007125.JPEG","817","sports car","751","racer","6,179688","751|817|581|511|479","racer|sports car|grille|convertible|car wheel","6,179688|6,128906|4,367188|3,925781|3,630859","true"
"/private/var/containers/Bundle/Application/4D01D32A-B666-4384-B213-31BBF61E54F1/CVTestsSUI.app/imagenet-hard-50-subset-2500__n04285008__ILSVRC2012_val_00007592.JPEG","images/n04285008/imagenet-hard-50-subset-2500__n04285008__ILSVRC2012_val_00007592.JPEG","817","sports car","511","convertible","5,363281","511|817|581|436|479","convertible|sports car|grille|beach wagon|car wheel","5,363281|4,707031|4,402344|3,707031|3,601562","true"
"/private/var/containers/Bundle/Application/4D01D32A-B666-4384-B213-31BBF61E54F1/CVTestsSUI.app/imagenet-hard-50-subset-2500__n04285008__ILSVRC2012_val_00009607.JPEG","images/n04285008/imagenet-hard-50-subset-2500__n04285008__ILSVRC2012_val_00009607.JPEG","817","sports car","751","racer","5,371094","751|555|817|864|408","racer|fire engine|sports car|tow truck|amphibian","5,371094|4,265625|3,671875|3,667969|3,386719","true"
"/private/var/containers/Bundle/Application/4D01D32A-B666-4384-B213-31BBF61E54F1/CVTestsSUI.app/imagenet-hard-50-subset-2500__n04285008__ILSVRC2012_val_00010455.JPEG","images/n04285008/imagenet-hard-50-subset-2500__n04285008__ILSVRC2012_val_00010455.JPEG","817","sports car","511","convertible","5,964844","511|817|581|479|436","convertible|sports car|grille|car wheel|beach wagon","5,964844|5,515625|4,628906|4,449219|4,171875","true"
"/private/var/containers/Bundle/Application/4D01D32A-B666-4384-B213-31BBF61E54F1/CVTestsSUI.app/imagenet-hard-50-subset-2500__n04285008__ILSVRC2012_val_00010983.JPEG","images/n04285008/imagenet-hard-50-subset-2500__n04285008__ILSVRC2012_val_00010983.JPEG","817","sports car","661","Model T","5,093750","661|479|609|586|717","Model T|car wheel|jeep|half track|pickup","5,093750|3,326172|3,250000|3,171875|3,156250","false"
"/private/var/containers/Bundle/Application/4D01D32A-B666-4384-B213-31BBF61E54F1/CVTestsSUI.app/imagenet-hard-50-subset-2500__n04285008__ILSVRC2012_val_00012327.JPEG","images/n04285008/imagenet-hard-50-subset-2500__n04285008__ILSVRC2012_val_00012327.JPEG","817","sports car","511","convertible","4,839844","511|817|581|436|656","convertible|sports car|grille|beach wagon|minivan","4,839844|4,609375|4,550781|4,078125|4,070312","true"
"/private/var/containers/Bundle/Application/4D01D32A-B666-4384-B213-31BBF61E54F1/CVTestsSUI.app/imagenet-hard-50-subset-2500__n04285008__ILSVRC2012_val_00013805.JPEG","images/n04285008/imagenet-hard-50-subset-2500__n04285008__ILSVRC2012_val_00013805.JPEG","817","sports car","751","racer","4,902344","751|864|555|867|817","racer|tow truck|fire engine|trailer truck|sports car","4,902344|4,781250|4,753906|4,164062|3,818359","true"
"/private/var/containers/Bundle/Application/4D01D32A-B666-4384-B213-31BBF61E54F1/CVTestsSUI.app/imagenet-hard-50-subset-2500__n04285008__ILSVRC2012_val_00022270.JPEG","images/n04285008/imagenet-hard-50-subset-2500__n04285008__ILSVRC2012_val_00022270.JPEG","817","sports car","751","racer","7,320312","751|817|468|479|734","racer|sports car|cab|car wheel|police van","7,320312|5,929688|4,648438|3,853516|3,046875","true"
"/private/var/containers/Bundle/Application/4D01D32A-B666-4384-B213-31BBF61E54F1/CVTestsSUI.app/imagenet-hard-50-subset-2500__n04285008__ILSVRC2012_val_00025004.JPEG","images/n04285008/imagenet-hard-50-subset-2500__n04285008__ILSVRC2012_val_00025004.JPEG","817","sports car","751","racer","5,820312","751|518|817|573|670","racer|crash helmet|sports car|go-kart|motor scooter","5,820312|5,437500|4,777344|4,531250|4,484375","true"
"/private/var/containers/Bundle/Application/4D01D32A-B666-4384-B213-31BBF61E54F1/CVTestsSUI.app/imagenet-hard-50-subset-2500__n04285008__ILSVRC2012_val_00025465.JPEG","images/n04285008/imagenet-hard-50-subset-2500__n04285008__ILSVRC2012_val_00025465.JPEG","817","sports car","511","convertible","6,378906","511|817|436|581|479","convertible|sports car|beach wagon|grille|car wheel","6,378906|5,988281|4,468750|4,382812|4,160156","true"
"/private/var/containers/Bundle/Application/4D01D32A-B666-4384-B213-31BBF61E54F1/CVTestsSUI.app/imagenet-hard-50-subset-2500__n04285008__ILSVRC2012_val_00029021.JPEG","images/n04285008/imagenet-hard-50-subset-2500__n04285008__ILSVRC2012_val_00029021.JPEG","817","sports car","751","racer","6,601562","751|817|864|573|586","racer|sports car|tow truck|go-kart|half track","6,601562|5,507812|4,484375|4,367188|3,443359","true"
"/private/var/containers/Bundle/Application/4D01D32A-B666-4384-B213-31BBF61E54F1/CVTestsSUI.app/imagenet-hard-50-subset-2500__n04285008__ILSVRC2012_val_00032944.JPEG","images/n04285008/imagenet-hard-50-subset-2500__n04285008__ILSVRC2012_val_00032944.JPEG","817","sports car","511","convertible","6,410156","511|817|479|436|581","convertible|sports car|car wheel|beach wagon|grille","6,410156|6,230469|4,722656|3,876953|3,361328","true"
"/private/var/containers/Bundle/Application/4D01D32A-B666-4384-B213-31BBF61E54F1/CVTestsSUI.app/imagenet-hard-50-subset-2500__n04285008__ILSVRC2012_val_00033293.JPEG","images/n04285008/imagenet-hard-50-subset-2500__n04285008__ILSVRC2012_val_00033293.JPEG","817","sports car","511","convertible","4,367188","511|436|468|751|817","convertible|beach wagon|cab|racer|sports car","4,367188|4,113281|4,000000|3,771484|3,630859","true"
"/private/var/containers/Bundle/Application/4D01D32A-B666-4384-B213-31BBF61E54F1/CVTestsSUI.app/imagenet-hard-50-subset-2500__n04285008__ILSVRC2012_val_00035309.JPEG","images/n04285008/imagenet-hard-50-subset-2500__n04285008__ILSVRC2012_val_00035309.JPEG","817","sports car","656","minivan","4,898438","656|511|627|817|581","minivan|convertible|limousine|sports car|grille","4,898438|4,332031|4,324219|4,246094|4,023438","true"
"/private/var/containers/Bundle/Application/4D01D32A-B666-4384-B213-31BBF61E54F1/CVTestsSUI.app/imagenet-hard-50-subset-2500__n04285008__ILSVRC2012_val_00038344.JPEG","images/n04285008/imagenet-hard-50-subset-2500__n04285008__ILSVRC2012_val_00038344.JPEG","817","sports car","436","beach wagon","4,687500","436|817|468|751|656","beach wagon|sports car|cab|racer|minivan","4,687500|4,421875|4,242188|3,916016|3,894531","true"
"/private/var/containers/Bundle/Application/4D01D32A-B666-4384-B213-31BBF61E54F1/CVTestsSUI.app/imagenet-hard-50-subset-2500__n04285008__ILSVRC2012_val_00038894.JPEG","images/n04285008/imagenet-hard-50-subset-2500__n04285008__ILSVRC2012_val_00038894.JPEG","817","sports car","751","racer","4,968750","751|734|817|407|518","racer|police van|sports car|ambulance|crash helmet","4,968750|4,882812|4,000000|3,914062|3,744141","true"
"/private/var/containers/Bundle/Application/4D01D32A-B666-4384-B213-31BBF61E54F1/CVTestsSUI.app/imagenet-hard-50-subset-2500__n04285008__ILSVRC2012_val_00041064.JPEG","images/n04285008/imagenet-hard-50-subset-2500__n04285008__ILSVRC2012_val_00041064.JPEG","817","sports car","511","convertible","6,542969","511|817|479|581|436","convertible|sports car|car wheel|grille|beach wagon","6,542969|6,136719|4,773438|4,167969|4,132812","true"
"/private/var/containers/Bundle/Application/4D01D32A-B666-4384-B213-31BBF61E54F1/CVTestsSUI.app/imagenet-hard-50-subset-2500__n04285008__ILSVRC2012_val_00043297.JPEG","images/n04285008/imagenet-hard-50-subset-2500__n04285008__ILSVRC2012_val_00043297.JPEG","817","sports car","751","racer","7,656250","751|817|573|479|518","racer|sports car|go-kart|car wheel|crash helmet","7,656250|7,320312|4,214844|4,128906|3,804688","true"
"/private/var/containers/Bundle/Application/4D01D32A-B666-4384-B213-31BBF61E54F1/CVTestsSUI.app/imagenet-hard-50-subset-2500__n04285008__ILSVRC2012_val_00047893.JPEG","images/n04285008/imagenet-hard-50-subset-2500__n04285008__ILSVRC2012_val_00047893.JPEG","817","sports car","751","racer","7,132812","751|817|864|479|867","racer|sports car|tow truck|car wheel|trailer truck","7,132812|5,992188|4,097656|3,748047|3,277344","true"
"/private/var/containers/Bundle/Application/4D01D32A-B666-4384-B213-31BBF61E54F1/CVTestsSUI.app/imagenet-hard-50-subset-2500__n04037443__ILSVRC2012_val_00010565.JPEG","images/n04037443/imagenet-hard-50-subset-2500__n04037443__ILSVRC2012_val_00010565.JPEG","751","racer","557","flagpole","4,710938","557|751|880|733|920","flagpole|racer|unicycle|pole|traffic light","4,710938|4,644531|4,082031|4,035156|3,916016","true"
"/private/var/containers/Bundle/Application/4D01D32A-B666-4384-B213-31BBF61E54F1/CVTestsSUI.app/imagenet-hard-50-subset-2500__n04037443__ILSVRC2012_val_00012769.JPEG","images/n04037443/imagenet-hard-50-subset-2500__n04037443__ILSVRC2012_val_00012769.JPEG","751","racer","920","traffic light","5,292969","920|781|919|510|874","traffic light|scoreboard|street sign|container ship|trolleybus","5,292969|4,617188|3,458984|2,974609|2,882812","false"
"/private/var/containers/Bundle/Application/4D01D32A-B666-4384-B213-31BBF61E54F1/CVTestsSUI.app/imagenet-hard-50-subset-2500__n04037443__ILSVRC2012_val_00014191.JPEG","images/n04037443/imagenet-hard-50-subset-2500__n04037443__ILSVRC2012_val_00014191.JPEG","751","racer","581","grille","5,492188","581|751|424|753|781","grille|racer|barbershop|radiator|scoreboard","5,492188|5,363281|4,195312|4,062500|3,648438","true"
"/private/var/containers/Bundle/Application/4D01D32A-B666-4384-B213-31BBF61E54F1/CVTestsSUI.app/imagenet-hard-50-subset-2500__n04037443__ILSVRC2012_val_00015688.JPEG","images/n04037443/imagenet-hard-50-subset-2500__n04037443__ILSVRC2012_val_00015688.JPEG","751","racer","864","tow truck","4,609375","864|803|609|751|408","tow truck|snowplow|jeep|racer|amphibian","4,609375|4,582031|4,351562|3,837891|3,566406","true"
"/private/var/containers/Bundle/Application/4D01D32A-B666-4384-B213-31BBF61E54F1/CVTestsSUI.app/imagenet-hard-50-subset-2500__n04037443__ILSVRC2012_val_00019802.JPEG","images/n04037443/imagenet-hard-50-subset-2500__n04037443__ILSVRC2012_val_00019802.JPEG","751","racer","500","cliff dwelling","4,312500","500|751|977|354|671","cliff dwelling|racer|sandbar|Arabian camel|mountain bike","4,312500|3,794922|3,455078|3,423828|3,421875","true"
"/private/var/containers/Bundle/Application/4D01D32A-B666-4384-B213-31BBF61E54F1/CVTestsSUI.app/imagenet-hard-50-subset-2500__n04037443__ILSVRC2012_val_00019812.JPEG","images/n04037443/imagenet-hard-50-subset-2500__n04037443__ILSVRC2012_val_00019812.JPEG","751","racer","468","cab","5,929688","468|751|817|581|656","cab|racer|sports car|grille|minivan","5,929688|5,351562|4,722656|3,820312|3,316406","true"
"/private/var/containers/Bundle/Application/4D01D32A-B666-4384-B213-31BBF61E54F1/CVTestsSUI.app/imagenet-hard-50-subset-2500__n04037443__ILSVRC2012_val_00022017.JPEG","images/n04037443/imagenet-hard-50-subset-2500__n04037443__ILSVRC2012_val_00022017.JPEG","751","racer","817","sports car","5,070312","817|751|479|468|511","sports car|racer|car wheel|cab|convertible","5,070312|4,996094|3,957031|2,945312|2,037109","true"
"/private/var/containers/Bundle/Application/4D01D32A-B666-4384-B213-31BBF61E54F1/CVTestsSUI.app/imagenet-hard-50-subset-2500__n04037443__ILSVRC2012_val_00023273.JPEG","images/n04037443/imagenet-hard-50-subset-2500__n04037443__ILSVRC2012_val_00023273.JPEG","751","racer","573","go-kart","7,062500","573|751|450|817|802","go-kart|racer|bobsled|sports car|snowmobile","7,062500|4,421875|3,103516|2,794922|2,779297","true"
"/private/var/containers/Bundle/Application/4D01D32A-B666-4384-B213-31BBF61E54F1/CVTestsSUI.app/imagenet-hard-50-subset-2500__n04037443__ILSVRC2012_val_00025858.JPEG","images/n04037443/imagenet-hard-50-subset-2500__n04037443__ILSVRC2012_val_00025858.JPEG","751","racer","895","warplane","6,355469","895|908|404|812|814","warplane|wing|airliner|space shuttle|speedboat","6,355469|5,484375|4,765625|4,011719|3,980469","false"
"/private/var/containers/Bundle/Application/4D01D32A-B666-4384-B213-31BBF61E54F1/CVTestsSUI.app/imagenet-hard-50-subset-2500__n04037443__ILSVRC2012_val_00026480.JPEG","images/n04037443/imagenet-hard-50-subset-2500__n04037443__ILSVRC2012_val_00026480.JPEG","751","racer","573","go-kart","4,910156","573|751|802|621|575","go-kart|racer|snowmobile|lawn mower|golfcart","4,910156|4,796875|3,312500|3,298828|3,064453","true"
"/private/var/containers/Bundle/Application/4D01D32A-B666-4384-B213-31BBF61E54F1/CVTestsSUI.app/imagenet-hard-50-subset-2500__n04037443__ILSVRC2012_val_00026947.JPEG","images/n04037443/imagenet-hard-50-subset-2500__n04037443__ILSVRC2012_val_00026947.JPEG","751","racer","489","chainlink fence","3,777344","489|822|807|733|403","chainlink fence|steel drum|solar dish|pole|aircraft carrier","3,777344|3,664062|3,488281|3,298828|3,242188","false"
"/private/var/containers/Bundle/Application/4D01D32A-B666-4384-B213-31BBF61E54F1/CVTestsSUI.app/imagenet-hard-50-subset-2500__n04037443__ILSVRC2012_val_00027891.JPEG","images/n04037443/imagenet-hard-50-subset-2500__n04037443__ILSVRC2012_val_00027891.JPEG","751","racer","817","sports car","4,800781","817|751|511|479|717","sports car|racer|convertible|car wheel|pickup","4,800781|4,429688|4,218750|3,468750|3,083984","true"
"/private/var/containers/Bundle/Application/4D01D32A-B666-4384-B213-31BBF61E54F1/CVTestsSUI.app/imagenet-hard-50-subset-2500__n04037443__ILSVRC2012_val_00028209.JPEG","images/n04037443/imagenet-hard-50-subset-2500__n04037443__ILSVRC2012_val_00028209.JPEG","751","racer","555","fire engine","5,429688","555|864|609|803|867","fire engine|tow truck|jeep|snowplow|trailer truck","5,429688|5,042969|4,921875|3,875000|3,867188","false"
"/private/var/containers/Bundle/Application/4D01D32A-B666-4384-B213-31BBF61E54F1/CVTestsSUI.app/imagenet-hard-50-subset-2500__n04037443__ILSVRC2012_val_00037055.JPEG","images/n04037443/imagenet-hard-50-subset-2500__n04037443__ILSVRC2012_val_00037055.JPEG","751","racer","980","volcano","4,683594","980|974|755|970|649","volcano|geyser|radio telescope|alp|megalith","4,683594|3,734375|3,511719|3,443359|3,439453","false"
"/private/var/containers/Bundle/Application/4D01D32A-B666-4384-B213-31BBF61E54F1/CVTestsSUI.app/imagenet-hard-50-subset-2500__n04037443__ILSVRC2012_val_00038994.JPEG","images/n04037443/imagenet-hard-50-subset-2500__n04037443__ILSVRC2012_val_00038994.JPEG","751","racer","874","trolleybus","4,683594","874|757|751|654|656","trolleybus|recreational vehicle|racer|minibus|minivan","4,683594|4,500000|4,363281|3,628906|3,585938","true"
"/private/var/containers/Bundle/Application/4D01D32A-B666-4384-B213-31BBF61E54F1/CVTestsSUI.app/imagenet-hard-50-subset-2500__n04037443__ILSVRC2012_val_00043710.JPEG","images/n04037443/imagenet-hard-50-subset-2500__n04037443__ILSVRC2012_val_00043710.JPEG","751","racer","581","grille","6,308594","581|511|436|717|817","grille|convertible|beach wagon|pickup|sports car","6,308594|3,880859|3,625000|3,003906|2,837891","false"
"/private/var/containers/Bundle/Application/4D01D32A-B666-4384-B213-31BBF61E54F1/CVTestsSUI.app/imagenet-hard-50-subset-2500__n04037443__ILSVRC2012_val_00048516.JPEG","images/n04037443/imagenet-hard-50-subset-2500__n04037443__ILSVRC2012_val_00048516.JPEG","751","racer","817","sports car","5,449219","817|581|479|436|468","sports car|grille|car wheel|beach wagon|cab","5,449219|4,992188|4,718750|4,695312|4,640625","false"
"/private/var/containers/Bundle/Application/4D01D32A-B666-4384-B213-31BBF61E54F1/CVTestsSUI.app/imagenet-hard-50-subset-2500__n02930766__ILSVRC2012_val_00001093.JPEG","images/n02930766/imagenet-hard-50-subset-2500__n02930766__ILSVRC2012_val_00001093.JPEG","468","cab","779","school bus","6,054688","779|468|803|864|867","school bus|cab|snowplow|tow truck|trailer truck","6,054688|5,488281|3,607422|3,585938|3,337891","true"
"/private/var/containers/Bundle/Application/4D01D32A-B666-4384-B213-31BBF61E54F1/CVTestsSUI.app/imagenet-hard-50-subset-2500__n02930766__ILSVRC2012_val_00003112.JPEG","images/n02930766/imagenet-hard-50-subset-2500__n02930766__ILSVRC2012_val_00003112.JPEG","468","cab","717","pickup","5,050781","717|436|468|656|864","pickup|beach wagon|cab|minivan|tow truck","5,050781|4,871094|4,269531|3,570312|3,433594","true"
"/private/var/containers/Bundle/Application/4D01D32A-B666-4384-B213-31BBF61E54F1/CVTestsSUI.app/imagenet-hard-50-subset-2500__n02930766__ILSVRC2012_val_00003886.JPEG","images/n02930766/imagenet-hard-50-subset-2500__n02930766__ILSVRC2012_val_00003886.JPEG","468","cab","656","minivan","5,734375","656|654|436|609|468","minivan|minibus|beach wagon|jeep|cab","5,734375|5,527344|4,386719|4,378906|4,085938","true"
"/private/var/containers/Bundle/Application/4D01D32A-B666-4384-B213-31BBF61E54F1/CVTestsSUI.app/imagenet-hard-50-subset-2500__n02930766__ILSVRC2012_val_00006258.JPEG","images/n02930766/imagenet-hard-50-subset-2500__n02930766__ILSVRC2012_val_00006258.JPEG","468","cab","907","wine bottle","4,203125","907|446|563|799|760","wine bottle|binder|fountain pen|sliding door|refrigerator","4,203125|4,007812|3,875000|3,582031|3,525391","false"
"/private/var/containers/Bundle/Application/4D01D32A-B666-4384-B213-31BBF61E54F1/CVTestsSUI.app/imagenet-hard-50-subset-2500__n02930766__ILSVRC2012_val_00012182.JPEG","images/n02930766/imagenet-hard-50-subset-2500__n02930766__ILSVRC2012_val_00012182.JPEG","468","cab","734","police van","4,406250","734|468|575|627|670","police van|cab|golfcart|limousine|motor scooter","4,406250|4,367188|4,058594|3,707031|3,642578","true"
"/private/var/containers/Bundle/Application/4D01D32A-B666-4384-B213-31BBF61E54F1/CVTestsSUI.app/imagenet-hard-50-subset-2500__n02930766__ILSVRC2012_val_00018744.JPEG","images/n02930766/imagenet-hard-50-subset-2500__n02930766__ILSVRC2012_val_00018744.JPEG","468","cab","873","triumphal arch","4,976562","873|920|468|682|442","triumphal arch|traffic light|cab|obelisk|bell cote","4,976562|4,523438|4,183594|4,125000|4,019531","true"
"/private/var/containers/Bundle/Application/4D01D32A-B666-4384-B213-31BBF61E54F1/CVTestsSUI.app/imagenet-hard-50-subset-2500__n02930766__ILSVRC2012_val_00019725.JPEG","images/n02930766/imagenet-hard-50-subset-2500__n02930766__ILSVRC2012_val_00019725.JPEG","468","cab","485","CD player","4,328125","485|685|754|848|482","CD player|odometer|radio|tape player|cassette player","4,328125|4,003906|3,984375|3,875000|3,767578","false"
"/private/var/containers/Bundle/Application/4D01D32A-B666-4384-B213-31BBF61E54F1/CVTestsSUI.app/imagenet-hard-50-subset-2500__n02930766__ILSVRC2012_val_00021775.JPEG","images/n02930766/imagenet-hard-50-subset-2500__n02930766__ILSVRC2012_val_00021775.JPEG","468","cab","932","pretzel","3,947266","932|934|415|627|930","pretzel|hotdog|bakery|limousine|French loaf","3,947266|3,755859|3,236328|3,171875|3,150391","false"
"/private/var/containers/Bundle/Application/4D01D32A-B666-4384-B213-31BBF61E54F1/CVTestsSUI.app/imagenet-hard-50-subset-2500__n02930766__ILSVRC2012_val_00025244.JPEG","images/n02930766/imagenet-hard-50-subset-2500__n02930766__ILSVRC2012_val_00025244.JPEG","468","cab","581","grille","7,449219","581|468|511|717|436","grille|cab|convertible|pickup|beach wagon","7,449219|7,011719|5,785156|5,660156|5,097656","true"
"/private/var/containers/Bundle/Application/4D01D32A-B666-4384-B213-31BBF61E54F1/CVTestsSUI.app/imagenet-hard-50-subset-2500__n02930766__ILSVRC2012_val_00029841.JPEG","images/n02930766/imagenet-hard-50-subset-2500__n02930766__ILSVRC2012_val_00029841.JPEG","468","cab","571","gas pump","4,660156","571|468|581|779|704","gas pump|cab|grille|school bus|parking meter","4,660156|4,652344|3,708984|3,599609|3,511719","true"
"/private/var/containers/Bundle/Application/4D01D32A-B666-4384-B213-31BBF61E54F1/CVTestsSUI.app/imagenet-hard-50-subset-2500__n02930766__ILSVRC2012_val_00031878.JPEG","images/n02930766/imagenet-hard-50-subset-2500__n02930766__ILSVRC2012_val_00031878.JPEG","468","cab","581","grille","6,722656","581|511|661|468|717","grille|convertible|Model T|cab|pickup","6,722656|4,417969|4,015625|3,789062|3,294922","true"
"/private/var/containers/Bundle/Application/4D01D32A-B666-4384-B213-31BBF61E54F1/CVTestsSUI.app/imagenet-hard-50-subset-2500__n02930766__ILSVRC2012_val_00035012.JPEG","images/n02930766/imagenet-hard-50-subset-2500__n02930766__ILSVRC2012_val_00035012.JPEG","468","cab","717","pickup","5,039062","717|511|656|581|436","pickup|convertible|minivan|grille|beach wagon","5,039062|4,871094|4,765625|4,613281|4,140625","false"
"/private/var/containers/Bundle/Application/4D01D32A-B666-4384-B213-31BBF61E54F1/CVTestsSUI.app/imagenet-hard-50-subset-2500__n02930766__ILSVRC2012_val_00038811.JPEG","images/n02930766/imagenet-hard-50-subset-2500__n02930766__ILSVRC2012_val_00038811.JPEG","468","cab","705","passenger car","5,968750","705|565|781|466|547","passenger car|freight car|scoreboard|bullet train|electric locomotive","5,968750|4,484375|4,269531|4,101562|3,902344","false"
"/private/var/containers/Bundle/Application/4D01D32A-B666-4384-B213-31BBF61E54F1/CVTestsSUI.app/imagenet-hard-50-subset-2500__n02930766__ILSVRC2012_val_00039097.JPEG","images/n02930766/imagenet-hard-50-subset-2500__n02930766__ILSVRC2012_val_00039097.JPEG","468","cab","717","pickup","5,835938","717|581|479|468|661","pickup|grille|car wheel|cab|Model T","5,835938|4,019531|3,917969|3,892578|3,384766","true"
"/private/var/containers/Bundle/Application/4D01D32A-B666-4384-B213-31BBF61E54F1/CVTestsSUI.app/imagenet-hard-50-subset-2500__n02930766__ILSVRC2012_val_00039250.JPEG","images/n02930766/imagenet-hard-50-subset-2500__n02930766__ILSVRC2012_val_00039250.JPEG","468","cab","581","grille","6,277344","581|661|717|511|468","grille|Model T|pickup|convertible|cab","6,277344|5,328125|5,093750|4,753906|4,484375","true"
"/private/var/containers/Bundle/Application/4D01D32A-B666-4384-B213-31BBF61E54F1/CVTestsSUI.app/imagenet-hard-50-subset-2500__n02930766__ILSVRC2012_val_00041873.JPEG","images/n02930766/imagenet-hard-50-subset-2500__n02930766__ILSVRC2012_val_00041873.JPEG","468","cab","436","beach wagon","5,957031","436|468|627|656|734","beach wagon|cab|limousine|minivan|police van","5,957031|4,351562|4,003906|3,716797|3,330078","true"
"/private/var/containers/Bundle/Application/4D01D32A-B666-4384-B213-31BBF61E54F1/CVTestsSUI.app/imagenet-hard-50-subset-2500__n02930766__ILSVRC2012_val_00041920.JPEG","images/n02930766/imagenet-hard-50-subset-2500__n02930766__ILSVRC2012_val_00041920.JPEG","468","cab","734","police van","5,562500","734|436|468|656|407","police van|beach wagon|cab|minivan|ambulance","5,562500|5,296875|5,097656|4,445312|3,492188","true"
"/private/var/containers/Bundle/Application/4D01D32A-B666-4384-B213-31BBF61E54F1/CVTestsSUI.app/imagenet-hard-50-subset-2500__n02814533__ILSVRC2012_val_00005774.JPEG","images/n02814533/imagenet-hard-50-subset-2500__n02814533__ILSVRC2012_val_00005774.JPEG","436","beach wagon","656","minivan","6,074219","656|436|479|581|627","minivan|beach wagon|car wheel|grille|limousine","6,074219|5,593750|3,824219|3,617188|3,378906","true"
"/private/var/containers/Bundle/Application/4D01D32A-B666-4384-B213-31BBF61E54F1/CVTestsSUI.app/imagenet-hard-50-subset-2500__n02814533__ILSVRC2012_val_00006220.JPEG","images/n02814533/imagenet-hard-50-subset-2500__n02814533__ILSVRC2012_val_00006220.JPEG","436","beach wagon","511","convertible","4,777344","511|817|581|436|479","convertible|sports car|grille|beach wagon|car wheel","4,777344|4,703125|4,164062|3,804688|3,248047","true"
"/private/var/containers/Bundle/Application/4D01D32A-B666-4384-B213-31BBF61E54F1/CVTestsSUI.app/imagenet-hard-50-subset-2500__n02814533__ILSVRC2012_val_00011630.JPEG","images/n02814533/imagenet-hard-50-subset-2500__n02814533__ILSVRC2012_val_00011630.JPEG","436","beach wagon","701","parachute","5,156250","701|730|981|830|895","parachute|plow|ballplayer|stretcher|warplane","5,156250|3,376953|3,363281|3,251953|3,095703","false"
"/private/var/containers/Bundle/Application/4D01D32A-B666-4384-B213-31BBF61E54F1/CVTestsSUI.app/imagenet-hard-50-subset-2500__n02814533__ILSVRC2012_val_00014447.JPEG","images/n02814533/imagenet-hard-50-subset-2500__n02814533__ILSVRC2012_val_00014447.JPEG","436","beach wagon","479","car wheel","7,753906","479|535|759|818|581","car wheel|disk brake|reflex camera|spotlight|grille","7,753906|3,783203|3,150391|2,287109|2,257812","false"
"/private/var/containers/Bundle/Application/4D01D32A-B666-4384-B213-31BBF61E54F1/CVTestsSUI.app/imagenet-hard-50-subset-2500__n02814533__ILSVRC2012_val_00014541.JPEG","images/n02814533/imagenet-hard-50-subset-2500__n02814533__ILSVRC2012_val_00014541.JPEG","436","beach wagon","581","grille","6,363281","581|511|436|817|656","grille|convertible|beach wagon|sports car|minivan","6,363281|5,234375|4,816406|4,597656|4,449219","true"
"/private/var/containers/Bundle/Application/4D01D32A-B666-4384-B213-31BBF61E54F1/CVTestsSUI.app/imagenet-hard-50-subset-2500__n02814533__ILSVRC2012_val_00014732.JPEG","images/n02814533/imagenet-hard-50-subset-2500__n02814533__ILSVRC2012_val_00014732.JPEG","436","beach wagon","511","convertible","5,003906","511|436|817|468|717","convertible|beach wagon|sports car|cab|pickup","5,003906|4,593750|4,179688|3,943359|3,785156","true"
"/private/var/containers/Bundle/Application/4D01D32A-B666-4384-B213-31BBF61E54F1/CVTestsSUI.app/imagenet-hard-50-subset-2500__n02814533__ILSVRC2012_val_00015200.JPEG","images/n02814533/imagenet-hard-50-subset-2500__n02814533__ILSVRC2012_val_00015200.JPEG","436","beach wagon","656","minivan","6,453125","656|436|468|581|569","minivan|beach wagon|cab|grille|garbage truck","6,453125|5,183594|4,542969|4,539062|4,449219","true"
"/private/var/containers/Bundle/Application/4D01D32A-B666-4384-B213-31BBF61E54F1/CVTestsSUI.app/imagenet-hard-50-subset-2500__n02814533__ILSVRC2012_val_00021487.JPEG","images/n02814533/imagenet-hard-50-subset-2500__n02814533__ILSVRC2012_val_00021487.JPEG","436","beach wagon","581","grille","6,023438","581|511|717|436|468","grille|convertible|pickup|beach wagon|cab","6,023438|4,023438|3,457031|3,371094|3,250000","true"
"/private/var/containers/Bundle/Application/4D01D32A-B666-4384-B213-31BBF61E54F1/CVTestsSUI.app/imagenet-hard-50-subset-2500__n02814533__ILSVRC2012_val_00023221.JPEG","images/n02814533/imagenet-hard-50-subset-2500__n02814533__ILSVRC2012_val_00023221.JPEG","436","beach wagon","468","cab","6,253906","468|656|436|717|627","cab|minivan|beach wagon|pickup|limousine","6,253906|5,917969|5,175781|4,968750|4,906250","true"
"/private/var/containers/Bundle/Application/4D01D32A-B666-4384-B213-31BBF61E54F1/CVTestsSUI.app/imagenet-hard-50-subset-2500__n02814533__ILSVRC2012_val_00027049.JPEG","images/n02814533/imagenet-hard-50-subset-2500__n02814533__ILSVRC2012_val_00027049.JPEG","436","beach wagon","920","traffic light","3,451172","920|656|468|511|627","traffic light|minivan|cab|convertible|limousine","3,451172|3,355469|3,162109|3,082031|3,000000","false"
"/private/var/containers/Bundle/Application/4D01D32A-B666-4384-B213-31BBF61E54F1/CVTestsSUI.app/imagenet-hard-50-subset-2500__n02814533__ILSVRC2012_val_00029057.JPEG","images/n02814533/imagenet-hard-50-subset-2500__n02814533__ILSVRC2012_val_00029057.JPEG","436","beach wagon","468","cab","4,484375","468|436|817|656|479","cab|beach wagon|sports car|minivan|car wheel","4,484375|4,437500|3,986328|3,875000|3,841797","true"
"/private/var/containers/Bundle/Application/4D01D32A-B666-4384-B213-31BBF61E54F1/CVTestsSUI.app/imagenet-hard-50-subset-2500__n02814533__ILSVRC2012_val_00030834.JPEG","images/n02814533/imagenet-hard-50-subset-2500__n02814533__ILSVRC2012_val_00030834.JPEG","436","beach wagon","468","cab","4,632812","468|436|654|717|656","cab|beach wagon|minibus|pickup|minivan","4,632812|4,089844|3,845703|3,804688|3,496094","true"
"/private/var/containers/Bundle/Application/4D01D32A-B666-4384-B213-31BBF61E54F1/CVTestsSUI.app/imagenet-hard-50-subset-2500__n02814533__ILSVRC2012_val_00031765.JPEG","images/n02814533/imagenet-hard-50-subset-2500__n02814533__ILSVRC2012_val_00031765.JPEG","436","beach wagon","687","organ","4,757812","687|520|743|729|421","organ|crib|prison|plate rack|bannister","4,757812|4,406250|4,253906|3,753906|3,660156","false"
"/private/var/containers/Bundle/Application/4D01D32A-B666-4384-B213-31BBF61E54F1/CVTestsSUI.app/imagenet-hard-50-subset-2500__n02814533__ILSVRC2012_val_00031828.JPEG","images/n02814533/imagenet-hard-50-subset-2500__n02814533__ILSVRC2012_val_00031828.JPEG","436","beach wagon","627","limousine","4,933594","627|656|468|436|581","limousine|minivan|cab|beach wagon|grille","4,933594|4,480469|4,417969|4,386719|3,890625","true"
"/private/var/containers/Bundle/Application/4D01D32A-B666-4384-B213-31BBF61E54F1/CVTestsSUI.app/imagenet-hard-50-subset-2500__n02814533__ILSVRC2012_val_00038055.JPEG","images/n02814533/imagenet-hard-50-subset-2500__n02814533__ILSVRC2012_val_00038055.JPEG","436","beach wagon","511","convertible","5,769531","511|436|581|717|468","convertible|beach wagon|grille|pickup|cab","5,769531|5,750000|5,132812|4,050781|3,744141","true"
"/private/var/containers/Bundle/Application/4D01D32A-B666-4384-B213-31BBF61E54F1/CVTestsSUI.app/imagenet-hard-50-subset-2500__n02814533__ILSVRC2012_val_00041979.JPEG","images/n02814533/imagenet-hard-50-subset-2500__n02814533__ILSVRC2012_val_00041979.JPEG","436","beach wagon","581","grille","5,367188","581|436|817|511|656","grille|beach wagon|sports car|convertible|minivan","5,367188|5,128906|4,929688|4,671875|4,667969","true"
"/private/var/containers/Bundle/Application/4D01D32A-B666-4384-B213-31BBF61E54F1/CVTestsSUI.app/imagenet-hard-50-subset-2500__n02814533__ILSVRC2012_val_00042597.JPEG","images/n02814533/imagenet-hard-50-subset-2500__n02814533__ILSVRC2012_val_00042597.JPEG","436","beach wagon","734","police van","7,378906","734|468|656|407|751","police van|cab|minivan|ambulance|racer","7,378906|4,777344|3,615234|3,373047|3,101562","false"
"/private/var/containers/Bundle/Application/4D01D32A-B666-4384-B213-31BBF61E54F1/CVTestsSUI.app/imagenet-hard-50-subset-2500__n02814533__ILSVRC2012_val_00048556.JPEG","images/n02814533/imagenet-hard-50-subset-2500__n02814533__ILSVRC2012_val_00048556.JPEG","436","beach wagon","468","cab","4,656250","468|656|436|864|654","cab|minivan|beach wagon|tow truck|minibus","4,656250|4,078125|3,763672|3,755859|3,693359","true"
"/private/var/containers/Bundle/Application/4D01D32A-B666-4384-B213-31BBF61E54F1/CVTestsSUI.app/imagenet-hard-50-subset-2500__n03594945__ILSVRC2012_val_00000659.JPEG","images/n03594945/imagenet-hard-50-subset-2500__n03594945__ILSVRC2012_val_00000659.JPEG","609","jeep","803","snowplow","4,539062","803|555|920|864|468","snowplow|fire engine|traffic light|tow truck|cab","4,539062|4,308594|3,884766|3,605469|3,587891","false"
"/private/var/containers/Bundle/Application/4D01D32A-B666-4384-B213-31BBF61E54F1/CVTestsSUI.app/imagenet-hard-50-subset-2500__n03594945__ILSVRC2012_val_00003945.JPEG","images/n03594945/imagenet-hard-50-subset-2500__n03594945__ILSVRC2012_val_00003945.JPEG","609","jeep","864","tow truck","3,957031","864|586|609|866|757","tow truck|half track|jeep|tractor|recreational vehicle","3,957031|3,785156|3,667969|3,603516|3,031250","true"
"/private/var/containers/Bundle/Application/4D01D32A-B666-4384-B213-31BBF61E54F1/CVTestsSUI.app/imagenet-hard-50-subset-2500__n03594945__ILSVRC2012_val_00004439.JPEG","images/n03594945/imagenet-hard-50-subset-2500__n03594945__ILSVRC2012_val_00004439.JPEG","609","jeep","586","half track","5,183594","586|609|864|408|847","half track|jeep|tow truck|amphibian|tank","5,183594|4,585938|4,531250|4,425781|4,316406","true"
"/private/var/containers/Bundle/Application/4D01D32A-B666-4384-B213-31BBF61E54F1/CVTestsSUI.app/imagenet-hard-50-subset-2500__n03594945__ILSVRC2012_val_00005147.JPEG","images/n03594945/imagenet-hard-50-subset-2500__n03594945__ILSVRC2012_val_00005147.JPEG","609","jeep","425","barn","5,804688","425|497|449|879|915","barn|church|boathouse|umbrella|yurt","5,804688|5,000000|4,875000|4,671875|4,535156","false"
"/private/var/containers/Bundle/Application/4D01D32A-B666-4384-B213-31BBF61E54F1/CVTestsSUI.app/imagenet-hard-50-subset-2500__n03594945__ILSVRC2012_val_00006530.JPEG","images/n03594945/imagenet-hard-50-subset-2500__n03594945__ILSVRC2012_val_00006530.JPEG","609","jeep","575","golfcart","4,777344","575|609|569|867|757","golfcart|jeep|garbage truck|trailer truck|recreational vehicle","4,777344|4,171875|3,519531|3,253906|3,220703","true"
"/private/var/containers/Bundle/Application/4D01D32A-B666-4384-B213-31BBF61E54F1/CVTestsSUI.app/imagenet-hard-50-subset-2500__n03594945__ILSVRC2012_val_00008382.JPEG","images/n03594945/imagenet-hard-50-subset-2500__n03594945__ILSVRC2012_val_00008382.JPEG","609","jeep","555","fire engine","6,628906","555|609|864|867|717","fire engine|jeep|tow truck|trailer truck|pickup","6,628906|5,941406|3,689453|3,603516|3,058594","true"
"/private/var/containers/Bundle/Application/4D01D32A-B666-4384-B213-31BBF61E54F1/CVTestsSUI.app/imagenet-hard-50-subset-2500__n03594945__ILSVRC2012_val_00008383.JPEG","images/n03594945/imagenet-hard-50-subset-2500__n03594945__ILSVRC2012_val_00008383.JPEG","609","jeep","654","minibus","5,214844","654|581|734|468|609","minibus|grille|police van|cab|jeep","5,214844|5,171875|4,820312|4,738281|4,621094","true"
"/private/var/containers/Bundle/Application/4D01D32A-B666-4384-B213-31BBF61E54F1/CVTestsSUI.app/imagenet-hard-50-subset-2500__n03594945__ILSVRC2012_val_00009983.JPEG","images/n03594945/imagenet-hard-50-subset-2500__n03594945__ILSVRC2012_val_00009983.JPEG","609","jeep","734","police van","4,613281","734|654|751|656|575","police van|minibus|racer|minivan|golfcart","4,613281|4,566406|4,335938|4,289062|3,830078","false"
"/private/var/containers/Bundle/Application/4D01D32A-B666-4384-B213-31BBF61E54F1/CVTestsSUI.app/imagenet-hard-50-subset-2500__n03594945__ILSVRC2012_val_00013517.JPEG","images/n03594945/imagenet-hard-50-subset-2500__n03594945__ILSVRC2012_val_00013517.JPEG","609","jeep","779","school bus","4,621094","779|609|803|654|569","school bus|jeep|snowplow|minibus|garbage truck","4,621094|4,078125|3,990234|3,681641|3,509766","true"
"/private/var/containers/Bundle/Application/4D01D32A-B666-4384-B213-31BBF61E54F1/CVTestsSUI.app/imagenet-hard-50-subset-2500__n03594945__ILSVRC2012_val_00013993.JPEG","images/n03594945/imagenet-hard-50-subset-2500__n03594945__ILSVRC2012_val_00013993.JPEG","609","jeep","656","minivan","4,769531","656|609|627|717|436","minivan|jeep|limousine|pickup|beach wagon","4,769531|4,718750|4,453125|4,339844|3,980469","true"
"/private/var/containers/Bundle/Application/4D01D32A-B666-4384-B213-31BBF61E54F1/CVTestsSUI.app/imagenet-hard-50-subset-2500__n03594945__ILSVRC2012_val_00014841.JPEG","images/n03594945/imagenet-hard-50-subset-2500__n03594945__ILSVRC2012_val_00014841.JPEG","609","jeep","913","wreck","5,472656","913|408|833|483|847","wreck|amphibian|submarine|castle|tank","5,472656|4,824219|4,285156|3,369141|3,353516","false"
"/private/var/containers/Bundle/Application/4D01D32A-B666-4384-B213-31BBF61E54F1/CVTestsSUI.app/imagenet-hard-50-subset-2500__n03594945__ILSVRC2012_val_00016456.JPEG","images/n03594945/imagenet-hard-50-subset-2500__n03594945__ILSVRC2012_val_00016456.JPEG","609","jeep","562","fountain","4,964844","562|814|408|554|974","fountain|speedboat|amphibian|fireboat|geyser","4,964844|4,457031|4,410156|4,054688|3,638672","false"
"/private/var/containers/Bundle/Application/4D01D32A-B666-4384-B213-31BBF61E54F1/CVTestsSUI.app/imagenet-hard-50-subset-2500__n03594945__ILSVRC2012_val_00018474.JPEG","images/n03594945/imagenet-hard-50-subset-2500__n03594945__ILSVRC2012_val_00018474.JPEG","609","jeep","819","stage","4,437500","819|890|862|456|602","stage|volleyball|torch|bow|horizontal bar","4,437500|4,023438|3,964844|3,382812|3,351562","false"
"/private/var/containers/Bundle/Application/4D01D32A-B666-4384-B213-31BBF61E54F1/CVTestsSUI.app/imagenet-hard-50-subset-2500__n03594945__ILSVRC2012_val_00020829.JPEG","images/n03594945/imagenet-hard-50-subset-2500__n03594945__ILSVRC2012_val_00020829.JPEG","609","jeep","436","beach wagon","5,214844","436|609|656|479|654","beach wagon|jeep|minivan|car wheel|minibus","5,214844|5,074219|5,039062|3,597656|3,550781","true"
"/private/var/containers/Bundle/Application/4D01D32A-B666-4384-B213-31BBF61E54F1/CVTestsSUI.app/imagenet-hard-50-subset-2500__n03594945__ILSVRC2012_val_00028405.JPEG","images/n03594945/imagenet-hard-50-subset-2500__n03594945__ILSVRC2012_val_00028405.JPEG","609","jeep","407","ambulance","5,699219","407|734|609|569|675","ambulance|police van|jeep|garbage truck|moving van","5,699219|5,503906|4,324219|4,269531|3,996094","true"
"/private/var/containers/Bundle/Application/4D01D32A-B666-4384-B213-31BBF61E54F1/CVTestsSUI.app/imagenet-hard-50-subset-2500__n03594945__ILSVRC2012_val_00033299.JPEG","images/n03594945/imagenet-hard-50-subset-2500__n03594945__ILSVRC2012_val_00033299.JPEG","609","jeep","555","fire engine","6,468750","555|609|864|717|654","fire engine|jeep|tow truck|pickup|minibus","6,468750|5,714844|4,335938|3,332031|3,041016","true"
"/private/var/containers/Bundle/Application/4D01D32A-B666-4384-B213-31BBF61E54F1/CVTestsSUI.app/imagenet-hard-50-subset-2500__n03594945__ILSVRC2012_val_00035162.JPEG","images/n03594945/imagenet-hard-50-subset-2500__n03594945__ILSVRC2012_val_00035162.JPEG","609","jeep","500","cliff dwelling","4,890625","500|609|665|972|670","cliff dwelling|jeep|moped|cliff|motor scooter","4,890625|3,728516|3,435547|3,435547|3,339844","true"
"/private/var/containers/Bundle/Application/4D01D32A-B666-4384-B213-31BBF61E54F1/CVTestsSUI.app/imagenet-hard-50-subset-2500__n03594945__ILSVRC2012_val_00047575.JPEG","images/n03594945/imagenet-hard-50-subset-2500__n03594945__ILSVRC2012_val_00047575.JPEG","609","jeep","717","pickup","5,906250","717|511|609|581|436","pickup|convertible|jeep|grille|beach wagon","5,906250|5,433594|5,257812|4,753906|4,406250","true"
"/private/var/containers/Bundle/Application/4D01D32A-B666-4384-B213-31BBF61E54F1/CVTestsSUI.app/imagenet-hard-50-subset-2500__n03670208__ILSVRC2012_val_00000185.JPEG","images/n03670208/imagenet-hard-50-subset-2500__n03670208__ILSVRC2012_val_00000185.JPEG","627","limousine","654","minibus","5,941406","654|656|757|627|785","minibus|minivan|recreational vehicle|limousine|seat belt","5,941406|5,585938|5,582031|5,003906|4,898438","true"
"/private/var/containers/Bundle/Application/4D01D32A-B666-4384-B213-31BBF61E54F1/CVTestsSUI.app/imagenet-hard-50-subset-2500__n03670208__ILSVRC2012_val_00000976.JPEG","images/n03670208/imagenet-hard-50-subset-2500__n03670208__ILSVRC2012_val_00000976.JPEG","627","limousine","785","seat belt","7,390625","785|627|652|797|515","seat belt|limousine|military uniform|sleeping bag|cowboy hat","7,390625|5,894531|3,767578|3,294922|3,240234","true"
"/private/var/containers/Bundle/Application/4D01D32A-B666-4384-B213-31BBF61E54F1/CVTestsSUI.app/imagenet-hard-50-subset-2500__n03670208__ILSVRC2012_val_00004036.JPEG","images/n03670208/imagenet-hard-50-subset-2500__n03670208__ILSVRC2012_val_00004036.JPEG","627","limousine","617","lab coat","5,175781","617|982|887|457|627","lab coat|groom|vestment|bow tie|limousine","5,175781|5,175781|4,121094|4,058594|3,605469","true"
"/private/var/containers/Bundle/Application/4D01D32A-B666-4384-B213-31BBF61E54F1/CVTestsSUI.app/imagenet-hard-50-subset-2500__n03670208__ILSVRC2012_val_00006746.JPEG","images/n03670208/imagenet-hard-50-subset-2500__n03670208__ILSVRC2012_val_00006746.JPEG","627","limousine","654","minibus","5,917969","654|627|705|466|785","minibus|limousine|passenger car|bullet train|seat belt","5,917969|5,578125|5,160156|4,902344|4,671875","true"
"/private/var/containers/Bundle/Application/4D01D32A-B666-4384-B213-31BBF61E54F1/CVTestsSUI.app/imagenet-hard-50-subset-2500__n03670208__ILSVRC2012_val_00007113.JPEG","images/n03670208/imagenet-hard-50-subset-2500__n03670208__ILSVRC2012_val_00007113.JPEG","627","limousine","511","convertible","5,820312","511|817|479|627|751","convertible|sports car|car wheel|limousine|racer","5,820312|5,500000|5,070312|4,488281|4,195312","true"
"/private/var/containers/Bundle/Application/4D01D32A-B666-4384-B213-31BBF61E54F1/CVTestsSUI.app/imagenet-hard-50-subset-2500__n03670208__ILSVRC2012_val_00013054.JPEG","images/n03670208/imagenet-hard-50-subset-2500__n03670208__ILSVRC2012_val_00013054.JPEG","627","limousine","581","grille","5,371094","581|511|468|817|751","grille|convertible|cab|sports car|racer","5,371094|5,148438|5,101562|4,816406|4,765625","false"
"/private/var/containers/Bundle/Application/4D01D32A-B666-4384-B213-31BBF61E54F1/CVTestsSUI.app/imagenet-hard-50-subset-2500__n03670208__ILSVRC2012_val_00016523.JPEG","images/n03670208/imagenet-hard-50-subset-2500__n03670208__ILSVRC2012_val_00016523.JPEG","627","limousine","785","seat belt","3,595703","785|882|511|627|581","seat belt|vacuum|convertible|limousine|grille","3,595703|3,507812|3,400391|3,121094|3,076172","true"
"/private/var/containers/Bundle/Application/4D01D32A-B666-4384-B213-31BBF61E54F1/CVTestsSUI.app/imagenet-hard-50-subset-2500__n03670208__ILSVRC2012_val_00024440.JPEG","images/n03670208/imagenet-hard-50-subset-2500__n03670208__ILSVRC2012_val_00024440.JPEG","627","limousine","468","cab","4,222656","468|581|656|627|498","cab|grille|minivan|limousine|cinema","4,222656|3,947266|3,816406|3,673828|3,296875","true"
"/private/var/containers/Bundle/Application/4D01D32A-B666-4384-B213-31BBF61E54F1/CVTestsSUI.app/imagenet-hard-50-subset-2500__n03670208__ILSVRC2012_val_00033993.JPEG","images/n03670208/imagenet-hard-50-subset-2500__n03670208__ILSVRC2012_val_00033993.JPEG","627","limousine","751","racer","6,003906","751|817|468|518|627","racer|sports car|cab|crash helmet|limousine","6,003906|4,730469|4,609375|4,261719|4,242188","true"
"/private/var/containers/Bundle/Application/4D01D32A-B666-4384-B213-31BBF61E54F1/CVTestsSUI.app/imagenet-hard-50-subset-2500__n03670208__ILSVRC2012_val_00034651.JPEG","images/n03670208/imagenet-hard-50-subset-2500__n03670208__ILSVRC2012_val_00034651.JPEG","627","limousine","785","seat belt","5,351562","785|627|685|656|745","seat belt|limousine|odometer|minivan|projector","5,351562|4,203125|3,865234|3,300781|3,083984","true"
"/private/var/containers/Bundle/Application/4D01D32A-B666-4384-B213-31BBF61E54F1/CVTestsSUI.app/imagenet-hard-50-subset-2500__n03670208__ILSVRC2012_val_00034659.JPEG","images/n03670208/imagenet-hard-50-subset-2500__n03670208__ILSVRC2012_val_00034659.JPEG","627","limousine","581","grille","5,015625","581|656|627|436|654","grille|minivan|limousine|beach wagon|minibus","5,015625|4,441406|4,058594|3,060547|2,990234","true"
"/private/var/containers/Bundle/Application/4D01D32A-B666-4384-B213-31BBF61E54F1/CVTestsSUI.app/imagenet-hard-50-subset-2500__n03670208__ILSVRC2012_val_00035788.JPEG","images/n03670208/imagenet-hard-50-subset-2500__n03670208__ILSVRC2012_val_00035788.JPEG","627","limousine","436","beach wagon","3,691406","436|627|705|654|511","beach wagon|limousine|passenger car|minibus|convertible","3,691406|3,533203|3,382812|3,214844|3,046875","true"
"/private/var/containers/Bundle/Application/4D01D32A-B666-4384-B213-31BBF61E54F1/CVTestsSUI.app/imagenet-hard-50-subset-2500__n03670208__ILSVRC2012_val_00038679.JPEG","images/n03670208/imagenet-hard-50-subset-2500__n03670208__ILSVRC2012_val_00038679.JPEG","627","limousine","436","beach wagon","4,453125","436|468|656|627|581","beach wagon|cab|minivan|limousine|grille","4,453125|4,390625|4,183594|4,105469|4,078125","true"
"/private/var/containers/Bundle/Application/4D01D32A-B666-4384-B213-31BBF61E54F1/CVTestsSUI.app/imagenet-hard-50-subset-2500__n03670208__ILSVRC2012_val_00042844.JPEG","images/n03670208/imagenet-hard-50-subset-2500__n03670208__ILSVRC2012_val_00042844.JPEG","627","limousine","511","convertible","4,988281","511|581|479|436|717","convertible|grille|car wheel|beach wagon|pickup","4,988281|4,972656|4,679688|4,390625|4,320312","false"
"/private/var/containers/Bundle/Application/4D01D32A-B666-4384-B213-31BBF61E54F1/CVTestsSUI.app/imagenet-hard-50-subset-2500__n03670208__ILSVRC2012_val_00044056.JPEG","images/n03670208/imagenet-hard-50-subset-2500__n03670208__ILSVRC2012_val_00044056.JPEG","627","limousine","734","police van","4,390625","734|654|705|609|656","police van|minibus|passenger car|jeep|minivan","4,390625|3,978516|3,941406|3,689453|3,648438","false"
"/private/var/containers/Bundle/Application/4D01D32A-B666-4384-B213-31BBF61E54F1/CVTestsSUI.app/imagenet-hard-50-subset-2500__n03670208__ILSVRC2012_val_00044197.JPEG","images/n03670208/imagenet-hard-50-subset-2500__n03670208__ILSVRC2012_val_00044197.JPEG","627","limousine","656","minivan","5,550781","656|581|627|436|468","minivan|grille|limousine|beach wagon|cab","5,550781|5,132812|4,566406|4,457031|4,437500","true"
"/private/var/containers/Bundle/Application/4D01D32A-B666-4384-B213-31BBF61E54F1/CVTestsSUI.app/imagenet-hard-50-subset-2500__n03670208__ILSVRC2012_val_00046007.JPEG","images/n03670208/imagenet-hard-50-subset-2500__n03670208__ILSVRC2012_val_00046007.JPEG","627","limousine","803","snowplow","4,757812","803|537|802|408|795","snowplow|dogsled|snowmobile|amphibian|ski","4,757812|4,546875|4,167969|3,896484|3,757812","false"
"/private/var/containers/Bundle/Application/4D01D32A-B666-4384-B213-31BBF61E54F1/CVTestsSUI.app/imagenet-hard-50-subset-2500__n03670208__ILSVRC2012_val_00049113.JPEG","images/n03670208/imagenet-hard-50-subset-2500__n03670208__ILSVRC2012_val_00049113.JPEG","627","limousine","751","racer","4,191406","751|468|734|817|628","racer|cab|police van|sports car|liner","4,191406|3,816406|3,302734|3,162109|2,984375","false"