"imagePath","imageId","groundTruthIndex","groundTruthLabel","predictedTop1Index","predictedTop1Label","predictedTop1Score","top5Indices","top5Labels","top5Scores","isTop5Correct"
"/private/var/containers/Bundle/Application/4D01D32A-B666-4384-B213-31BBF61E54F1/CVTestsSUI.app/imagenet-hard-50-subset-2500__n02085620__ILSVRC2012_val_00002921.JPEG","images/n02085620/imagenet-hard-50-subset-2500__n02085620__ILSVRC2012_val_00002921.JPEG","151","Chihuahua","104","wallaby","8,577254","104|227|253|237|235","wallaby|kelpie|basenji|miniature pinscher|German shepherd","8,577254|6,725622|6,497735|5,459353|5,268804","false"
"/private/var/containers/Bundle/Application/4D01D32A-B666-4384-B213-31BBF61E54F1/CVTestsSUI.app/imagenet-hard-50-subset-2500__n02085620__ILSVRC2012_val_00006079.JPEG","images/n02085620/imagenet-hard-50-subset-2500__n02085620__ILSVRC2012_val_00006079.JPEG","151","Chihuahua","876","tub","8,911070","876|151|435|265|182","tub|Chihuahua|bathtub|toy poodle|Border terrier","8,911070|7,761275|7,638387|5,684705|4,818112","true"
"/private/var/containers/Bundle/Application/4D01D32A-B666-4384-B213-31BBF61E54F1/CVTestsSUI.app/imagenet-hard-50-subset-2500__n02085620__ILSVRC2012_val_00011639.JPEG","images/n02085620/imagenet-hard-50-subset-2500__n02085620__ILSVRC2012_val_00011639.JPEG","151","Chihuahua","234","Rottweiler","8,885446","234|165|163|235|243","Rottweiler|black-and-tan coonhound|bloodhound|German shepherd|bull mastiff","8,885446|6,627982|6,108401|5,884842|5,823794","false"
"/private/var/containers/Bundle/Application/4D01D32A-B666-4384-B213-31BBF61E54F1/CVTestsSUI.app/imagenet-hard-50-subset-2500__n02085620__ILSVRC2012_val_00011900.JPEG","images/n02085620/imagenet-hard-50-subset-2500__n02085620__ILSVRC2012_val_00011900.JPEG","151","Chihuahua","171","Italian greyhound","8,605257","171|172|180|284|178","Italian greyhound|whippet|American Staffordshire terrier|Siamese cat|Weimaraner","8,605257|7,801497|7,329344|6,458341|5,069508","false"
"/private/var/containers/Bundle/Application/4D01D32A-B666-4384-B213-31BBF61E54F1/CVTestsSUI.app/imagenet-hard-50-subset-2500__n02085620__ILSVRC2012_val_00013195.JPEG","images/n02085620/imagenet-hard-50-subset-2500__n02085620__ILSVRC2012_val_00013195.JPEG","151","Chihuahua","158","toy terrier","9,975665","158|151|268|157|237","toy terrier|Chihuahua|Mexican hairless|papillon|miniature pinscher","9,975665|9,686870|4,836224|4,798767|4,630834","true"
"/private/var/containers/Bundle/Application/4D01D32A-B666-4384-B213-31BBF61E54F1/CVTestsSUI.app/imagenet-hard-50-subset-2500__n02085620__ILSVRC2012_val_00014409.JPEG","images/n02085620/imagenet-hard-50-subset-2500__n02085620__ILSVRC2012_val_00014409.JPEG","151","Chihuahua","162","beagle","8,982782","162|263|264|167|253","beagle|Pembroke|Cardigan|English foxhound|basenji","8,982782|5,918364|4,958099|4,790294|4,400622","false"
"/private/var/containers/Bundle/Application/4D01D32A-B666-4384-B213-31BBF61E54F1/CVTestsSUI.app/imagenet-hard-50-subset-2500__n02085620__ILSVRC2012_val_00016688.JPEG","images/n02085620/imagenet-hard-50-subset-2500__n02085620__ILSVRC2012_val_00016688.JPEG","151","Chihuahua","259","Pomeranian","9,109176","259|154|151|152|157","Pomeranian|Pekinese|Chihuahua|Japanese spaniel|papillon","9,109176|6,900704|6,814920|6,457913|5,682158","true"
"/private/var/containers/Bundle/Application/4D01D32A-B666-4384-B213-31BBF61E54F1/CVTestsSUI.app/imagenet-hard-50-subset-2500__n02085620__ILSVRC2012_val_00016757.JPEG","images/n02085620/imagenet-hard-50-subset-2500__n02085620__ILSVRC2012_val_00016757.JPEG","151","Chihuahua","157","papillon","9,136334","157|151|158|259|264","papillon|Chihuahua|toy terrier|Pomeranian|Cardigan","9,136334|8,586169|5,665336|4,061815|3,587040","true"
"/private/var/containers/Bundle/Application/4D01D32A-B666-4384-B213-31BBF61E54F1/CVTestsSUI.app/imagenet-hard-50-subset-2500__n02085620__ILSVRC2012_val_00017702.JPEG","images/n02085620/imagenet-hard-50-subset-2500__n02085620__ILSVRC2012_val_00017702.JPEG","151","Chihuahua","217","English springer","7,496479","217|264|232|256|225","English springer|Cardigan|Border collie|Newfoundland|malinois","7,496479|6,182056|5,968621|5,528416|5,508443","false"
"/private/var/containers/Bundle/Application/4D01D32A-B666-4384-B213-31BBF61E54F1/CVTestsSUI.app/imagenet-hard-50-subset-2500__n02085620__ILSVRC2012_val_00019402.JPEG","images/n02085620/imagenet-hard-50-subset-2500__n02085620__ILSVRC2012_val_00019402.JPEG","151","Chihuahua","186","Norwich terrier","10,159943","186|192|185|182|193","Norwich terrier|cairn|Norfolk terrier|Border terrier|Australian terrier","10,159943|8,640305|6,555912|5,752219|5,692595","false"
"/private/var/containers/Bundle/Application/4D01D32A-B666-4384-B213-31BBF61E54F1/CVTestsSUI.app/imagenet-hard-50-subset-2500__n02085620__ILSVRC2012_val_00022609.JPEG","images/n02085620/imagenet-hard-50-subset-2500__n02085620__ILSVRC2012_val_00022609.JPEG","151","Chihuahua","195","Boston bull","7,827107","195|151|245|158|254","Boston bull|Chihuahua|French bulldog|toy terrier|pug","7,827107|6,351291|6,311412|5,042777|3,507598","true"
"/private/var/containers/Bundle/Application/4D01D32A-B666-4384-B213-31BBF61E54F1/CVTestsSUI.app/imagenet-hard-50-subset-2500__n02085620__ILSVRC2012_val_00023886.JPEG","images/n02085620/imagenet-hard-50-subset-2500__n02085620__ILSVRC2012_val_00023886.JPEG","151","Chihuahua","182","Border terrier","6,309763","182|263|174|235|180","Border terrier|Pembroke|Norwegian elkhound|German shepherd|American Staffordshire terrier","6,309763|5,182555|4,769748|4,324529|4,178097","false"
"/private/var/containers/Bundle/Application/4D01D32A-B666-4384-B213-31BBF61E54F1/CVTestsSUI.app/imagenet-hard-50-subset-2500__n02085620__ILSVRC2012_val_00027452.JPEG","images/n02085620/imagenet-hard-50-subset-2500__n02085620__ILSVRC2012_val_00027452.JPEG","151","Chihuahua","231","collie","6,959542","231|230|226|257|355","collie|Shetland sheepdog|briard|Great Pyrenees|llama","6,959542|5,639213|4,291726|4,291015|4,262553","false"
"/private/var/containers/Bundle/Application/4D01D32A-B666-4384-B213-31BBF61E54F1/CVTestsSUI.app/imagenet-hard-50-subset-2500__n02085620__ILSVRC2012_val_00028943.JPEG","images/n02085620/imagenet-hard-50-subset-2500__n02085620__ILSVRC2012_val_00028943.JPEG","151","Chihuahua","259","Pomeranian","6,332494","259|154|151|158|157","Pomeranian|Pekinese|Chihuahua|toy terrier|papillon","6,332494|5,869020|5,064196|4,306557|4,118935","true"
"/private/var/containers/Bundle/Application/4D01D32A-B666-4384-B213-31BBF61E54F1/CVTestsSUI.app/imagenet-hard-50-subset-2500__n02085620__ILSVRC2012_val_00029289.JPEG","images/n02085620/imagenet-hard-50-subset-2500__n02085620__ILSVRC2012_val_00029289.JPEG","151","Chihuahua","157","papillon","7,957347","157|151|158|259|278","papillon|Chihuahua|toy terrier|Pomeranian|kit fox","7,957347|7,547381|6,397002|6,077764|3,982072","true"
"/private/var/containers/Bundle/Application/4D01D32A-B666-4384-B213-31BBF61E54F1/CVTestsSUI.app/imagenet-hard-50-subset-2500__n02085620__ILSVRC2012_val_00037791.JPEG","images/n02085620/imagenet-hard-50-subset-2500__n02085620__ILSVRC2012_val_00037791.JPEG","151","Chihuahua","157","papillon","7,683270","157|151|154|156|155","papillon|Chihuahua|Pekinese|Blenheim spaniel|Shih-Tzu","7,683270|7,352691|5,254531|5,209882|5,033920","true"
"/private/var/containers/Bundle/Application/4D01D32A-B666-4384-B213-31BBF61E54F1/CVTestsSUI.app/imagenet-hard-50-subset-2500__n02085782__ILSVRC2012_val_00004671.JPEG","images/n02085782/imagenet-hard-50-subset-2500__n02085782__ILSVRC2012_val_00004671.JPEG","152","Japanese spaniel","156","Blenheim spaniel","8,525479","156|152|157|217|214","Blenheim spaniel|Japanese spaniel|papillon|English springer|Gordon setter","8,525479|6,951096|5,756905|4,871348|3,998290","true"
"/private/var/containers/Bundle/Application/4D01D32A-B666-4384-B213-31BBF61E54F1/CVTestsSUI.app/imagenet-hard-50-subset-2500__n02085782__ILSVRC2012_val_00006146.JPEG","images/n02085782/imagenet-hard-50-subset-2500__n02085782__ILSVRC2012_val_00006146.JPEG","152","Japanese spaniel","155","Shih-Tzu","10,642574","155|204|200|152|154","Shih-Tzu|Lhasa|Tibetan terrier|Japanese spaniel|Pekinese","10,642574|8,317817|5,344150|3,667215|3,627605","true"
"/private/var/containers/Bundle/Application/4D01D32A-B666-4384-B213-31BBF61E54F1/CVTestsSUI.app/imagenet-hard-50-subset-2500__n02085782__ILSVRC2012_val_00010516.JPEG","images/n02085782/imagenet-hard-50-subset-2500__n02085782__ILSVRC2012_val_00010516.JPEG","152","Japanese spaniel","156","Blenheim spaniel","7,156746","156|212|217|219|216","Blenheim spaniel|English setter|English springer|cocker spaniel|clumber","7,156746|6,974097|6,665431|6,262474|6,002338","false"
"/private/var/containers/Bundle/Application/4D01D32A-B666-4384-B213-31BBF61E54F1/CVTestsSUI.app/imagenet-hard-50-subset-2500__n02085782__ILSVRC2012_val_00012298.JPEG","images/n02085782/imagenet-hard-50-subset-2500__n02085782__ILSVRC2012_val_00012298.JPEG","152","Japanese spaniel","156","Blenheim spaniel","7,759054","156|218|220|247|215","Blenheim spaniel|Welsh springer spaniel|Sussex spaniel|Saint Bernard|Brittany spaniel","7,759054|6,741875|4,757857|4,683122|4,217144","false"
"/private/var/containers/Bundle/Application/4D01D32A-B666-4384-B213-31BBF61E54F1/CVTestsSUI.app/imagenet-hard-50-subset-2500__n02085782__ILSVRC2012_val_00018296.JPEG","images/n02085782/imagenet-hard-50-subset-2500__n02085782__ILSVRC2012_val_00018296.JPEG","152","Japanese spaniel","154","Pekinese","8,028891","154|152|262|151|155","Pekinese|Japanese spaniel|Brabancon griffon|Chihuahua|Shih-Tzu","8,028891|7,456983|5,393468|4,335305|3,737083","true"
"/private/var/containers/Bundle/Application/4D01D32A-B666-4384-B213-31BBF61E54F1/CVTestsSUI.app/imagenet-hard-50-subset-2500__n02085782__ILSVRC2012_val_00021896.JPEG","images/n02085782/imagenet-hard-50-subset-2500__n02085782__ILSVRC2012_val_00021896.JPEG","152","Japanese spaniel","154","Pekinese","6,963414","154|262|152|244|220","Pekinese|Brabancon griffon|Japanese spaniel|Tibetan mastiff|Sussex spaniel","6,963414|5,175652|5,125249|4,805342|4,053190","true"
"/private/var/containers/Bundle/Application/4D01D32A-B666-4384-B213-31BBF61E54F1/CVTestsSUI.app/imagenet-hard-50-subset-2500__n02085782__ILSVRC2012_val_00029262.JPEG","images/n02085782/imagenet-hard-50-subset-2500__n02085782__ILSVRC2012_val_00029262.JPEG","152","Japanese spaniel","157","papillon","8,160306","157|152|259|154|151","papillon|Japanese spaniel|Pomeranian|Pekinese|Chihuahua","8,160306|7,932404|6,843607|6,622375|6,274621","true"
"/private/var/containers/Bundle/Application/4D01D32A-B666-4384-B213-31BBF61E54F1/CVTestsSUI.app/imagenet-hard-50-subset-2500__n02085782__ILSVRC2012_val_00033476.JPEG","images/n02085782/imagenet-hard-50-subset-2500__n02085782__ILSVRC2012_val_00033476.JPEG","152","Japanese spaniel","156","Blenheim spaniel","8,987600","156|152|157|220|218","Blenheim spaniel|Japanese spaniel|papillon|Sussex spaniel|Welsh springer spaniel","8,987600|7,674726|5,290411|4,757285|3,729064","true"
"/private/var/containers/Bundle/Application/4D01D32A-B666-4384-B213-31BBF61E54F1/CVTestsSUI.app/imagenet-hard-50-subset-2500__n02085782__ILSVRC2012_val_00034040.JPEG","images/n02085782/imagenet-hard-50-subset-2500__n02085782__ILSVRC2012_val_00034040.JPEG","152","Japanese spaniel","157","papillon","8,930840","157|152|232|259|230","papillon|Japanese spaniel|Border collie|Pomeranian|Shetland sheepdog","8,930840|8,706487|6,204119|4,982717|4,915624","true"
"/private/var/containers/Bundle/Application/4D01D32A-B666-4384-B213-31BBF61E54F1/CVTestsSUI.app/imagenet-hard-50-subset-2500__n02085782__ILSVRC2012_val_00036267.JPEG","images/n02085782/imagenet-hard-50-subset-2500__n02085782__ILSVRC2012_val_00036267.JPEG","152","Japanese spaniel","157","papillon","9,786724","157|152|156|151|220","papillon|Japanese spaniel|Blenheim spaniel|Chihuahua|Sussex spaniel","9,786724|6,615773|5,327616|3,160717|2,947194","true"
"/private/var/containers/Bundle/Application/4D01D32A-B666-4384-B213-31BBF61E54F1/CVTestsSUI.app/imagenet-hard-50-subset-2500__n02085782__ILSVRC2012_val_00043776.JPEG","images/n02085782/imagenet-hard-50-subset-2500__n02085782__ILSVRC2012_val_00043776.JPEG","152","Japanese spaniel","154","Pekinese","8,754704","154|152|259|200|157","Pekinese|Japanese spaniel|Pomeranian|Tibetan terrier|papillon","8,754704|6,025406|5,253025|4,048999|3,947405","true"
"/private/var/containers/Bundle/Application/4D01D32A-B666-4384-B213-31BBF61E54F1/CVTestsSUI.app/imagenet-hard-50-subset-2500__n02085782__ILSVRC2012_val_00044642.JPEG","images/n02085782/imagenet-hard-50-subset-2500__n02085782__ILSVRC2012_val_00044642.JPEG","152","Japanese spaniel","157","papillon","9,581365","157|152|232|231|217","papillon|Japanese spaniel|Border collie|collie|English springer","9,581365|8,236385|7,454001|4,816650|4,556301","true"
"/private/var/containers/Bundle/Application/4D01D32A-B666-4384-B213-31BBF61E54F1/CVTestsSUI.app/imagenet-hard-50-subset-2500__n02085936__ILSVRC2012_val_00010238.JPEG","images/n02085936/imagenet-hard-50-subset-2500__n02085936__ILSVRC2012_val_00010238.JPEG","153","Maltese dog","204","Lhasa","8,527458","204|153|155|200|154","Lhasa|Maltese dog|Shih-Tzu|Tibetan terrier|Pekinese","8,527458|7,369967|6,726770|5,013683|3,539104","true"
"/private/var/containers/Bundle/Application/4D01D32A-B666-4384-B213-31BBF61E54F1/CVTestsSUI.app/imagenet-hard-50-subset-2500__n02085936__ILSVRC2012_val_00011768.JPEG","images/n02085936/imagenet-hard-50-subset-2500__n02085936__ILSVRC2012_val_00011768.JPEG","153","Maltese dog","204","Lhasa","9,058318","204|153|216|219|155","Lhasa|Maltese dog|clumber|cocker spaniel|Shih-Tzu","9,058318|7,877332|7,487131|7,433681|6,864313","true"
"/private/var/containers/Bundle/Application/4D01D32A-B666-4384-B213-31BBF61E54F1/CVTestsSUI.app/imagenet-hard-50-subset-2500__n02085936__ILSVRC2012_val_00015300.JPEG","images/n02085936/imagenet-hard-50-subset-2500__n02085936__ILSVRC2012_val_00015300.JPEG","153","Maltese dog","805","soccer ball","6,113338","805|265|153|228|266","soccer ball|toy poodle|Maltese dog|komondor|miniature poodle","6,113338|5,964961|5,931787|5,412590|4,963017","true"
"/private/var/containers/Bundle/Application/4D01D32A-B666-4384-B213-31BBF61E54F1/CVTestsSUI.app/imagenet-hard-50-subset-2500__n02085936__ILSVRC2012_val_00033310.JPEG","images/n02085936/imagenet-hard-50-subset-2500__n02085936__ILSVRC2012_val_00033310.JPEG","153","Maltese dog","222","kuvasz","8,265307","222|267|181|265|266","kuvasz|standard poodle|Bedlington terrier|toy poodle|miniature poodle","8,265307|7,101470|6,714289|6,465486|6,323429","false"
"/private/var/containers/Bundle/Application/4D01D32A-B666-4384-B213-31BBF61E54F1/CVTestsSUI.app/imagenet-hard-50-subset-2500__n02085936__ILSVRC2012_val_00034259.JPEG","images/n02085936/imagenet-hard-50-subset-2500__n02085936__ILSVRC2012_val_00034259.JPEG","153","Maltese dog","265","toy poodle","6,857827","265|204|200|266|202","toy poodle|Lhasa|Tibetan terrier|miniature poodle|soft-coated wheaten terrier","6,857827|6,749416|6,421758|6,411333|6,316065","false"
"/private/var/containers/Bundle/Application/4D01D32A-B666-4384-B213-31BBF61E54F1/CVTestsSUI.app/imagenet-hard-50-subset-2500__n02085936__ILSVRC2012_val_00039146.JPEG","images/n02085936/imagenet-hard-50-subset-2500__n02085936__ILSVRC2012_val_00039146.JPEG","153","Maltese dog","203","West Highland white terrier","9,797121","203|153|265|266|190","West Highland white terrier|Maltese dog|toy poodle|miniature poodle|Sealyham terrier","9,797121|8,746732|6,697207|5,841939|5,700200","true"
"/private/var/containers/Bundle/Application/4D01D32A-B666-4384-B213-31BBF61E54F1/CVTestsSUI.app/imagenet-hard-50-subset-2500__n02085936__ILSVRC2012_val_00041918.JPEG","images/n02085936/imagenet-hard-50-subset-2500__n02085936__ILSVRC2012_val_00041918.JPEG","153","Maltese dog","190","Sealyham terrier","7,098362","190|229|202|203|196","Sealyham terrier|Old English sheepdog|soft-coated wheaten terrier|West Highland white terrier|miniature schnauzer","7,098362|6,807333|5,326091|4,640424|4,404682","false"
"/private/var/containers/Bundle/Application/4D01D32A-B666-4384-B213-31BBF61E54F1/CVTestsSUI.app/imagenet-hard-50-subset-2500__n02085936__ILSVRC2012_val_00048783.JPEG","images/n02085936/imagenet-hard-50-subset-2500__n02085936__ILSVRC2012_val_00048783.JPEG","153","Maltese dog","200","Tibetan terrier","7,329631","200|153|204|229|190","Tibetan terrier|Maltese dog|Lhasa|Old English sheepdog|Sealyham terrier","7,329631|6,091009|5,107877|4,570280|4,509340","true"
"/private/var/containers/Bundle/Application/4D01D32A-B666-4384-B213-31BBF61E54F1/CVTestsSUI.app/imagenet-hard-50-subset-2500__n02086079__ILSVRC2012_val_00007111.JPEG","images/n02086079/imagenet-hard-50-subset-2500__n02086079__ILSVRC2012_val_00007111.JPEG","154","Pekinese","152","Japanese spaniel","6,951427","152|154|157|156|247","Japanese spaniel|Pekinese|papillon|Blenheim spaniel|Saint Bernard","6,951427|5,731887|5,418211|4,225420|4,007024","true"
"/private/var/containers/Bundle/Application/4D01D32A-B666-4384-B213-31BBF61E54F1/CVTestsSUI.app/imagenet-hard-50-subset-2500__n02086079__ILSVRC2012_val_00009105.JPEG","images/n02086079/imagenet-hard-50-subset-2500__n02086079__ILSVRC2012_val_00009105.JPEG","154","Pekinese","157","papillon","9,263743","157|232|152|215|151","papillon|Border collie|Japanese spaniel|Brittany spaniel|Chihuahua","9,263743|6,487548|5,389818|5,352495|5,108428","false"
"/private/var/containers/Bundle/Application/4D01D32A-B666-4384-B213-31BBF61E54F1/CVTestsSUI.app/imagenet-hard-50-subset-2500__n02086079__ILSVRC2012_val_00009250.JPEG","images/n02086079/imagenet-hard-50-subset-2500__n02086079__ILSVRC2012_val_00009250.JPEG","154","Pekinese","201","silky terrier","8,907204","201|187|193|204|200","silky terrier|Yorkshire terrier|Australian terrier|Lhasa|Tibetan terrier","8,907204|7,729268|6,419758|4,407917|3,898503","false"
"/private/var/containers/Bundle/Application/4D01D32A-B666-4384-B213-31BBF61E54F1/CVTestsSUI.app/imagenet-hard-50-subset-2500__n02086079__ILSVRC2012_val_00031157.JPEG","images/n02086079/imagenet-hard-50-subset-2500__n02086079__ILSVRC2012_val_00031157.JPEG","154","Pekinese","155","Shih-Tzu","7,637731","155|204|154|200|202","Shih-Tzu|Lhasa|Pekinese|Tibetan terrier|soft-coated wheaten terrier","7,637731|7,454394|7,040905|5,218588|3,777511","true"
"/private/var/containers/Bundle/Application/4D01D32A-B666-4384-B213-31BBF61E54F1/CVTestsSUI.app/imagenet-hard-50-subset-2500__n02086079__ILSVRC2012_val_00041109.JPEG","images/n02086079/imagenet-hard-50-subset-2500__n02086079__ILSVRC2012_val_00041109.JPEG","154","Pekinese","207","golden retriever","8,234497","207|154|219|222|338","golden retriever|Pekinese|cocker spaniel|kuvasz|guinea pig","8,234497|7,621058|7,065701|6,443711|5,935540","true"
"/private/var/containers/Bundle/Application/4D01D32A-B666-4384-B213-31BBF61E54F1/CVTestsSUI.app/imagenet-hard-50-subset-2500__n02086079__ILSVRC2012_val_00044854.JPEG","images/n02086079/imagenet-hard-50-subset-2500__n02086079__ILSVRC2012_val_00044854.JPEG","154","Pekinese","201","silky terrier","9,149958","201|187|193|202|226","silky terrier|Yorkshire terrier|Australian terrier|soft-coated wheaten terrier|briard","9,149958|6,850827|5,090283|4,453478|4,224463","false"
"/private/var/containers/Bundle/Application/4D01D32A-B666-4384-B213-31BBF61E54F1/CVTestsSUI.app/imagenet-hard-50-subset-2500__n02086240__ILSVRC2012_val_00005898.JPEG","images/n02086240/imagenet-hard-50-subset-2500__n02086240__ILSVRC2012_val_00005898.JPEG","155","Shih-Tzu","204","Lhasa","8,394873","204|155|153|154|200","Lhasa|Shih-Tzu|Maltese dog|Pekinese|Tibetan terrier","8,394873|7,772927|6,750757|4,883630|3,240711","true"
"/private/var/containers/Bundle/Application/4D01D32A-B666-4384-B213-31BBF61E54F1/CVTestsSUI.app/imagenet-hard-50-subset-2500__n02086240__ILSVRC2012_val_00010550.JPEG","images/n02086240/imagenet-hard-50-subset-2500__n02086240__ILSVRC2012_val_00010550.JPEG","155","Shih-Tzu","157","papillon","8,016333","157|151|152|155|232","papillon|Chihuahua|Japanese spaniel|Shih-Tzu|Border collie","8,016333|5,930062|5,242757|5,120288|5,098417","true"
"/private/var/containers/Bundle/Application/4D01D32A-B666-4384-B213-31BBF61E54F1/CVTestsSUI.app/imagenet-hard-50-subset-2500__n02086240__ILSVRC2012_val_00011869.JPEG","images/n02086240/imagenet-hard-50-subset-2500__n02086240__ILSVRC2012_val_00011869.JPEG","155","Shih-Tzu","154","Pekinese","8,244496","154|155|204|153|152","Pekinese|Shih-Tzu|Lhasa|Maltese dog|Japanese spaniel","8,244496|7,666238|5,662082|4,729710|3,398543","true"
"/private/var/containers/Bundle/Application/4D01D32A-B666-4384-B213-31BBF61E54F1/CVTestsSUI.app/imagenet-hard-50-subset-2500__n02086240__ILSVRC2012_val_00015738.JPEG","images/n02086240/imagenet-hard-50-subset-2500__n02086240__ILSVRC2012_val_00015738.JPEG","155","Shih-Tzu","219","cocker spaniel","11,310197","219|216|266|204|265","cocker spaniel|clumber|miniature poodle|Lhasa|toy poodle","11,310197|6,165317|5,547855|4,769475|4,658025","false"
"/private/var/containers/Bundle/Application/4D01D32A-B666-4384-B213-31BBF61E54F1/CVTestsSUI.app/imagenet-hard-50-subset-2500__n02086240__ILSVRC2012_val_00023653.JPEG","images/n02086240/imagenet-hard-50-subset-2500__n02086240__ILSVRC2012_val_00023653.JPEG","155","Shih-Tzu","252","affenpinscher","8,773347","252|204|155|200|192","affenpinscher|Lhasa|Shih-Tzu|Tibetan terrier|cairn","8,773347|6,998873|6,397012|5,920867|5,029144","true"
"/private/var/containers/Bundle/Application/4D01D32A-B666-4384-B213-31BBF61E54F1/CVTestsSUI.app/imagenet-hard-50-subset-2500__n02086240__ILSVRC2012_val_00024776.JPEG","images/n02086240/imagenet-hard-50-subset-2500__n02086240__ILSVRC2012_val_00024776.JPEG","155","Shih-Tzu","204","Lhasa","7,714038","204|193|229|539|155","Lhasa|Australian terrier|Old English sheepdog|doormat|Shih-Tzu","7,714038|7,324470|6,373743|6,074218|6,010436","true"
"/private/var/containers/Bundle/Application/4D01D32A-B666-4384-B213-31BBF61E54F1/CVTestsSUI.app/imagenet-hard-50-subset-2500__n02086240__ILSVRC2012_val_00026070.JPEG","images/n02086240/imagenet-hard-50-subset-2500__n02086240__ILSVRC2012_val_00026070.JPEG","155","Shih-Tzu","204","Lhasa","8,449050","204|153|155|200|154","Lhasa|Maltese dog|Shih-Tzu|Tibetan terrier|Pekinese","8,449050|7,779426|7,334460|4,261785|3,322212","true"
"/private/var/containers/Bundle/Application/4D01D32A-B666-4384-B213-31BBF61E54F1/CVTestsSUI.app/imagenet-hard-50-subset-2500__n02086240__ILSVRC2012_val_00027703.JPEG","images/n02086240/imagenet-hard-50-subset-2500__n02086240__ILSVRC2012_val_00027703.JPEG","155","Shih-Tzu","230","Shetland sheepdog","7,184025","230|204|155|231|200","Shetland sheepdog|Lhasa|Shih-Tzu|collie|Tibetan terrier","7,184025|6,153474|5,629775|5,203168|4,909218","true"
"/private/var/containers/Bundle/Application/4D01D32A-B666-4384-B213-31BBF61E54F1/CVTestsSUI.app/imagenet-hard-50-subset-2500__n02086240__ILSVRC2012_val_00029700.JPEG","images/n02086240/imagenet-hard-50-subset-2500__n02086240__ILSVRC2012_val_00029700.JPEG","155","Shih-Tzu","204","Lhasa","8,606565","204|155|200|154|226","Lhasa|Shih-Tzu|Tibetan terrier|Pekinese|briard","8,606565|7,991882|6,823633|5,636163|5,448611","true"
"/private/var/containers/Bundle/Application/4D01D32A-B666-4384-B213-31BBF61E54F1/CVTestsSUI.app/imagenet-hard-50-subset-2500__n02086240__ILSVRC2012_val_00031419.JPEG","images/n02086240/imagenet-hard-50-subset-2500__n02086240__ILSVRC2012_val_00031419.JPEG","155","Shih-Tzu","204","Lhasa","9,880569","204|155|196|200|265","Lhasa|Shih-Tzu|miniature schnauzer|Tibetan terrier|toy poodle","9,880569|9,426808|6,771172|6,258331|4,419427","true"
"/private/var/containers/Bundle/Application/4D01D32A-B666-4384-B213-31BBF61E54F1/CVTestsSUI.app/imagenet-hard-50-subset-2500__n02086240__ILSVRC2012_val_00035293.JPEG","images/n02086240/imagenet-hard-50-subset-2500__n02086240__ILSVRC2012_val_00035293.JPEG","155","Shih-Tzu","205","flat-coated retriever","6,501109","205|255|214|256|219","flat-coated retriever|Leonberg|Gordon setter|Newfoundland|cocker spaniel","6,501109|6,040227|4,483335|4,263819|4,135043","false"
"/private/var/containers/Bundle/Application/4D01D32A-B666-4384-B213-31BBF61E54F1/CVTestsSUI.app/imagenet-hard-50-subset-2500__n02086240__ILSVRC2012_val_00044224.JPEG","images/n02086240/imagenet-hard-50-subset-2500__n02086240__ILSVRC2012_val_00044224.JPEG","155","Shih-Tzu","200","Tibetan terrier","6,750133","200|204|201|155|153","Tibetan terrier|Lhasa|silky terrier|Shih-Tzu|Maltese dog","6,750133|5,656733|5,029484|4,960632|4,937954","true"
"/private/var/containers/Bundle/Application/4D01D32A-B666-4384-B213-31BBF61E54F1/CVTestsSUI.app/imagenet-hard-50-subset-2500__n02086646__ILSVRC2012_val_00001848.JPEG","images/n02086646/imagenet-hard-50-subset-2500__n02086646__ILSVRC2012_val_00001848.JPEG","156","Blenheim spaniel","218","Welsh springer spaniel","10,127872","218|156|215|219|161","Welsh springer spaniel|Blenheim spaniel|Brittany spaniel|cocker spaniel|basset","10,127872|8,007389|7,817151|5,580808|5,456911","true"
"/private/var/containers/Bundle/Application/4D01D32A-B666-4384-B213-31BBF61E54F1/CVTestsSUI.app/imagenet-hard-50-subset-2500__n02086646__ILSVRC2012_val_00025085.JPEG","images/n02086646/imagenet-hard-50-subset-2500__n02086646__ILSVRC2012_val_00025085.JPEG","156","Blenheim spaniel","218","Welsh springer spaniel","8,221671","218|247|156|161|162","Welsh springer spaniel|Saint Bernard|Blenheim spaniel|basset|beagle","8,221671|8,138130|8,028150|7,803600|7,417662","true"
"/private/var/containers/Bundle/Application/4D01D32A-B666-4384-B213-31BBF61E54F1/CVTestsSUI.app/imagenet-hard-50-subset-2500__n02086646__ILSVRC2012_val_00030642.JPEG","images/n02086646/imagenet-hard-50-subset-2500__n02086646__ILSVRC2012_val_00030642.JPEG","156","Blenheim spaniel","231","collie","8,405825","231|230|156|218|260","collie|Shetland sheepdog|Blenheim spaniel|Welsh springer spaniel|chow","8,405825|5,664209|3,795545|3,620490|3,301198","true"
"/private/var/containers/Bundle/Application/4D01D32A-B666-4384-B213-31BBF61E54F1/CVTestsSUI.app/imagenet-hard-50-subset-2500__n02086910__ILSVRC2012_val_00022099.JPEG","images/n02086910/imagenet-hard-50-subset-2500__n02086910__ILSVRC2012_val_00022099.JPEG","157","papillon","152","Japanese spaniel","10,085559","152|155|200|157|204","Japanese spaniel|Shih-Tzu|Tibetan terrier|papillon|Lhasa","10,085559|7,641589|7,345128|5,629117|5,399422","true"
"/private/var/containers/Bundle/Application/4D01D32A-B666-4384-B213-31BBF61E54F1/CVTestsSUI.app/imagenet-hard-50-subset-2500__n02086910__ILSVRC2012_val_00032120.JPEG","images/n02086910/imagenet-hard-50-subset-2500__n02086910__ILSVRC2012_val_00032120.JPEG","157","papillon","152","Japanese spaniel","6,789796","152|157|232|231|151","Japanese spaniel|papillon|Border collie|collie|Chihuahua","6,789796|6,363030|5,177519|4,565729|4,147379","true"
"/private/var/containers/Bundle/Application/4D01D32A-B666-4384-B213-31BBF61E54F1/CVTestsSUI.app/imagenet-hard-50-subset-2500__n02086910__ILSVRC2012_val_00033944.JPEG","images/n02086910/imagenet-hard-50-subset-2500__n02086910__ILSVRC2012_val_00033944.JPEG","157","papillon","217","English springer","8,589078","217|218|255|256|241","English springer|Welsh springer spaniel|Leonberg|Newfoundland|EntleBucher","8,589078|5,687925|5,422045|5,303342|4,844197","false"
"/private/var/containers/Bundle/Application/4D01D32A-B666-4384-B213-31BBF61E54F1/CVTestsSUI.app/imagenet-hard-50-subset-2500__n02086910__ILSVRC2012_val_00040564.JPEG","images/n02086910/imagenet-hard-50-subset-2500__n02086910__ILSVRC2012_val_00040564.JPEG","157","papillon","219","cocker spaniel","7,342007","219|157|156|154|215","cocker spaniel|papillon|Blenheim spaniel|Pekinese|Brittany spaniel","7,342007|6,611431|5,780036|5,682618|5,388760","true"
"/private/var/containers/Bundle/Application/4D01D32A-B666-4384-B213-31BBF61E54F1/CVTestsSUI.app/imagenet-hard-50-subset-2500__n02087046__ILSVRC2012_val_00001371.JPEG","images/n02087046/imagenet-hard-50-subset-2500__n02087046__ILSVRC2012_val_00001371.JPEG","158","toy terrier","253","basenji","6,563931","253|158|151|173|171","basenji|toy terrier|Chihuahua|Ibizan hound|Italian greyhound","6,563931|6,236112|4,746976|4,463212|4,424750","true"
"/private/var/containers/Bundle/Application/4D01D32A-B666-4384-B213-31BBF61E54F1/CVTestsSUI.app/imagenet-hard-50-subset-2500__n02087046__ILSVRC2012_val_00004717.JPEG","images/n02087046/imagenet-hard-50-subset-2500__n02087046__ILSVRC2012_val_00004717.JPEG","158","toy terrier","151","Chihuahua","8,177837","151|158|237|171|259","Chihuahua|toy terrier|miniature pinscher|Italian greyhound|Pomeranian","8,177837|7,453741|6,274764|5,279296|4,158324","true"
"/private/var/containers/Bundle/Application/4D01D32A-B666-4384-B213-31BBF61E54F1/CVTestsSUI.app/imagenet-hard-50-subset-2500__n02087046__ILSVRC2012_val_00007511.JPEG","images/n02087046/imagenet-hard-50-subset-2500__n02087046__ILSVRC2012_val_00007511.JPEG","158","toy terrier","180","American Staffordshire terrier","8,759980","180|158|179|237|236","American Staffordshire terrier|toy terrier|Staffordshire bullterrier|miniature pinscher|Doberman","8,759980|7,170463|5,951643|5,933096|5,750243","true"
"/private/var/containers/Bundle/Application/4D01D32A-B666-4384-B213-31BBF61E54F1/CVTestsSUI.app/imagenet-hard-50-subset-2500__n02087046__ILSVRC2012_val_00011748.JPEG","images/n02087046/imagenet-hard-50-subset-2500__n02087046__ILSVRC2012_val_00011748.JPEG","158","toy terrier","151","Chihuahua","7,304100","151|223|262|158|196","Chihuahua|schipperke|Brabancon griffon|toy terrier|miniature schnauzer","7,304100|5,994417|5,513978|4,990960|4,805472","true"
"/private/var/containers/Bundle/Application/4D01D32A-B666-4384-B213-31BBF61E54F1/CVTestsSUI.app/imagenet-hard-50-subset-2500__n02087046__ILSVRC2012_val_00013133.JPEG","images/n02087046/imagenet-hard-50-subset-2500__n02087046__ILSVRC2012_val_00013133.JPEG","158","toy terrier","151","Chihuahua","7,963431","151|158|237|268|284","Chihuahua|toy terrier|miniature pinscher|Mexican hairless|Siamese cat","7,963431|7,710163|7,340500|5,765283|4,215442","true"
"/private/var/containers/Bundle/Application/4D01D32A-B666-4384-B213-31BBF61E54F1/CVTestsSUI.app/imagenet-hard-50-subset-2500__n02087046__ILSVRC2012_val_00015701.JPEG","images/n02087046/imagenet-hard-50-subset-2500__n02087046__ILSVRC2012_val_00015701.JPEG","158","toy terrier","236","Doberman","7,702299","236|158|237|227|165","Doberman|toy terrier|miniature pinscher|kelpie|black-and-tan coonhound","7,702299|6,380599|5,436298|3,690956|3,540881","true"
"/private/var/containers/Bundle/Application/4D01D32A-B666-4384-B213-31BBF61E54F1/CVTestsSUI.app/imagenet-hard-50-subset-2500__n02087046__ILSVRC2012_val_00019261.JPEG","images/n02087046/imagenet-hard-50-subset-2500__n02087046__ILSVRC2012_val_00019261.JPEG","158","toy terrier","195","Boston bull","9,821301","195|179|180|245|158","Boston bull|Staffordshire bullterrier|American Staffordshire terrier|French bulldog|toy terrier","9,821301|6,757959|6,668333|6,177448|4,914879","true"
"/private/var/containers/Bundle/Application/4D01D32A-B666-4384-B213-31BBF61E54F1/CVTestsSUI.app/imagenet-hard-50-subset-2500__n02087046__ILSVRC2012_val_00019566.JPEG","images/n02087046/imagenet-hard-50-subset-2500__n02087046__ILSVRC2012_val_00019566.JPEG","158","toy terrier","237","miniature pinscher","8,279853","237|151|158|227|234","miniature pinscher|Chihuahua|toy terrier|kelpie|Rottweiler","8,279853|6,961449|6,847453|3,953344|3,913107","true"
"/private/var/containers/Bundle/Application/4D01D32A-B666-4384-B213-31BBF61E54F1/CVTestsSUI.app/imagenet-hard-50-subset-2500__n02087046__ILSVRC2012_val_00019883.JPEG","images/n02087046/imagenet-hard-50-subset-2500__n02087046__ILSVRC2012_val_00019883.JPEG","158","toy terrier","180","American Staffordshire terrier","6,567708","180|195|158|245|251","American Staffordshire terrier|Boston bull|toy terrier|French bulldog|dalmatian","6,567708|5,735416|5,181917|4,454169|3,998859","true"
"/private/var/containers/Bundle/Application/4D01D32A-B666-4384-B213-31BBF61E54F1/CVTestsSUI.app/imagenet-hard-50-subset-2500__n02087046__ILSVRC2012_val_00033726.JPEG","images/n02087046/imagenet-hard-50-subset-2500__n02087046__ILSVRC2012_val_00033726.JPEG","158","toy terrier","195","Boston bull","9,724589","195|245|158|180|171","Boston bull|French bulldog|toy terrier|American Staffordshire terrier|Italian greyhound","9,724589|7,203343|6,329233|3,704925|3,430889","true"
"/private/var/containers/Bundle/Application/4D01D32A-B666-4384-B213-31BBF61E54F1/CVTestsSUI.app/imagenet-hard-50-subset-2500__n02087046__ILSVRC2012_val_00036751.JPEG","images/n02087046/imagenet-hard-50-subset-2500__n02087046__ILSVRC2012_val_00036751.JPEG","158","toy terrier","188","wire-haired fox terrier","7,181525","188|196|182|157|158","wire-haired fox terrier|miniature schnauzer|Border terrier|papillon|toy terrier","7,181525|6,322197|5,460131|5,135424|4,881033","true"
"/private/var/containers/Bundle/Application/4D01D32A-B666-4384-B213-31BBF61E54F1/CVTestsSUI.app/imagenet-hard-50-subset-2500__n02087046__ILSVRC2012_val_00037669.JPEG","images/n02087046/imagenet-hard-50-subset-2500__n02087046__ILSVRC2012_val_00037669.JPEG","158","toy terrier","151","Chihuahua","6,962358","151|262|237|158|234","Chihuahua|Brabancon griffon|miniature pinscher|toy terrier|Rottweiler","6,962358|6,811556|5,965015|5,939833|3,749568","true"
"/private/var/containers/Bundle/Application/4D01D32A-B666-4384-B213-31BBF61E54F1/CVTestsSUI.app/imagenet-hard-50-subset-2500__n02087046__ILSVRC2012_val_00038974.JPEG","images/n02087046/imagenet-hard-50-subset-2500__n02087046__ILSVRC2012_val_00038974.JPEG","158","toy terrier","151","Chihuahua","7,363004","151|173|253|172|158","Chihuahua|Ibizan hound|basenji|whippet|toy terrier","7,363004|7,297330|5,860356|5,551482|5,396977","true"
"/private/var/containers/Bundle/Application/4D01D32A-B666-4384-B213-31BBF61E54F1/CVTestsSUI.app/imagenet-hard-50-subset-2500__n02087046__ILSVRC2012_val_00041444.JPEG","images/n02087046/imagenet-hard-50-subset-2500__n02087046__ILSVRC2012_val_00041444.JPEG","158","toy terrier","237","miniature pinscher","10,698036","237|158|236|268|234","miniature pinscher|toy terrier|Doberman|Mexican hairless|Rottweiler","10,698036|8,482944|7,298023|5,226165|4,796485","true"
"/private/var/containers/Bundle/Application/4D01D32A-B666-4384-B213-31BBF61E54F1/CVTestsSUI.app/imagenet-hard-50-subset-2500__n02087046__ILSVRC2012_val_00042449.JPEG","images/n02087046/imagenet-hard-50-subset-2500__n02087046__ILSVRC2012_val_00042449.JPEG","158","toy terrier","236","Doberman","9,033577","236|237|158|227|225","Doberman|miniature pinscher|toy terrier|kelpie|malinois","9,033577|7,418458|6,610198|5,160838|3,941010","true"
"/private/var/containers/Bundle/Application/4D01D32A-B666-4384-B213-31BBF61E54F1/CVTestsSUI.app/imagenet-hard-50-subset-2500__n02087046__ILSVRC2012_val_00044441.JPEG","images/n02087046/imagenet-hard-50-subset-2500__n02087046__ILSVRC2012_val_00044441.JPEG","158","toy terrier","237","miniature pinscher","7,544339","237|158|236|253|227","miniature pinscher|toy terrier|Doberman|basenji|kelpie","7,544339|6,943128|6,725617|4,404235|3,420975","true"
"/private/var/containers/Bundle/Application/4D01D32A-B666-4384-B213-31BBF61E54F1/CVTestsSUI.app/imagenet-hard-50-subset-2500__n02087394__ILSVRC2012_val_00003837.JPEG","images/n02087394/imagenet-hard-50-subset-2500__n02087394__ILSVRC2012_val_00003837.JPEG","159","Rhodesian ridgeback","243","bull mastiff","9,347152","243|242|179|180|163","bull mastiff|boxer|Staffordshire bullterrier|American Staffordshire terrier|bloodhound","9,347152|8,007099|7,743719|6,798274|6,773257","false"
"/private/var/containers/Bundle/Application/4D01D32A-B666-4384-B213-31BBF61E54F1/CVTestsSUI.app/imagenet-hard-50-subset-2500__n02087394__ILSVRC2012_val_00010057.JPEG","images/n02087394/imagenet-hard-50-subset-2500__n02087394__ILSVRC2012_val_00010057.JPEG","159","Rhodesian ridgeback","211","vizsla","9,164889","211|159|168|209|163","vizsla|Rhodesian ridgeback|redbone|Chesapeake Bay retriever|bloodhound","9,164889|7,265696|7,121812|5,966180|5,795031","true"
"/private/var/containers/Bundle/Application/4D01D32A-B666-4384-B213-31BBF61E54F1/CVTestsSUI.app/imagenet-hard-50-subset-2500__n02087394__ILSVRC2012_val_00017792.JPEG","images/n02087394/imagenet-hard-50-subset-2500__n02087394__ILSVRC2012_val_00017792.JPEG","159","Rhodesian ridgeback","168","redbone","7,355526","168|159|811|180|897","redbone|Rhodesian ridgeback|space heater|American Staffordshire terrier|washer","7,355526|6,914839|5,355829|5,196434|4,507717","true"
"/private/var/containers/Bundle/Application/4D01D32A-B666-4384-B213-31BBF61E54F1/CVTestsSUI.app/imagenet-hard-50-subset-2500__n02087394__ILSVRC2012_val_00018933.JPEG","images/n02087394/imagenet-hard-50-subset-2500__n02087394__ILSVRC2012_val_00018933.JPEG","159","Rhodesian ridgeback","242","boxer","8,084188","242|159|180|168|243","boxer|Rhodesian ridgeback|American Staffordshire terrier|redbone|bull mastiff","8,084188|6,813052|6,405943|5,802148|5,429411","true"
"/private/var/containers/Bundle/Application/4D01D32A-B666-4384-B213-31BBF61E54F1/CVTestsSUI.app/imagenet-hard-50-subset-2500__n02087394__ILSVRC2012_val_00032859.JPEG","images/n02087394/imagenet-hard-50-subset-2500__n02087394__ILSVRC2012_val_00032859.JPEG","159","Rhodesian ridgeback","246","Great Dane","8,119005","246|159|172|225|176","Great Dane|Rhodesian ridgeback|whippet|malinois|Saluki","8,119005|6,842256|6,044385|5,302804|4,490774","true"
"/private/var/containers/Bundle/Application/4D01D32A-B666-4384-B213-31BBF61E54F1/CVTestsSUI.app/imagenet-hard-50-subset-2500__n02087394__ILSVRC2012_val_00033731.JPEG","images/n02087394/imagenet-hard-50-subset-2500__n02087394__ILSVRC2012_val_00033731.JPEG","159","Rhodesian ridgeback","168","redbone","7,224170","168|211|159|163|180","redbone|vizsla|Rhodesian ridgeback|bloodhound|American Staffordshire terrier","7,224170|7,001173|6,617386|5,016161|3,702588","true"
"/private/var/containers/Bundle/Application/4D01D32A-B666-4384-B213-31BBF61E54F1/CVTestsSUI.app/imagenet-hard-50-subset-2500__n02087394__ILSVRC2012_val_00036907.JPEG","images/n02087394/imagenet-hard-50-subset-2500__n02087394__ILSVRC2012_val_00036907.JPEG","159","Rhodesian ridgeback","242","boxer","8,024467","242|243|159|180|179","boxer|bull mastiff|Rhodesian ridgeback|American Staffordshire terrier|Staffordshire bullterrier","8,024467|6,820860|6,719925|5,701014|4,756248","true"
"/private/var/containers/Bundle/Application/4D01D32A-B666-4384-B213-31BBF61E54F1/CVTestsSUI.app/imagenet-hard-50-subset-2500__n02087394__ILSVRC2012_val_00037577.JPEG","images/n02087394/imagenet-hard-50-subset-2500__n02087394__ILSVRC2012_val_00037577.JPEG","159","Rhodesian ridgeback","242","boxer","6,671383","242|180|159|166|253","boxer|American Staffordshire terrier|Rhodesian ridgeback|Walker hound|basenji","6,671383|5,999494|5,932747|5,021774|4,948681","true"
"/private/var/containers/Bundle/Application/4D01D32A-B666-4384-B213-31BBF61E54F1/CVTestsSUI.app/imagenet-hard-50-subset-2500__n02087394__ILSVRC2012_val_00047173.JPEG","images/n02087394/imagenet-hard-50-subset-2500__n02087394__ILSVRC2012_val_00047173.JPEG","159","Rhodesian ridgeback","243","bull mastiff","7,790192","243|159|163|180|179","bull mastiff|Rhodesian ridgeback|bloodhound|American Staffordshire terrier|Staffordshire bullterrier","7,790192|6,517627|6,276808|6,267410|6,093703","true"
"/private/var/containers/Bundle/Application/4D01D32A-B666-4384-B213-31BBF61E54F1/CVTestsSUI.app/imagenet-hard-50-subset-2500__n02088094__ILSVRC2012_val_00006698.JPEG","images/n02088094/imagenet-hard-50-subset-2500__n02088094__ILSVRC2012_val_00006698.JPEG","160","Afghan hound","226","briard","8,310432","226|200|160|187|202","briard|Tibetan terrier|Afghan hound|Yorkshire terrier|soft-coated wheaten terrier","8,310432|7,741627|7,269275|6,029039|5,958400","true"
"/private/var/containers/Bundle/Application/4D01D32A-B666-4384-B213-31BBF61E54F1/CVTestsSUI.app/imagenet-hard-50-subset-2500__n02088094__ILSVRC2012_val_00030323.JPEG","images/n02088094/imagenet-hard-50-subset-2500__n02088094__ILSVRC2012_val_00030323.JPEG","160","Afghan hound","204","Lhasa","8,714117","204|202|187|226|192","Lhasa|soft-coated wheaten terrier|Yorkshire terrier|briard|cairn","8,714117|7,349375|7,026458|7,021331|6,870761","false"
"/private/var/containers/Bundle/Application/4D01D32A-B666-4384-B213-31BBF61E54F1/CVTestsSUI.app/imagenet-hard-50-subset-2500__n02088094__ILSVRC2012_val_00032668.JPEG","images/n02088094/imagenet-hard-50-subset-2500__n02088094__ILSVRC2012_val_00032668.JPEG","160","Afghan hound","225","malinois","6,089998","225|202|226|186|184","malinois|soft-coated wheaten terrier|briard|Norwich terrier|Irish terrier","6,089998|5,621765|5,406338|5,306500|5,265208","false"
"/private/var/containers/Bundle/Application/4D01D32A-B666-4384-B213-31BBF61E54F1/CVTestsSUI.app/imagenet-hard-50-subset-2500__n02088094__ILSVRC2012_val_00044215.JPEG","images/n02088094/imagenet-hard-50-subset-2500__n02088094__ILSVRC2012_val_00044215.JPEG","160","Afghan hound","232","Border collie","7,327633","232|160|224|231|256","Border collie|Afghan hound|groenendael|collie|Newfoundland","7,327633|6,856090|6,808015|6,637854|5,968148","true"
"/private/var/containers/Bundle/Application/4D01D32A-B666-4384-B213-31BBF61E54F1/CVTestsSUI.app/imagenet-hard-50-subset-2500__n02088238__ILSVRC2012_val_00000838.JPEG","images/n02088238/imagenet-hard-50-subset-2500__n02088238__ILSVRC2012_val_00000838.JPEG","161","basset","166","Walker hound","9,953358","166|162|785|161|167","Walker hound|beagle|seat belt|basset|English foxhound","9,953358|8,570011|7,280478|6,378118|5,159891","true"
"/private/var/containers/Bundle/Application/4D01D32A-B666-4384-B213-31BBF61E54F1/CVTestsSUI.app/imagenet-hard-50-subset-2500__n02088238__ILSVRC2012_val_00002111.JPEG","images/n02088238/imagenet-hard-50-subset-2500__n02088238__ILSVRC2012_val_00002111.JPEG","161","basset","238","Greater Swiss Mountain dog","6,806404","238|240|195|241|179","Greater Swiss Mountain dog|Appenzeller|Boston bull|EntleBucher|Staffordshire bullterrier","6,806404|6,413546|6,047494|6,004115|5,048784","false"
"/private/var/containers/Bundle/Application/4D01D32A-B666-4384-B213-31BBF61E54F1/CVTestsSUI.app/imagenet-hard-50-subset-2500__n02088238__ILSVRC2012_val_00014030.JPEG","images/n02088238/imagenet-hard-50-subset-2500__n02088238__ILSVRC2012_val_00014030.JPEG","161","basset","168","redbone","8,749525","168|237|159|211|161","redbone|miniature pinscher|Rhodesian ridgeback|vizsla|basset","8,749525|7,253571|4,791637|4,522086|3,326440","true"
"/private/var/containers/Bundle/Application/4D01D32A-B666-4384-B213-31BBF61E54F1/CVTestsSUI.app/imagenet-hard-50-subset-2500__n02088238__ILSVRC2012_val_00026622.JPEG","images/n02088238/imagenet-hard-50-subset-2500__n02088238__ILSVRC2012_val_00026622.JPEG","161","basset","162","beagle","7,931500","162|161|166|238|215","beagle|basset|Walker hound|Greater Swiss Mountain dog|Brittany spaniel","7,931500|7,876971|6,057111|4,798669|4,464090","true"
"/private/var/containers/Bundle/Application/4D01D32A-B666-4384-B213-31BBF61E54F1/CVTestsSUI.app/imagenet-hard-50-subset-2500__n02088238__ILSVRC2012_val_00027114.JPEG","images/n02088238/imagenet-hard-50-subset-2500__n02088238__ILSVRC2012_val_00027114.JPEG","161","basset","166","Walker hound","8,360079","166|162|161|253|195","Walker hound|beagle|basset|basenji|Boston bull","8,360079|7,859711|6,081967|5,667559|5,440110","true"
"/private/var/containers/Bundle/Application/4D01D32A-B666-4384-B213-31BBF61E54F1/CVTestsSUI.app/imagenet-hard-50-subset-2500__n02088238__ILSVRC2012_val_00035117.JPEG","images/n02088238/imagenet-hard-50-subset-2500__n02088238__ILSVRC2012_val_00035117.JPEG","161","basset","162","beagle","7,050017","162|166|212|180|217","beagle|Walker hound|English setter|American Staffordshire terrier|English springer","7,050017|5,793601|5,080968|4,933076|4,881495","false"
"/private/var/containers/Bundle/Application/4D01D32A-B666-4384-B213-31BBF61E54F1/CVTestsSUI.app/imagenet-hard-50-subset-2500__n02088238__ILSVRC2012_val_00037804.JPEG","images/n02088238/imagenet-hard-50-subset-2500__n02088238__ILSVRC2012_val_00037804.JPEG","161","basset","162","beagle","8,020978","162|161|165|166|180","beagle|basset|black-and-tan coonhound|Walker hound|American Staffordshire terrier","8,020978|7,831579|6,323433|6,316175|6,261925","true"
"/private/var/containers/Bundle/Application/4D01D32A-B666-4384-B213-31BBF61E54F1/CVTestsSUI.app/imagenet-hard-50-subset-2500__n02088238__ILSVRC2012_val_00049931.JPEG","images/n02088238/imagenet-hard-50-subset-2500__n02088238__ILSVRC2012_val_00049931.JPEG","161","basset","247","Saint Bernard","7,399716","247|212|251|238|215","Saint Bernard|English setter|dalmatian|Greater Swiss Mountain dog|Brittany spaniel","7,399716|6,763110|6,051552|5,512992|5,490647","false"
"/private/var/containers/Bundle/Application/4D01D32A-B666-4384-B213-31BBF61E54F1/CVTestsSUI.app/imagenet-hard-50-subset-2500__n02088364__ILSVRC2012_val_00011384.JPEG","images/n02088364/imagenet-hard-50-subset-2500__n02088364__ILSVRC2012_val_00011384.JPEG","162","beagle","164","bluetick","8,883362","164|162|167|168|166","bluetick|beagle|English foxhound|redbone|Walker hound","8,883362|8,218683|6,056149|5,905067|5,721388","true"
"/private/var/containers/Bundle/Application/4D01D32A-B666-4384-B213-31BBF61E54F1/CVTestsSUI.app/imagenet-hard-50-subset-2500__n02088364__ILSVRC2012_val_00013381.JPEG","images/n02088364/imagenet-hard-50-subset-2500__n02088364__ILSVRC2012_val_00013381.JPEG","162","beagle","161","basset","8,127478","161|166|162|167|163","basset|Walker hound|beagle|English foxhound|bloodhound","8,127478|7,642993|6,052563|5,277407|3,802632","true"
"/private/var/containers/Bundle/Application/4D01D32A-B666-4384-B213-31BBF61E54F1/CVTestsSUI.app/imagenet-hard-50-subset-2500__n02088364__ILSVRC2012_val_00017873.JPEG","images/n02088364/imagenet-hard-50-subset-2500__n02088364__ILSVRC2012_val_00017873.JPEG","162","beagle","166","Walker hound","8,302381","166|173|162|167|172","Walker hound|Ibizan hound|beagle|English foxhound|whippet","8,302381|7,039483|6,860562|6,028742|5,875844","true"
"/private/var/containers/Bundle/Application/4D01D32A-B666-4384-B213-31BBF61E54F1/CVTestsSUI.app/imagenet-hard-50-subset-2500__n02088364__ILSVRC2012_val_00019283.JPEG","images/n02088364/imagenet-hard-50-subset-2500__n02088364__ILSVRC2012_val_00019283.JPEG","162","beagle","161","basset","9,988439","161|162|164|166|163","basset|beagle|bluetick|Walker hound|bloodhound","9,988439|7,166010|5,957079|5,637691|4,647673","true"
"/private/var/containers/Bundle/Application/4D01D32A-B666-4384-B213-31BBF61E54F1/CVTestsSUI.app/imagenet-hard-50-subset-2500__n02088364__ILSVRC2012_val_00025393.JPEG","images/n02088364/imagenet-hard-50-subset-2500__n02088364__ILSVRC2012_val_00025393.JPEG","162","beagle","166","Walker hound","8,295001","166|162|167|173|171","Walker hound|beagle|English foxhound|Ibizan hound|Italian greyhound","8,295001|8,006857|6,466712|6,326109|5,773457","true"
"/private/var/containers/Bundle/Application/4D01D32A-B666-4384-B213-31BBF61E54F1/CVTestsSUI.app/imagenet-hard-50-subset-2500__n02088364__ILSVRC2012_val_00025613.JPEG","images/n02088364/imagenet-hard-50-subset-2500__n02088364__ILSVRC2012_val_00025613.JPEG","162","beagle","167","English foxhound","7,549692","167|166|162|218|253","English foxhound|Walker hound|beagle|Welsh springer spaniel|basenji","7,549692|7,339178|6,827495|4,108890|3,927724","true"
"/private/var/containers/Bundle/Application/4D01D32A-B666-4384-B213-31BBF61E54F1/CVTestsSUI.app/imagenet-hard-50-subset-2500__n02088364__ILSVRC2012_val_00028001.JPEG","images/n02088364/imagenet-hard-50-subset-2500__n02088364__ILSVRC2012_val_00028001.JPEG","162","beagle","164","bluetick","8,475690","164|166|162|167|161","bluetick|Walker hound|beagle|English foxhound|basset","8,475690|8,062659|7,807139|6,221999|5,777752","true"
"/private/var/containers/Bundle/Application/4D01D32A-B666-4384-B213-31BBF61E54F1/CVTestsSUI.app/imagenet-hard-50-subset-2500__n02088364__ILSVRC2012_val_00034041.JPEG","images/n02088364/imagenet-hard-50-subset-2500__n02088364__ILSVRC2012_val_00034041.JPEG","162","beagle","161","basset","6,892395","161|162|164|818|846","basset|beagle|bluetick|spotlight|table lamp","6,892395|6,415728|5,971128|5,315223|5,038675","true"
"/private/var/containers/Bundle/Application/4D01D32A-B666-4384-B213-31BBF61E54F1/CVTestsSUI.app/imagenet-hard-50-subset-2500__n02088364__ILSVRC2012_val_00034275.JPEG","images/n02088364/imagenet-hard-50-subset-2500__n02088364__ILSVRC2012_val_00034275.JPEG","162","beagle","151","Chihuahua","8,265200","151|237|161|162|195","Chihuahua|miniature pinscher|basset|beagle|Boston bull","8,265200|7,532591|6,849865|6,368193|6,068214","true"
"/private/var/containers/Bundle/Application/4D01D32A-B666-4384-B213-31BBF61E54F1/CVTestsSUI.app/imagenet-hard-50-subset-2500__n02088364__ILSVRC2012_val_00035414.JPEG","images/n02088364/imagenet-hard-50-subset-2500__n02088364__ILSVRC2012_val_00035414.JPEG","162","beagle","166","Walker hound","9,812724","166|162|238|180|167","Walker hound|beagle|Greater Swiss Mountain dog|American Staffordshire terrier|English foxhound","9,812724|9,603773|7,631659|7,159344|7,046757","true"
"/private/var/containers/Bundle/Application/4D01D32A-B666-4384-B213-31BBF61E54F1/CVTestsSUI.app/imagenet-hard-50-subset-2500__n02088466__ILSVRC2012_val_00000909.JPEG","images/n02088466/imagenet-hard-50-subset-2500__n02088466__ILSVRC2012_val_00000909.JPEG","163","bloodhound","165","black-and-tan coonhound","7,850657","165|163|234|166|168","black-and-tan coonhound|bloodhound|Rottweiler|Walker hound|redbone","7,850657|7,424329|5,092478|5,088532|4,877378","true"
"/private/var/containers/Bundle/Application/4D01D32A-B666-4384-B213-31BBF61E54F1/CVTestsSUI.app/imagenet-hard-50-subset-2500__n02088466__ILSVRC2012_val_00006895.JPEG","images/n02088466/imagenet-hard-50-subset-2500__n02088466__ILSVRC2012_val_00006895.JPEG","163","bloodhound","237","miniature pinscher","7,126905","237|168|163|180|159","miniature pinscher|redbone|bloodhound|American Staffordshire terrier|Rhodesian ridgeback","7,126905|7,084519|6,860920|6,558376|6,280846","true"
"/private/var/containers/Bundle/Application/4D01D32A-B666-4384-B213-31BBF61E54F1/CVTestsSUI.app/imagenet-hard-50-subset-2500__n02088466__ILSVRC2012_val_00008375.JPEG","images/n02088466/imagenet-hard-50-subset-2500__n02088466__ILSVRC2012_val_00008375.JPEG","163","bloodhound","241","EntleBucher","7,554245","241|240|239|231|238","EntleBucher|Appenzeller|Bernese mountain dog|collie|Greater Swiss Mountain dog","7,554245|6,341780|6,085041|5,788385|5,370769","false"
"/private/var/containers/Bundle/Application/4D01D32A-B666-4384-B213-31BBF61E54F1/CVTestsSUI.app/imagenet-hard-50-subset-2500__n02088466__ILSVRC2012_val_00010842.JPEG","images/n02088466/imagenet-hard-50-subset-2500__n02088466__ILSVRC2012_val_00010842.JPEG","163","bloodhound","234","Rottweiler","8,462410","234|165|236|168|208","Rottweiler|black-and-tan coonhound|Doberman|redbone|Labrador retriever","8,462410|8,259710|6,313866|5,463809|5,453654","false"
"/private/var/containers/Bundle/Application/4D01D32A-B666-4384-B213-31BBF61E54F1/CVTestsSUI.app/imagenet-hard-50-subset-2500__n02088466__ILSVRC2012_val_00013651.JPEG","images/n02088466/imagenet-hard-50-subset-2500__n02088466__ILSVRC2012_val_00013651.JPEG","163","bloodhound","161","basset","10,461241","161|163|167|166|162","basset|bloodhound|English foxhound|Walker hound|beagle","10,461241|8,295573|5,406651|5,192541|3,691267","true"
"/private/var/containers/Bundle/Application/4D01D32A-B666-4384-B213-31BBF61E54F1/CVTestsSUI.app/imagenet-hard-50-subset-2500__n02088466__ILSVRC2012_val_00014580.JPEG","images/n02088466/imagenet-hard-50-subset-2500__n02088466__ILSVRC2012_val_00014580.JPEG","163","bloodhound","242","boxer","7,691991","242|243|180|179|245","boxer|bull mastiff|American Staffordshire terrier|Staffordshire bullterrier|French bulldog","7,691991|4,930275|4,639704|4,635885|4,344901","false"
"/private/var/containers/Bundle/Application/4D01D32A-B666-4384-B213-31BBF61E54F1/CVTestsSUI.app/imagenet-hard-50-subset-2500__n02088466__ILSVRC2012_val_00015244.JPEG","images/n02088466/imagenet-hard-50-subset-2500__n02088466__ILSVRC2012_val_00015244.JPEG","163","bloodhound","161","basset","9,803743","161|166|163|162|167","basset|Walker hound|bloodhound|beagle|English foxhound","9,803743|7,438590|6,863815|5,741493|4,181520","true"
"/private/var/containers/Bundle/Application/4D01D32A-B666-4384-B213-31BBF61E54F1/CVTestsSUI.app/imagenet-hard-50-subset-2500__n02088466__ILSVRC2012_val_00017226.JPEG","images/n02088466/imagenet-hard-50-subset-2500__n02088466__ILSVRC2012_val_00017226.JPEG","163","bloodhound","159","Rhodesian ridgeback","8,059418","159|163|242|209|225","Rhodesian ridgeback|bloodhound|boxer|Chesapeake Bay retriever|malinois","8,059418|7,741703|6,645021|6,513535|6,471928","true"
"/private/var/containers/Bundle/Application/4D01D32A-B666-4384-B213-31BBF61E54F1/CVTestsSUI.app/imagenet-hard-50-subset-2500__n02088466__ILSVRC2012_val_00017511.JPEG","images/n02088466/imagenet-hard-50-subset-2500__n02088466__ILSVRC2012_val_00017511.JPEG","163","bloodhound","161","basset","7,370542","161|210|163|164|211","basset|German short-haired pointer|bloodhound|bluetick|vizsla","7,370542|6,130064|4,987390|3,761860|3,690855","true"
"/private/var/containers/Bundle/Application/4D01D32A-B666-4384-B213-31BBF61E54F1/CVTestsSUI.app/imagenet-hard-50-subset-2500__n02088466__ILSVRC2012_val_00018835.JPEG","images/n02088466/imagenet-hard-50-subset-2500__n02088466__ILSVRC2012_val_00018835.JPEG","163","bloodhound","167","English foxhound","8,061447","167|173|166|353|253","English foxhound|Ibizan hound|Walker hound|gazelle|basenji","8,061447|6,959951|6,540821|5,917712|5,016169","false"
"/private/var/containers/Bundle/Application/4D01D32A-B666-4384-B213-31BBF61E54F1/CVTestsSUI.app/imagenet-hard-50-subset-2500__n02088466__ILSVRC2012_val_00019241.JPEG","images/n02088466/imagenet-hard-50-subset-2500__n02088466__ILSVRC2012_val_00019241.JPEG","163","bloodhound","161","basset","10,289633","161|164|162|163|166","basset|bluetick|beagle|bloodhound|Walker hound","10,289633|8,167157|6,185704|5,254382|4,095469","true"
"/private/var/containers/Bundle/Application/4D01D32A-B666-4384-B213-31BBF61E54F1/CVTestsSUI.app/imagenet-hard-50-subset-2500__n02088466__ILSVRC2012_val_00024046.JPEG","images/n02088466/imagenet-hard-50-subset-2500__n02088466__ILSVRC2012_val_00024046.JPEG","163","bloodhound","161","basset","11,093863","161|163|166|218|167","basset|bloodhound|Walker hound|Welsh springer spaniel|English foxhound","11,093863|5,933635|4,686332|4,503168|4,488261","true"
"/private/var/containers/Bundle/Application/4D01D32A-B666-4384-B213-31BBF61E54F1/CVTestsSUI.app/imagenet-hard-50-subset-2500__n02088466__ILSVRC2012_val_00024090.JPEG","images/n02088466/imagenet-hard-50-subset-2500__n02088466__ILSVRC2012_val_00024090.JPEG","163","bloodhound","161","basset","11,331051","161|162|164|166|264","basset|beagle|bluetick|Walker hound|Cardigan","11,331051|9,703234|7,345592|6,846780|5,746585","false"
"/private/var/containers/Bundle/Application/4D01D32A-B666-4384-B213-31BBF61E54F1/CVTestsSUI.app/imagenet-hard-50-subset-2500__n02088466__ILSVRC2012_val_00024505.JPEG","images/n02088466/imagenet-hard-50-subset-2500__n02088466__ILSVRC2012_val_00024505.JPEG","163","bloodhound","168","redbone","10,064750","168|159|163|213|166","redbone|Rhodesian ridgeback|bloodhound|Irish setter|Walker hound","10,064750|6,207293|5,130661|4,986143|4,003520","true"
"/private/var/containers/Bundle/Application/4D01D32A-B666-4384-B213-31BBF61E54F1/CVTestsSUI.app/imagenet-hard-50-subset-2500__n02088466__ILSVRC2012_val_00028118.JPEG","images/n02088466/imagenet-hard-50-subset-2500__n02088466__ILSVRC2012_val_00028118.JPEG","163","bloodhound","282","tiger cat","6,457107","282|281|163|243|246","tiger cat|tabby|bloodhound|bull mastiff|Great Dane","6,457107|5,682348|4,836069|4,716399|4,610304","true"
"/private/var/containers/Bundle/Application/4D01D32A-B666-4384-B213-31BBF61E54F1/CVTestsSUI.app/imagenet-hard-50-subset-2500__n02088466__ILSVRC2012_val_00029326.JPEG","images/n02088466/imagenet-hard-50-subset-2500__n02088466__ILSVRC2012_val_00029326.JPEG","163","bloodhound","168","redbone","7,777693","168|211|163|159|213","redbone|vizsla|bloodhound|Rhodesian ridgeback|Irish setter","7,777693|6,454673|6,170003|5,995607|4,666938","true"
"/private/var/containers/Bundle/Application/4D01D32A-B666-4384-B213-31BBF61E54F1/CVTestsSUI.app/imagenet-hard-50-subset-2500__n02088466__ILSVRC2012_val_00031603.JPEG","images/n02088466/imagenet-hard-50-subset-2500__n02088466__ILSVRC2012_val_00031603.JPEG","163","bloodhound","208","Labrador retriever","8,210704","208|243|163|246|207","Labrador retriever|bull mastiff|bloodhound|Great Dane|golden retriever","8,210704|6,340115|6,263388|4,626982|3,874987","true"
"/private/var/containers/Bundle/Application/4D01D32A-B666-4384-B213-31BBF61E54F1/CVTestsSUI.app/imagenet-hard-50-subset-2500__n02088466__ILSVRC2012_val_00032365.JPEG","images/n02088466/imagenet-hard-50-subset-2500__n02088466__ILSVRC2012_val_00032365.JPEG","163","bloodhound","166","Walker hound","7,262027","166|167|161|162|163","Walker hound|English foxhound|basset|beagle|bloodhound","7,262027|6,447399|5,056870|4,757752|4,603128","true"
"/private/var/containers/Bundle/Application/4D01D32A-B666-4384-B213-31BBF61E54F1/CVTestsSUI.app/imagenet-hard-50-subset-2500__n02088466__ILSVRC2012_val_00038054.JPEG","images/n02088466/imagenet-hard-50-subset-2500__n02088466__ILSVRC2012_val_00038054.JPEG","163","bloodhound","273","dingo","7,153993","273|253|245|260|225","dingo|basenji|French bulldog|chow|malinois","7,153993|6,263873|5,912518|5,034624|4,914806","false"
"/private/var/containers/Bundle/Application/4D01D32A-B666-4384-B213-31BBF61E54F1/CVTestsSUI.app/imagenet-hard-50-subset-2500__n02088466__ILSVRC2012_val_00039900.JPEG","images/n02088466/imagenet-hard-50-subset-2500__n02088466__ILSVRC2012_val_00039900.JPEG","163","bloodhound","208","Labrador retriever","8,971640","208|205|210|246|209","Labrador retriever|flat-coated retriever|German short-haired pointer|Great Dane|Chesapeake Bay retriever","8,971640|5,440872|5,133433|5,086801|4,986545","false"
"/private/var/containers/Bundle/Application/4D01D32A-B666-4384-B213-31BBF61E54F1/CVTestsSUI.app/imagenet-hard-50-subset-2500__n02088466__ILSVRC2012_val_00042692.JPEG","images/n02088466/imagenet-hard-50-subset-2500__n02088466__ILSVRC2012_val_00042692.JPEG","163","bloodhound","209","Chesapeake Bay retriever","7,097921","209|163|170|243|211","Chesapeake Bay retriever|bloodhound|Irish wolfhound|bull mastiff|vizsla","7,097921|6,964395|5,682574|5,374948|4,890906","true"
"/private/var/containers/Bundle/Application/4D01D32A-B666-4384-B213-31BBF61E54F1/CVTestsSUI.app/imagenet-hard-50-subset-2500__n02088466__ILSVRC2012_val_00043153.JPEG","images/n02088466/imagenet-hard-50-subset-2500__n02088466__ILSVRC2012_val_00043153.JPEG","163","bloodhound","165","black-and-tan coonhound","7,062119","165|176|166|236|163","black-and-tan coonhound|Saluki|Walker hound|Doberman|bloodhound","7,062119|6,828308|5,639817|5,578815|5,337956","true"
"/private/var/containers/Bundle/Application/4D01D32A-B666-4384-B213-31BBF61E54F1/CVTestsSUI.app/imagenet-hard-50-subset-2500__n02088466__ILSVRC2012_val_00044716.JPEG","images/n02088466/imagenet-hard-50-subset-2500__n02088466__ILSVRC2012_val_00044716.JPEG","163","bloodhound","208","Labrador retriever","7,377164","208|164|205|210|227","Labrador retriever|bluetick|flat-coated retriever|German short-haired pointer|kelpie","7,377164|6,564002|6,345852|5,955386|5,384864","false"
"/private/var/containers/Bundle/Application/4D01D32A-B666-4384-B213-31BBF61E54F1/CVTestsSUI.app/imagenet-hard-50-subset-2500__n02088466__ILSVRC2012_val_00046691.JPEG","images/n02088466/imagenet-hard-50-subset-2500__n02088466__ILSVRC2012_val_00046691.JPEG","163","bloodhound","178","Weimaraner","7,970216","178|163|246|159|211","Weimaraner|bloodhound|Great Dane|Rhodesian ridgeback|vizsla","7,970216|7,541475|5,847993|5,574930|5,521060","true"
"/private/var/containers/Bundle/Application/4D01D32A-B666-4384-B213-31BBF61E54F1/CVTestsSUI.app/imagenet-hard-50-subset-2500__n02088632__ILSVRC2012_val_00013962.JPEG","images/n02088632/imagenet-hard-50-subset-2500__n02088632__ILSVRC2012_val_00013962.JPEG","164","bluetick","166","Walker hound","7,745480","166|164|167|210|176","Walker hound|bluetick|English foxhound|German short-haired pointer|Saluki","7,745480|7,673670|6,131780|5,051911|3,741072","true"
"/private/var/containers/Bundle/Application/4D01D32A-B666-4384-B213-31BBF61E54F1/CVTestsSUI.app/imagenet-hard-50-subset-2500__n02088632__ILSVRC2012_val_00032000.JPEG","images/n02088632/imagenet-hard-50-subset-2500__n02088632__ILSVRC2012_val_00032000.JPEG","164","bluetick","242","boxer","6,740114","242|164|180|238|195","boxer|bluetick|American Staffordshire terrier|Greater Swiss Mountain dog|Boston bull","6,740114|5,193340|4,590856|4,442424|4,206307","true"
"/private/var/containers/Bundle/Application/4D01D32A-B666-4384-B213-31BBF61E54F1/CVTestsSUI.app/imagenet-hard-50-subset-2500__n02088632__ILSVRC2012_val_00046158.JPEG","images/n02088632/imagenet-hard-50-subset-2500__n02088632__ILSVRC2012_val_00046158.JPEG","164","bluetick","162","beagle","7,814458","162|164|161|166|215","beagle|bluetick|basset|Walker hound|Brittany spaniel","7,814458|7,804128|6,691347|6,439449|6,176873","true"
"/private/var/containers/Bundle/Application/4D01D32A-B666-4384-B213-31BBF61E54F1/CVTestsSUI.app/imagenet-hard-50-subset-2500__n02088632__ILSVRC2012_val_00046273.JPEG","images/n02088632/imagenet-hard-50-subset-2500__n02088632__ILSVRC2012_val_00046273.JPEG","164","bluetick","217","English springer","7,952948","217|232|164|219|210","English springer|Border collie|bluetick|cocker spaniel|German short-haired pointer","7,952948|6,456165|5,719423|5,646800|4,705495","true"
"/private/var/containers/Bundle/Application/4D01D32A-B666-4384-B213-31BBF61E54F1/CVTestsSUI.app/imagenet-hard-50-subset-2500__n02088632__ILSVRC2012_val_00049516.JPEG","images/n02088632/imagenet-hard-50-subset-2500__n02088632__ILSVRC2012_val_00049516.JPEG","164","bluetick","176","Saluki","10,646667","176|169|172|173|171","Saluki|borzoi|whippet|Ibizan hound|Italian greyhound","10,646667|7,214918|6,015207|5,313993|4,745228","false"
"/private/var/containers/Bundle/Application/4D01D32A-B666-4384-B213-31BBF61E54F1/CVTestsSUI.app/imagenet-hard-50-subset-2500__n02089078__ILSVRC2012_val_00000327.JPEG","images/n02089078/imagenet-hard-50-subset-2500__n02089078__ILSVRC2012_val_00000327.JPEG","165","black-and-tan coonhound","234","Rottweiler","7,966628","234|236|165|237|163","Rottweiler|Doberman|black-and-tan coonhound|miniature pinscher|bloodhound","7,966628|6,528273|5,815893|5,009274|4,741107","true"
"/private/var/containers/Bundle/Application/4D01D32A-B666-4384-B213-31BBF61E54F1/CVTestsSUI.app/imagenet-hard-50-subset-2500__n02089078__ILSVRC2012_val_00002398.JPEG","images/n02089078/imagenet-hard-50-subset-2500__n02089078__ILSVRC2012_val_00002398.JPEG","165","black-and-tan coonhound","236","Doberman","7,403119","236|234|237|165|238","Doberman|Rottweiler|miniature pinscher|black-and-tan coonhound|Greater Swiss Mountain dog","7,403119|6,835645|6,501951|6,427899|4,323657","true"
"/private/var/containers/Bundle/Application/4D01D32A-B666-4384-B213-31BBF61E54F1/CVTestsSUI.app/imagenet-hard-50-subset-2500__n02089078__ILSVRC2012_val_00012055.JPEG","images/n02089078/imagenet-hard-50-subset-2500__n02089078__ILSVRC2012_val_00012055.JPEG","165","black-and-tan coonhound","236","Doberman","7,850357","236|165|240|241|171","Doberman|black-and-tan coonhound|Appenzeller|EntleBucher|Italian greyhound","7,850357|5,343844|5,072036|4,229464|4,171227","true"
"/private/var/containers/Bundle/Application/4D01D32A-B666-4384-B213-31BBF61E54F1/CVTestsSUI.app/imagenet-hard-50-subset-2500__n02089078__ILSVRC2012_val_00012293.JPEG","images/n02089078/imagenet-hard-50-subset-2500__n02089078__ILSVRC2012_val_00012293.JPEG","165","black-and-tan coonhound","246","Great Dane","7,004517","246|238|236|165|195","Great Dane|Greater Swiss Mountain dog|Doberman|black-and-tan coonhound|Boston bull","7,004517|6,304904|5,957325|5,877882|5,350210","true"
"/private/var/containers/Bundle/Application/4D01D32A-B666-4384-B213-31BBF61E54F1/CVTestsSUI.app/imagenet-hard-50-subset-2500__n02089078__ILSVRC2012_val_00019462.JPEG","images/n02089078/imagenet-hard-50-subset-2500__n02089078__ILSVRC2012_val_00019462.JPEG","165","black-and-tan coonhound","236","Doberman","8,484414","236|165|234|164|166","Doberman|black-and-tan coonhound|Rottweiler|bluetick|Walker hound","8,484414|7,520415|5,596577|5,439050|4,511223","true"
"/private/var/containers/Bundle/Application/4D01D32A-B666-4384-B213-31BBF61E54F1/CVTestsSUI.app/imagenet-hard-50-subset-2500__n02089078__ILSVRC2012_val_00023966.JPEG","images/n02089078/imagenet-hard-50-subset-2500__n02089078__ILSVRC2012_val_00023966.JPEG","165","black-and-tan coonhound","236","Doberman","8,349933","236|234|165|238|240","Doberman|Rottweiler|black-and-tan coonhound|Greater Swiss Mountain dog|Appenzeller","8,349933|8,182952|7,948391|7,326970|6,043132","true"
"/private/var/containers/Bundle/Application/4D01D32A-B666-4384-B213-31BBF61E54F1/CVTestsSUI.app/imagenet-hard-50-subset-2500__n02089078__ILSVRC2012_val_00025318.JPEG","images/n02089078/imagenet-hard-50-subset-2500__n02089078__ILSVRC2012_val_00025318.JPEG","165","black-and-tan coonhound","236","Doberman","7,855876","236|165|234|168|214","Doberman|black-and-tan coonhound|Rottweiler|redbone|Gordon setter","7,855876|7,639134|4,318432|3,542230|3,471740","true"
"/private/var/containers/Bundle/Application/4D01D32A-B666-4384-B213-31BBF61E54F1/CVTestsSUI.app/imagenet-hard-50-subset-2500__n02089078__ILSVRC2012_val_00025466.JPEG","images/n02089078/imagenet-hard-50-subset-2500__n02089078__ILSVRC2012_val_00025466.JPEG","165","black-and-tan coonhound","164","bluetick","7,914318","164|165|161|163|244","bluetick|black-and-tan coonhound|basset|bloodhound|Tibetan mastiff","7,914318|7,019969|5,542748|5,075057|4,831458","true"
"/private/var/containers/Bundle/Application/4D01D32A-B666-4384-B213-31BBF61E54F1/CVTestsSUI.app/imagenet-hard-50-subset-2500__n02089078__ILSVRC2012_val_00029836.JPEG","images/n02089078/imagenet-hard-50-subset-2500__n02089078__ILSVRC2012_val_00029836.JPEG","165","black-and-tan coonhound","237","miniature pinscher","6,309838","237|159|236|676|225","miniature pinscher|Rhodesian ridgeback|Doberman|muzzle|malinois","6,309838|5,852290|5,657673|4,071386|3,806521","false"
"/private/var/containers/Bundle/Application/4D01D32A-B666-4384-B213-31BBF61E54F1/CVTestsSUI.app/imagenet-hard-50-subset-2500__n02089078__ILSVRC2012_val_00030002.JPEG","images/n02089078/imagenet-hard-50-subset-2500__n02089078__ILSVRC2012_val_00030002.JPEG","165","black-and-tan coonhound","234","Rottweiler","9,675242","234|236|214|240|165","Rottweiler|Doberman|Gordon setter|Appenzeller|black-and-tan coonhound","9,675242|6,141058|5,896721|4,783488|3,997806","true"
"/private/var/containers/Bundle/Application/4D01D32A-B666-4384-B213-31BBF61E54F1/CVTestsSUI.app/imagenet-hard-50-subset-2500__n02089078__ILSVRC2012_val_00030928.JPEG","images/n02089078/imagenet-hard-50-subset-2500__n02089078__ILSVRC2012_val_00030928.JPEG","165","black-and-tan coonhound","240","Appenzeller","7,820580","240|166|236|238|180","Appenzeller|Walker hound|Doberman|Greater Swiss Mountain dog|American Staffordshire terrier","7,820580|5,994026|5,919118|4,975113|4,815443","false"
"/private/var/containers/Bundle/Application/4D01D32A-B666-4384-B213-31BBF61E54F1/CVTestsSUI.app/imagenet-hard-50-subset-2500__n02089078__ILSVRC2012_val_00031040.JPEG","images/n02089078/imagenet-hard-50-subset-2500__n02089078__ILSVRC2012_val_00031040.JPEG","165","black-and-tan coonhound","236","Doberman","9,059059","236|165|234|214|238","Doberman|black-and-tan coonhound|Rottweiler|Gordon setter|Greater Swiss Mountain dog","9,059059|7,935446|7,652307|6,006093|5,735917","true"
"/private/var/containers/Bundle/Application/4D01D32A-B666-4384-B213-31BBF61E54F1/CVTestsSUI.app/imagenet-hard-50-subset-2500__n02089078__ILSVRC2012_val_00031699.JPEG","images/n02089078/imagenet-hard-50-subset-2500__n02089078__ILSVRC2012_val_00031699.JPEG","165","black-and-tan coonhound","676","muzzle","5,936711","676|195|242|238|161","muzzle|Boston bull|boxer|Greater Swiss Mountain dog|basset","5,936711|5,929389|5,612110|5,040657|4,814034","false"
"/private/var/containers/Bundle/Application/4D01D32A-B666-4384-B213-31BBF61E54F1/CVTestsSUI.app/imagenet-hard-50-subset-2500__n02089078__ILSVRC2012_val_00033531.JPEG","images/n02089078/imagenet-hard-50-subset-2500__n02089078__ILSVRC2012_val_00033531.JPEG","165","black-and-tan coonhound","163","bloodhound","7,663560","163|165|234|161|236","bloodhound|black-and-tan coonhound|Rottweiler|basset|Doberman","7,663560|5,854095|5,694148|4,799075|4,540023","true"
"/private/var/containers/Bundle/Application/4D01D32A-B666-4384-B213-31BBF61E54F1/CVTestsSUI.app/imagenet-hard-50-subset-2500__n02089078__ILSVRC2012_val_00034171.JPEG","images/n02089078/imagenet-hard-50-subset-2500__n02089078__ILSVRC2012_val_00034171.JPEG","165","black-and-tan coonhound","236","Doberman","8,226421","236|165|234|163|676","Doberman|black-and-tan coonhound|Rottweiler|bloodhound|muzzle","8,226421|6,275448|5,255099|4,779011|2,893540","true"
"/private/var/containers/Bundle/Application/4D01D32A-B666-4384-B213-31BBF61E54F1/CVTestsSUI.app/imagenet-hard-50-subset-2500__n02089078__ILSVRC2012_val_00037559.JPEG","images/n02089078/imagenet-hard-50-subset-2500__n02089078__ILSVRC2012_val_00037559.JPEG","165","black-and-tan coonhound","236","Doberman","7,428918","236|176|165|166|167","Doberman|Saluki|black-and-tan coonhound|Walker hound|English foxhound","7,428918|6,759508|6,575675|5,856560|4,390378","true"
"/private/var/containers/Bundle/Application/4D01D32A-B666-4384-B213-31BBF61E54F1/CVTestsSUI.app/imagenet-hard-50-subset-2500__n02089078__ILSVRC2012_val_00037609.JPEG","images/n02089078/imagenet-hard-50-subset-2500__n02089078__ILSVRC2012_val_00037609.JPEG","165","black-and-tan coonhound","238","Greater Swiss Mountain dog","9,947147","238|234|241|236|240","Greater Swiss Mountain dog|Rottweiler|EntleBucher|Doberman|Appenzeller","9,947147|8,707273|8,013042|7,629990|7,176168","false"
"/private/var/containers/Bundle/Application/4D01D32A-B666-4384-B213-31BBF61E54F1/CVTestsSUI.app/imagenet-hard-50-subset-2500__n02089078__ILSVRC2012_val_00041629.JPEG","images/n02089078/imagenet-hard-50-subset-2500__n02089078__ILSVRC2012_val_00041629.JPEG","165","black-and-tan coonhound","239","Bernese mountain dog","7,730290","239|214|240|241|238","Bernese mountain dog|Gordon setter|Appenzeller|EntleBucher|Greater Swiss Mountain dog","7,730290|5,768565|5,338278|4,564785|4,342196","false"
"/private/var/containers/Bundle/Application/4D01D32A-B666-4384-B213-31BBF61E54F1/CVTestsSUI.app/imagenet-hard-50-subset-2500__n02089078__ILSVRC2012_val_00041810.JPEG","images/n02089078/imagenet-hard-50-subset-2500__n02089078__ILSVRC2012_val_00041810.JPEG","165","black-and-tan coonhound","234","Rottweiler","8,498265","234|236|165|237|178","Rottweiler|Doberman|black-and-tan coonhound|miniature pinscher|Weimaraner","8,498265|7,908882|7,902894|7,551754|5,864744","true"
"/private/var/containers/Bundle/Application/4D01D32A-B666-4384-B213-31BBF61E54F1/CVTestsSUI.app/imagenet-hard-50-subset-2500__n02089078__ILSVRC2012_val_00045901.JPEG","images/n02089078/imagenet-hard-50-subset-2500__n02089078__ILSVRC2012_val_00045901.JPEG","165","black-and-tan coonhound","158","toy terrier","7,807967","158|236|237|227|268","toy terrier|Doberman|miniature pinscher|kelpie|Mexican hairless","7,807967|7,306872|6,703719|4,564957|4,240033","false"
"/private/var/containers/Bundle/Application/4D01D32A-B666-4384-B213-31BBF61E54F1/CVTestsSUI.app/imagenet-hard-50-subset-2500__n02089078__ILSVRC2012_val_00049229.JPEG","images/n02089078/imagenet-hard-50-subset-2500__n02089078__ILSVRC2012_val_00049229.JPEG","165","black-and-tan coonhound","166","Walker hound","6,167011","166|238|176|172|240","Walker hound|Greater Swiss Mountain dog|Saluki|whippet|Appenzeller","6,167011|6,059701|5,341029|5,323822|4,327463","false"
"/private/var/containers/Bundle/Application/4D01D32A-B666-4384-B213-31BBF61E54F1/CVTestsSUI.app/imagenet-hard-50-subset-2500__n02089867__ILSVRC2012_val_00009220.JPEG","images/n02089867/imagenet-hard-50-subset-2500__n02089867__ILSVRC2012_val_00009220.JPEG","166","Walker hound","162","beagle","10,186409","162|161|166|167|163","beagle|basset|Walker hound|English foxhound|bloodhound","10,186409|7,988607|6,972434|6,602877|4,234454","true"
"/private/var/containers/Bundle/Application/4D01D32A-B666-4384-B213-31BBF61E54F1/CVTestsSUI.app/imagenet-hard-50-subset-2500__n02089867__ILSVRC2012_val_00010950.JPEG","images/n02089867/imagenet-hard-50-subset-2500__n02089867__ILSVRC2012_val_00010950.JPEG","166","Walker hound","537","dogsled","6,123122","537|247|166|195|158","dogsled|Saint Bernard|Walker hound|Boston bull|toy terrier","6,123122|5,632474|5,613687|5,397415|5,115604","true"
"/private/var/containers/Bundle/Application/4D01D32A-B666-4384-B213-31BBF61E54F1/CVTestsSUI.app/imagenet-hard-50-subset-2500__n02089867__ILSVRC2012_val_00011792.JPEG","images/n02089867/imagenet-hard-50-subset-2500__n02089867__ILSVRC2012_val_00011792.JPEG","166","Walker hound","167","English foxhound","7,587946","167|166|215|173|247","English foxhound|Walker hound|Brittany spaniel|Ibizan hound|Saint Bernard","7,587946|7,426587|6,892466|6,488325|5,028034","true"
"/private/var/containers/Bundle/Application/4D01D32A-B666-4384-B213-31BBF61E54F1/CVTestsSUI.app/imagenet-hard-50-subset-2500__n02089867__ILSVRC2012_val_00025562.JPEG","images/n02089867/imagenet-hard-50-subset-2500__n02089867__ILSVRC2012_val_00025562.JPEG","166","Walker hound","162","beagle","9,308882","162|166|167|161|163","beagle|Walker hound|English foxhound|basset|bloodhound","9,308882|7,930951|6,571607|6,376065|4,098309","true"
"/private/var/containers/Bundle/Application/4D01D32A-B666-4384-B213-31BBF61E54F1/CVTestsSUI.app/imagenet-hard-50-subset-2500__n02089867__ILSVRC2012_val_00030025.JPEG","images/n02089867/imagenet-hard-50-subset-2500__n02089867__ILSVRC2012_val_00030025.JPEG","166","Walker hound","161","basset","7,133365","161|164|166|162|167","basset|bluetick|Walker hound|beagle|English foxhound","7,133365|6,908035|6,400840|6,291489|5,730149","true"
"/private/var/containers/Bundle/Application/4D01D32A-B666-4384-B213-31BBF61E54F1/CVTestsSUI.app/imagenet-hard-50-subset-2500__n02089867__ILSVRC2012_val_00030083.JPEG","images/n02089867/imagenet-hard-50-subset-2500__n02089867__ILSVRC2012_val_00030083.JPEG","166","Walker hound","162","beagle","9,568407","162|166|161|247|163","beagle|Walker hound|basset|Saint Bernard|bloodhound","9,568407|9,509286|7,806636|6,077602|6,065529","true"
"/private/var/containers/Bundle/Application/4D01D32A-B666-4384-B213-31BBF61E54F1/CVTestsSUI.app/imagenet-hard-50-subset-2500__n02089867__ILSVRC2012_val_00034382.JPEG","images/n02089867/imagenet-hard-50-subset-2500__n02089867__ILSVRC2012_val_00034382.JPEG","166","Walker hound","161","basset","9,485963","161|176|163|162|218","basset|Saluki|bloodhound|beagle|Welsh springer spaniel","9,485963|5,607472|5,390510|4,688458|3,754027","false"
"/private/var/containers/Bundle/Application/4D01D32A-B666-4384-B213-31BBF61E54F1/CVTestsSUI.app/imagenet-hard-50-subset-2500__n02089867__ILSVRC2012_val_00035749.JPEG","images/n02089867/imagenet-hard-50-subset-2500__n02089867__ILSVRC2012_val_00035749.JPEG","166","Walker hound","162","beagle","8,426071","162|166|247|167|161","beagle|Walker hound|Saint Bernard|English foxhound|basset","8,426071|7,939053|6,297853|6,174985|5,374364","true"
"/private/var/containers/Bundle/Application/4D01D32A-B666-4384-B213-31BBF61E54F1/CVTestsSUI.app/imagenet-hard-50-subset-2500__n02089867__ILSVRC2012_val_00035767.JPEG","images/n02089867/imagenet-hard-50-subset-2500__n02089867__ILSVRC2012_val_00035767.JPEG","166","Walker hound","162","beagle","11,234968","162|166|167|215|168","beagle|Walker hound|English foxhound|Brittany spaniel|redbone","11,234968|7,997866|7,279579|4,979503|4,250124","true"
"/private/var/containers/Bundle/Application/4D01D32A-B666-4384-B213-31BBF61E54F1/CVTestsSUI.app/imagenet-hard-50-subset-2500__n02089867__ILSVRC2012_val_00046021.JPEG","images/n02089867/imagenet-hard-50-subset-2500__n02089867__ILSVRC2012_val_00046021.JPEG","166","Walker hound","173","Ibizan hound","5,870975","173|172|167|166|246","Ibizan hound|whippet|English foxhound|Walker hound|Great Dane","5,870975|4,837650|4,693657|4,602177|4,282337","true"
"/private/var/containers/Bundle/Application/4D01D32A-B666-4384-B213-31BBF61E54F1/CVTestsSUI.app/imagenet-hard-50-subset-2500__n02089973__ILSVRC2012_val_00000028.JPEG","images/n02089973/imagenet-hard-50-subset-2500__n02089973__ILSVRC2012_val_00000028.JPEG","167","English foxhound","166","Walker hound","8,106796","166|247|238|167|264","Walker hound|Saint Bernard|Greater Swiss Mountain dog|English foxhound|Cardigan","8,106796|6,213507|6,082800|6,032669|5,709957","true"
"/private/var/containers/Bundle/Application/4D01D32A-B666-4384-B213-31BBF61E54F1/CVTestsSUI.app/imagenet-hard-50-subset-2500__n02089973__ILSVRC2012_val_00000048.JPEG","images/n02089973/imagenet-hard-50-subset-2500__n02089973__ILSVRC2012_val_00000048.JPEG","167","English foxhound","162","beagle","7,524480","162|264|166|167|253","beagle|Cardigan|Walker hound|English foxhound|basenji","7,524480|7,489944|7,386204|6,218040|4,883611","true"
"/private/var/containers/Bundle/Application/4D01D32A-B666-4384-B213-31BBF61E54F1/CVTestsSUI.app/imagenet-hard-50-subset-2500__n02089973__ILSVRC2012_val_00001128.JPEG","images/n02089973/imagenet-hard-50-subset-2500__n02089973__ILSVRC2012_val_00001128.JPEG","167","English foxhound","166","Walker hound","9,662212","166|167|162|164|161","Walker hound|English foxhound|beagle|bluetick|basset","9,662212|8,836492|6,127264|5,028895|4,844666","true"
"/private/var/containers/Bundle/Application/4D01D32A-B666-4384-B213-31BBF61E54F1/CVTestsSUI.app/imagenet-hard-50-subset-2500__n02089973__ILSVRC2012_val_00001777.JPEG","images/n02089973/imagenet-hard-50-subset-2500__n02089973__ILSVRC2012_val_00001777.JPEG","167","English foxhound","166","Walker hound","8,985270","166|161|167|164|163","Walker hound|basset|English foxhound|bluetick|bloodhound","8,985270|7,203539|6,993476|4,622240|4,562850","true"
"/private/var/containers/Bundle/Application/4D01D32A-B666-4384-B213-31BBF61E54F1/CVTestsSUI.app/imagenet-hard-50-subset-2500__n02089973__ILSVRC2012_val_00003671.JPEG","images/n02089973/imagenet-hard-50-subset-2500__n02089973__ILSVRC2012_val_00003671.JPEG","167","English foxhound","162","beagle","9,014944","162|167|166|231|161","beagle|English foxhound|Walker hound|collie|basset","9,014944|7,289385|6,866389|5,784769|5,162855","true"
"/private/var/containers/Bundle/Application/4D01D32A-B666-4384-B213-31BBF61E54F1/CVTestsSUI.app/imagenet-hard-50-subset-2500__n02089973__ILSVRC2012_val_00004774.JPEG","images/n02089973/imagenet-hard-50-subset-2500__n02089973__ILSVRC2012_val_00004774.JPEG","167","English foxhound","162","beagle","7,373000","162|247|253|263|167","beagle|Saint Bernard|basenji|Pembroke|English foxhound","7,373000|5,863547|5,524152|4,782998|4,506125","true"
"/private/var/containers/Bundle/Application/4D01D32A-B666-4384-B213-31BBF61E54F1/CVTestsSUI.app/imagenet-hard-50-subset-2500__n02089973__ILSVRC2012_val_00004795.JPEG","images/n02089973/imagenet-hard-50-subset-2500__n02089973__ILSVRC2012_val_00004795.JPEG","167","English foxhound","166","Walker hound","9,077852","166|167|162|161|163","Walker hound|English foxhound|beagle|basset|bloodhound","9,077852|8,631646|7,873393|5,623741|4,382374","true"
"/private/var/containers/Bundle/Application/4D01D32A-B666-4384-B213-31BBF61E54F1/CVTestsSUI.app/imagenet-hard-50-subset-2500__n02089973__ILSVRC2012_val_00005943.JPEG","images/n02089973/imagenet-hard-50-subset-2500__n02089973__ILSVRC2012_val_00005943.JPEG","167","English foxhound","162","beagle","7,980171","162|161|263|166|171","beagle|basset|Pembroke|Walker hound|Italian greyhound","7,980171|7,042221|5,492574|5,318817|5,316259","false"
"/private/var/containers/Bundle/Application/4D01D32A-B666-4384-B213-31BBF61E54F1/CVTestsSUI.app/imagenet-hard-50-subset-2500__n02089973__ILSVRC2012_val_00006505.JPEG","images/n02089973/imagenet-hard-50-subset-2500__n02089973__ILSVRC2012_val_00006505.JPEG","167","English foxhound","215","Brittany spaniel","7,697152","215|162|238|211|173","Brittany spaniel|beagle|Greater Swiss Mountain dog|vizsla|Ibizan hound","7,697152|6,975811|5,870600|4,802910|4,694254","false"
"/private/var/containers/Bundle/Application/4D01D32A-B666-4384-B213-31BBF61E54F1/CVTestsSUI.app/imagenet-hard-50-subset-2500__n02089973__ILSVRC2012_val_00006815.JPEG","images/n02089973/imagenet-hard-50-subset-2500__n02089973__ILSVRC2012_val_00006815.JPEG","167","English foxhound","162","beagle","8,691183","162|167|166|156|264","beagle|English foxhound|Walker hound|Blenheim spaniel|Cardigan","8,691183|6,058230|4,878585|4,367652|3,835301","true"
"/private/var/containers/Bundle/Application/4D01D32A-B666-4384-B213-31BBF61E54F1/CVTestsSUI.app/imagenet-hard-50-subset-2500__n02089973__ILSVRC2012_val_00010168.JPEG","images/n02089973/imagenet-hard-50-subset-2500__n02089973__ILSVRC2012_val_00010168.JPEG","167","English foxhound","162","beagle","8,216841","162|166|167|161|188","beagle|Walker hound|English foxhound|basset|wire-haired fox terrier","8,216841|7,298430|6,867777|4,067598|4,032406","true"
"/private/var/containers/Bundle/Application/4D01D32A-B666-4384-B213-31BBF61E54F1/CVTestsSUI.app/imagenet-hard-50-subset-2500__n02089973__ILSVRC2012_val_00011342.JPEG","images/n02089973/imagenet-hard-50-subset-2500__n02089973__ILSVRC2012_val_00011342.JPEG","167","English foxhound","161","basset","9,861609","161|162|166|570|676","basset|beagle|Walker hound|gasmask|muzzle","9,861609|6,993063|6,746042|6,207104|5,729917","false"
"/private/var/containers/Bundle/Application/4D01D32A-B666-4384-B213-31BBF61E54F1/CVTestsSUI.app/imagenet-hard-50-subset-2500__n02089973__ILSVRC2012_val_00012875.JPEG","images/n02089973/imagenet-hard-50-subset-2500__n02089973__ILSVRC2012_val_00012875.JPEG","167","English foxhound","166","Walker hound","8,570478","166|167|162|161|168","Walker hound|English foxhound|beagle|basset|redbone","8,570478|7,328613|7,047417|5,354531|5,096671","true"
"/private/var/containers/Bundle/Application/4D01D32A-B666-4384-B213-31BBF61E54F1/CVTestsSUI.app/imagenet-hard-50-subset-2500__n02089973__ILSVRC2012_val_00025914.JPEG","images/n02089973/imagenet-hard-50-subset-2500__n02089973__ILSVRC2012_val_00025914.JPEG","167","English foxhound","166","Walker hound","8,322729","166|167|162|253|164","Walker hound|English foxhound|beagle|basenji|bluetick","8,322729|7,643880|7,173198|4,174830|3,830212","true"
"/private/var/containers/Bundle/Application/4D01D32A-B666-4384-B213-31BBF61E54F1/CVTestsSUI.app/imagenet-hard-50-subset-2500__n02089973__ILSVRC2012_val_00029164.JPEG","images/n02089973/imagenet-hard-50-subset-2500__n02089973__ILSVRC2012_val_00029164.JPEG","167","English foxhound","162","beagle","7,047783","162|161|166|167|164","beagle|basset|Walker hound|English foxhound|bluetick","7,047783|6,546131|5,913871|5,563880|5,227265","true"
"/private/var/containers/Bundle/Application/4D01D32A-B666-4384-B213-31BBF61E54F1/CVTestsSUI.app/imagenet-hard-50-subset-2500__n02089973__ILSVRC2012_val_00031859.JPEG","images/n02089973/imagenet-hard-50-subset-2500__n02089973__ILSVRC2012_val_00031859.JPEG","167","English foxhound","172","whippet","8,349819","172|176|171|246|173","whippet|Saluki|Italian greyhound|Great Dane|Ibizan hound","8,349819|8,119647|7,543706|6,540651|6,492061","false"
"/private/var/containers/Bundle/Application/4D01D32A-B666-4384-B213-31BBF61E54F1/CVTestsSUI.app/imagenet-hard-50-subset-2500__n02089973__ILSVRC2012_val_00033611.JPEG","images/n02089973/imagenet-hard-50-subset-2500__n02089973__ILSVRC2012_val_00033611.JPEG","167","English foxhound","166","Walker hound","9,439573","166|167|162|208|180","Walker hound|English foxhound|beagle|Labrador retriever|American Staffordshire terrier","9,439573|8,625690|8,091074|7,102317|5,256465","true"
"/private/var/containers/Bundle/Application/4D01D32A-B666-4384-B213-31BBF61E54F1/CVTestsSUI.app/imagenet-hard-50-subset-2500__n02089973__ILSVRC2012_val_00033633.JPEG","images/n02089973/imagenet-hard-50-subset-2500__n02089973__ILSVRC2012_val_00033633.JPEG","167","English foxhound","162","beagle","10,546471","162|166|167|215|238","beagle|Walker hound|English foxhound|Brittany spaniel|Greater Swiss Mountain dog","10,546471|6,454186|6,096326|5,743744|4,419037","true"
"/private/var/containers/Bundle/Application/4D01D32A-B666-4384-B213-31BBF61E54F1/CVTestsSUI.app/imagenet-hard-50-subset-2500__n02089973__ILSVRC2012_val_00033666.JPEG","images/n02089973/imagenet-hard-50-subset-2500__n02089973__ILSVRC2012_val_00033666.JPEG","167","English foxhound","166","Walker hound","8,177496","166|164|162|238|240","Walker hound|bluetick|beagle|Greater Swiss Mountain dog|Appenzeller","8,177496|6,890567|6,278952|5,914304|5,748381","false"
"/private/var/containers/Bundle/Application/4D01D32A-B666-4384-B213-31BBF61E54F1/CVTestsSUI.app/imagenet-hard-50-subset-2500__n02089973__ILSVRC2012_val_00034690.JPEG","images/n02089973/imagenet-hard-50-subset-2500__n02089973__ILSVRC2012_val_00034690.JPEG","167","English foxhound","166","Walker hound","10,444624","166|167|162|210|164","Walker hound|English foxhound|beagle|German short-haired pointer|bluetick","10,444624|9,538406|7,771152|5,306859|4,666437","true"
"/private/var/containers/Bundle/Application/4D01D32A-B666-4384-B213-31BBF61E54F1/CVTestsSUI.app/imagenet-hard-50-subset-2500__n02089973__ILSVRC2012_val_00036191.JPEG","images/n02089973/imagenet-hard-50-subset-2500__n02089973__ILSVRC2012_val_00036191.JPEG","167","English foxhound","168","redbone","8,516762","168|159|162|208|240","redbone|Rhodesian ridgeback|beagle|Labrador retriever|Appenzeller","8,516762|6,449962|5,233234|5,060159|4,633235","false"
"/private/var/containers/Bundle/Application/4D01D32A-B666-4384-B213-31BBF61E54F1/CVTestsSUI.app/imagenet-hard-50-subset-2500__n02089973__ILSVRC2012_val_00036938.JPEG","images/n02089973/imagenet-hard-50-subset-2500__n02089973__ILSVRC2012_val_00036938.JPEG","167","English foxhound","162","beagle","10,591429","162|167|166|241|164","beagle|English foxhound|Walker hound|EntleBucher|bluetick","10,591429|7,022373|6,836512|5,345179|4,605348","true"
"/private/var/containers/Bundle/Application/4D01D32A-B666-4384-B213-31BBF61E54F1/CVTestsSUI.app/imagenet-hard-50-subset-2500__n02089973__ILSVRC2012_val_00037826.JPEG","images/n02089973/imagenet-hard-50-subset-2500__n02089973__ILSVRC2012_val_00037826.JPEG","167","English foxhound","242","boxer","8,237817","242|247|162|180|238","boxer|Saint Bernard|beagle|American Staffordshire terrier|Greater Swiss Mountain dog","8,237817|7,938343|7,899892|7,122118|5,989161","false"
"/private/var/containers/Bundle/Application/4D01D32A-B666-4384-B213-31BBF61E54F1/CVTestsSUI.app/imagenet-hard-50-subset-2500__n02089973__ILSVRC2012_val_00038676.JPEG","images/n02089973/imagenet-hard-50-subset-2500__n02089973__ILSVRC2012_val_00038676.JPEG","167","English foxhound","166","Walker hound","10,522388","166|167|161|162|173","Walker hound|English foxhound|basset|beagle|Ibizan hound","10,522388|9,608583|7,159115|6,072945|4,795632","true"
"/private/var/containers/Bundle/Application/4D01D32A-B666-4384-B213-31BBF61E54F1/CVTestsSUI.app/imagenet-hard-50-subset-2500__n02089973__ILSVRC2012_val_00038944.JPEG","images/n02089973/imagenet-hard-50-subset-2500__n02089973__ILSVRC2012_val_00038944.JPEG","167","English foxhound","159","Rhodesian ridgeback","8,394894","159|167|168|166|161","Rhodesian ridgeback|English foxhound|redbone|Walker hound|basset","8,394894|6,876935|6,385757|6,115977|3,766651","true"
"/private/var/containers/Bundle/Application/4D01D32A-B666-4384-B213-31BBF61E54F1/CVTestsSUI.app/imagenet-hard-50-subset-2500__n02089973__ILSVRC2012_val_00039528.JPEG","images/n02089973/imagenet-hard-50-subset-2500__n02089973__ILSVRC2012_val_00039528.JPEG","167","English foxhound","166","Walker hound","8,467307","166|167|159|162|168","Walker hound|English foxhound|Rhodesian ridgeback|beagle|redbone","8,467307|8,154996|6,316552|5,144724|5,038201","true"
"/private/var/containers/Bundle/Application/4D01D32A-B666-4384-B213-31BBF61E54F1/CVTestsSUI.app/imagenet-hard-50-subset-2500__n02089973__ILSVRC2012_val_00040069.JPEG","images/n02089973/imagenet-hard-50-subset-2500__n02089973__ILSVRC2012_val_00040069.JPEG","167","English foxhound","164","bluetick","8,794918","164|210|167|166|165","bluetick|German short-haired pointer|English foxhound|Walker hound|black-and-tan coonhound","8,794918|5,353360|5,191820|4,809902|3,675083","true"
"/private/var/containers/Bundle/Application/4D01D32A-B666-4384-B213-31BBF61E54F1/CVTestsSUI.app/imagenet-hard-50-subset-2500__n02089973__ILSVRC2012_val_00043341.JPEG","images/n02089973/imagenet-hard-50-subset-2500__n02089973__ILSVRC2012_val_00043341.JPEG","167","English foxhound","166","Walker hound","7,824048","166|161|167|163|168","Walker hound|basset|English foxhound|bloodhound|redbone","7,824048|6,540886|5,548289|5,485198|5,020250","true"
"/private/var/containers/Bundle/Application/4D01D32A-B666-4384-B213-31BBF61E54F1/CVTestsSUI.app/imagenet-hard-50-subset-2500__n02089973__ILSVRC2012_val_00043610.JPEG","images/n02089973/imagenet-hard-50-subset-2500__n02089973__ILSVRC2012_val_00043610.JPEG","167","English foxhound","166","Walker hound","9,036440","166|162|167|215|164","Walker hound|beagle|English foxhound|Brittany spaniel|bluetick","9,036440|8,611889|8,254527|5,836680|5,123793","true"
"/private/var/containers/Bundle/Application/4D01D32A-B666-4384-B213-31BBF61E54F1/CVTestsSUI.app/imagenet-hard-50-subset-2500__n02089973__ILSVRC2012_val_00045799.JPEG","images/n02089973/imagenet-hard-50-subset-2500__n02089973__ILSVRC2012_val_00045799.JPEG","167","English foxhound","166","Walker hound","9,326950","166|167|210|173|172","Walker hound|English foxhound|German short-haired pointer|Ibizan hound|whippet","9,326950|8,457550|5,276223|4,903181|4,699364","true"
"/private/var/containers/Bundle/Application/4D01D32A-B666-4384-B213-31BBF61E54F1/CVTestsSUI.app/imagenet-hard-50-subset-2500__n02089973__ILSVRC2012_val_00046454.JPEG","images/n02089973/imagenet-hard-50-subset-2500__n02089973__ILSVRC2012_val_00046454.JPEG","167","English foxhound","166","Walker hound","7,955577","166|167|162|172|164","Walker hound|English foxhound|beagle|whippet|bluetick","7,955577|7,953167|4,739344|3,212359|3,197936","true"
"/private/var/containers/Bundle/Application/4D01D32A-B666-4384-B213-31BBF61E54F1/CVTestsSUI.app/imagenet-hard-50-subset-2500__n02089973__ILSVRC2012_val_00048188.JPEG","images/n02089973/imagenet-hard-50-subset-2500__n02089973__ILSVRC2012_val_00048188.JPEG","167","English foxhound","158","toy terrier","5,741433","158|151|852|172|179","toy terrier|Chihuahua|tennis ball|whippet|Staffordshire bullterrier","5,741433|5,468845|4,860796|4,809555|4,717602","false"
"/private/var/containers/Bundle/Application/4D01D32A-B666-4384-B213-31BBF61E54F1/CVTestsSUI.app/imagenet-hard-50-subset-2500__n02090379__ILSVRC2012_val_00001363.JPEG","images/n02090379/imagenet-hard-50-subset-2500__n02090379__ILSVRC2012_val_00001363.JPEG","168","redbone","211","vizsla","9,478298","211|168|159|184|242","vizsla|redbone|Rhodesian ridgeback|Irish terrier|boxer","9,478298|8,582995|7,107621|4,451035|3,864711","true"
"/private/var/containers/Bundle/Application/4D01D32A-B666-4384-B213-31BBF61E54F1/CVTestsSUI.app/imagenet-hard-50-subset-2500__n02090379__ILSVRC2012_val_00001862.JPEG","images/n02090379/imagenet-hard-50-subset-2500__n02090379__ILSVRC2012_val_00001862.JPEG","168","redbone","211","vizsla","7,933506","211|168|163|159|161","vizsla|redbone|bloodhound|Rhodesian ridgeback|basset","7,933506|7,871912|5,977730|5,344739|3,663570","true"
"/private/var/containers/Bundle/Application/4D01D32A-B666-4384-B213-31BBF61E54F1/CVTestsSUI.app/imagenet-hard-50-subset-2500__n02090379__ILSVRC2012_val_00002933.JPEG","images/n02090379/imagenet-hard-50-subset-2500__n02090379__ILSVRC2012_val_00002933.JPEG","168","redbone","163","bloodhound","9,407418","163|225|243|255|235","bloodhound|malinois|bull mastiff|Leonberg|German shepherd","9,407418|7,583602|6,229283|5,360532|5,094631","false"
"/private/var/containers/Bundle/Application/4D01D32A-B666-4384-B213-31BBF61E54F1/CVTestsSUI.app/imagenet-hard-50-subset-2500__n02090379__ILSVRC2012_val_00005493.JPEG","images/n02090379/imagenet-hard-50-subset-2500__n02090379__ILSVRC2012_val_00005493.JPEG","168","redbone","159","Rhodesian ridgeback","6,628699","159|205|211|214|168","Rhodesian ridgeback|flat-coated retriever|vizsla|Gordon setter|redbone","6,628699|6,054801|5,956615|5,663985|5,553023","true"
"/private/var/containers/Bundle/Application/4D01D32A-B666-4384-B213-31BBF61E54F1/CVTestsSUI.app/imagenet-hard-50-subset-2500__n02090379__ILSVRC2012_val_00006396.JPEG","images/n02090379/imagenet-hard-50-subset-2500__n02090379__ILSVRC2012_val_00006396.JPEG","168","redbone","159","Rhodesian ridgeback","9,276578","159|168|166|165|163","Rhodesian ridgeback|redbone|Walker hound|black-and-tan coonhound|bloodhound","9,276578|8,563353|5,067323|5,042980|4,996728","true"
"/private/var/containers/Bundle/Application/4D01D32A-B666-4384-B213-31BBF61E54F1/CVTestsSUI.app/imagenet-hard-50-subset-2500__n02090379__ILSVRC2012_val_00008698.JPEG","images/n02090379/imagenet-hard-50-subset-2500__n02090379__ILSVRC2012_val_00008698.JPEG","168","redbone","159","Rhodesian ridgeback","10,216682","159|168|211|242|163","Rhodesian ridgeback|redbone|vizsla|boxer|bloodhound","10,216682|9,092907|8,536757|6,553940|5,884303","true"
"/private/var/containers/Bundle/Application/4D01D32A-B666-4384-B213-31BBF61E54F1/CVTestsSUI.app/imagenet-hard-50-subset-2500__n02090379__ILSVRC2012_val_00030696.JPEG","images/n02090379/imagenet-hard-50-subset-2500__n02090379__ILSVRC2012_val_00030696.JPEG","168","redbone","159","Rhodesian ridgeback","8,131042","159|168|242|179|163","Rhodesian ridgeback|redbone|boxer|Staffordshire bullterrier|bloodhound","8,131042|7,844071|7,410035|6,073143|5,338882","true"
"/private/var/containers/Bundle/Application/4D01D32A-B666-4384-B213-31BBF61E54F1/CVTestsSUI.app/imagenet-hard-50-subset-2500__n02090379__ILSVRC2012_val_00031821.JPEG","images/n02090379/imagenet-hard-50-subset-2500__n02090379__ILSVRC2012_val_00031821.JPEG","168","redbone","159","Rhodesian ridgeback","8,308954","159|168|208|236|163","Rhodesian ridgeback|redbone|Labrador retriever|Doberman|bloodhound","8,308954|7,471788|4,079018|3,854687|3,569471","true"
"/private/var/containers/Bundle/Application/4D01D32A-B666-4384-B213-31BBF61E54F1/CVTestsSUI.app/imagenet-hard-50-subset-2500__n02090379__ILSVRC2012_val_00032746.JPEG","images/n02090379/imagenet-hard-50-subset-2500__n02090379__ILSVRC2012_val_00032746.JPEG","168","redbone","180","American Staffordshire terrier","8,462613","180|179|227|209|208","American Staffordshire terrier|Staffordshire bullterrier|kelpie|Chesapeake Bay retriever|Labrador retriever","8,462613|7,461737|6,585686|6,039390|4,052063","false"
"/private/var/containers/Bundle/Application/4D01D32A-B666-4384-B213-31BBF61E54F1/CVTestsSUI.app/imagenet-hard-50-subset-2500__n02090379__ILSVRC2012_val_00033049.JPEG","images/n02090379/imagenet-hard-50-subset-2500__n02090379__ILSVRC2012_val_00033049.JPEG","168","redbone","211","vizsla","8,200418","211|168|159|242|163","vizsla|redbone|Rhodesian ridgeback|boxer|bloodhound","8,200418|8,038067|7,281216|4,208783|4,068032","true"
"/private/var/containers/Bundle/Application/4D01D32A-B666-4384-B213-31BBF61E54F1/CVTestsSUI.app/imagenet-hard-50-subset-2500__n02090379__ILSVRC2012_val_00035689.JPEG","images/n02090379/imagenet-hard-50-subset-2500__n02090379__ILSVRC2012_val_00035689.JPEG","168","redbone","159","Rhodesian ridgeback","7,401908","159|243|179|163|168","Rhodesian ridgeback|bull mastiff|Staffordshire bullterrier|bloodhound|redbone","7,401908|6,376038|5,860338|5,031810|4,919662","true"
"/private/var/containers/Bundle/Application/4D01D32A-B666-4384-B213-31BBF61E54F1/CVTestsSUI.app/imagenet-hard-50-subset-2500__n02090379__ILSVRC2012_val_00040356.JPEG","images/n02090379/imagenet-hard-50-subset-2500__n02090379__ILSVRC2012_val_00040356.JPEG","168","redbone","159","Rhodesian ridgeback","9,368094","159|168|211|167|180","Rhodesian ridgeback|redbone|vizsla|English foxhound|American Staffordshire terrier","9,368094|8,485708|5,554751|3,763725|3,298903","true"
"/private/var/containers/Bundle/Application/4D01D32A-B666-4384-B213-31BBF61E54F1/CVTestsSUI.app/imagenet-hard-50-subset-2500__n02090379__ILSVRC2012_val_00042442.JPEG","images/n02090379/imagenet-hard-50-subset-2500__n02090379__ILSVRC2012_val_00042442.JPEG","168","redbone","159","Rhodesian ridgeback","8,548074","159|168|207|163|235","Rhodesian ridgeback|redbone|golden retriever|bloodhound|German shepherd","8,548074|8,506988|5,422202|5,312864|4,956562","true"
"/private/var/containers/Bundle/Application/4D01D32A-B666-4384-B213-31BBF61E54F1/CVTestsSUI.app/imagenet-hard-50-subset-2500__n02090379__ILSVRC2012_val_00044444.JPEG","images/n02090379/imagenet-hard-50-subset-2500__n02090379__ILSVRC2012_val_00044444.JPEG","168","redbone","159","Rhodesian ridgeback","7,642372","159|168|273|208|162","Rhodesian ridgeback|redbone|dingo|Labrador retriever|beagle","7,642372|7,041723|6,106935|5,875161|4,870900","true"
"/private/var/containers/Bundle/Application/4D01D32A-B666-4384-B213-31BBF61E54F1/CVTestsSUI.app/imagenet-hard-50-subset-2500__n02090622__ILSVRC2012_val_00046420.JPEG","images/n02090622/imagenet-hard-50-subset-2500__n02090622__ILSVRC2012_val_00046420.JPEG","169","borzoi","176","Saluki","7,393860","176|169|208|173|172","Saluki|borzoi|Labrador retriever|Ibizan hound|whippet","7,393860|7,391296|6,142078|6,046127|5,700888","true"
"/private/var/containers/Bundle/Application/4D01D32A-B666-4384-B213-31BBF61E54F1/CVTestsSUI.app/imagenet-hard-50-subset-2500__n02090721__ILSVRC2012_val_00001765.JPEG","images/n02090721/imagenet-hard-50-subset-2500__n02090721__ILSVRC2012_val_00001765.JPEG","170","Irish wolfhound","172","whippet","9,900856","172|176|177|246|170","whippet|Saluki|Scottish deerhound|Great Dane|Irish wolfhound","9,900856|6,784671|6,661105|6,298707|5,102287","true"
"/private/var/containers/Bundle/Application/4D01D32A-B666-4384-B213-31BBF61E54F1/CVTestsSUI.app/imagenet-hard-50-subset-2500__n02090721__ILSVRC2012_val_00005946.JPEG","images/n02090721/imagenet-hard-50-subset-2500__n02090721__ILSVRC2012_val_00005946.JPEG","170","Irish wolfhound","177","Scottish deerhound","9,216568","177|170|197|169|198","Scottish deerhound|Irish wolfhound|giant schnauzer|borzoi|standard schnauzer","9,216568|8,619716|4,211644|4,035517|3,975684","true"
"/private/var/containers/Bundle/Application/4D01D32A-B666-4384-B213-31BBF61E54F1/CVTestsSUI.app/imagenet-hard-50-subset-2500__n02090721__ILSVRC2012_val_00006627.JPEG","images/n02090721/imagenet-hard-50-subset-2500__n02090721__ILSVRC2012_val_00006627.JPEG","170","Irish wolfhound","222","kuvasz","7,092175","222|170|169|212|177","kuvasz|Irish wolfhound|borzoi|English setter|Scottish deerhound","7,092175|6,043881|5,967993|5,466323|5,452911","true"
"/private/var/containers/Bundle/Application/4D01D32A-B666-4384-B213-31BBF61E54F1/CVTestsSUI.app/imagenet-hard-50-subset-2500__n02090721__ILSVRC2012_val_00009772.JPEG","images/n02090721/imagenet-hard-50-subset-2500__n02090721__ILSVRC2012_val_00009772.JPEG","170","Irish wolfhound","269","timber wolf","7,549649","269|272|270|170|291","timber wolf|coyote|white wolf|Irish wolfhound|lion","7,549649|3,915119|3,735639|3,719029|3,542818","true"
"/private/var/containers/Bundle/Application/4D01D32A-B666-4384-B213-31BBF61E54F1/CVTestsSUI.app/imagenet-hard-50-subset-2500__n02090721__ILSVRC2012_val_00014293.JPEG","images/n02090721/imagenet-hard-50-subset-2500__n02090721__ILSVRC2012_val_00014293.JPEG","170","Irish wolfhound","208","Labrador retriever","6,976203","208|222|188|167|179","Labrador retriever|kuvasz|wire-haired fox terrier|English foxhound|Staffordshire bullterrier","6,976203|6,731670|6,470287|6,456924|6,281676","false"
"/private/var/containers/Bundle/Application/4D01D32A-B666-4384-B213-31BBF61E54F1/CVTestsSUI.app/imagenet-hard-50-subset-2500__n02090721__ILSVRC2012_val_00015050.JPEG","images/n02090721/imagenet-hard-50-subset-2500__n02090721__ILSVRC2012_val_00015050.JPEG","170","Irish wolfhound","224","groenendael","8,324261","224|261|223|260|258","groenendael|keeshond|schipperke|chow|Samoyed","8,324261|5,038182|4,688545|3,657381|3,540832","false"
"/private/var/containers/Bundle/Application/4D01D32A-B666-4384-B213-31BBF61E54F1/CVTestsSUI.app/imagenet-hard-50-subset-2500__n02090721__ILSVRC2012_val_00017041.JPEG","images/n02090721/imagenet-hard-50-subset-2500__n02090721__ILSVRC2012_val_00017041.JPEG","170","Irish wolfhound","177","Scottish deerhound","8,413145","177|170|175|184|160","Scottish deerhound|Irish wolfhound|otterhound|Irish terrier|Afghan hound","8,413145|8,165517|4,067108|3,010654|2,976719","true"
"/private/var/containers/Bundle/Application/4D01D32A-B666-4384-B213-31BBF61E54F1/CVTestsSUI.app/imagenet-hard-50-subset-2500__n02090721__ILSVRC2012_val_00017327.JPEG","images/n02090721/imagenet-hard-50-subset-2500__n02090721__ILSVRC2012_val_00017327.JPEG","170","Irish wolfhound","202","soft-coated wheaten terrier","8,354584","202|184|170|189|185","soft-coated wheaten terrier|Irish terrier|Irish wolfhound|Lakeland terrier|Norfolk terrier","8,354584|5,742521|5,290821|4,854956|4,790814","true"
"/private/var/containers/Bundle/Application/4D01D32A-B666-4384-B213-31BBF61E54F1/CVTestsSUI.app/imagenet-hard-50-subset-2500__n02090721__ILSVRC2012_val_00022022.JPEG","images/n02090721/imagenet-hard-50-subset-2500__n02090721__ILSVRC2012_val_00022022.JPEG","170","Irish wolfhound","175","otterhound","7,750154","175|170|177|188|233","otterhound|Irish wolfhound|Scottish deerhound|wire-haired fox terrier|Bouvier des Flandres","7,750154|7,205908|7,200039|4,886399|4,476446","true"
"/private/var/containers/Bundle/Application/4D01D32A-B666-4384-B213-31BBF61E54F1/CVTestsSUI.app/imagenet-hard-50-subset-2500__n02090721__ILSVRC2012_val_00022071.JPEG","images/n02090721/imagenet-hard-50-subset-2500__n02090721__ILSVRC2012_val_00022071.JPEG","170","Irish wolfhound","221","Irish water spaniel","9,359910","221|220|206|267|266","Irish water spaniel|Sussex spaniel|curly-coated retriever|standard poodle|miniature poodle","9,359910|4,521258|4,505785|4,069717|2,860862","false"
"/private/var/containers/Bundle/Application/4D01D32A-B666-4384-B213-31BBF61E54F1/CVTestsSUI.app/imagenet-hard-50-subset-2500__n02090721__ILSVRC2012_val_00026728.JPEG","images/n02090721/imagenet-hard-50-subset-2500__n02090721__ILSVRC2012_val_00026728.JPEG","170","Irish wolfhound","160","Afghan hound","8,464694","160|202|226|267|175","Afghan hound|soft-coated wheaten terrier|briard|standard poodle|otterhound","8,464694|5,401929|5,094185|5,006835|4,481930","false"
"/private/var/containers/Bundle/Application/4D01D32A-B666-4384-B213-31BBF61E54F1/CVTestsSUI.app/imagenet-hard-50-subset-2500__n02090721__ILSVRC2012_val_00030412.JPEG","images/n02090721/imagenet-hard-50-subset-2500__n02090721__ILSVRC2012_val_00030412.JPEG","170","Irish wolfhound","177","Scottish deerhound","7,698562","177|170|233|226|198","Scottish deerhound|Irish wolfhound|Bouvier des Flandres|briard|standard schnauzer","7,698562|7,161073|6,507960|5,546079|5,371423","true"
"/private/var/containers/Bundle/Application/4D01D32A-B666-4384-B213-31BBF61E54F1/CVTestsSUI.app/imagenet-hard-50-subset-2500__n02090721__ILSVRC2012_val_00042118.JPEG","images/n02090721/imagenet-hard-50-subset-2500__n02090721__ILSVRC2012_val_00042118.JPEG","170","Irish wolfhound","192","cairn","8,631165","192|186|170|185|184","cairn|Norwich terrier|Irish wolfhound|Norfolk terrier|Irish terrier","8,631165|7,510040|7,077360|6,103967|4,970754","true"
"/private/var/containers/Bundle/Application/4D01D32A-B666-4384-B213-31BBF61E54F1/CVTestsSUI.app/imagenet-hard-50-subset-2500__n02090721__ILSVRC2012_val_00042158.JPEG","images/n02090721/imagenet-hard-50-subset-2500__n02090721__ILSVRC2012_val_00042158.JPEG","170","Irish wolfhound","177","Scottish deerhound","8,720337","177|170|198|197|169","Scottish deerhound|Irish wolfhound|standard schnauzer|giant schnauzer|borzoi","8,720337|8,690555|4,120386|4,079544|4,045403","true"
"/private/var/containers/Bundle/Application/4D01D32A-B666-4384-B213-31BBF61E54F1/CVTestsSUI.app/imagenet-hard-50-subset-2500__n02090721__ILSVRC2012_val_00043205.JPEG","images/n02090721/imagenet-hard-50-subset-2500__n02090721__ILSVRC2012_val_00043205.JPEG","170","Irish wolfhound","177","Scottish deerhound","9,486216","177|170|233|267|197","Scottish deerhound|Irish wolfhound|Bouvier des Flandres|standard poodle|giant schnauzer","9,486216|9,326633|4,771366|4,429420|3,600801","true"
"/private/var/containers/Bundle/Application/4D01D32A-B666-4384-B213-31BBF61E54F1/CVTestsSUI.app/imagenet-hard-50-subset-2500__n02090721__ILSVRC2012_val_00049015.JPEG","images/n02090721/imagenet-hard-50-subset-2500__n02090721__ILSVRC2012_val_00049015.JPEG","170","Irish wolfhound","169","borzoi","10,759933","169|222|177|176|173","borzoi|kuvasz|Scottish deerhound|Saluki|Ibizan hound","10,759933|5,695822|4,982196|4,807984|4,352716","false"
"/private/var/containers/Bundle/Application/4D01D32A-B666-4384-B213-31BBF61E54F1/CVTestsSUI.app/imagenet-hard-50-subset-2500__n02090721__ILSVRC2012_val_00049744.JPEG","images/n02090721/imagenet-hard-50-subset-2500__n02090721__ILSVRC2012_val_00049744.JPEG","170","Irish wolfhound","169","borzoi","12,217799","169|222|212|176|177","borzoi|kuvasz|English setter|Saluki|Scottish deerhound","12,217799|6,586069|4,766730|4,650723|4,556030","false"
"/private/var/containers/Bundle/Application/4D01D32A-B666-4384-B213-31BBF61E54F1/CVTestsSUI.app/imagenet-hard-50-subset-2500__n01530575__ILSVRC2012_val_00004006.JPEG","images/n01530575/imagenet-hard-50-subset-2500__n01530575__ILSVRC2012_val_00004006.JPEG","10","brambling","58","water snake","8,234436","58|858|62|65|53","water snake|tile roof|rock python|sea snake|ringneck snake","8,234436|7,489932|5,494421|5,436137|5,405213","false"
"/private/var/containers/Bundle/Application/4D01D32A-B666-4384-B213-31BBF61E54F1/CVTestsSUI.app/imagenet-hard-50-subset-2500__n01530575__ILSVRC2012_val_00013512.JPEG","images/n01530575/imagenet-hard-50-subset-2500__n01530575__ILSVRC2012_val_00013512.JPEG","10","brambling","13","junco","7,447768","13|10|15|82|81","junco|brambling|robin|ruffed grouse|ptarmigan","7,447768|6,818648|5,851524|5,477054|5,011097","true"
"/private/var/containers/Bundle/Application/4D01D32A-B666-4384-B213-31BBF61E54F1/CVTestsSUI.app/imagenet-hard-50-subset-2500__n01530575__ILSVRC2012_val_00023766.JPEG","images/n01530575/imagenet-hard-50-subset-2500__n01530575__ILSVRC2012_val_00023766.JPEG","10","brambling","140","red-backed sandpiper","10,129898","140|10|142|99|141","red-backed sandpiper|brambling|dowitcher|goose|redshank","10,129898|8,587948|8,385207|7,905242|7,322647","true"
"/private/var/containers/Bundle/Application/4D01D32A-B666-4384-B213-31BBF61E54F1/CVTestsSUI.app/imagenet-hard-50-subset-2500__n01530575__ILSVRC2012_val_00046833.JPEG","images/n01530575/imagenet-hard-50-subset-2500__n01530575__ILSVRC2012_val_00046833.JPEG","10","brambling","11","goldfinch","12,932415","11|10|12|14|92","goldfinch|brambling|house finch|indigo bunting|bee eater","12,932415|9,967823|6,060005|4,955885|4,789964","true"
"/private/var/containers/Bundle/Application/4D01D32A-B666-4384-B213-31BBF61E54F1/CVTestsSUI.app/imagenet-hard-50-subset-2500__n01531178__ILSVRC2012_val_00032359.JPEG","images/n01531178/imagenet-hard-50-subset-2500__n01531178__ILSVRC2012_val_00032359.JPEG","11","goldfinch","10","brambling","8,453892","10|11|92|86|13","brambling|goldfinch|bee eater|partridge|junco","8,453892|6,199768|4,060861|3,401526|3,061896","true"
"/private/var/containers/Bundle/Application/4D01D32A-B666-4384-B213-31BBF61E54F1/CVTestsSUI.app/imagenet-hard-50-subset-2500__n01532829__ILSVRC2012_val_00007129.JPEG","images/n01532829/imagenet-hard-50-subset-2500__n01532829__ILSVRC2012_val_00007129.JPEG","12","house finch","21","kite","6,867383","21|12|82|15|133","kite|house finch|ruffed grouse|robin|bittern","6,867383|6,040768|6,029049|5,571057|5,176056","true"
"/private/var/containers/Bundle/Application/4D01D32A-B666-4384-B213-31BBF61E54F1/CVTestsSUI.app/imagenet-hard-50-subset-2500__n01532829__ILSVRC2012_val_00013209.JPEG","images/n01532829/imagenet-hard-50-subset-2500__n01532829__ILSVRC2012_val_00013209.JPEG","12","house finch","11","goldfinch","7,302430","11|10|95|16|92","goldfinch|brambling|jacamar|bulbul|bee eater","7,302430|5,542212|5,143968|5,078832|5,029444","false"
"/private/var/containers/Bundle/Application/4D01D32A-B666-4384-B213-31BBF61E54F1/CVTestsSUI.app/imagenet-hard-50-subset-2500__n01532829__ILSVRC2012_val_00048144.JPEG","images/n01532829/imagenet-hard-50-subset-2500__n01532829__ILSVRC2012_val_00048144.JPEG","12","house finch","10","brambling","8,364208","10|12|13|15|21","brambling|house finch|junco|robin|kite","8,364208|7,362325|6,956160|6,079576|5,208983","true"
"/private/var/containers/Bundle/Application/4D01D32A-B666-4384-B213-31BBF61E54F1/CVTestsSUI.app/imagenet-hard-50-subset-2500__n01537544__ILSVRC2012_val_00018676.JPEG","images/n01537544/imagenet-hard-50-subset-2500__n01537544__ILSVRC2012_val_00018676.JPEG","14","indigo bunting","136","European gallinule","7,205923","136|18|295|84|14","European gallinule|magpie|American black bear|peacock|indigo bunting","7,205923|5,933542|5,732172|5,287838|5,099541","true"
"/private/var/containers/Bundle/Application/4D01D32A-B666-4384-B213-31BBF61E54F1/CVTestsSUI.app/imagenet-hard-50-subset-2500__n01537544__ILSVRC2012_val_00025037.JPEG","images/n01537544/imagenet-hard-50-subset-2500__n01537544__ILSVRC2012_val_00025037.JPEG","14","indigo bunting","94","hummingbird","9,379853","94|91|12|16|14","hummingbird|coucal|house finch|bulbul|indigo bunting","9,379853|8,432211|8,016053|7,711578|7,008850","true"
"/private/var/containers/Bundle/Application/4D01D32A-B666-4384-B213-31BBF61E54F1/CVTestsSUI.app/imagenet-hard-50-subset-2500__n01537544__ILSVRC2012_val_00027145.JPEG","images/n01537544/imagenet-hard-50-subset-2500__n01537544__ILSVRC2012_val_00027145.JPEG","14","indigo bunting","40","American chameleon","6,219657","40|46|14|42|92","American chameleon|green lizard|indigo bunting|agama|bee eater","6,219657|5,600497|5,282445|5,005854|4,687256","true"
"/private/var/containers/Bundle/Application/4D01D32A-B666-4384-B213-31BBF61E54F1/CVTestsSUI.app/imagenet-hard-50-subset-2500__n01537544__ILSVRC2012_val_00033196.JPEG","images/n01537544/imagenet-hard-50-subset-2500__n01537544__ILSVRC2012_val_00033196.JPEG","14","indigo bunting","843","swing","8,078102","843|14|621|522|448","swing|indigo bunting|lawn mower|croquet ball|birdhouse","8,078102|6,873562|6,201075|5,760151|5,295571","true"
"/private/var/containers/Bundle/Application/4D01D32A-B666-4384-B213-31BBF61E54F1/CVTestsSUI.app/imagenet-hard-50-subset-2500__n01537544__ILSVRC2012_val_00036431.JPEG","images/n01537544/imagenet-hard-50-subset-2500__n01537544__ILSVRC2012_val_00036431.JPEG","14","indigo bunting","379","howler monkey","8,784967","379|14|18|23|96","howler monkey|indigo bunting|magpie|vulture|toucan","8,784967|8,064229|6,821698|6,661983|6,400733","true"
"/private/var/containers/Bundle/Application/4D01D32A-B666-4384-B213-31BBF61E54F1/CVTestsSUI.app/imagenet-hard-50-subset-2500__n01558993__ILSVRC2012_val_00031273.JPEG","images/n01558993/imagenet-hard-50-subset-2500__n01558993__ILSVRC2012_val_00031273.JPEG","15","robin","85","quail","7,156353","85|13|15|12|912","quail|junco|robin|house finch|worm fence","7,156353|7,098952|6,386230|5,916838|5,586524","true"
"/private/var/containers/Bundle/Application/4D01D32A-B666-4384-B213-31BBF61E54F1/CVTestsSUI.app/imagenet-hard-50-subset-2500__n01558993__ILSVRC2012_val_00045150.JPEG","images/n01558993/imagenet-hard-50-subset-2500__n01558993__ILSVRC2012_val_00045150.JPEG","15","robin","10","brambling","9,694932","10|12|15|13|16","brambling|house finch|robin|junco|bulbul","9,694932|7,094703|7,018472|5,926416|4,844182","true"
"/private/var/containers/Bundle/Application/4D01D32A-B666-4384-B213-31BBF61E54F1/CVTestsSUI.app/imagenet-hard-50-subset-2500__n01560419__ILSVRC2012_val_00001720.JPEG","images/n01560419/imagenet-hard-50-subset-2500__n01560419__ILSVRC2012_val_00001720.JPEG","16","bulbul","85","quail","7,692368","85|22|21|82|12","quail|bald eagle|kite|ruffed grouse|house finch","7,692368|7,181613|7,093865|6,669857|6,183296","false"
"/private/var/containers/Bundle/Application/4D01D32A-B666-4384-B213-31BBF61E54F1/CVTestsSUI.app/imagenet-hard-50-subset-2500__n01560419__ILSVRC2012_val_00007263.JPEG","images/n01560419/imagenet-hard-50-subset-2500__n01560419__ILSVRC2012_val_00007263.JPEG","16","bulbul","94","hummingbird","7,130981","94|90|16|946|953","hummingbird|lorikeet|bulbul|cardoon|pineapple","7,130981|7,015696|5,204916|4,773252|4,679274","true"
"/private/var/containers/Bundle/Application/4D01D32A-B666-4384-B213-31BBF61E54F1/CVTestsSUI.app/imagenet-hard-50-subset-2500__n01560419__ILSVRC2012_val_00011267.JPEG","images/n01560419/imagenet-hard-50-subset-2500__n01560419__ILSVRC2012_val_00011267.JPEG","16","bulbul","23","vulture","6,903658","23|91|13|136|80","vulture|coucal|junco|European gallinule|black grouse","6,903658|6,590039|6,340279|5,979275|5,778974","false"
"/private/var/containers/Bundle/Application/4D01D32A-B666-4384-B213-31BBF61E54F1/CVTestsSUI.app/imagenet-hard-50-subset-2500__n01560419__ILSVRC2012_val_00041990.JPEG","images/n01560419/imagenet-hard-50-subset-2500__n01560419__ILSVRC2012_val_00041990.JPEG","16","bulbul","91","coucal","6,815454","91|23|93|16|20","coucal|vulture|hornbill|bulbul|water ouzel","6,815454|6,649649|5,709405|5,354192|4,957069","true"
"/private/var/containers/Bundle/Application/4D01D32A-B666-4384-B213-31BBF61E54F1/CVTestsSUI.app/imagenet-hard-50-subset-2500__n01560419__ILSVRC2012_val_00044009.JPEG","images/n01560419/imagenet-hard-50-subset-2500__n01560419__ILSVRC2012_val_00044009.JPEG","16","bulbul","15","robin","6,187194","15|94|92|16|10","robin|hummingbird|bee eater|bulbul|brambling","6,187194|5,480458|5,394567|5,341436|5,269034","true"
"/private/var/containers/Bundle/Application/4D01D32A-B666-4384-B213-31BBF61E54F1/CVTestsSUI.app/imagenet-hard-50-subset-2500__n01580077__ILSVRC2012_val_00004317.JPEG","images/n01580077/imagenet-hard-50-subset-2500__n01580077__ILSVRC2012_val_00004317.JPEG","17","jay","128","black stork","6,281214","128|131|129|17|132","black stork|little blue heron|spoonbill|jay|American egret","6,281214|6,081429|5,997848|5,806633|5,300426","true"
"/private/var/containers/Bundle/Application/4D01D32A-B666-4384-B213-31BBF61E54F1/CVTestsSUI.app/imagenet-hard-50-subset-2500__n01580077__ILSVRC2012_val_00017024.JPEG","images/n01580077/imagenet-hard-50-subset-2500__n01580077__ILSVRC2012_val_00017024.JPEG","17","jay","15","robin","6,487377","15|85|17|13|19","robin|quail|jay|junco|chickadee","6,487377|6,269310|5,920818|5,231489|4,931238","true"
"/private/var/containers/Bundle/Application/4D01D32A-B666-4384-B213-31BBF61E54F1/CVTestsSUI.app/imagenet-hard-50-subset-2500__n01580077__ILSVRC2012_val_00020905.JPEG","images/n01580077/imagenet-hard-50-subset-2500__n01580077__ILSVRC2012_val_00020905.JPEG","17","jay","10","brambling","8,893738","10|17|12|13|15","brambling|jay|house finch|junco|robin","8,893738|6,525708|6,222561|5,430931|4,968123","true"
"/private/var/containers/Bundle/Application/4D01D32A-B666-4384-B213-31BBF61E54F1/CVTestsSUI.app/imagenet-hard-50-subset-2500__n01580077__ILSVRC2012_val_00022106.JPEG","images/n01580077/imagenet-hard-50-subset-2500__n01580077__ILSVRC2012_val_00022106.JPEG","17","jay","18","magpie","8,404180","18|16|17|20|13","magpie|bulbul|jay|water ouzel|junco","8,404180|5,917205|5,189619|3,883999|3,784249","true"
"/private/var/containers/Bundle/Application/4D01D32A-B666-4384-B213-31BBF61E54F1/CVTestsSUI.app/imagenet-hard-50-subset-2500__n01580077__ILSVRC2012_val_00040412.JPEG","images/n01580077/imagenet-hard-50-subset-2500__n01580077__ILSVRC2012_val_00040412.JPEG","17","jay","18","magpie","10,515651","18|17|16|91|14","magpie|jay|bulbul|coucal|indigo bunting","10,515651|10,250748|5,481037|5,091737|5,028880","true"
"/private/var/containers/Bundle/Application/4D01D32A-B666-4384-B213-31BBF61E54F1/CVTestsSUI.app/imagenet-hard-50-subset-2500__n01582220__ILSVRC2012_val_00009981.JPEG","images/n01582220/imagenet-hard-50-subset-2500__n01582220__ILSVRC2012_val_00009981.JPEG","18","magpie","22","bald eagle","7,333746","22|18|93|143|96","bald eagle|magpie|hornbill|oystercatcher|toucan","7,333746|7,052713|5,336513|4,959718|4,596372","true"
"/private/var/containers/Bundle/Application/4D01D32A-B666-4384-B213-31BBF61E54F1/CVTestsSUI.app/imagenet-hard-50-subset-2500__n01582220__ILSVRC2012_val_00024025.JPEG","images/n01582220/imagenet-hard-50-subset-2500__n01582220__ILSVRC2012_val_00024025.JPEG","18","magpie","17","jay","8,015340","17|18|20|91|14","jay|magpie|water ouzel|coucal|indigo bunting","8,015340|6,641405|5,258415|4,827617|4,612132","true"
"/private/var/containers/Bundle/Application/4D01D32A-B666-4384-B213-31BBF61E54F1/CVTestsSUI.app/imagenet-hard-50-subset-2500__n01582220__ILSVRC2012_val_00041051.JPEG","images/n01582220/imagenet-hard-50-subset-2500__n01582220__ILSVRC2012_val_00041051.JPEG","18","magpie","16","bulbul","7,236031","16|94|20|18|15","bulbul|hummingbird|water ouzel|magpie|robin","7,236031|5,918136|5,016419|4,864687|4,856686","true"
"/private/var/containers/Bundle/Application/4D01D32A-B666-4384-B213-31BBF61E54F1/CVTestsSUI.app/imagenet-hard-50-subset-2500__n01582220__ILSVRC2012_val_00041135.JPEG","images/n01582220/imagenet-hard-50-subset-2500__n01582220__ILSVRC2012_val_00041135.JPEG","18","magpie","353","gazelle","8,395075","353|352|351|272|172","gazelle|impala|hartebeest|coyote|whippet","8,395075|7,441508|3,530398|3,354323|3,122741","false"
"/private/var/containers/Bundle/Application/4D01D32A-B666-4384-B213-31BBF61E54F1/CVTestsSUI.app/imagenet-hard-50-subset-2500__n01601694__ILSVRC2012_val_00009597.JPEG","images/n01601694/imagenet-hard-50-subset-2500__n01601694__ILSVRC2012_val_00009597.JPEG","20","water ouzel","58","water snake","10,110168","58|360|150|119|20","water snake|otter|sea lion|rock crab|water ouzel","10,110168|7,161895|6,875516|6,813529|6,679326","true"
"/private/var/containers/Bundle/Application/4D01D32A-B666-4384-B213-31BBF61E54F1/CVTestsSUI.app/imagenet-hard-50-subset-2500__n01601694__ILSVRC2012_val_00012797.JPEG","images/n01601694/imagenet-hard-50-subset-2500__n01601694__ILSVRC2012_val_00012797.JPEG","20","water ouzel","13","junco","7,080118","13|12|10|16|92","junco|house finch|brambling|bulbul|bee eater","7,080118|6,318180|5,443638|5,371323|5,252082","false"
"/private/var/containers/Bundle/Application/4D01D32A-B666-4384-B213-31BBF61E54F1/CVTestsSUI.app/imagenet-hard-50-subset-2500__n01601694__ILSVRC2012_val_00021656.JPEG","images/n01601694/imagenet-hard-50-subset-2500__n01601694__ILSVRC2012_val_00021656.JPEG","20","water ouzel","139","ruddy turnstone","6,941039","139|140|143|141|142","ruddy turnstone|red-backed sandpiper|oystercatcher|redshank|dowitcher","6,941039|6,630187|6,475749|5,517431|5,119197","false"
"/private/var/containers/Bundle/Application/4D01D32A-B666-4384-B213-31BBF61E54F1/CVTestsSUI.app/imagenet-hard-50-subset-2500__n01601694__ILSVRC2012_val_00026023.JPEG","images/n01601694/imagenet-hard-50-subset-2500__n01601694__ILSVRC2012_val_00026023.JPEG","20","water ouzel","95","jacamar","6,783793","95|92|94|84|91","jacamar|bee eater|hummingbird|peacock|coucal","6,783793|4,684853|4,654681|4,591926|3,757875","false"
"/private/var/containers/Bundle/Application/4D01D32A-B666-4384-B213-31BBF61E54F1/CVTestsSUI.app/imagenet-hard-50-subset-2500__n01601694__ILSVRC2012_val_00034929.JPEG","images/n01601694/imagenet-hard-50-subset-2500__n01601694__ILSVRC2012_val_00034929.JPEG","20","water ouzel","979","valley","9,743925","979|20|460|150|81","valley|water ouzel|breakwater|sea lion|ptarmigan","9,743925|6,855376|6,402941|5,739921|5,505238","true"
"/private/var/containers/Bundle/Application/4D01D32A-B666-4384-B213-31BBF61E54F1/CVTestsSUI.app/imagenet-hard-50-subset-2500__n01601694__ILSVRC2012_val_00038159.JPEG","images/n01601694/imagenet-hard-50-subset-2500__n01601694__ILSVRC2012_val_00038159.JPEG","20","water ouzel","10","brambling","9,358581","10|15|17|92|19","brambling|robin|jay|bee eater|chickadee","9,358581|4,762636|2,700504|2,681771|2,499197","false"
"/private/var/containers/Bundle/Application/4D01D32A-B666-4384-B213-31BBF61E54F1/CVTestsSUI.app/imagenet-hard-50-subset-2500__n01601694__ILSVRC2012_val_00049775.JPEG","images/n01601694/imagenet-hard-50-subset-2500__n01601694__ILSVRC2012_val_00049775.JPEG","20","water ouzel","94","hummingbird","7,995038","94|20|16|95|21","hummingbird|water ouzel|bulbul|jacamar|kite","7,995038|7,208910|7,186164|6,539390|5,701401","true"
"/private/var/containers/Bundle/Application/4D01D32A-B666-4384-B213-31BBF61E54F1/CVTestsSUI.app/imagenet-hard-50-subset-2500__n01608432__ILSVRC2012_val_00001488.JPEG","images/n01608432/imagenet-hard-50-subset-2500__n01608432__ILSVRC2012_val_00001488.JPEG","21","kite","23","vulture","6,767898","23|7|21|8|80","vulture|cock|kite|hen|black grouse","6,767898|6,508332|6,408937|6,098747|5,903243","true"
"/private/var/containers/Bundle/Application/4D01D32A-B666-4384-B213-31BBF61E54F1/CVTestsSUI.app/imagenet-hard-50-subset-2500__n01608432__ILSVRC2012_val_00002444.JPEG","images/n01608432/imagenet-hard-50-subset-2500__n01608432__ILSVRC2012_val_00002444.JPEG","21","kite","22","bald eagle","10,832426","22|21|23|20|87","bald eagle|kite|vulture|water ouzel|African grey","10,832426|6,654438|3,774566|3,186138|2,935287","true"
"/private/var/containers/Bundle/Application/4D01D32A-B666-4384-B213-31BBF61E54F1/CVTestsSUI.app/imagenet-hard-50-subset-2500__n01608432__ILSVRC2012_val_00006203.JPEG","images/n01608432/imagenet-hard-50-subset-2500__n01608432__ILSVRC2012_val_00006203.JPEG","21","kite","138","bustard","6,237364","138|91|95|365|18","bustard|coucal|jacamar|orangutan|magpie","6,237364|5,357501|4,922706|4,782554|4,707193","false"
"/private/var/containers/Bundle/Application/4D01D32A-B666-4384-B213-31BBF61E54F1/CVTestsSUI.app/imagenet-hard-50-subset-2500__n01608432__ILSVRC2012_val_00013095.JPEG","images/n01608432/imagenet-hard-50-subset-2500__n01608432__ILSVRC2012_val_00013095.JPEG","21","kite","375","colobus","7,001172","375|23|127|374|135","colobus|vulture|white stork|langur|limpkin","7,001172|6,971755|6,674906|6,354655|5,854038","false"
"/private/var/containers/Bundle/Application/4D01D32A-B666-4384-B213-31BBF61E54F1/CVTestsSUI.app/imagenet-hard-50-subset-2500__n01608432__ILSVRC2012_val_00015746.JPEG","images/n01608432/imagenet-hard-50-subset-2500__n01608432__ILSVRC2012_val_00015746.JPEG","21","kite","22","bald eagle","8,728815","22|21|89|23|24","bald eagle|kite|sulphur-crested cockatoo|vulture|great grey owl","8,728815|8,337908|4,686705|3,874485|3,004948","true"
"/private/var/containers/Bundle/Application/4D01D32A-B666-4384-B213-31BBF61E54F1/CVTestsSUI.app/imagenet-hard-50-subset-2500__n01608432__ILSVRC2012_val_00018796.JPEG","images/n01608432/imagenet-hard-50-subset-2500__n01608432__ILSVRC2012_val_00018796.JPEG","21","kite","22","bald eagle","7,867925","22|21|82|83|80","bald eagle|kite|ruffed grouse|prairie chicken|black grouse","7,867925|7,246780|5,071708|4,923783|4,786614","true"
"/private/var/containers/Bundle/Application/4D01D32A-B666-4384-B213-31BBF61E54F1/CVTestsSUI.app/imagenet-hard-50-subset-2500__n01608432__ILSVRC2012_val_00045690.JPEG","images/n01608432/imagenet-hard-50-subset-2500__n01608432__ILSVRC2012_val_00045690.JPEG","21","kite","138","bustard","8,567366","138|91|21|128|22","bustard|coucal|kite|black stork|bald eagle","8,567366|7,859211|6,907187|5,874171|5,737752","true"
"/private/var/containers/Bundle/Application/4D01D32A-B666-4384-B213-31BBF61E54F1/CVTestsSUI.app/imagenet-hard-50-subset-2500__n01608432__ILSVRC2012_val_00047191.JPEG","images/n01608432/imagenet-hard-50-subset-2500__n01608432__ILSVRC2012_val_00047191.JPEG","21","kite","82","ruffed grouse","6,730405","82|24|83|21|80","ruffed grouse|great grey owl|prairie chicken|kite|black grouse","6,730405|6,359529|5,529616|5,214598|4,888703","true"
"/private/var/containers/Bundle/Application/4D01D32A-B666-4384-B213-31BBF61E54F1/CVTestsSUI.app/imagenet-hard-50-subset-2500__n01614925__ILSVRC2012_val_00000128.JPEG","images/n01614925/imagenet-hard-50-subset-2500__n01614925__ILSVRC2012_val_00000128.JPEG","22","bald eagle","21","kite","7,463312","21|22|23|93|18","kite|bald eagle|vulture|hornbill|magpie","7,463312|7,423276|7,238602|6,694808|5,825188","true"
"/private/var/containers/Bundle/Application/4D01D32A-B666-4384-B213-31BBF61E54F1/CVTestsSUI.app/imagenet-hard-50-subset-2500__n01616318__ILSVRC2012_val_00022088.JPEG","images/n01616318/imagenet-hard-50-subset-2500__n01616318__ILSVRC2012_val_00022088.JPEG","23","vulture","138","bustard","10,817789","138|23|84|80|82","bustard|vulture|peacock|black grouse|ruffed grouse","10,817789|8,490088|7,502519|7,118909|6,914746","true"
"/private/var/containers/Bundle/Application/4D01D32A-B666-4384-B213-31BBF61E54F1/CVTestsSUI.app/imagenet-hard-50-subset-2500__n01622779__ILSVRC2012_val_00004345.JPEG","images/n01622779/imagenet-hard-50-subset-2500__n01622779__ILSVRC2012_val_00004345.JPEG","24","great grey owl","802","snowmobile","9,890781","802|795|537|792|796","snowmobile|ski|dogsled|shovel|ski mask","9,890781|7,703074|6,899870|6,722870|6,543075","false"
"/private/var/containers/Bundle/Application/4D01D32A-B666-4384-B213-31BBF61E54F1/CVTestsSUI.app/imagenet-hard-50-subset-2500__n02701002__ILSVRC2012_val_00003703.JPEG","images/n02701002/imagenet-hard-50-subset-2500__n02701002__ILSVRC2012_val_00003703.JPEG","407","ambulance","555","fire engine","8,486335","555|407|468|436|581","fire engine|ambulance|cab|beach wagon|grille","8,486335|7,497805|6,022166|5,989984|5,932691","true"
"/private/var/containers/Bundle/Application/4D01D32A-B666-4384-B213-31BBF61E54F1/CVTestsSUI.app/imagenet-hard-50-subset-2500__n02701002__ILSVRC2012_val_00017171.JPEG","images/n02701002/imagenet-hard-50-subset-2500__n02701002__ILSVRC2012_val_00017171.JPEG","407","ambulance","734","police van","10,052867","734|407|654|757|656","police van|ambulance|minibus|recreational vehicle|minivan","10,052867|9,010734|5,530102|4,499900|4,256855","true"
"/private/var/containers/Bundle/Application/4D01D32A-B666-4384-B213-31BBF61E54F1/CVTestsSUI.app/imagenet-hard-50-subset-2500__n02701002__ILSVRC2012_val_00021146.JPEG","images/n02701002/imagenet-hard-50-subset-2500__n02701002__ILSVRC2012_val_00021146.JPEG","407","ambulance","734","police van","7,027923","734|407|654|656|675","police van|ambulance|minibus|minivan|moving van","7,027923|6,862276|4,430024|3,850223|3,279900","true"
"/private/var/containers/Bundle/Application/4D01D32A-B666-4384-B213-31BBF61E54F1/CVTestsSUI.app/imagenet-hard-50-subset-2500__n02701002__ILSVRC2012_val_00043593.JPEG","images/n02701002/imagenet-hard-50-subset-2500__n02701002__ILSVRC2012_val_00043593.JPEG","407","ambulance","734","police van","9,173511","734|407|829|830|555","police van|ambulance|streetcar|stretcher|fire engine","9,173511|9,029338|5,596230|4,693733|4,653511","true"
"/private/var/containers/Bundle/Application/4D01D32A-B666-4384-B213-31BBF61E54F1/CVTestsSUI.app/imagenet-hard-50-subset-2500__n02701002__ILSVRC2012_val_00045969.JPEG","images/n02701002/imagenet-hard-50-subset-2500__n02701002__ILSVRC2012_val_00045969.JPEG","407","ambulance","734","police van","8,013051","734|407|654|656|468","police van|ambulance|minibus|minivan|cab","8,013051|7,426088|5,293467|4,816192|4,113767","true"
"/private/var/containers/Bundle/Application/4D01D32A-B666-4384-B213-31BBF61E54F1/CVTestsSUI.app/imagenet-hard-50-subset-2500__n02701002__ILSVRC2012_val_00049302.JPEG","images/n02701002/imagenet-hard-50-subset-2500__n02701002__ILSVRC2012_val_00049302.JPEG","407","ambulance","661","Model T","8,157057","661|555|717|705|436","Model T|fire engine|pickup|passenger car|beach wagon","8,157057|6,809582|4,800946|4,698689|4,221184","false"
"/private/var/containers/Bundle/Application/4D01D32A-B666-4384-B213-31BBF61E54F1/CVTestsSUI.app/imagenet-hard-50-subset-2500__n03345487__ILSVRC2012_val_00000764.JPEG","images/n03345487/imagenet-hard-50-subset-2500__n03345487__ILSVRC2012_val_00000764.JPEG","555","fire engine","864","tow truck","9,156073","864|867|555|569|803","tow truck|trailer truck|fire engine|garbage truck|snowplow","9,156073|7,964208|7,503230|7,253763|5,675546","true"
"/private/var/containers/Bundle/Application/4D01D32A-B666-4384-B213-31BBF61E54F1/CVTestsSUI.app/imagenet-hard-50-subset-2500__n03345487__ILSVRC2012_val_00001491.JPEG","images/n03345487/imagenet-hard-50-subset-2500__n03345487__ILSVRC2012_val_00001491.JPEG","555","fire engine","920","traffic light","5,944263","920|668|757|682|733","traffic light|mosque|recreational vehicle|obelisk|pole","5,944263|5,883262|5,858477|5,615828|5,559459","false"
"/private/var/containers/Bundle/Application/4D01D32A-B666-4384-B213-31BBF61E54F1/CVTestsSUI.app/imagenet-hard-50-subset-2500__n03345487__ILSVRC2012_val_00032745.JPEG","images/n03345487/imagenet-hard-50-subset-2500__n03345487__ILSVRC2012_val_00032745.JPEG","555","fire engine","864","tow truck","6,331250","864|734|609|757|867","tow truck|police van|jeep|recreational vehicle|trailer truck","6,331250|5,777248|5,605193|5,557160|5,363368","false"
"/private/var/containers/Bundle/Application/4D01D32A-B666-4384-B213-31BBF61E54F1/CVTestsSUI.app/imagenet-hard-50-subset-2500__n03345487__ILSVRC2012_val_00047888.JPEG","images/n03345487/imagenet-hard-50-subset-2500__n03345487__ILSVRC2012_val_00047888.JPEG","555","fire engine","820","steam locomotive","7,436560","820|569|867|803|856","steam locomotive|garbage truck|trailer truck|snowplow|thresher","7,436560|7,118416|6,504709|5,555967|5,497642","false"
"/private/var/containers/Bundle/Application/4D01D32A-B666-4384-B213-31BBF61E54F1/CVTestsSUI.app/imagenet-hard-50-subset-2500__n03345487__ILSVRC2012_val_00048156.JPEG","images/n03345487/imagenet-hard-50-subset-2500__n03345487__ILSVRC2012_val_00048156.JPEG","555","fire engine","652","military uniform","8,377996","652|830|615|555|744","military uniform|stretcher|knee pad|fire engine|projectile","8,377996|6,970526|6,445884|6,149021|6,078647","true"
"/private/var/containers/Bundle/Application/4D01D32A-B666-4384-B213-31BBF61E54F1/CVTestsSUI.app/imagenet-hard-50-subset-2500__n03417042__ILSVRC2012_val_00004119.JPEG","images/n03417042/imagenet-hard-50-subset-2500__n03417042__ILSVRC2012_val_00004119.JPEG","569","garbage truck","864","tow truck","8,087040","864|569|803|867|517","tow truck|garbage truck|snowplow|trailer truck|crane","8,087040|7,798202|7,381287|5,217462|4,351450","true"
"/private/var/containers/Bundle/Application/4D01D32A-B666-4384-B213-31BBF61E54F1/CVTestsSUI.app/imagenet-hard-50-subset-2500__n03417042__ILSVRC2012_val_00032800.JPEG","images/n03417042/imagenet-hard-50-subset-2500__n03417042__ILSVRC2012_val_00032800.JPEG","569","garbage truck","803","snowplow","7,385321","803|569|864|555|867","snowplow|garbage truck|tow truck|fire engine|trailer truck","7,385321|6,878917|4,847122|4,287560|4,283178","true"
"/private/var/containers/Bundle/Application/4D01D32A-B666-4384-B213-31BBF61E54F1/CVTestsSUI.app/imagenet-hard-50-subset-2500__n03417042__ILSVRC2012_val_00037947.JPEG","images/n03417042/imagenet-hard-50-subset-2500__n03417042__ILSVRC2012_val_00037947.JPEG","569","garbage truck","864","tow truck","8,089659","864|609|468|717|817","tow truck|jeep|cab|pickup|sports car","8,089659|5,996250|5,040545|5,002496|4,884394","false"
"/private/var/containers/Bundle/Application/4D01D32A-B666-4384-B213-31BBF61E54F1/CVTestsSUI.app/imagenet-hard-50-subset-2500__n03930630__ILSVRC2012_val_00003080.JPEG","images/n03930630/imagenet-hard-50-subset-2500__n03930630__ILSVRC2012_val_00003080.JPEG","717","pickup","654","minibus","8,705960","654|717|656|511|751","minibus|pickup|minivan|convertible|racer","8,705960|7,540916|6,343939|6,181541|6,154600","true"
"/private/var/containers/Bundle/Application/4D01D32A-B666-4384-B213-31BBF61E54F1/CVTestsSUI.app/imagenet-hard-50-subset-2500__n03930630__ILSVRC2012_val_00007733.JPEG","images/n03930630/imagenet-hard-50-subset-2500__n03930630__ILSVRC2012_val_00007733.JPEG","717","pickup","660","mobile home","6,302633","660|757|656|675|864","mobile home|recreational vehicle|minivan|moving van|tow truck","6,302633|6,218640|6,182785|5,543950|5,485121","false"
"/private/var/containers/Bundle/Application/4D01D32A-B666-4384-B213-31BBF61E54F1/CVTestsSUI.app/imagenet-hard-50-subset-2500__n03930630__ILSVRC2012_val_00015879.JPEG","images/n03930630/imagenet-hard-50-subset-2500__n03930630__ILSVRC2012_val_00015879.JPEG","717","pickup","511","convertible","7,765935","511|717|627|468|436","convertible|pickup|limousine|cab|beach wagon","7,765935|7,660196|6,843970|6,429502|5,813717","true"
"/private/var/containers/Bundle/Application/4D01D32A-B666-4384-B213-31BBF61E54F1/CVTestsSUI.app/imagenet-hard-50-subset-2500__n03930630__ILSVRC2012_val_00017708.JPEG","images/n03930630/imagenet-hard-50-subset-2500__n03930630__ILSVRC2012_val_00017708.JPEG","717","pickup","660","mobile home","7,030090","660|874|870|603|609","mobile home|trolleybus|tricycle|horse cart|jeep","7,030090|5,552089|5,485612|5,190769|5,035090","false"
"/private/var/containers/Bundle/Application/4D01D32A-B666-4384-B213-31BBF61E54F1/CVTestsSUI.app/imagenet-hard-50-subset-2500__n03930630__ILSVRC2012_val_00024317.JPEG","images/n03930630/imagenet-hard-50-subset-2500__n03930630__ILSVRC2012_val_00024317.JPEG","717","pickup","867","trailer truck","10,221129","867|864|717|479|803","trailer truck|tow truck|pickup|car wheel|snowplow","10,221129|9,588695|8,692825|7,890651|7,824834","true"
"/private/var/containers/Bundle/Application/4D01D32A-B666-4384-B213-31BBF61E54F1/CVTestsSUI.app/imagenet-hard-50-subset-2500__n03930630__ILSVRC2012_val_00026079.JPEG","images/n03930630/imagenet-hard-50-subset-2500__n03930630__ILSVRC2012_val_00026079.JPEG","717","pickup","661","Model T","10,377125","661|717|479|856|581","Model T|pickup|car wheel|thresher|grille","10,377125|6,661938|5,151064|4,367825|3,667572","true"
"/private/var/containers/Bundle/Application/4D01D32A-B666-4384-B213-31BBF61E54F1/CVTestsSUI.app/imagenet-hard-50-subset-2500__n03930630__ILSVRC2012_val_00026503.JPEG","images/n03930630/imagenet-hard-50-subset-2500__n03930630__ILSVRC2012_val_00026503.JPEG","717","pickup","661","Model T","8,924549","661|717|479|751|866","Model T|pickup|car wheel|racer|tractor","8,924549|7,024475|5,923345|4,883088|4,716904","true"
"/private/var/containers/Bundle/Application/4D01D32A-B666-4384-B213-31BBF61E54F1/CVTestsSUI.app/imagenet-hard-50-subset-2500__n03930630__ILSVRC2012_val_00027997.JPEG","images/n03930630/imagenet-hard-50-subset-2500__n03930630__ILSVRC2012_val_00027997.JPEG","717","pickup","866","tractor","7,620858","866|864|586|609|717","tractor|tow truck|half track|jeep|pickup","7,620858|6,706438|6,629164|6,555346|4,702663","true"
"/private/var/containers/Bundle/Application/4D01D32A-B666-4384-B213-31BBF61E54F1/CVTestsSUI.app/imagenet-hard-50-subset-2500__n03930630__ILSVRC2012_val_00029046.JPEG","images/n03930630/imagenet-hard-50-subset-2500__n03930630__ILSVRC2012_val_00029046.JPEG","717","pickup","581","grille","9,490818","581|555|717|511|436","grille|fire engine|pickup|convertible|beach wagon","9,490818|6,557560|6,396553|4,917174|4,772625","true"
"/private/var/containers/Bundle/Application/4D01D32A-B666-4384-B213-31BBF61E54F1/CVTestsSUI.app/imagenet-hard-50-subset-2500__n03930630__ILSVRC2012_val_00034975.JPEG","images/n03930630/imagenet-hard-50-subset-2500__n03930630__ILSVRC2012_val_00034975.JPEG","717","pickup","864","tow truck","7,693376","864|803|717|609|627","tow truck|snowplow|pickup|jeep|limousine","7,693376|7,022801|6,911246|6,832291|5,794880","true"
"/private/var/containers/Bundle/Application/4D01D32A-B666-4384-B213-31BBF61E54F1/CVTestsSUI.app/imagenet-hard-50-subset-2500__n03930630__ILSVRC2012_val_00039120.JPEG","images/n03930630/imagenet-hard-50-subset-2500__n03930630__ILSVRC2012_val_00039120.JPEG","717","pickup","982","groom","4,690695","982|717|864|468|408","groom|pickup|tow truck|cab|amphibian","4,690695|4,332143|4,257811|4,146860|4,031816","true"
"/private/var/containers/Bundle/Application/4D01D32A-B666-4384-B213-31BBF61E54F1/CVTestsSUI.app/imagenet-hard-50-subset-2500__n03930630__ILSVRC2012_val_00039963.JPEG","images/n03930630/imagenet-hard-50-subset-2500__n03930630__ILSVRC2012_val_00039963.JPEG","717","pickup","654","minibus","7,335465","654|475|569|656|864","minibus|car mirror|garbage truck|minivan|tow truck","7,335465|6,867199|6,486909|6,031278|5,615860","false"
"/private/var/containers/Bundle/Application/4D01D32A-B666-4384-B213-31BBF61E54F1/CVTestsSUI.app/imagenet-hard-50-subset-2500__n03930630__ILSVRC2012_val_00044388.JPEG","images/n03930630/imagenet-hard-50-subset-2500__n03930630__ILSVRC2012_val_00044388.JPEG","717","pickup","609","jeep","7,622561","609|717|660|757|436","jeep|pickup|mobile home|recreational vehicle|beach wagon","7,622561|7,167385|6,556975|5,888881|5,564300","true"
"/private/var/containers/Bundle/Application/4D01D32A-B666-4384-B213-31BBF61E54F1/CVTestsSUI.app/imagenet-hard-50-subset-2500__n03930630__ILSVRC2012_val_00049525.JPEG","images/n03930630/imagenet-hard-50-subset-2500__n03930630__ILSVRC2012_val_00049525.JPEG","717","pickup","511","convertible","6,536231","511|479|717|436|817","convertible|car wheel|pickup|beach wagon|sports car","6,536231|6,409049|6,314941|5,827416|5,538506","true"
"/private/var/containers/Bundle/Application/4D01D32A-B666-4384-B213-31BBF61E54F1/CVTestsSUI.app/imagenet-hard-50-subset-2500__n03930630__ILSVRC2012_val_00049789.JPEG","images/n03930630/imagenet-hard-50-subset-2500__n03930630__ILSVRC2012_val_00049789.JPEG","717","pickup","864","tow truck","7,623752","864|609|586|717|803","tow truck|jeep|half track|pickup|snowplow","7,623752|7,382626|6,661247|6,215001|5,900714","true"
"/private/var/containers/Bundle/Application/4D01D32A-B666-4384-B213-31BBF61E54F1/CVTestsSUI.app/imagenet-hard-50-subset-2500__n04461696__ILSVRC2012_val_00000671.JPEG","images/n04461696/imagenet-hard-50-subset-2500__n04461696__ILSVRC2012_val_00000671.JPEG","864","tow truck","555","fire engine","8,052922","555|864|407|867|803","fire engine|tow truck|ambulance|trailer truck|snowplow","8,052922|7,779459|6,038446|5,682294|5,521808","true"
"/private/var/containers/Bundle/Application/4D01D32A-B666-4384-B213-31BBF61E54F1/CVTestsSUI.app/imagenet-hard-50-subset-2500__n04461696__ILSVRC2012_val_00013149.JPEG","images/n04461696/imagenet-hard-50-subset-2500__n04461696__ILSVRC2012_val_00013149.JPEG","864","tow truck","803","snowplow","6,036634","803|864|656|436|675","snowplow|tow truck|minivan|beach wagon|moving van","6,036634|5,953800|5,900656|5,452175|4,907829","true"
"/private/var/containers/Bundle/Application/4D01D32A-B666-4384-B213-31BBF61E54F1/CVTestsSUI.app/imagenet-hard-50-subset-2500__n04461696__ILSVRC2012_val_00016835.JPEG","images/n04461696/imagenet-hard-50-subset-2500__n04461696__ILSVRC2012_val_00016835.JPEG","864","tow truck","654","minibus","7,150602","654|864|734|675|661","minibus|tow truck|police van|moving van|Model T","7,150602|6,458810|5,033854|4,812727|4,612448","true"
"/private/var/containers/Bundle/Application/4D01D32A-B666-4384-B213-31BBF61E54F1/CVTestsSUI.app/imagenet-hard-50-subset-2500__n04461696__ILSVRC2012_val_00022323.JPEG","images/n04461696/imagenet-hard-50-subset-2500__n04461696__ILSVRC2012_val_00022323.JPEG","864","tow truck","656","minivan","7,908823","656|436|468|864|511","minivan|beach wagon|cab|tow truck|convertible","7,908823|7,041239|6,618359|5,464822|5,371585","true"
"/private/var/containers/Bundle/Application/4D01D32A-B666-4384-B213-31BBF61E54F1/CVTestsSUI.app/imagenet-hard-50-subset-2500__n04461696__ILSVRC2012_val_00025748.JPEG","images/n04461696/imagenet-hard-50-subset-2500__n04461696__ILSVRC2012_val_00025748.JPEG","864","tow truck","705","passenger car","8,135403","705|757|864|779|874","passenger car|recreational vehicle|tow truck|school bus|trolleybus","8,135403|7,263958|5,581336|5,319181|5,121131","true"
"/private/var/containers/Bundle/Application/4D01D32A-B666-4384-B213-31BBF61E54F1/CVTestsSUI.app/imagenet-hard-50-subset-2500__n04461696__ILSVRC2012_val_00026004.JPEG","images/n04461696/imagenet-hard-50-subset-2500__n04461696__ILSVRC2012_val_00026004.JPEG","864","tow truck","407","ambulance","6,928783","407|734|757|475|609","ambulance|police van|recreational vehicle|car mirror|jeep","6,928783|6,118655|5,714913|5,693079|5,297979","false"
"/private/var/containers/Bundle/Application/4D01D32A-B666-4384-B213-31BBF61E54F1/CVTestsSUI.app/imagenet-hard-50-subset-2500__n04461696__ILSVRC2012_val_00028004.JPEG","images/n04461696/imagenet-hard-50-subset-2500__n04461696__ILSVRC2012_val_00028004.JPEG","864","tow truck","661","Model T","8,533868","661|864|717|586|575","Model T|tow truck|pickup|half track|golfcart","8,533868|7,851141|6,947146|6,399006|5,884626","true"
"/private/var/containers/Bundle/Application/4D01D32A-B666-4384-B213-31BBF61E54F1/CVTestsSUI.app/imagenet-hard-50-subset-2500__n04461696__ILSVRC2012_val_00029413.JPEG","images/n04461696/imagenet-hard-50-subset-2500__n04461696__ILSVRC2012_val_00029413.JPEG","864","tow truck","654","minibus","6,946674","654|779|468|864|734","minibus|school bus|cab|tow truck|police van","6,946674|5,591161|5,394899|5,020823|4,341239","true"
"/private/var/containers/Bundle/Application/4D01D32A-B666-4384-B213-31BBF61E54F1/CVTestsSUI.app/imagenet-hard-50-subset-2500__n04461696__ILSVRC2012_val_00039347.JPEG","images/n04461696/imagenet-hard-50-subset-2500__n04461696__ILSVRC2012_val_00039347.JPEG","864","tow truck","581","grille","7,900773","581|864|555|803|867","grille|tow truck|fire engine|snowplow|trailer truck","7,900773|7,397506|6,918194|6,134885|5,963874","true"
"/private/var/containers/Bundle/Application/4D01D32A-B666-4384-B213-31BBF61E54F1/CVTestsSUI.app/imagenet-hard-50-subset-2500__n04461696__ILSVRC2012_val_00045225.JPEG","images/n04461696/imagenet-hard-50-subset-2500__n04461696__ILSVRC2012_val_00045225.JPEG","864","tow truck","627","limousine","9,519262","627|864|468|407|569","limousine|tow truck|cab|ambulance|garbage truck","9,519262|8,996258|8,395293|6,963487|6,685084","true"
"/private/var/containers/Bundle/Application/4D01D32A-B666-4384-B213-31BBF61E54F1/CVTestsSUI.app/imagenet-hard-50-subset-2500__n04461696__ILSVRC2012_val_00046973.JPEG","images/n04461696/imagenet-hard-50-subset-2500__n04461696__ILSVRC2012_val_00046973.JPEG","864","tow truck","627","limousine","8,724693","627|466|799|734|656","limousine|bullet train|sliding door|police van|minivan","8,724693|3,817524|3,578917|3,520020|3,505166","false"
"/private/var/containers/Bundle/Application/4D01D32A-B666-4384-B213-31BBF61E54F1/CVTestsSUI.app/imagenet-hard-50-subset-2500__n04461696__ILSVRC2012_val_00047720.JPEG","images/n04461696/imagenet-hard-50-subset-2500__n04461696__ILSVRC2012_val_00047720.JPEG","864","tow truck","569","garbage truck","6,901887","569|595|864|609|867","garbage truck|harvester|tow truck|jeep|trailer truck","6,901887|6,841443|6,007695|5,961392|5,192101","true"
"/private/var/containers/Bundle/Application/4D01D32A-B666-4384-B213-31BBF61E54F1/CVTestsSUI.app/imagenet-hard-50-subset-2500__n04461696__ILSVRC2012_val_00049076.JPEG","images/n04461696/imagenet-hard-50-subset-2500__n04461696__ILSVRC2012_val_00049076.JPEG","864","tow truck","595","harvester","7,933953","595|864|555|634|856","harvester|tow truck|fire engine|lumbermill|thresher","7,933953|7,827052|6,739558|5,904330|5,758417","true"
"/private/var/containers/Bundle/Application/4D01D32A-B666-4384-B213-31BBF61E54F1/CVTestsSUI.app/imagenet-hard-50-subset-2500__n04467665__ILSVRC2012_val_00010556.JPEG","images/n04467665/imagenet-hard-50-subset-2500__n04467665__ILSVRC2012_val_00010556.JPEG","867","trailer truck","569","garbage truck","8,586396","569|867|864|866|609","garbage truck|trailer truck|tow truck|tractor|jeep","8,586396|6,994260|6,624514|5,870752|5,584481","true"
"/private/var/containers/Bundle/Application/4D01D32A-B666-4384-B213-31BBF61E54F1/CVTestsSUI.app/imagenet-hard-50-subset-2500__n04467665__ILSVRC2012_val_00014857.JPEG","images/n04467665/imagenet-hard-50-subset-2500__n04467665__ILSVRC2012_val_00014857.JPEG","867","trailer truck","757","recreational vehicle","6,847742","757|867|675|660|864","recreational vehicle|trailer truck|moving van|mobile home|tow truck","6,847742|6,545002|5,683955|5,374818|4,633506","true"
"/private/var/containers/Bundle/Application/4D01D32A-B666-4384-B213-31BBF61E54F1/CVTestsSUI.app/imagenet-hard-50-subset-2500__n04467665__ILSVRC2012_val_00015118.JPEG","images/n04467665/imagenet-hard-50-subset-2500__n04467665__ILSVRC2012_val_00015118.JPEG","867","trailer truck","864","tow truck","8,309517","864|867|555|569|717","tow truck|trailer truck|fire engine|garbage truck|pickup","8,309517|8,195948|7,547733|5,262748|4,971874","true"
"/private/var/containers/Bundle/Application/4D01D32A-B666-4384-B213-31BBF61E54F1/CVTestsSUI.app/imagenet-hard-50-subset-2500__n04467665__ILSVRC2012_val_00015480.JPEG","images/n04467665/imagenet-hard-50-subset-2500__n04467665__ILSVRC2012_val_00015480.JPEG","867","trailer truck","510","container ship","7,224104","510|437|417|958|649","container ship|beacon|balloon|hay|megalith","7,224104|6,266871|5,688313|5,175452|5,129336","false"
"/private/var/containers/Bundle/Application/4D01D32A-B666-4384-B213-31BBF61E54F1/CVTestsSUI.app/imagenet-hard-50-subset-2500__n04467665__ILSVRC2012_val_00019053.JPEG","images/n04467665/imagenet-hard-50-subset-2500__n04467665__ILSVRC2012_val_00019053.JPEG","867","trailer truck","609","jeep","8,266503","609|867|757|569|675","jeep|trailer truck|recreational vehicle|garbage truck|moving van","8,266503|8,142087|6,801139|6,495501|6,451524","true"
"/private/var/containers/Bundle/Application/4D01D32A-B666-4384-B213-31BBF61E54F1/CVTestsSUI.app/imagenet-hard-50-subset-2500__n04467665__ILSVRC2012_val_00030427.JPEG","images/n04467665/imagenet-hard-50-subset-2500__n04467665__ILSVRC2012_val_00030427.JPEG","867","trailer truck","833","submarine","8,609126","833|466|565|403|920","submarine|bullet train|freight car|aircraft carrier|traffic light","8,609126|5,068361|4,672119|4,540340|4,506034","false"
"/private/var/containers/Bundle/Application/4D01D32A-B666-4384-B213-31BBF61E54F1/CVTestsSUI.app/imagenet-hard-50-subset-2500__n04467665__ILSVRC2012_val_00030438.JPEG","images/n04467665/imagenet-hard-50-subset-2500__n04467665__ILSVRC2012_val_00030438.JPEG","867","trailer truck","569","garbage truck","7,475969","569|867|864|675|734","garbage truck|trailer truck|tow truck|moving van|police van","7,475969|6,980072|6,435688|5,356650|5,106592","true"
"/private/var/containers/Bundle/Application/4D01D32A-B666-4384-B213-31BBF61E54F1/CVTestsSUI.app/imagenet-hard-50-subset-2500__n04467665__ILSVRC2012_val_00030748.JPEG","images/n04467665/imagenet-hard-50-subset-2500__n04467665__ILSVRC2012_val_00030748.JPEG","867","trailer truck","864","tow truck","7,070521","864|867|803|866|730","tow truck|trailer truck|snowplow|tractor|plow","7,070521|6,688541|6,576275|5,326883|4,654416","true"
"/private/var/containers/Bundle/Application/4D01D32A-B666-4384-B213-31BBF61E54F1/CVTestsSUI.app/imagenet-hard-50-subset-2500__n04467665__ILSVRC2012_val_00038561.JPEG","images/n04467665/imagenet-hard-50-subset-2500__n04467665__ILSVRC2012_val_00038561.JPEG","867","trailer truck","864","tow truck","7,397399","864|555|654|569|407","tow truck|fire engine|minibus|garbage truck|ambulance","7,397399|7,331892|5,811514|5,503277|5,442780","false"
"/private/var/containers/Bundle/Application/4D01D32A-B666-4384-B213-31BBF61E54F1/CVTestsSUI.app/imagenet-hard-50-subset-2500__n04467665__ILSVRC2012_val_00049660.JPEG","images/n04467665/imagenet-hard-50-subset-2500__n04467665__ILSVRC2012_val_00049660.JPEG","867","trailer truck","757","recreational vehicle","8,808596","757|867|675|660|407","recreational vehicle|trailer truck|moving van|mobile home|ambulance","8,808596|6,159819|5,130154|4,489376|4,356915","true"
"/private/var/containers/Bundle/Application/4D01D32A-B666-4384-B213-31BBF61E54F1/CVTestsSUI.app/imagenet-hard-50-subset-2500__n03769881__ILSVRC2012_val_00000314.JPEG","images/n03769881/imagenet-hard-50-subset-2500__n03769881__ILSVRC2012_val_00000314.JPEG","654","minibus","656","minivan","8,084744","656|654|436|717|468","minivan|minibus|beach wagon|pickup|cab","8,084744|7,377088|7,344211|5,673295|4,812275","true"
"/private/var/containers/Bundle/Application/4D01D32A-B666-4384-B213-31BBF61E54F1/CVTestsSUI.app/imagenet-hard-50-subset-2500__n03769881__ILSVRC2012_val_00021324.JPEG","images/n03769881/imagenet-hard-50-subset-2500__n03769881__ILSVRC2012_val_00021324.JPEG","654","minibus","609","jeep","8,641986","609|654|656|717|436","jeep|minibus|minivan|pickup|beach wagon","8,641986|7,560992|5,710401|5,436016|5,138305","true"
"/private/var/containers/Bundle/Application/4D01D32A-B666-4384-B213-31BBF61E54F1/CVTestsSUI.app/imagenet-hard-50-subset-2500__n03769881__ILSVRC2012_val_00024788.JPEG","images/n03769881/imagenet-hard-50-subset-2500__n03769881__ILSVRC2012_val_00024788.JPEG","654","minibus","468","cab","8,092803","468|436|654|656|627","cab|beach wagon|minibus|minivan|limousine","8,092803|7,673955|7,419332|7,254462|6,585130","true"
"/private/var/containers/Bundle/Application/4D01D32A-B666-4384-B213-31BBF61E54F1/CVTestsSUI.app/imagenet-hard-50-subset-2500__n03769881__ILSVRC2012_val_00031349.JPEG","images/n03769881/imagenet-hard-50-subset-2500__n03769881__ILSVRC2012_val_00031349.JPEG","654","minibus","734","police van","10,655705","734|654|656|675|705","police van|minibus|minivan|moving van|passenger car","10,655705|8,889050|5,505535|5,154705|4,120947","true"
"/private/var/containers/Bundle/Application/4D01D32A-B666-4384-B213-31BBF61E54F1/CVTestsSUI.app/imagenet-hard-50-subset-2500__n03769881__ILSVRC2012_val_00031610.JPEG","images/n03769881/imagenet-hard-50-subset-2500__n03769881__ILSVRC2012_val_00031610.JPEG","654","minibus","627","limousine","9,767889","627|656|654|734|982","limousine|minivan|minibus|police van|groom","9,767889|7,783998|7,269005|5,261709|4,748014","true"
"/private/var/containers/Bundle/Application/4D01D32A-B666-4384-B213-31BBF61E54F1/CVTestsSUI.app/imagenet-hard-50-subset-2500__n03769881__ILSVRC2012_val_00032382.JPEG","images/n03769881/imagenet-hard-50-subset-2500__n03769881__ILSVRC2012_val_00032382.JPEG","654","minibus","407","ambulance","10,105227","407|654|734|675|569","ambulance|minibus|police van|moving van|garbage truck","10,105227|9,839192|9,025198|6,979181|6,299199","true"
"/private/var/containers/Bundle/Application/4D01D32A-B666-4384-B213-31BBF61E54F1/CVTestsSUI.app/imagenet-hard-50-subset-2500__n03769881__ILSVRC2012_val_00041906.JPEG","images/n03769881/imagenet-hard-50-subset-2500__n03769881__ILSVRC2012_val_00041906.JPEG","654","minibus","627","limousine","8,735430","627|982|578|601|689","limousine|groom|gown|hoopskirt|overskirt","8,735430|7,788327|6,023290|4,285963|3,865467","false"
"/private/var/containers/Bundle/Application/4D01D32A-B666-4384-B213-31BBF61E54F1/CVTestsSUI.app/imagenet-hard-50-subset-2500__n03769881__ILSVRC2012_val_00042007.JPEG","images/n03769881/imagenet-hard-50-subset-2500__n03769881__ILSVRC2012_val_00042007.JPEG","654","minibus","407","ambulance","7,134902","407|734|654|779|675","ambulance|police van|minibus|school bus|moving van","7,134902|7,092255|6,650207|4,616263|4,244838","true"
"/private/var/containers/Bundle/Application/4D01D32A-B666-4384-B213-31BBF61E54F1/CVTestsSUI.app/imagenet-hard-50-subset-2500__n03769881__ILSVRC2012_val_00049177.JPEG","images/n03769881/imagenet-hard-50-subset-2500__n03769881__ILSVRC2012_val_00049177.JPEG","654","minibus","779","school bus","9,508832","779|874|654|408|734","school bus|trolleybus|minibus|amphibian|police van","9,508832|3,842184|3,075220|2,701302|2,645946","true"
"/private/var/containers/Bundle/Application/4D01D32A-B666-4384-B213-31BBF61E54F1/CVTestsSUI.app/imagenet-hard-50-subset-2500__n04146614__ILSVRC2012_val_00011337.JPEG","images/n04146614/imagenet-hard-50-subset-2500__n04146614__ILSVRC2012_val_00011337.JPEG","779","school bus","654","minibus","9,688353","654|779|829|734|757","minibus|school bus|streetcar|police van|recreational vehicle","9,688353|8,675608|7,399126|7,138785|6,322340","true"
"/private/var/containers/Bundle/Application/4D01D32A-B666-4384-B213-31BBF61E54F1/CVTestsSUI.app/imagenet-hard-50-subset-2500__n04146614__ILSVRC2012_val_00013295.JPEG","images/n04146614/imagenet-hard-50-subset-2500__n04146614__ILSVRC2012_val_00013295.JPEG","779","school bus","874","trolleybus","9,452173","874|705|779|654|829","trolleybus|passenger car|school bus|minibus|streetcar","9,452173|8,546203|6,246324|6,117965|4,306609","true"
"/private/var/containers/Bundle/Application/4D01D32A-B666-4384-B213-31BBF61E54F1/CVTestsSUI.app/imagenet-hard-50-subset-2500__n04146614__ILSVRC2012_val_00022679.JPEG","images/n04146614/imagenet-hard-50-subset-2500__n04146614__ILSVRC2012_val_00022679.JPEG","779","school bus","874","trolleybus","9,357163","874|829|779|705|654","trolleybus|streetcar|school bus|passenger car|minibus","9,357163|6,770829|6,296848|5,826573|5,085783","true"
"/private/var/containers/Bundle/Application/4D01D32A-B666-4384-B213-31BBF61E54F1/CVTestsSUI.app/imagenet-hard-50-subset-2500__n04146614__ILSVRC2012_val_00035866.JPEG","images/n04146614/imagenet-hard-50-subset-2500__n04146614__ILSVRC2012_val_00035866.JPEG","779","school bus","829","streetcar","9,204228","829|779|654|762|705","streetcar|school bus|minibus|restaurant|passenger car","9,204228|7,291483|6,279243|5,724861|5,466128","true"
"/private/var/containers/Bundle/Application/4D01D32A-B666-4384-B213-31BBF61E54F1/CVTestsSUI.app/imagenet-hard-50-subset-2500__n04146614__ILSVRC2012_val_00045384.JPEG","images/n04146614/imagenet-hard-50-subset-2500__n04146614__ILSVRC2012_val_00045384.JPEG","779","school bus","705","passenger car","6,770133","705|874|779|829|660","passenger car|trolleybus|school bus|streetcar|mobile home","6,770133|6,261280|5,921800|5,048199|4,299721","true"
"/private/var/containers/Bundle/Application/4D01D32A-B666-4384-B213-31BBF61E54F1/CVTestsSUI.app/imagenet-hard-50-subset-2500__n04285008__ILSVRC2012_val_00003049.JPEG","images/n04285008/imagenet-hard-50-subset-2500__n04285008__ILSVRC2012_val_00003049.JPEG","817","sports car","751","racer","7,465024","751|817|717|705|573","racer|sports car|pickup|passenger car|go-kart","7,465024|6,895533|5,951442|4,933636|4,521739","true"
"/private/var/containers/Bundle/Application/4D01D32A-B666-4384-B213-31BBF61E54F1/CVTestsSUI.app/imagenet-hard-50-subset-2500__n04285008__ILSVRC2012_val_00004076.JPEG","images/n04285008/imagenet-hard-50-subset-2500__n04285008__ILSVRC2012_val_00004076.JPEG","817","sports car","436","beach wagon","8,363474","436|751|581|479|511","beach wagon|racer|grille|car wheel|convertible","8,363474|6,049635|5,235168|5,179099|5,107262","false"
"/private/var/containers/Bundle/Application/4D01D32A-B666-4384-B213-31BBF61E54F1/CVTestsSUI.app/imagenet-hard-50-subset-2500__n04285008__ILSVRC2012_val_00007125.JPEG","images/n04285008/imagenet-hard-50-subset-2500__n04285008__ILSVRC2012_val_00007125.JPEG","817","sports car","751","racer","9,059021","751|817|479|802|573","racer|sports car|car wheel|snowmobile|go-kart","9,059021|8,391908|5,344239|5,074959|5,060949","true"
"/private/var/containers/Bundle/Application/4D01D32A-B666-4384-B213-31BBF61E54F1/CVTestsSUI.app/imagenet-hard-50-subset-2500__n04285008__ILSVRC2012_val_00009607.JPEG","images/n04285008/imagenet-hard-50-subset-2500__n04285008__ILSVRC2012_val_00009607.JPEG","817","sports car","751","racer","8,419239","751|817|407|864|436","racer|sports car|ambulance|tow truck|beach wagon","8,419239|6,200468|5,596185|4,784853|4,409077","true"
"/private/var/containers/Bundle/Application/4D01D32A-B666-4384-B213-31BBF61E54F1/CVTestsSUI.app/imagenet-hard-50-subset-2500__n04285008__ILSVRC2012_val_00010983.JPEG","images/n04285008/imagenet-hard-50-subset-2500__n04285008__ILSVRC2012_val_00010983.JPEG","817","sports car","661","Model T","9,689235","661|817|751|479|511","Model T|sports car|racer|car wheel|convertible","9,689235|7,173235|6,773316|6,604372|5,351517","true"
"/private/var/containers/Bundle/Application/4D01D32A-B666-4384-B213-31BBF61E54F1/CVTestsSUI.app/imagenet-hard-50-subset-2500__n04285008__ILSVRC2012_val_00013805.JPEG","images/n04285008/imagenet-hard-50-subset-2500__n04285008__ILSVRC2012_val_00013805.JPEG","817","sports car","864","tow truck","10,650743","864|555|573|751|561","tow truck|fire engine|go-kart|racer|forklift","10,650743|7,314189|7,024468|6,683492|6,473426","false"
"/private/var/containers/Bundle/Application/4D01D32A-B666-4384-B213-31BBF61E54F1/CVTestsSUI.app/imagenet-hard-50-subset-2500__n04285008__ILSVRC2012_val_00025004.JPEG","images/n04285008/imagenet-hard-50-subset-2500__n04285008__ILSVRC2012_val_00025004.JPEG","817","sports car","751","racer","8,257330","751|479|817|573|621","racer|car wheel|sports car|go-kart|lawn mower","8,257330|7,580576|7,298113|6,219369|5,219214","true"
"/private/var/containers/Bundle/Application/4D01D32A-B666-4384-B213-31BBF61E54F1/CVTestsSUI.app/imagenet-hard-50-subset-2500__n04285008__ILSVRC2012_val_00025465.JPEG","images/n04285008/imagenet-hard-50-subset-2500__n04285008__ILSVRC2012_val_00025465.JPEG","817","sports car","511","convertible","8,738956","511|817|479|436|581","convertible|sports car|car wheel|beach wagon|grille","8,738956|8,266303|4,607433|4,110779|4,085513","true"
"/private/var/containers/Bundle/Application/4D01D32A-B666-4384-B213-31BBF61E54F1/CVTestsSUI.app/imagenet-hard-50-subset-2500__n04285008__ILSVRC2012_val_00029021.JPEG","images/n04285008/imagenet-hard-50-subset-2500__n04285008__ILSVRC2012_val_00029021.JPEG","817","sports car","751","racer","9,389069","751|817|479|573|705","racer|sports car|car wheel|go-kart|passenger car","9,389069|8,092026|6,085197|4,535801|3,337411","true"
"/private/var/containers/Bundle/Application/4D01D32A-B666-4384-B213-31BBF61E54F1/CVTestsSUI.app/imagenet-hard-50-subset-2500__n04285008__ILSVRC2012_val_00033293.JPEG","images/n04285008/imagenet-hard-50-subset-2500__n04285008__ILSVRC2012_val_00033293.JPEG","817","sports car","751","racer","7,280934","751|817|436|511|575","racer|sports car|beach wagon|convertible|golfcart","7,280934|7,149461|6,653930|6,611837|6,461074","true"
"/private/var/containers/Bundle/Application/4D01D32A-B666-4384-B213-31BBF61E54F1/CVTestsSUI.app/imagenet-hard-50-subset-2500__n04285008__ILSVRC2012_val_00038344.JPEG","images/n04285008/imagenet-hard-50-subset-2500__n04285008__ILSVRC2012_val_00038344.JPEG","817","sports car","751","racer","8,565935","751|817|468|705|479","racer|sports car|cab|passenger car|car wheel","8,565935|7,480240|7,426259|6,290411|5,772970","true"
"/private/var/containers/Bundle/Application/4D01D32A-B666-4384-B213-31BBF61E54F1/CVTestsSUI.app/imagenet-hard-50-subset-2500__n04285008__ILSVRC2012_val_00038894.JPEG","images/n04285008/imagenet-hard-50-subset-2500__n04285008__ILSVRC2012_val_00038894.JPEG","817","sports car","751","racer","7,100449","751|734|817|705|479","racer|police van|sports car|passenger car|car wheel","7,100449|6,530843|6,452959|5,793173|5,146633","true"
"/private/var/containers/Bundle/Application/4D01D32A-B666-4384-B213-31BBF61E54F1/CVTestsSUI.app/imagenet-hard-50-subset-2500__n04285008__ILSVRC2012_val_00040009.JPEG","images/n04285008/imagenet-hard-50-subset-2500__n04285008__ILSVRC2012_val_00040009.JPEG","817","sports car","479","car wheel","5,997463","479|817|751|511|661","car wheel|sports car|racer|convertible|Model T","5,997463|5,847634|5,495064|5,230162|3,244344","true"
"/private/var/containers/Bundle/Application/4D01D32A-B666-4384-B213-31BBF61E54F1/CVTestsSUI.app/imagenet-hard-50-subset-2500__n04285008__ILSVRC2012_val_00043297.JPEG","images/n04285008/imagenet-hard-50-subset-2500__n04285008__ILSVRC2012_val_00043297.JPEG","817","sports car","751","racer","9,851776","751|817|573|717|479","racer|sports car|go-kart|pickup|car wheel","9,851776|8,962653|6,935803|6,038192|4,506514","true"
"/private/var/containers/Bundle/Application/4D01D32A-B666-4384-B213-31BBF61E54F1/CVTestsSUI.app/imagenet-hard-50-subset-2500__n04285008__ILSVRC2012_val_00047893.JPEG","images/n04285008/imagenet-hard-50-subset-2500__n04285008__ILSVRC2012_val_00047893.JPEG","817","sports car","751","racer","11,625546","751|817|479|717|867","racer|sports car|car wheel|pickup|trailer truck","11,625546|10,751402|8,424821|4,783735|4,442290","true"
"/private/var/containers/Bundle/Application/4D01D32A-B666-4384-B213-31BBF61E54F1/CVTestsSUI.app/imagenet-hard-50-subset-2500__n04037443__ILSVRC2012_val_00012769.JPEG","images/n04037443/imagenet-hard-50-subset-2500__n04037443__ILSVRC2012_val_00012769.JPEG","751","racer","781","scoreboard","7,806692","781|530|751|920|510","scoreboard|digital clock|racer|traffic light|container ship","7,806692|5,234883|4,621690|4,302449|3,999135","true"
"/private/var/containers/Bundle/Application/4D01D32A-B666-4384-B213-31BBF61E54F1/CVTestsSUI.app/imagenet-hard-50-subset-2500__n04037443__ILSVRC2012_val_00019802.JPEG","images/n04037443/imagenet-hard-50-subset-2500__n04037443__ILSVRC2012_val_00019802.JPEG","751","racer","972","cliff","10,258732","972|751|978|880|354","cliff|racer|seashore|unicycle|Arabian camel","10,258732|7,119456|6,565746|6,233339|6,102216","true"
"/private/var/containers/Bundle/Application/4D01D32A-B666-4384-B213-31BBF61E54F1/CVTestsSUI.app/imagenet-hard-50-subset-2500__n04037443__ILSVRC2012_val_00019812.JPEG","images/n04037443/imagenet-hard-50-subset-2500__n04037443__ILSVRC2012_val_00019812.JPEG","751","racer","468","cab","8,797692","468|751|817|656|705","cab|racer|sports car|minivan|passenger car","8,797692|6,272679|6,036645|5,148644|5,061152","true"
"/private/var/containers/Bundle/Application/4D01D32A-B666-4384-B213-31BBF61E54F1/CVTestsSUI.app/imagenet-hard-50-subset-2500__n04037443__ILSVRC2012_val_00022017.JPEG","images/n04037443/imagenet-hard-50-subset-2500__n04037443__ILSVRC2012_val_00022017.JPEG","751","racer","817","sports car","11,227425","817|751|479|717|468","sports car|racer|car wheel|pickup|cab","11,227425|9,716058|8,358823|5,761164|5,170671","true"
"/private/var/containers/Bundle/Application/4D01D32A-B666-4384-B213-31BBF61E54F1/CVTestsSUI.app/imagenet-hard-50-subset-2500__n04037443__ILSVRC2012_val_00023273.JPEG","images/n04037443/imagenet-hard-50-subset-2500__n04037443__ILSVRC2012_val_00023273.JPEG","751","racer","573","go-kart","9,785224","573|751|518|450|817","go-kart|racer|crash helmet|bobsled|sports car","9,785224|5,221566|3,877933|2,945573|2,787925","true"
"/private/var/containers/Bundle/Application/4D01D32A-B666-4384-B213-31BBF61E54F1/CVTestsSUI.app/imagenet-hard-50-subset-2500__n04037443__ILSVRC2012_val_00025858.JPEG","images/n04037443/imagenet-hard-50-subset-2500__n04037443__ILSVRC2012_val_00025858.JPEG","751","racer","895","warplane","7,648344","895|908|404|812|751","warplane|wing|airliner|space shuttle|racer","7,648344|7,517712|7,187037|5,645018|4,296212","true"
"/private/var/containers/Bundle/Application/4D01D32A-B666-4384-B213-31BBF61E54F1/CVTestsSUI.app/imagenet-hard-50-subset-2500__n04037443__ILSVRC2012_val_00028209.JPEG","images/n04037443/imagenet-hard-50-subset-2500__n04037443__ILSVRC2012_val_00028209.JPEG","751","racer","864","tow truck","9,472595","864|609|479|751|717","tow truck|jeep|car wheel|racer|pickup","9,472595|6,104029|5,919303|5,873650|5,526921","true"
"/private/var/containers/Bundle/Application/4D01D32A-B666-4384-B213-31BBF61E54F1/CVTestsSUI.app/imagenet-hard-50-subset-2500__n04037443__ILSVRC2012_val_00034824.JPEG","images/n04037443/imagenet-hard-50-subset-2500__n04037443__ILSVRC2012_val_00034824.JPEG","751","racer","817","sports car","8,564392","817|751|705|479|717","sports car|racer|passenger car|car wheel|pickup","8,564392|8,283535|5,210348|4,713187|3,937988","true"
"/private/var/containers/Bundle/Application/4D01D32A-B666-4384-B213-31BBF61E54F1/CVTestsSUI.app/imagenet-hard-50-subset-2500__n04037443__ILSVRC2012_val_00037055.JPEG","images/n04037443/imagenet-hard-50-subset-2500__n04037443__ILSVRC2012_val_00037055.JPEG","751","racer","980","volcano","6,923251","980|974|479|755|672","volcano|geyser|car wheel|radio telescope|mountain tent","6,923251|5,802517|5,149295|4,960833|4,931194","false"
"/private/var/containers/Bundle/Application/4D01D32A-B666-4384-B213-31BBF61E54F1/CVTestsSUI.app/imagenet-hard-50-subset-2500__n04037443__ILSVRC2012_val_00043338.JPEG","images/n04037443/imagenet-hard-50-subset-2500__n04037443__ILSVRC2012_val_00043338.JPEG","751","racer","817","sports car","9,934234","817|751|479|511|705","sports car|racer|car wheel|convertible|passenger car","9,934234|9,885588|7,135574|4,788019|4,300910","true"
"/private/var/containers/Bundle/Application/4D01D32A-B666-4384-B213-31BBF61E54F1/CVTestsSUI.app/imagenet-hard-50-subset-2500__n04037443__ILSVRC2012_val_00043710.JPEG","images/n04037443/imagenet-hard-50-subset-2500__n04037443__ILSVRC2012_val_00043710.JPEG","751","racer","581","grille","9,604475","581|817|717|751|511","grille|sports car|pickup|racer|convertible","9,604475|6,307998|5,973753|5,748481|5,213052","true"
"/private/var/containers/Bundle/Application/4D01D32A-B666-4384-B213-31BBF61E54F1/CVTestsSUI.app/imagenet-hard-50-subset-2500__n04037443__ILSVRC2012_val_00043810.JPEG","images/n04037443/imagenet-hard-50-subset-2500__n04037443__ILSVRC2012_val_00043810.JPEG","751","racer","817","sports car","8,820210","817|751|705|717|479","sports car|racer|passenger car|pickup|car wheel","8,820210|8,226457|7,855168|5,361640|4,970349","true"
"/private/var/containers/Bundle/Application/4D01D32A-B666-4384-B213-31BBF61E54F1/CVTestsSUI.app/imagenet-hard-50-subset-2500__n04037443__ILSVRC2012_val_00045368.JPEG","images/n04037443/imagenet-hard-50-subset-2500__n04037443__ILSVRC2012_val_00045368.JPEG","751","racer","817","sports car","8,929372","817|751|479|511|408","sports car|racer|car wheel|convertible|amphibian","8,929372|8,794160|7,195759|7,006405|5,189964","true"
"/private/var/containers/Bundle/Application/4D01D32A-B666-4384-B213-31BBF61E54F1/CVTestsSUI.app/imagenet-hard-50-subset-2500__n04037443__ILSVRC2012_val_00048516.JPEG","images/n04037443/imagenet-hard-50-subset-2500__n04037443__ILSVRC2012_val_00048516.JPEG","751","racer","817","sports car","8,463007","817|656|436|581|479","sports car|minivan|beach wagon|grille|car wheel","8,463007|8,304098|7,666114|7,258282|7,003622","false"
"/private/var/containers/Bundle/Application/4D01D32A-B666-4384-B213-31BBF61E54F1/CVTestsSUI.app/imagenet-hard-50-subset-2500__n04037443__ILSVRC2012_val_00049037.JPEG","images/n04037443/imagenet-hard-50-subset-2500__n04037443__ILSVRC2012_val_00049037.JPEG","751","racer","573","go-kart","8,139953","573|751|817|468|621","go-kart|racer|sports car|cab|lawn mower","8,139953|6,759113|5,705615|4,571793|4,519683","true"
"/private/var/containers/Bundle/Application/4D01D32A-B666-4384-B213-31BBF61E54F1/CVTestsSUI.app/imagenet-hard-50-subset-2500__n02930766__ILSVRC2012_val_00000432.JPEG","images/n02930766/imagenet-hard-50-subset-2500__n02930766__ILSVRC2012_val_00000432.JPEG","468","cab","734","police van","10,231276","734|468|654|864|436","police van|cab|minibus|tow truck|beach wagon","10,231276|8,464231|6,261458|6,122070|5,704792","true"
"/private/var/containers/Bundle/Application/4D01D32A-B666-4384-B213-31BBF61E54F1/CVTestsSUI.app/imagenet-hard-50-subset-2500__n02930766__ILSVRC2012_val_00003112.JPEG","images/n02930766/imagenet-hard-50-subset-2500__n02930766__ILSVRC2012_val_00003112.JPEG","468","cab","436","beach wagon","6,989824","436|468|654|717|656","beach wagon|cab|minibus|pickup|minivan","6,989824|6,850252|5,938746|5,769839|5,544523","true"
"/private/var/containers/Bundle/Application/4D01D32A-B666-4384-B213-31BBF61E54F1/CVTestsSUI.app/imagenet-hard-50-subset-2500__n02930766__ILSVRC2012_val_00006258.JPEG","images/n02930766/imagenet-hard-50-subset-2500__n02930766__ILSVRC2012_val_00006258.JPEG","468","cab","563","fountain pen","8,292017","563|907|921|446|696","fountain pen|wine bottle|book jacket|binder|paintbrush","8,292017|7,736348|5,610588|5,065858|5,055353","false"
"/private/var/containers/Bundle/Application/4D01D32A-B666-4384-B213-31BBF61E54F1/CVTestsSUI.app/imagenet-hard-50-subset-2500__n02930766__ILSVRC2012_val_00012182.JPEG","images/n02930766/imagenet-hard-50-subset-2500__n02930766__ILSVRC2012_val_00012182.JPEG","468","cab","920","traffic light","8,599977","920|468|864|867|682","traffic light|cab|tow truck|trailer truck|obelisk","8,599977|8,073743|7,908474|6,602453|6,216425","true"
"/private/var/containers/Bundle/Application/4D01D32A-B666-4384-B213-31BBF61E54F1/CVTestsSUI.app/imagenet-hard-50-subset-2500__n02930766__ILSVRC2012_val_00018744.JPEG","images/n02930766/imagenet-hard-50-subset-2500__n02930766__ILSVRC2012_val_00018744.JPEG","468","cab","920","traffic light","6,702248","920|682|498|762|860","traffic light|obelisk|cinema|restaurant|tobacco shop","6,702248|6,008532|5,708134|5,614538|5,505191","false"
"/private/var/containers/Bundle/Application/4D01D32A-B666-4384-B213-31BBF61E54F1/CVTestsSUI.app/imagenet-hard-50-subset-2500__n02930766__ILSVRC2012_val_00019725.JPEG","images/n02930766/imagenet-hard-50-subset-2500__n02930766__ILSVRC2012_val_00019725.JPEG","468","cab","511","convertible","7,624284","511|482|757|848|754","convertible|cassette player|recreational vehicle|tape player|radio","7,624284|7,190582|6,851248|6,757827|6,556422","false"
"/private/var/containers/Bundle/Application/4D01D32A-B666-4384-B213-31BBF61E54F1/CVTestsSUI.app/imagenet-hard-50-subset-2500__n02930766__ILSVRC2012_val_00021775.JPEG","images/n02930766/imagenet-hard-50-subset-2500__n02930766__ILSVRC2012_val_00021775.JPEG","468","cab","502","clog","6,516059","502|817|751|868|627","clog|sports car|racer|tray|limousine","6,516059|5,738877|5,642393|5,271175|5,265542","false"
"/private/var/containers/Bundle/Application/4D01D32A-B666-4384-B213-31BBF61E54F1/CVTestsSUI.app/imagenet-hard-50-subset-2500__n02930766__ILSVRC2012_val_00031878.JPEG","images/n02930766/imagenet-hard-50-subset-2500__n02930766__ILSVRC2012_val_00031878.JPEG","468","cab","581","grille","8,723800","581|717|468|511|479","grille|pickup|cab|convertible|car wheel","8,723800|6,096694|5,791826|5,153778|5,069385","true"
"/private/var/containers/Bundle/Application/4D01D32A-B666-4384-B213-31BBF61E54F1/CVTestsSUI.app/imagenet-hard-50-subset-2500__n02930766__ILSVRC2012_val_00035012.JPEG","images/n02930766/imagenet-hard-50-subset-2500__n02930766__ILSVRC2012_val_00035012.JPEG","468","cab","511","convertible","7,810152","511|581|817|436|468","convertible|grille|sports car|beach wagon|cab","7,810152|7,520278|6,930941|5,714604|5,041794","true"
"/private/var/containers/Bundle/Application/4D01D32A-B666-4384-B213-31BBF61E54F1/CVTestsSUI.app/imagenet-hard-50-subset-2500__n02930766__ILSVRC2012_val_00037652.JPEG","images/n02930766/imagenet-hard-50-subset-2500__n02930766__ILSVRC2012_val_00037652.JPEG","468","cab","717","pickup","8,298077","717|436|468|581|479","pickup|beach wagon|cab|grille|car wheel","8,298077|7,368973|7,199591|6,504081|5,661234","true"
"/private/var/containers/Bundle/Application/4D01D32A-B666-4384-B213-31BBF61E54F1/CVTestsSUI.app/imagenet-hard-50-subset-2500__n02930766__ILSVRC2012_val_00038811.JPEG","images/n02930766/imagenet-hard-50-subset-2500__n02930766__ILSVRC2012_val_00038811.JPEG","468","cab","705","passenger car","8,355216","705|466|829|565|547","passenger car|bullet train|streetcar|freight car|electric locomotive","8,355216|7,646641|5,780798|5,085716|4,726762","false"
"/private/var/containers/Bundle/Application/4D01D32A-B666-4384-B213-31BBF61E54F1/CVTestsSUI.app/imagenet-hard-50-subset-2500__n02930766__ILSVRC2012_val_00039097.JPEG","images/n02930766/imagenet-hard-50-subset-2500__n02930766__ILSVRC2012_val_00039097.JPEG","468","cab","717","pickup","8,568276","717|479|751|468|555","pickup|car wheel|racer|cab|fire engine","8,568276|6,945232|6,120812|5,774819|5,132853","true"
"/private/var/containers/Bundle/Application/4D01D32A-B666-4384-B213-31BBF61E54F1/CVTestsSUI.app/imagenet-hard-50-subset-2500__n02930766__ILSVRC2012_val_00039250.JPEG","images/n02930766/imagenet-hard-50-subset-2500__n02930766__ILSVRC2012_val_00039250.JPEG","468","cab","581","grille","8,172728","581|468|717|511|705","grille|cab|pickup|convertible|passenger car","8,172728|7,582402|5,855322|5,483122|5,334807","true"
"/private/var/containers/Bundle/Application/4D01D32A-B666-4384-B213-31BBF61E54F1/CVTestsSUI.app/imagenet-hard-50-subset-2500__n02930766__ILSVRC2012_val_00041873.JPEG","images/n02930766/imagenet-hard-50-subset-2500__n02930766__ILSVRC2012_val_00041873.JPEG","468","cab","436","beach wagon","9,967724","436|627|468|581|864","beach wagon|limousine|cab|grille|tow truck","9,967724|6,598618|6,470757|5,085695|4,697540","true"
"/private/var/containers/Bundle/Application/4D01D32A-B666-4384-B213-31BBF61E54F1/CVTestsSUI.app/imagenet-hard-50-subset-2500__n02814533__ILSVRC2012_val_00006220.JPEG","images/n02814533/imagenet-hard-50-subset-2500__n02814533__ILSVRC2012_val_00006220.JPEG","436","beach wagon","817","sports car","8,031363","817|511|581|436|479","sports car|convertible|grille|beach wagon|car wheel","8,031363|7,316532|7,215363|7,073598|5,957069","true"
"/private/var/containers/Bundle/Application/4D01D32A-B666-4384-B213-31BBF61E54F1/CVTestsSUI.app/imagenet-hard-50-subset-2500__n02814533__ILSVRC2012_val_00010252.JPEG","images/n02814533/imagenet-hard-50-subset-2500__n02814533__ILSVRC2012_val_00010252.JPEG","436","beach wagon","479","car wheel","8,541246","479|817|436|581|717","car wheel|sports car|beach wagon|grille|pickup","8,541246|6,737628|5,792946|5,494352|5,023676","true"
"/private/var/containers/Bundle/Application/4D01D32A-B666-4384-B213-31BBF61E54F1/CVTestsSUI.app/imagenet-hard-50-subset-2500__n02814533__ILSVRC2012_val_00011630.JPEG","images/n02814533/imagenet-hard-50-subset-2500__n02814533__ILSVRC2012_val_00011630.JPEG","436","beach wagon","701","parachute","7,774926","701|895|908|751|817","parachute|warplane|wing|racer|sports car","7,774926|6,431299|6,395029|5,669291|5,568670","false"
"/private/var/containers/Bundle/Application/4D01D32A-B666-4384-B213-31BBF61E54F1/CVTestsSUI.app/imagenet-hard-50-subset-2500__n02814533__ILSVRC2012_val_00014447.JPEG","images/n02814533/imagenet-hard-50-subset-2500__n02814533__ILSVRC2012_val_00014447.JPEG","436","beach wagon","479","car wheel","11,334711","479|535|661|581|818","car wheel|disk brake|Model T|grille|spotlight","11,334711|6,074834|3,936915|3,792613|3,561372","false"
"/private/var/containers/Bundle/Application/4D01D32A-B666-4384-B213-31BBF61E54F1/CVTestsSUI.app/imagenet-hard-50-subset-2500__n02814533__ILSVRC2012_val_00014541.JPEG","images/n02814533/imagenet-hard-50-subset-2500__n02814533__ILSVRC2012_val_00014541.JPEG","436","beach wagon","581","grille","9,962705","581|511|817|436|479","grille|convertible|sports car|beach wagon|car wheel","9,962705|8,147034|7,103539|6,539655|5,468750","true"
"/private/var/containers/Bundle/Application/4D01D32A-B666-4384-B213-31BBF61E54F1/CVTestsSUI.app/imagenet-hard-50-subset-2500__n02814533__ILSVRC2012_val_00015200.JPEG","images/n02814533/imagenet-hard-50-subset-2500__n02814533__ILSVRC2012_val_00015200.JPEG","436","beach wagon","656","minivan","9,779806","656|436|581|468|817","minivan|beach wagon|grille|cab|sports car","9,779806|7,804108|5,665830|5,541179|5,193248","true"
"/private/var/containers/Bundle/Application/4D01D32A-B666-4384-B213-31BBF61E54F1/CVTestsSUI.app/imagenet-hard-50-subset-2500__n02814533__ILSVRC2012_val_00021487.JPEG","images/n02814533/imagenet-hard-50-subset-2500__n02814533__ILSVRC2012_val_00021487.JPEG","436","beach wagon","581","grille","9,576721","581|468|511|817|436","grille|cab|convertible|sports car|beach wagon","9,576721|5,614476|5,588240|4,589536|4,456006","true"
"/private/var/containers/Bundle/Application/4D01D32A-B666-4384-B213-31BBF61E54F1/CVTestsSUI.app/imagenet-hard-50-subset-2500__n02814533__ILSVRC2012_val_00027049.JPEG","images/n02814533/imagenet-hard-50-subset-2500__n02814533__ILSVRC2012_val_00027049.JPEG","436","beach wagon","817","sports car","7,070376","817|468|656|479|705","sports car|cab|minivan|car wheel|passenger car","7,070376|6,973802|6,823053|5,594478|5,553900","false"
"/private/var/containers/Bundle/Application/4D01D32A-B666-4384-B213-31BBF61E54F1/CVTestsSUI.app/imagenet-hard-50-subset-2500__n02814533__ILSVRC2012_val_00029057.JPEG","images/n02814533/imagenet-hard-50-subset-2500__n02814533__ILSVRC2012_val_00029057.JPEG","436","beach wagon","479","car wheel","7,036794","479|817|436|468|751","car wheel|sports car|beach wagon|cab|racer","7,036794|6,265771|5,993996|5,849525|5,760128","true"
"/private/var/containers/Bundle/Application/4D01D32A-B666-4384-B213-31BBF61E54F1/CVTestsSUI.app/imagenet-hard-50-subset-2500__n02814533__ILSVRC2012_val_00030834.JPEG","images/n02814533/imagenet-hard-50-subset-2500__n02814533__ILSVRC2012_val_00030834.JPEG","436","beach wagon","717","pickup","6,460349","717|864|468|654|656","pickup|tow truck|cab|minibus|minivan","6,460349|6,078864|6,022015|5,230088|5,062844","false"
"/private/var/containers/Bundle/Application/4D01D32A-B666-4384-B213-31BBF61E54F1/CVTestsSUI.app/imagenet-hard-50-subset-2500__n02814533__ILSVRC2012_val_00031765.JPEG","images/n02814533/imagenet-hard-50-subset-2500__n02814533__ILSVRC2012_val_00031765.JPEG","436","beach wagon","421","bannister","7,106222","421|743|520|729|506","bannister|prison|crib|plate rack|coil","7,106222|6,559369|5,899374|5,208675|4,998771","false"
"/private/var/containers/Bundle/Application/4D01D32A-B666-4384-B213-31BBF61E54F1/CVTestsSUI.app/imagenet-hard-50-subset-2500__n02814533__ILSVRC2012_val_00031828.JPEG","images/n02814533/imagenet-hard-50-subset-2500__n02814533__ILSVRC2012_val_00031828.JPEG","436","beach wagon","468","cab","7,350424","468|436|627|656|581","cab|beach wagon|limousine|minivan|grille","7,350424|5,778235|5,434952|5,285162|4,904451","true"
"/private/var/containers/Bundle/Application/4D01D32A-B666-4384-B213-31BBF61E54F1/CVTestsSUI.app/imagenet-hard-50-subset-2500__n02814533__ILSVRC2012_val_00031953.JPEG","images/n02814533/imagenet-hard-50-subset-2500__n02814533__ILSVRC2012_val_00031953.JPEG","436","beach wagon","817","sports car","6,477930","817|717|511|436|479","sports car|pickup|convertible|beach wagon|car wheel","6,477930|6,370058|6,304055|5,642983|5,381518","true"
"/private/var/containers/Bundle/Application/4D01D32A-B666-4384-B213-31BBF61E54F1/CVTestsSUI.app/imagenet-hard-50-subset-2500__n02814533__ILSVRC2012_val_00038392.JPEG","images/n02814533/imagenet-hard-50-subset-2500__n02814533__ILSVRC2012_val_00038392.JPEG","436","beach wagon","656","minivan","8,484460","656|436|627|581|479","minivan|beach wagon|limousine|grille|car wheel","8,484460|8,014837|6,814876|6,411319|5,875309","true"
"/private/var/containers/Bundle/Application/4D01D32A-B666-4384-B213-31BBF61E54F1/CVTestsSUI.app/imagenet-hard-50-subset-2500__n02814533__ILSVRC2012_val_00042597.JPEG","images/n02814533/imagenet-hard-50-subset-2500__n02814533__ILSVRC2012_val_00042597.JPEG","436","beach wagon","734","police van","11,308626","734|468|656|407|436","police van|cab|minivan|ambulance|beach wagon","11,308626|7,305780|6,388638|5,442396|4,597588","true"
"/private/var/containers/Bundle/Application/4D01D32A-B666-4384-B213-31BBF61E54F1/CVTestsSUI.app/imagenet-hard-50-subset-2500__n02814533__ILSVRC2012_val_00048556.JPEG","images/n02814533/imagenet-hard-50-subset-2500__n02814533__ILSVRC2012_val_00048556.JPEG","436","beach wagon","817","sports car","6,716748","817|468|705|751|479","sports car|cab|passenger car|racer|car wheel","6,716748|6,411814|6,254728|5,443675|5,274763","false"
"/private/var/containers/Bundle/Application/4D01D32A-B666-4384-B213-31BBF61E54F1/CVTestsSUI.app/imagenet-hard-50-subset-2500__n03594945__ILSVRC2012_val_00000659.JPEG","images/n03594945/imagenet-hard-50-subset-2500__n03594945__ILSVRC2012_val_00000659.JPEG","609","jeep","803","snowplow","10,387819","803|867|864|802|565","snowplow|trailer truck|tow truck|snowmobile|freight car","10,387819|5,758795|5,194599|5,189299|5,036095","false"
"/private/var/containers/Bundle/Application/4D01D32A-B666-4384-B213-31BBF61E54F1/CVTestsSUI.app/imagenet-hard-50-subset-2500__n03594945__ILSVRC2012_val_00004439.JPEG","images/n03594945/imagenet-hard-50-subset-2500__n03594945__ILSVRC2012_val_00004439.JPEG","609","jeep","586","half track","6,709502","586|609|408|652|407","half track|jeep|amphibian|military uniform|ambulance","6,709502|6,326152|5,396362|5,349916|5,278306","true"
"/private/var/containers/Bundle/Application/4D01D32A-B666-4384-B213-31BBF61E54F1/CVTestsSUI.app/imagenet-hard-50-subset-2500__n03594945__ILSVRC2012_val_00005147.JPEG","images/n03594945/imagenet-hard-50-subset-2500__n03594945__ILSVRC2012_val_00005147.JPEG","609","jeep","915","yurt","7,826201","915|672|609|757|879","yurt|mountain tent|jeep|recreational vehicle|umbrella","7,826201|5,737094|5,237629|4,893772|4,869062","true"
"/private/var/containers/Bundle/Application/4D01D32A-B666-4384-B213-31BBF61E54F1/CVTestsSUI.app/imagenet-hard-50-subset-2500__n03594945__ILSVRC2012_val_00006530.JPEG","images/n03594945/imagenet-hard-50-subset-2500__n03594945__ILSVRC2012_val_00006530.JPEG","609","jeep","595","harvester","6,199303","595|609|864|867|866","harvester|jeep|tow truck|trailer truck|tractor","6,199303|5,970853|5,042719|4,979527|4,118125","true"
"/private/var/containers/Bundle/Application/4D01D32A-B666-4384-B213-31BBF61E54F1/CVTestsSUI.app/imagenet-hard-50-subset-2500__n03594945__ILSVRC2012_val_00009983.JPEG","images/n03594945/imagenet-hard-50-subset-2500__n03594945__ILSVRC2012_val_00009983.JPEG","609","jeep","654","minibus","8,861588","654|656|734|468|569","minibus|minivan|police van|cab|garbage truck","8,861588|7,280401|7,178582|6,594202|6,168466","false"
"/private/var/containers/Bundle/Application/4D01D32A-B666-4384-B213-31BBF61E54F1/CVTestsSUI.app/imagenet-hard-50-subset-2500__n03594945__ILSVRC2012_val_00014198.JPEG","images/n03594945/imagenet-hard-50-subset-2500__n03594945__ILSVRC2012_val_00014198.JPEG","609","jeep","660","mobile home","7,790739","660|675|609|864|586","mobile home|moving van|jeep|tow truck|half track","7,790739|7,012857|6,568503|4,469778|4,179123","true"
"/private/var/containers/Bundle/Application/4D01D32A-B666-4384-B213-31BBF61E54F1/CVTestsSUI.app/imagenet-hard-50-subset-2500__n03594945__ILSVRC2012_val_00014841.JPEG","images/n03594945/imagenet-hard-50-subset-2500__n03594945__ILSVRC2012_val_00014841.JPEG","609","jeep","866","tractor","6,622304","866|408|913|609|978","tractor|amphibian|wreck|jeep|seashore","6,622304|6,478192|5,863597|5,817092|5,544976","true"
"/private/var/containers/Bundle/Application/4D01D32A-B666-4384-B213-31BBF61E54F1/CVTestsSUI.app/imagenet-hard-50-subset-2500__n03594945__ILSVRC2012_val_00016456.JPEG","images/n03594945/imagenet-hard-50-subset-2500__n03594945__ILSVRC2012_val_00016456.JPEG","609","jeep","803","snowplow","6,704898","803|408|595|694|814","snowplow|amphibian|harvester|paddlewheel|speedboat","6,704898|5,570529|4,906876|4,226870|4,218935","false"
"/private/var/containers/Bundle/Application/4D01D32A-B666-4384-B213-31BBF61E54F1/CVTestsSUI.app/imagenet-hard-50-subset-2500__n03594945__ILSVRC2012_val_00018474.JPEG","images/n03594945/imagenet-hard-50-subset-2500__n03594945__ILSVRC2012_val_00018474.JPEG","609","jeep","819","stage","7,812076","819|696|456|558|875","stage|paintbrush|bow|flute|trombone","7,812076|5,403535|5,277664|4,855019|4,657909","false"
"/private/var/containers/Bundle/Application/4D01D32A-B666-4384-B213-31BBF61E54F1/CVTestsSUI.app/imagenet-hard-50-subset-2500__n03594945__ILSVRC2012_val_00020829.JPEG","images/n03594945/imagenet-hard-50-subset-2500__n03594945__ILSVRC2012_val_00020829.JPEG","609","jeep","436","beach wagon","9,848841","436|609|656|717|479","beach wagon|jeep|minivan|pickup|car wheel","9,848841|9,599503|5,726724|4,064944|3,868548","true"
"/private/var/containers/Bundle/Application/4D01D32A-B666-4384-B213-31BBF61E54F1/CVTestsSUI.app/imagenet-hard-50-subset-2500__n03594945__ILSVRC2012_val_00028405.JPEG","images/n03594945/imagenet-hard-50-subset-2500__n03594945__ILSVRC2012_val_00028405.JPEG","609","jeep","407","ambulance","9,849597","407|609|734|757|864","ambulance|jeep|police van|recreational vehicle|tow truck","9,849597|8,940338|6,222544|3,842613|3,645732","true"
"/private/var/containers/Bundle/Application/4D01D32A-B666-4384-B213-31BBF61E54F1/CVTestsSUI.app/imagenet-hard-50-subset-2500__n03594945__ILSVRC2012_val_00035162.JPEG","images/n03594945/imagenet-hard-50-subset-2500__n03594945__ILSVRC2012_val_00035162.JPEG","609","jeep","500","cliff dwelling","8,800893","500|609|972|656|825","cliff dwelling|jeep|cliff|minivan|stone wall","8,800893|8,673903|6,206764|5,381690|4,121786","true"
"/private/var/containers/Bundle/Application/4D01D32A-B666-4384-B213-31BBF61E54F1/CVTestsSUI.app/imagenet-hard-50-subset-2500__n03670208__ILSVRC2012_val_00000976.JPEG","images/n03670208/imagenet-hard-50-subset-2500__n03670208__ILSVRC2012_val_00000976.JPEG","627","limousine","785","seat belt","7,768449","785|627|656|797|654","seat belt|limousine|minivan|sleeping bag|minibus","7,768449|5,951214|5,616122|4,631786|4,574424","true"
"/private/var/containers/Bundle/Application/4D01D32A-B666-4384-B213-31BBF61E54F1/CVTestsSUI.app/imagenet-hard-50-subset-2500__n03670208__ILSVRC2012_val_00004036.JPEG","images/n03670208/imagenet-hard-50-subset-2500__n03670208__ILSVRC2012_val_00004036.JPEG","627","limousine","716","picket fence","7,489332","716|617|982|887|627","picket fence|lab coat|groom|vestment|limousine","7,489332|7,185536|6,600369|6,519111|6,321227","true"
"/private/var/containers/Bundle/Application/4D01D32A-B666-4384-B213-31BBF61E54F1/CVTestsSUI.app/imagenet-hard-50-subset-2500__n03670208__ILSVRC2012_val_00007113.JPEG","images/n03670208/imagenet-hard-50-subset-2500__n03670208__ILSVRC2012_val_00007113.JPEG","627","limousine","511","convertible","8,087148","511|627|817|479|436","convertible|limousine|sports car|car wheel|beach wagon","8,087148|7,513946|7,192623|6,835096|5,477216","true"
"/private/var/containers/Bundle/Application/4D01D32A-B666-4384-B213-31BBF61E54F1/CVTestsSUI.app/imagenet-hard-50-subset-2500__n03670208__ILSVRC2012_val_00013054.JPEG","images/n03670208/imagenet-hard-50-subset-2500__n03670208__ILSVRC2012_val_00013054.JPEG","627","limousine","751","racer","8,045893","751|817|581|656|468","racer|sports car|grille|minivan|cab","8,045893|6,576694|5,567447|4,949785|4,583283","false"
"/private/var/containers/Bundle/Application/4D01D32A-B666-4384-B213-31BBF61E54F1/CVTestsSUI.app/imagenet-hard-50-subset-2500__n03670208__ILSVRC2012_val_00024440.JPEG","images/n03670208/imagenet-hard-50-subset-2500__n03670208__ILSVRC2012_val_00024440.JPEG","627","limousine","656","minivan","6,831682","656|468|627|498|818","minivan|cab|limousine|cinema|spotlight","6,831682|6,749572|5,315936|4,762240|4,347138","true"
"/private/var/containers/Bundle/Application/4D01D32A-B666-4384-B213-31BBF61E54F1/CVTestsSUI.app/imagenet-hard-50-subset-2500__n03670208__ILSVRC2012_val_00033422.JPEG","images/n03670208/imagenet-hard-50-subset-2500__n03670208__ILSVRC2012_val_00033422.JPEG","627","limousine","436","beach wagon","8,296118","436|511|479|656|627","beach wagon|convertible|car wheel|minivan|limousine","8,296118|7,203077|6,925100|6,918650|6,843779","true"
"/private/var/containers/Bundle/Application/4D01D32A-B666-4384-B213-31BBF61E54F1/CVTestsSUI.app/imagenet-hard-50-subset-2500__n03670208__ILSVRC2012_val_00033993.JPEG","images/n03670208/imagenet-hard-50-subset-2500__n03670208__ILSVRC2012_val_00033993.JPEG","627","limousine","468","cab","6,395894","468|817|656|627|920","cab|sports car|minivan|limousine|traffic light","6,395894|6,380720|6,183111|6,022255|5,945736","true"
"/private/var/containers/Bundle/Application/4D01D32A-B666-4384-B213-31BBF61E54F1/CVTestsSUI.app/imagenet-hard-50-subset-2500__n03670208__ILSVRC2012_val_00042844.JPEG","images/n03670208/imagenet-hard-50-subset-2500__n03670208__ILSVRC2012_val_00042844.JPEG","627","limousine","656","minivan","6,881015","656|436|581|511|479","minivan|beach wagon|grille|convertible|car wheel","6,881015|6,123692|6,078990|5,930092|5,809340","false"
"/private/var/containers/Bundle/Application/4D01D32A-B666-4384-B213-31BBF61E54F1/CVTestsSUI.app/imagenet-hard-50-subset-2500__n03670208__ILSVRC2012_val_00044056.JPEG","images/n03670208/imagenet-hard-50-subset-2500__n03670208__ILSVRC2012_val_00044056.JPEG","627","limousine","654","minibus","6,643095","654|627|867|609|734","minibus|limousine|trailer truck|jeep|police van","6,643095|5,947520|5,906106|5,757792|5,653546","true"
"/private/var/containers/Bundle/Application/4D01D32A-B666-4384-B213-31BBF61E54F1/CVTestsSUI.app/imagenet-hard-50-subset-2500__n03670208__ILSVRC2012_val_00046007.JPEG","images/n03670208/imagenet-hard-50-subset-2500__n03670208__ILSVRC2012_val_00046007.JPEG","627","limousine","803","snowplow","5,922608","803|537|450|802|795","snowplow|dogsled|bobsled|snowmobile|ski","5,922608|5,783741|5,185383|5,054127|4,347668","false"
"/private/var/containers/Bundle/Application/4D01D32A-B666-4384-B213-31BBF61E54F1/CVTestsSUI.app/imagenet-hard-50-subset-2500__n03670208__ILSVRC2012_val_00049113.JPEG","images/n03670208/imagenet-hard-50-subset-2500__n03670208__ILSVRC2012_val_00049113.JPEG","627","limousine","468","cab","7,823524","468|751|627|436|656","cab|racer|limousine|beach wagon|minivan","7,823524|6,500732|5,687199|5,486375|4,832256","true"