"imagePath","imageId","groundTruthIndex","groundTruthLabel","predictedTop1Index","predictedTop1Label","predictedTop1Score","top5Indices","top5Labels","top5Scores","isTop5Correct"
"/private/var/containers/Bundle/Application/4D01D32A-B666-4384-B213-31BBF61E54F1/CVTestsSUI.app/imagenet-hard-50-subset-2500__n02085620__ILSVRC2012_val_00002921.JPEG","images/n02085620/imagenet-hard-50-subset-2500__n02085620__ILSVRC2012_val_00002921.JPEG","151","Chihuahua","104","wallaby","8,507812","104|227|253|237|235","wallaby|kelpie|basenji|miniature pinscher|German shepherd","8,507812|6,714844|6,417969|5,457031|5,105469","false"
"/private/var/containers/Bundle/Application/4D01D32A-B666-4384-B213-31BBF61E54F1/CVTestsSUI.app/imagenet-hard-50-subset-2500__n02085620__ILSVRC2012_val_00006079.JPEG","images/n02085620/imagenet-hard-50-subset-2500__n02085620__ILSVRC2012_val_00006079.JPEG","151","Chihuahua","876","tub","8,367188","876|151|435|265|182","tub|Chihuahua|bathtub|toy poodle|Border terrier","8,367188|7,531250|7,148438|5,562500|4,683594","true"
"/private/var/containers/Bundle/Application/4D01D32A-B666-4384-B213-31BBF61E54F1/CVTestsSUI.app/imagenet-hard-50-subset-2500__n02085620__ILSVRC2012_val_00011639.JPEG","images/n02085620/imagenet-hard-50-subset-2500__n02085620__ILSVRC2012_val_00011639.JPEG","151","Chihuahua","234","Rottweiler","8,687500","234|165|163|235|243","Rottweiler|black-and-tan coonhound|bloodhound|German shepherd|bull mastiff","8,687500|6,468750|5,953125|5,890625|5,871094","false"
"/private/var/containers/Bundle/Application/4D01D32A-B666-4384-B213-31BBF61E54F1/CVTestsSUI.app/imagenet-hard-50-subset-2500__n02085620__ILSVRC2012_val_00011900.JPEG","images/n02085620/imagenet-hard-50-subset-2500__n02085620__ILSVRC2012_val_00011900.JPEG","151","Chihuahua","171","Italian greyhound","8,429688","171|172|180|284|179","Italian greyhound|whippet|American Staffordshire terrier|Siamese cat|Staffordshire bullterrier","8,429688|7,628906|7,289062|6,304688|5,144531","false"
"/private/var/containers/Bundle/Application/4D01D32A-B666-4384-B213-31BBF61E54F1/CVTestsSUI.app/imagenet-hard-50-subset-2500__n02085620__ILSVRC2012_val_00013195.JPEG","images/n02085620/imagenet-hard-50-subset-2500__n02085620__ILSVRC2012_val_00013195.JPEG","151","Chihuahua","158","toy terrier","9,937500","158|151|268|157|237","toy terrier|Chihuahua|Mexican hairless|papillon|miniature pinscher","9,937500|9,726562|4,777344|4,761719|4,644531","true"
"/private/var/containers/Bundle/Application/4D01D32A-B666-4384-B213-31BBF61E54F1/CVTestsSUI.app/imagenet-hard-50-subset-2500__n02085620__ILSVRC2012_val_00014409.JPEG","images/n02085620/imagenet-hard-50-subset-2500__n02085620__ILSVRC2012_val_00014409.JPEG","151","Chihuahua","162","beagle","8,500000","162|263|264|167|253","beagle|Pembroke|Cardigan|English foxhound|basenji","8,500000|5,695312|4,761719|4,613281|4,402344","false"
"/private/var/containers/Bundle/Application/4D01D32A-B666-4384-B213-31BBF61E54F1/CVTestsSUI.app/imagenet-hard-50-subset-2500__n02085620__ILSVRC2012_val_00016688.JPEG","images/n02085620/imagenet-hard-50-subset-2500__n02085620__ILSVRC2012_val_00016688.JPEG","151","Chihuahua","259","Pomeranian","9,109375","259|154|151|152|157","Pomeranian|Pekinese|Chihuahua|Japanese spaniel|papillon","9,109375|6,945312|6,687500|6,550781|5,667969","true"
"/private/var/containers/Bundle/Application/4D01D32A-B666-4384-B213-31BBF61E54F1/CVTestsSUI.app/imagenet-hard-50-subset-2500__n02085620__ILSVRC2012_val_00016757.JPEG","images/n02085620/imagenet-hard-50-subset-2500__n02085620__ILSVRC2012_val_00016757.JPEG","151","Chihuahua","157","papillon","8,820312","157|151|158|259|263","papillon|Chihuahua|toy terrier|Pomeranian|Pembroke","8,820312|8,234375|5,496094|3,726562|3,539062","true"
"/private/var/containers/Bundle/Application/4D01D32A-B666-4384-B213-31BBF61E54F1/CVTestsSUI.app/imagenet-hard-50-subset-2500__n02085620__ILSVRC2012_val_00017702.JPEG","images/n02085620/imagenet-hard-50-subset-2500__n02085620__ILSVRC2012_val_00017702.JPEG","151","Chihuahua","217","English springer","7,355469","217|264|232|225|170","English springer|Cardigan|Border collie|malinois|Irish wolfhound","7,355469|6,183594|5,777344|5,628906|5,250000","false"
"/private/var/containers/Bundle/Application/4D01D32A-B666-4384-B213-31BBF61E54F1/CVTestsSUI.app/imagenet-hard-50-subset-2500__n02085620__ILSVRC2012_val_00019402.JPEG","images/n02085620/imagenet-hard-50-subset-2500__n02085620__ILSVRC2012_val_00019402.JPEG","151","Chihuahua","186","Norwich terrier","10,078125","186|192|185|182|203","Norwich terrier|cairn|Norfolk terrier|Border terrier|West Highland white terrier","10,078125|8,531250|6,433594|5,738281|5,531250","false"
"/private/var/containers/Bundle/Application/4D01D32A-B666-4384-B213-31BBF61E54F1/CVTestsSUI.app/imagenet-hard-50-subset-2500__n02085620__ILSVRC2012_val_00022609.JPEG","images/n02085620/imagenet-hard-50-subset-2500__n02085620__ILSVRC2012_val_00022609.JPEG","151","Chihuahua","195","Boston bull","7,554688","195|245|151|158|254","Boston bull|French bulldog|Chihuahua|toy terrier|pug","7,554688|6,277344|5,898438|4,675781|3,527344","true"
"/private/var/containers/Bundle/Application/4D01D32A-B666-4384-B213-31BBF61E54F1/CVTestsSUI.app/imagenet-hard-50-subset-2500__n02085620__ILSVRC2012_val_00023886.JPEG","images/n02085620/imagenet-hard-50-subset-2500__n02085620__ILSVRC2012_val_00023886.JPEG","151","Chihuahua","182","Border terrier","6,234375","182|263|174|235|342","Border terrier|Pembroke|Norwegian elkhound|German shepherd|wild boar","6,234375|5,066406|4,914062|4,273438|3,906250","false"
"/private/var/containers/Bundle/Application/4D01D32A-B666-4384-B213-31BBF61E54F1/CVTestsSUI.app/imagenet-hard-50-subset-2500__n02085620__ILSVRC2012_val_00027452.JPEG","images/n02085620/imagenet-hard-50-subset-2500__n02085620__ILSVRC2012_val_00027452.JPEG","151","Chihuahua","231","collie","7,031250","231|230|257|355|226","collie|Shetland sheepdog|Great Pyrenees|llama|briard","7,031250|5,496094|4,527344|4,296875|4,273438","false"
"/private/var/containers/Bundle/Application/4D01D32A-B666-4384-B213-31BBF61E54F1/CVTestsSUI.app/imagenet-hard-50-subset-2500__n02085620__ILSVRC2012_val_00028943.JPEG","images/n02085620/imagenet-hard-50-subset-2500__n02085620__ILSVRC2012_val_00028943.JPEG","151","Chihuahua","259","Pomeranian","6,332031","259|154|151|158|157","Pomeranian|Pekinese|Chihuahua|toy terrier|papillon","6,332031|6,011719|5,039062|4,277344|4,078125","true"
"/private/var/containers/Bundle/Application/4D01D32A-B666-4384-B213-31BBF61E54F1/CVTestsSUI.app/imagenet-hard-50-subset-2500__n02085620__ILSVRC2012_val_00029289.JPEG","images/n02085620/imagenet-hard-50-subset-2500__n02085620__ILSVRC2012_val_00029289.JPEG","151","Chihuahua","157","papillon","7,707031","157|151|158|259|278","papillon|Chihuahua|toy terrier|Pomeranian|kit fox","7,707031|7,605469|6,281250|5,933594|4,152344","true"
"/private/var/containers/Bundle/Application/4D01D32A-B666-4384-B213-31BBF61E54F1/CVTestsSUI.app/imagenet-hard-50-subset-2500__n02085620__ILSVRC2012_val_00037791.JPEG","images/n02085620/imagenet-hard-50-subset-2500__n02085620__ILSVRC2012_val_00037791.JPEG","151","Chihuahua","157","papillon","7,546875","157|151|154|155|156","papillon|Chihuahua|Pekinese|Shih-Tzu|Blenheim spaniel","7,546875|7,058594|5,402344|5,125000|4,957031","true"
"/private/var/containers/Bundle/Application/4D01D32A-B666-4384-B213-31BBF61E54F1/CVTestsSUI.app/imagenet-hard-50-subset-2500__n02085782__ILSVRC2012_val_00004671.JPEG","images/n02085782/imagenet-hard-50-subset-2500__n02085782__ILSVRC2012_val_00004671.JPEG","152","Japanese spaniel","156","Blenheim spaniel","8,226562","156|152|157|217|214","Blenheim spaniel|Japanese spaniel|papillon|English springer|Gordon setter","8,226562|6,902344|5,597656|4,726562|4,097656","true"
"/private/var/containers/Bundle/Application/4D01D32A-B666-4384-B213-31BBF61E54F1/CVTestsSUI.app/imagenet-hard-50-subset-2500__n02085782__ILSVRC2012_val_00006146.JPEG","images/n02085782/imagenet-hard-50-subset-2500__n02085782__ILSVRC2012_val_00006146.JPEG","152","Japanese spaniel","155","Shih-Tzu","10,375000","155|204|200|152|154","Shih-Tzu|Lhasa|Tibetan terrier|Japanese spaniel|Pekinese","10,375000|8,093750|5,246094|3,685547|3,630859","true"
"/private/var/containers/Bundle/Application/4D01D32A-B666-4384-B213-31BBF61E54F1/CVTestsSUI.app/imagenet-hard-50-subset-2500__n02085782__ILSVRC2012_val_00010516.JPEG","images/n02085782/imagenet-hard-50-subset-2500__n02085782__ILSVRC2012_val_00010516.JPEG","152","Japanese spaniel","156","Blenheim spaniel","7,000000","156|212|217|219|216","Blenheim spaniel|English setter|English springer|cocker spaniel|clumber","7,000000|6,597656|6,519531|6,113281|5,781250","false"
"/private/var/containers/Bundle/Application/4D01D32A-B666-4384-B213-31BBF61E54F1/CVTestsSUI.app/imagenet-hard-50-subset-2500__n02085782__ILSVRC2012_val_00012298.JPEG","images/n02085782/imagenet-hard-50-subset-2500__n02085782__ILSVRC2012_val_00012298.JPEG","152","Japanese spaniel","156","Blenheim spaniel","7,503906","156|218|220|247|152","Blenheim spaniel|Welsh springer spaniel|Sussex spaniel|Saint Bernard|Japanese spaniel","7,503906|6,453125|4,671875|4,398438|3,970703","true"
"/private/var/containers/Bundle/Application/4D01D32A-B666-4384-B213-31BBF61E54F1/CVTestsSUI.app/imagenet-hard-50-subset-2500__n02085782__ILSVRC2012_val_00018296.JPEG","images/n02085782/imagenet-hard-50-subset-2500__n02085782__ILSVRC2012_val_00018296.JPEG","152","Japanese spaniel","154","Pekinese","7,878906","154|152|262|151|155","Pekinese|Japanese spaniel|Brabancon griffon|Chihuahua|Shih-Tzu","7,878906|7,410156|5,343750|4,085938|3,712891","true"
"/private/var/containers/Bundle/Application/4D01D32A-B666-4384-B213-31BBF61E54F1/CVTestsSUI.app/imagenet-hard-50-subset-2500__n02085782__ILSVRC2012_val_00021896.JPEG","images/n02085782/imagenet-hard-50-subset-2500__n02085782__ILSVRC2012_val_00021896.JPEG","152","Japanese spaniel","154","Pekinese","6,625000","154|152|262|244|220","Pekinese|Japanese spaniel|Brabancon griffon|Tibetan mastiff|Sussex spaniel","6,625000|5,179688|4,820312|4,425781|3,867188","true"
"/private/var/containers/Bundle/Application/4D01D32A-B666-4384-B213-31BBF61E54F1/CVTestsSUI.app/imagenet-hard-50-subset-2500__n02085782__ILSVRC2012_val_00029262.JPEG","images/n02085782/imagenet-hard-50-subset-2500__n02085782__ILSVRC2012_val_00029262.JPEG","152","Japanese spaniel","157","papillon","7,968750","157|152|259|154|151","papillon|Japanese spaniel|Pomeranian|Pekinese|Chihuahua","7,968750|7,902344|6,578125|6,574219|5,957031","true"
"/private/var/containers/Bundle/Application/4D01D32A-B666-4384-B213-31BBF61E54F1/CVTestsSUI.app/imagenet-hard-50-subset-2500__n02085782__ILSVRC2012_val_00033476.JPEG","images/n02085782/imagenet-hard-50-subset-2500__n02085782__ILSVRC2012_val_00033476.JPEG","152","Japanese spaniel","156","Blenheim spaniel","8,656250","156|152|157|220|218","Blenheim spaniel|Japanese spaniel|papillon|Sussex spaniel|Welsh springer spaniel","8,656250|7,492188|4,929688|4,691406|3,582031","true"
"/private/var/containers/Bundle/Application/4D01D32A-B666-4384-B213-31BBF61E54F1/CVTestsSUI.app/imagenet-hard-50-subset-2500__n02085782__ILSVRC2012_val_00034040.JPEG","images/n02085782/imagenet-hard-50-subset-2500__n02085782__ILSVRC2012_val_00034040.JPEG","152","Japanese spaniel","157","papillon","8,890625","157|152|232|259|230","papillon|Japanese spaniel|Border collie|Pomeranian|Shetland sheepdog","8,890625|8,632812|6,261719|4,914062|4,871094","true"
"/private/var/containers/Bundle/Application/4D01D32A-B666-4384-B213-31BBF61E54F1/CVTestsSUI.app/imagenet-hard-50-subset-2500__n02085782__ILSVRC2012_val_00036267.JPEG","images/n02085782/imagenet-hard-50-subset-2500__n02085782__ILSVRC2012_val_00036267.JPEG","152","Japanese spaniel","157","papillon","9,484375","157|152|156|220|151","papillon|Japanese spaniel|Blenheim spaniel|Sussex spaniel|Chihuahua","9,484375|6,496094|4,933594|2,992188|2,904297","true"
"/private/var/containers/Bundle/Application/4D01D32A-B666-4384-B213-31BBF61E54F1/CVTestsSUI.app/imagenet-hard-50-subset-2500__n02085782__ILSVRC2012_val_00043776.JPEG","images/n02085782/imagenet-hard-50-subset-2500__n02085782__ILSVRC2012_val_00043776.JPEG","152","Japanese spaniel","154","Pekinese","8,656250","154|152|259|200|157","Pekinese|Japanese spaniel|Pomeranian|Tibetan terrier|papillon","8,656250|5,984375|5,105469|4,082031|3,832031","true"
"/private/var/containers/Bundle/Application/4D01D32A-B666-4384-B213-31BBF61E54F1/CVTestsSUI.app/imagenet-hard-50-subset-2500__n02085782__ILSVRC2012_val_00044642.JPEG","images/n02085782/imagenet-hard-50-subset-2500__n02085782__ILSVRC2012_val_00044642.JPEG","152","Japanese spaniel","157","papillon","9,250000","157|152|232|231|217","papillon|Japanese spaniel|Border collie|collie|English springer","9,250000|7,914062|7,296875|4,738281|4,320312","true"
"/private/var/containers/Bundle/Application/4D01D32A-B666-4384-B213-31BBF61E54F1/CVTestsSUI.app/imagenet-hard-50-subset-2500__n02085936__ILSVRC2012_val_00010238.JPEG","images/n02085936/imagenet-hard-50-subset-2500__n02085936__ILSVRC2012_val_00010238.JPEG","153","Maltese dog","204","Lhasa","8,148438","204|153|155|200|154","Lhasa|Maltese dog|Shih-Tzu|Tibetan terrier|Pekinese","8,148438|7,289062|6,410156|4,847656|3,445312","true"
"/private/var/containers/Bundle/Application/4D01D32A-B666-4384-B213-31BBF61E54F1/CVTestsSUI.app/imagenet-hard-50-subset-2500__n02085936__ILSVRC2012_val_00011768.JPEG","images/n02085936/imagenet-hard-50-subset-2500__n02085936__ILSVRC2012_val_00011768.JPEG","153","Maltese dog","204","Lhasa","8,992188","204|153|216|219|155","Lhasa|Maltese dog|clumber|cocker spaniel|Shih-Tzu","8,992188|7,828125|7,648438|7,406250|7,031250","true"
"/private/var/containers/Bundle/Application/4D01D32A-B666-4384-B213-31BBF61E54F1/CVTestsSUI.app/imagenet-hard-50-subset-2500__n02085936__ILSVRC2012_val_00015300.JPEG","images/n02085936/imagenet-hard-50-subset-2500__n02085936__ILSVRC2012_val_00015300.JPEG","153","Maltese dog","805","soccer ball","5,855469","805|265|153|228|266","soccer ball|toy poodle|Maltese dog|komondor|miniature poodle","5,855469|5,667969|5,539062|4,929688|4,828125","true"
"/private/var/containers/Bundle/Application/4D01D32A-B666-4384-B213-31BBF61E54F1/CVTestsSUI.app/imagenet-hard-50-subset-2500__n02085936__ILSVRC2012_val_00033310.JPEG","images/n02085936/imagenet-hard-50-subset-2500__n02085936__ILSVRC2012_val_00033310.JPEG","153","Maltese dog","222","kuvasz","8,242188","222|267|265|266|181","kuvasz|standard poodle|toy poodle|miniature poodle|Bedlington terrier","8,242188|6,875000|6,457031|6,332031|6,296875","false"
"/private/var/containers/Bundle/Application/4D01D32A-B666-4384-B213-31BBF61E54F1/CVTestsSUI.app/imagenet-hard-50-subset-2500__n02085936__ILSVRC2012_val_00034259.JPEG","images/n02085936/imagenet-hard-50-subset-2500__n02085936__ILSVRC2012_val_00034259.JPEG","153","Maltese dog","200","Tibetan terrier","6,531250","200|204|202|265|266","Tibetan terrier|Lhasa|soft-coated wheaten terrier|toy poodle|miniature poodle","6,531250|6,441406|6,300781|6,277344|6,136719","false"
"/private/var/containers/Bundle/Application/4D01D32A-B666-4384-B213-31BBF61E54F1/CVTestsSUI.app/imagenet-hard-50-subset-2500__n02085936__ILSVRC2012_val_00039146.JPEG","images/n02085936/imagenet-hard-50-subset-2500__n02085936__ILSVRC2012_val_00039146.JPEG","153","Maltese dog","203","West Highland white terrier","9,328125","203|153|265|190|266","West Highland white terrier|Maltese dog|toy poodle|Sealyham terrier|miniature poodle","9,328125|8,382812|6,296875|5,480469|5,460938","true"
"/private/var/containers/Bundle/Application/4D01D32A-B666-4384-B213-31BBF61E54F1/CVTestsSUI.app/imagenet-hard-50-subset-2500__n02085936__ILSVRC2012_val_00041918.JPEG","images/n02085936/imagenet-hard-50-subset-2500__n02085936__ILSVRC2012_val_00041918.JPEG","153","Maltese dog","190","Sealyham terrier","7,039062","190|229|202|203|196","Sealyham terrier|Old English sheepdog|soft-coated wheaten terrier|West Highland white terrier|miniature schnauzer","7,039062|6,617188|5,164062|4,406250|4,281250","false"
"/private/var/containers/Bundle/Application/4D01D32A-B666-4384-B213-31BBF61E54F1/CVTestsSUI.app/imagenet-hard-50-subset-2500__n02085936__ILSVRC2012_val_00048783.JPEG","images/n02085936/imagenet-hard-50-subset-2500__n02085936__ILSVRC2012_val_00048783.JPEG","153","Maltese dog","200","Tibetan terrier","7,214844","200|153|204|229|190","Tibetan terrier|Maltese dog|Lhasa|Old English sheepdog|Sealyham terrier","7,214844|6,007812|5,007812|4,527344|4,488281","true"
"/private/var/containers/Bundle/Application/4D01D32A-B666-4384-B213-31BBF61E54F1/CVTestsSUI.app/imagenet-hard-50-subset-2500__n02086079__ILSVRC2012_val_00007111.JPEG","images/n02086079/imagenet-hard-50-subset-2500__n02086079__ILSVRC2012_val_00007111.JPEG","154","Pekinese","152","Japanese spaniel","6,824219","152|154|157|156|247","Japanese spaniel|Pekinese|papillon|Blenheim spaniel|Saint Bernard","6,824219|5,460938|5,281250|3,994141|3,908203","true"
"/private/var/containers/Bundle/Application/4D01D32A-B666-4384-B213-31BBF61E54F1/CVTestsSUI.app/imagenet-hard-50-subset-2500__n02086079__ILSVRC2012_val_00009105.JPEG","images/n02086079/imagenet-hard-50-subset-2500__n02086079__ILSVRC2012_val_00009105.JPEG","154","Pekinese","157","papillon","8,906250","157|232|152|215|151","papillon|Border collie|Japanese spaniel|Brittany spaniel|Chihuahua","8,906250|6,359375|5,453125|5,171875|4,925781","false"
"/private/var/containers/Bundle/Application/4D01D32A-B666-4384-B213-31BBF61E54F1/CVTestsSUI.app/imagenet-hard-50-subset-2500__n02086079__ILSVRC2012_val_00009250.JPEG","images/n02086079/imagenet-hard-50-subset-2500__n02086079__ILSVRC2012_val_00009250.JPEG","154","Pekinese","201","silky terrier","8,609375","201|187|193|204|200","silky terrier|Yorkshire terrier|Australian terrier|Lhasa|Tibetan terrier","8,609375|7,386719|6,078125|4,957031|4,207031","false"
"/private/var/containers/Bundle/Application/4D01D32A-B666-4384-B213-31BBF61E54F1/CVTestsSUI.app/imagenet-hard-50-subset-2500__n02086079__ILSVRC2012_val_00031157.JPEG","images/n02086079/imagenet-hard-50-subset-2500__n02086079__ILSVRC2012_val_00031157.JPEG","154","Pekinese","155","Shih-Tzu","7,507812","155|204|154|200|202","Shih-Tzu|Lhasa|Pekinese|Tibetan terrier|soft-coated wheaten terrier","7,507812|7,214844|7,070312|5,085938|3,757812","true"
"/private/var/containers/Bundle/Application/4D01D32A-B666-4384-B213-31BBF61E54F1/CVTestsSUI.app/imagenet-hard-50-subset-2500__n02086079__ILSVRC2012_val_00041109.JPEG","images/n02086079/imagenet-hard-50-subset-2500__n02086079__ILSVRC2012_val_00041109.JPEG","154","Pekinese","207","golden retriever","7,722656","207|154|219|222|151","golden retriever|Pekinese|cocker spaniel|kuvasz|Chihuahua","7,722656|7,156250|6,476562|6,281250|5,867188","true"
"/private/var/containers/Bundle/Application/4D01D32A-B666-4384-B213-31BBF61E54F1/CVTestsSUI.app/imagenet-hard-50-subset-2500__n02086079__ILSVRC2012_val_00044854.JPEG","images/n02086079/imagenet-hard-50-subset-2500__n02086079__ILSVRC2012_val_00044854.JPEG","154","Pekinese","201","silky terrier","8,976562","201|187|193|202|226","silky terrier|Yorkshire terrier|Australian terrier|soft-coated wheaten terrier|briard","8,976562|6,714844|4,929688|4,800781|4,214844","false"
"/private/var/containers/Bundle/Application/4D01D32A-B666-4384-B213-31BBF61E54F1/CVTestsSUI.app/imagenet-hard-50-subset-2500__n02086240__ILSVRC2012_val_00005898.JPEG","images/n02086240/imagenet-hard-50-subset-2500__n02086240__ILSVRC2012_val_00005898.JPEG","155","Shih-Tzu","204","Lhasa","8,312500","204|155|153|154|200","Lhasa|Shih-Tzu|Maltese dog|Pekinese|Tibetan terrier","8,312500|7,730469|6,570312|4,828125|3,386719","true"
"/private/var/containers/Bundle/Application/4D01D32A-B666-4384-B213-31BBF61E54F1/CVTestsSUI.app/imagenet-hard-50-subset-2500__n02086240__ILSVRC2012_val_00010550.JPEG","images/n02086240/imagenet-hard-50-subset-2500__n02086240__ILSVRC2012_val_00010550.JPEG","155","Shih-Tzu","157","papillon","7,753906","157|151|152|158|155","papillon|Chihuahua|Japanese spaniel|toy terrier|Shih-Tzu","7,753906|5,718750|5,234375|5,019531|4,792969","true"
"/private/var/containers/Bundle/Application/4D01D32A-B666-4384-B213-31BBF61E54F1/CVTestsSUI.app/imagenet-hard-50-subset-2500__n02086240__ILSVRC2012_val_00011869.JPEG","images/n02086240/imagenet-hard-50-subset-2500__n02086240__ILSVRC2012_val_00011869.JPEG","155","Shih-Tzu","154","Pekinese","8,101562","154|155|204|153|152","Pekinese|Shih-Tzu|Lhasa|Maltese dog|Japanese spaniel","8,101562|7,792969|5,667969|4,730469|3,345703","true"
"/private/var/containers/Bundle/Application/4D01D32A-B666-4384-B213-31BBF61E54F1/CVTestsSUI.app/imagenet-hard-50-subset-2500__n02086240__ILSVRC2012_val_00015738.JPEG","images/n02086240/imagenet-hard-50-subset-2500__n02086240__ILSVRC2012_val_00015738.JPEG","155","Shih-Tzu","219","cocker spaniel","11,257812","219|216|266|265|204","cocker spaniel|clumber|miniature poodle|toy poodle|Lhasa","11,257812|6,226562|5,464844|4,449219|4,429688","false"
"/private/var/containers/Bundle/Application/4D01D32A-B666-4384-B213-31BBF61E54F1/CVTestsSUI.app/imagenet-hard-50-subset-2500__n02086240__ILSVRC2012_val_00023653.JPEG","images/n02086240/imagenet-hard-50-subset-2500__n02086240__ILSVRC2012_val_00023653.JPEG","155","Shih-Tzu","252","affenpinscher","8,570312","252|204|155|200|192","affenpinscher|Lhasa|Shih-Tzu|Tibetan terrier|cairn","8,570312|6,882812|6,421875|5,550781|4,476562","true"
"/private/var/containers/Bundle/Application/4D01D32A-B666-4384-B213-31BBF61E54F1/CVTestsSUI.app/imagenet-hard-50-subset-2500__n02086240__ILSVRC2012_val_00024776.JPEG","images/n02086240/imagenet-hard-50-subset-2500__n02086240__ILSVRC2012_val_00024776.JPEG","155","Shih-Tzu","204","Lhasa","7,652344","204|193|229|539|155","Lhasa|Australian terrier|Old English sheepdog|doormat|Shih-Tzu","7,652344|6,847656|6,238281|5,917969|5,910156","true"
"/private/var/containers/Bundle/Application/4D01D32A-B666-4384-B213-31BBF61E54F1/CVTestsSUI.app/imagenet-hard-50-subset-2500__n02086240__ILSVRC2012_val_00026070.JPEG","images/n02086240/imagenet-hard-50-subset-2500__n02086240__ILSVRC2012_val_00026070.JPEG","155","Shih-Tzu","204","Lhasa","8,312500","204|153|155|200|154","Lhasa|Maltese dog|Shih-Tzu|Tibetan terrier|Pekinese","8,312500|7,855469|7,238281|4,300781|3,324219","true"
"/private/var/containers/Bundle/Application/4D01D32A-B666-4384-B213-31BBF61E54F1/CVTestsSUI.app/imagenet-hard-50-subset-2500__n02086240__ILSVRC2012_val_00027703.JPEG","images/n02086240/imagenet-hard-50-subset-2500__n02086240__ILSVRC2012_val_00027703.JPEG","155","Shih-Tzu","230","Shetland sheepdog","7,066406","230|204|155|231|200","Shetland sheepdog|Lhasa|Shih-Tzu|collie|Tibetan terrier","7,066406|6,027344|5,617188|5,148438|4,871094","true"
"/private/var/containers/Bundle/Application/4D01D32A-B666-4384-B213-31BBF61E54F1/CVTestsSUI.app/imagenet-hard-50-subset-2500__n02086240__ILSVRC2012_val_00029700.JPEG","images/n02086240/imagenet-hard-50-subset-2500__n02086240__ILSVRC2012_val_00029700.JPEG","155","Shih-Tzu","204","Lhasa","8,500000","204|155|200|154|226","Lhasa|Shih-Tzu|Tibetan terrier|Pekinese|briard","8,500000|7,855469|6,894531|5,648438|5,335938","true"
"/private/var/containers/Bundle/Application/4D01D32A-B666-4384-B213-31BBF61E54F1/CVTestsSUI.app/imagenet-hard-50-subset-2500__n02086240__ILSVRC2012_val_00031419.JPEG","images/n02086240/imagenet-hard-50-subset-2500__n02086240__ILSVRC2012_val_00031419.JPEG","155","Shih-Tzu","204","Lhasa","9,734375","204|155|196|200|265","Lhasa|Shih-Tzu|miniature schnauzer|Tibetan terrier|toy poodle","9,734375|9,179688|6,609375|6,132812|4,410156","true"
"/private/var/containers/Bundle/Application/4D01D32A-B666-4384-B213-31BBF61E54F1/CVTestsSUI.app/imagenet-hard-50-subset-2500__n02086240__ILSVRC2012_val_00035293.JPEG","images/n02086240/imagenet-hard-50-subset-2500__n02086240__ILSVRC2012_val_00035293.JPEG","155","Shih-Tzu","205","flat-coated retriever","6,390625","205|255|214|160|219","flat-coated retriever|Leonberg|Gordon setter|Afghan hound|cocker spaniel","6,390625|6,078125|4,312500|4,187500|4,074219","false"
"/private/var/containers/Bundle/Application/4D01D32A-B666-4384-B213-31BBF61E54F1/CVTestsSUI.app/imagenet-hard-50-subset-2500__n02086240__ILSVRC2012_val_00040043.JPEG","images/n02086240/imagenet-hard-50-subset-2500__n02086240__ILSVRC2012_val_00040043.JPEG","155","Shih-Tzu","154","Pekinese","8,156250","154|155|204|153|265","Pekinese|Shih-Tzu|Lhasa|Maltese dog|toy poodle","8,156250|8,046875|5,453125|4,917969|3,843750","true"
"/private/var/containers/Bundle/Application/4D01D32A-B666-4384-B213-31BBF61E54F1/CVTestsSUI.app/imagenet-hard-50-subset-2500__n02086240__ILSVRC2012_val_00044224.JPEG","images/n02086240/imagenet-hard-50-subset-2500__n02086240__ILSVRC2012_val_00044224.JPEG","155","Shih-Tzu","200","Tibetan terrier","6,753906","200|204|153|155|201","Tibetan terrier|Lhasa|Maltese dog|Shih-Tzu|silky terrier","6,753906|5,628906|5,039062|4,972656|4,796875","true"
"/private/var/containers/Bundle/Application/4D01D32A-B666-4384-B213-31BBF61E54F1/CVTestsSUI.app/imagenet-hard-50-subset-2500__n02086646__ILSVRC2012_val_00001848.JPEG","images/n02086646/imagenet-hard-50-subset-2500__n02086646__ILSVRC2012_val_00001848.JPEG","156","Blenheim spaniel","218","Welsh springer spaniel","10,015625","218|215|156|219|161","Welsh springer spaniel|Brittany spaniel|Blenheim spaniel|cocker spaniel|basset","10,015625|7,472656|7,414062|5,339844|5,277344","true"
"/private/var/containers/Bundle/Application/4D01D32A-B666-4384-B213-31BBF61E54F1/CVTestsSUI.app/imagenet-hard-50-subset-2500__n02086646__ILSVRC2012_val_00025085.JPEG","images/n02086646/imagenet-hard-50-subset-2500__n02086646__ILSVRC2012_val_00025085.JPEG","156","Blenheim spaniel","247","Saint Bernard","8,335938","247|218|156|161|162","Saint Bernard|Welsh springer spaniel|Blenheim spaniel|basset|beagle","8,335938|8,242188|7,898438|7,714844|7,570312","true"
"/private/var/containers/Bundle/Application/4D01D32A-B666-4384-B213-31BBF61E54F1/CVTestsSUI.app/imagenet-hard-50-subset-2500__n02086646__ILSVRC2012_val_00030642.JPEG","images/n02086646/imagenet-hard-50-subset-2500__n02086646__ILSVRC2012_val_00030642.JPEG","156","Blenheim spaniel","231","collie","8,140625","231|230|156|260|218","collie|Shetland sheepdog|Blenheim spaniel|chow|Welsh springer spaniel","8,140625|5,464844|3,533203|3,378906|3,287109","true"
"/private/var/containers/Bundle/Application/4D01D32A-B666-4384-B213-31BBF61E54F1/CVTestsSUI.app/imagenet-hard-50-subset-2500__n02086910__ILSVRC2012_val_00022099.JPEG","images/n02086910/imagenet-hard-50-subset-2500__n02086910__ILSVRC2012_val_00022099.JPEG","157","papillon","152","Japanese spaniel","9,828125","152|155|200|204|157","Japanese spaniel|Shih-Tzu|Tibetan terrier|Lhasa|papillon","9,828125|7,605469|7,308594|5,378906|5,328125","true"
"/private/var/containers/Bundle/Application/4D01D32A-B666-4384-B213-31BBF61E54F1/CVTestsSUI.app/imagenet-hard-50-subset-2500__n02086910__ILSVRC2012_val_00032120.JPEG","images/n02086910/imagenet-hard-50-subset-2500__n02086910__ILSVRC2012_val_00032120.JPEG","157","papillon","152","Japanese spaniel","6,546875","152|157|232|231|195","Japanese spaniel|papillon|Border collie|collie|Boston bull","6,546875|6,144531|5,179688|4,484375|4,136719","true"
"/private/var/containers/Bundle/Application/4D01D32A-B666-4384-B213-31BBF61E54F1/CVTestsSUI.app/imagenet-hard-50-subset-2500__n02086910__ILSVRC2012_val_00033944.JPEG","images/n02086910/imagenet-hard-50-subset-2500__n02086910__ILSVRC2012_val_00033944.JPEG","157","papillon","217","English springer","8,437500","217|218|255|256|241","English springer|Welsh springer spaniel|Leonberg|Newfoundland|EntleBucher","8,437500|5,601562|5,382812|5,164062|4,789062","false"
"/private/var/containers/Bundle/Application/4D01D32A-B666-4384-B213-31BBF61E54F1/CVTestsSUI.app/imagenet-hard-50-subset-2500__n02086910__ILSVRC2012_val_00040564.JPEG","images/n02086910/imagenet-hard-50-subset-2500__n02086910__ILSVRC2012_val_00040564.JPEG","157","papillon","219","cocker spaniel","7,121094","219|157|154|156|215","cocker spaniel|papillon|Pekinese|Blenheim spaniel|Brittany spaniel","7,121094|6,648438|5,722656|5,511719|5,511719","true"
"/private/var/containers/Bundle/Application/4D01D32A-B666-4384-B213-31BBF61E54F1/CVTestsSUI.app/imagenet-hard-50-subset-2500__n02087046__ILSVRC2012_val_00001371.JPEG","images/n02087046/imagenet-hard-50-subset-2500__n02087046__ILSVRC2012_val_00001371.JPEG","158","toy terrier","253","basenji","6,304688","253|158|151|162|173","basenji|toy terrier|Chihuahua|beagle|Ibizan hound","6,304688|6,273438|4,738281|4,273438|4,191406","true"
"/private/var/containers/Bundle/Application/4D01D32A-B666-4384-B213-31BBF61E54F1/CVTestsSUI.app/imagenet-hard-50-subset-2500__n02087046__ILSVRC2012_val_00004717.JPEG","images/n02087046/imagenet-hard-50-subset-2500__n02087046__ILSVRC2012_val_00004717.JPEG","158","toy terrier","151","Chihuahua","8,351562","151|158|237|171|259","Chihuahua|toy terrier|miniature pinscher|Italian greyhound|Pomeranian","8,351562|7,691406|6,242188|5,273438|4,125000","true"
"/private/var/containers/Bundle/Application/4D01D32A-B666-4384-B213-31BBF61E54F1/CVTestsSUI.app/imagenet-hard-50-subset-2500__n02087046__ILSVRC2012_val_00007511.JPEG","images/n02087046/imagenet-hard-50-subset-2500__n02087046__ILSVRC2012_val_00007511.JPEG","158","toy terrier","180","American Staffordshire terrier","8,718750","180|158|179|237|236","American Staffordshire terrier|toy terrier|Staffordshire bullterrier|miniature pinscher|Doberman","8,718750|7,164062|5,949219|5,863281|5,667969","true"
"/private/var/containers/Bundle/Application/4D01D32A-B666-4384-B213-31BBF61E54F1/CVTestsSUI.app/imagenet-hard-50-subset-2500__n02087046__ILSVRC2012_val_00011748.JPEG","images/n02087046/imagenet-hard-50-subset-2500__n02087046__ILSVRC2012_val_00011748.JPEG","158","toy terrier","151","Chihuahua","7,167969","151|223|262|158|179","Chihuahua|schipperke|Brabancon griffon|toy terrier|Staffordshire bullterrier","7,167969|5,855469|5,656250|4,949219|4,707031","true"
"/private/var/containers/Bundle/Application/4D01D32A-B666-4384-B213-31BBF61E54F1/CVTestsSUI.app/imagenet-hard-50-subset-2500__n02087046__ILSVRC2012_val_00013133.JPEG","images/n02087046/imagenet-hard-50-subset-2500__n02087046__ILSVRC2012_val_00013133.JPEG","158","toy terrier","151","Chihuahua","7,906250","151|158|237|268|284","Chihuahua|toy terrier|miniature pinscher|Mexican hairless|Siamese cat","7,906250|7,500000|7,195312|5,503906|4,148438","true"
"/private/var/containers/Bundle/Application/4D01D32A-B666-4384-B213-31BBF61E54F1/CVTestsSUI.app/imagenet-hard-50-subset-2500__n02087046__ILSVRC2012_val_00015701.JPEG","images/n02087046/imagenet-hard-50-subset-2500__n02087046__ILSVRC2012_val_00015701.JPEG","158","toy terrier","236","Doberman","7,531250","236|158|237|227|165","Doberman|toy terrier|miniature pinscher|kelpie|black-and-tan coonhound","7,531250|6,492188|5,546875|3,656250|3,478516","true"
"/private/var/containers/Bundle/Application/4D01D32A-B666-4384-B213-31BBF61E54F1/CVTestsSUI.app/imagenet-hard-50-subset-2500__n02087046__ILSVRC2012_val_00019261.JPEG","images/n02087046/imagenet-hard-50-subset-2500__n02087046__ILSVRC2012_val_00019261.JPEG","158","toy terrier","195","Boston bull","9,773438","195|179|180|245|158","Boston bull|Staffordshire bullterrier|American Staffordshire terrier|French bulldog|toy terrier","9,773438|6,636719|6,554688|6,253906|4,964844","true"
"/private/var/containers/Bundle/Application/4D01D32A-B666-4384-B213-31BBF61E54F1/CVTestsSUI.app/imagenet-hard-50-subset-2500__n02087046__ILSVRC2012_val_00019566.JPEG","images/n02087046/imagenet-hard-50-subset-2500__n02087046__ILSVRC2012_val_00019566.JPEG","158","toy terrier","237","miniature pinscher","8,132812","237|158|151|227|234","miniature pinscher|toy terrier|Chihuahua|kelpie|Rottweiler","8,132812|6,972656|6,929688|4,109375|3,902344","true"
"/private/var/containers/Bundle/Application/4D01D32A-B666-4384-B213-31BBF61E54F1/CVTestsSUI.app/imagenet-hard-50-subset-2500__n02087046__ILSVRC2012_val_00019883.JPEG","images/n02087046/imagenet-hard-50-subset-2500__n02087046__ILSVRC2012_val_00019883.JPEG","158","toy terrier","180","American Staffordshire terrier","6,394531","180|195|158|245|179","American Staffordshire terrier|Boston bull|toy terrier|French bulldog|Staffordshire bullterrier","6,394531|5,613281|5,312500|4,402344|3,734375","true"
"/private/var/containers/Bundle/Application/4D01D32A-B666-4384-B213-31BBF61E54F1/CVTestsSUI.app/imagenet-hard-50-subset-2500__n02087046__ILSVRC2012_val_00033726.JPEG","images/n02087046/imagenet-hard-50-subset-2500__n02087046__ILSVRC2012_val_00033726.JPEG","158","toy terrier","195","Boston bull","9,609375","195|245|158|180|171","Boston bull|French bulldog|toy terrier|American Staffordshire terrier|Italian greyhound","9,609375|7,058594|6,277344|3,673828|3,259766","true"
"/private/var/containers/Bundle/Application/4D01D32A-B666-4384-B213-31BBF61E54F1/CVTestsSUI.app/imagenet-hard-50-subset-2500__n02087046__ILSVRC2012_val_00036751.JPEG","images/n02087046/imagenet-hard-50-subset-2500__n02087046__ILSVRC2012_val_00036751.JPEG","158","toy terrier","188","wire-haired fox terrier","7,000000","188|196|182|157|192","wire-haired fox terrier|miniature schnauzer|Border terrier|papillon|cairn","7,000000|5,894531|5,472656|4,847656|4,703125","false"
"/private/var/containers/Bundle/Application/4D01D32A-B666-4384-B213-31BBF61E54F1/CVTestsSUI.app/imagenet-hard-50-subset-2500__n02087046__ILSVRC2012_val_00037669.JPEG","images/n02087046/imagenet-hard-50-subset-2500__n02087046__ILSVRC2012_val_00037669.JPEG","158","toy terrier","151","Chihuahua","6,824219","151|262|237|158|234","Chihuahua|Brabancon griffon|miniature pinscher|toy terrier|Rottweiler","6,824219|6,691406|6,035156|5,925781|3,912109","true"
"/private/var/containers/Bundle/Application/4D01D32A-B666-4384-B213-31BBF61E54F1/CVTestsSUI.app/imagenet-hard-50-subset-2500__n02087046__ILSVRC2012_val_00038974.JPEG","images/n02087046/imagenet-hard-50-subset-2500__n02087046__ILSVRC2012_val_00038974.JPEG","158","toy terrier","173","Ibizan hound","7,281250","173|151|253|172|158","Ibizan hound|Chihuahua|basenji|whippet|toy terrier","7,281250|7,214844|5,945312|5,531250|5,375000","true"
"/private/var/containers/Bundle/Application/4D01D32A-B666-4384-B213-31BBF61E54F1/CVTestsSUI.app/imagenet-hard-50-subset-2500__n02087046__ILSVRC2012_val_00041444.JPEG","images/n02087046/imagenet-hard-50-subset-2500__n02087046__ILSVRC2012_val_00041444.JPEG","158","toy terrier","237","miniature pinscher","10,515625","237|158|236|268|234","miniature pinscher|toy terrier|Doberman|Mexican hairless|Rottweiler","10,515625|8,414062|7,000000|5,050781|4,828125","true"
"/private/var/containers/Bundle/Application/4D01D32A-B666-4384-B213-31BBF61E54F1/CVTestsSUI.app/imagenet-hard-50-subset-2500__n02087046__ILSVRC2012_val_00042449.JPEG","images/n02087046/imagenet-hard-50-subset-2500__n02087046__ILSVRC2012_val_00042449.JPEG","158","toy terrier","236","Doberman","9,070312","236|237|158|227|253","Doberman|miniature pinscher|toy terrier|kelpie|basenji","9,070312|7,417969|6,578125|5,308594|3,951172","true"
"/private/var/containers/Bundle/Application/4D01D32A-B666-4384-B213-31BBF61E54F1/CVTestsSUI.app/imagenet-hard-50-subset-2500__n02087046__ILSVRC2012_val_00044441.JPEG","images/n02087046/imagenet-hard-50-subset-2500__n02087046__ILSVRC2012_val_00044441.JPEG","158","toy terrier","237","miniature pinscher","7,343750","237|158|236|253|227","miniature pinscher|toy terrier|Doberman|basenji|kelpie","7,343750|6,960938|6,265625|4,550781|3,478516","true"
"/private/var/containers/Bundle/Application/4D01D32A-B666-4384-B213-31BBF61E54F1/CVTestsSUI.app/imagenet-hard-50-subset-2500__n02087394__ILSVRC2012_val_00003837.JPEG","images/n02087394/imagenet-hard-50-subset-2500__n02087394__ILSVRC2012_val_00003837.JPEG","159","Rhodesian ridgeback","243","bull mastiff","9,304688","243|242|179|163|180","bull mastiff|boxer|Staffordshire bullterrier|bloodhound|American Staffordshire terrier","9,304688|7,839844|7,824219|6,851562|6,820312","false"
"/private/var/containers/Bundle/Application/4D01D32A-B666-4384-B213-31BBF61E54F1/CVTestsSUI.app/imagenet-hard-50-subset-2500__n02087394__ILSVRC2012_val_00010057.JPEG","images/n02087394/imagenet-hard-50-subset-2500__n02087394__ILSVRC2012_val_00010057.JPEG","159","Rhodesian ridgeback","211","vizsla","9,085938","211|159|168|209|210","vizsla|Rhodesian ridgeback|redbone|Chesapeake Bay retriever|German short-haired pointer","9,085938|7,148438|7,136719|6,054688|5,843750","true"
"/private/var/containers/Bundle/Application/4D01D32A-B666-4384-B213-31BBF61E54F1/CVTestsSUI.app/imagenet-hard-50-subset-2500__n02087394__ILSVRC2012_val_00017792.JPEG","images/n02087394/imagenet-hard-50-subset-2500__n02087394__ILSVRC2012_val_00017792.JPEG","159","Rhodesian ridgeback","168","redbone","7,117188","168|159|811|180|897","redbone|Rhodesian ridgeback|space heater|American Staffordshire terrier|washer","7,117188|6,460938|5,421875|4,832031|4,546875","true"
"/private/var/containers/Bundle/Application/4D01D32A-B666-4384-B213-31BBF61E54F1/CVTestsSUI.app/imagenet-hard-50-subset-2500__n02087394__ILSVRC2012_val_00018933.JPEG","images/n02087394/imagenet-hard-50-subset-2500__n02087394__ILSVRC2012_val_00018933.JPEG","159","Rhodesian ridgeback","242","boxer","7,976562","242|159|180|243|168","boxer|Rhodesian ridgeback|American Staffordshire terrier|bull mastiff|redbone","7,976562|6,683594|6,671875|5,625000|5,507812","true"
"/private/var/containers/Bundle/Application/4D01D32A-B666-4384-B213-31BBF61E54F1/CVTestsSUI.app/imagenet-hard-50-subset-2500__n02087394__ILSVRC2012_val_00027290.JPEG","images/n02087394/imagenet-hard-50-subset-2500__n02087394__ILSVRC2012_val_00027290.JPEG","159","Rhodesian ridgeback","168","redbone","7,945312","168|159|163|211|178","redbone|Rhodesian ridgeback|bloodhound|vizsla|Weimaraner","7,945312|7,859375|4,593750|4,128906|4,117188","true"
"/private/var/containers/Bundle/Application/4D01D32A-B666-4384-B213-31BBF61E54F1/CVTestsSUI.app/imagenet-hard-50-subset-2500__n02087394__ILSVRC2012_val_00032859.JPEG","images/n02087394/imagenet-hard-50-subset-2500__n02087394__ILSVRC2012_val_00032859.JPEG","159","Rhodesian ridgeback","246","Great Dane","8,195312","246|159|172|225|251","Great Dane|Rhodesian ridgeback|whippet|malinois|dalmatian","8,195312|6,441406|6,167969|5,167969|4,515625","true"
"/private/var/containers/Bundle/Application/4D01D32A-B666-4384-B213-31BBF61E54F1/CVTestsSUI.app/imagenet-hard-50-subset-2500__n02087394__ILSVRC2012_val_00033731.JPEG","images/n02087394/imagenet-hard-50-subset-2500__n02087394__ILSVRC2012_val_00033731.JPEG","159","Rhodesian ridgeback","168","redbone","7,070312","168|211|159|163|180","redbone|vizsla|Rhodesian ridgeback|bloodhound|American Staffordshire terrier","7,070312|6,929688|6,449219|4,933594|3,822266","true"
"/private/var/containers/Bundle/Application/4D01D32A-B666-4384-B213-31BBF61E54F1/CVTestsSUI.app/imagenet-hard-50-subset-2500__n02087394__ILSVRC2012_val_00036907.JPEG","images/n02087394/imagenet-hard-50-subset-2500__n02087394__ILSVRC2012_val_00036907.JPEG","159","Rhodesian ridgeback","242","boxer","7,558594","242|243|159|180|179","boxer|bull mastiff|Rhodesian ridgeback|American Staffordshire terrier|Staffordshire bullterrier","7,558594|6,593750|6,218750|5,437500|4,757812","true"
"/private/var/containers/Bundle/Application/4D01D32A-B666-4384-B213-31BBF61E54F1/CVTestsSUI.app/imagenet-hard-50-subset-2500__n02087394__ILSVRC2012_val_00037577.JPEG","images/n02087394/imagenet-hard-50-subset-2500__n02087394__ILSVRC2012_val_00037577.JPEG","159","Rhodesian ridgeback","242","boxer","6,332031","242|180|159|253|166","boxer|American Staffordshire terrier|Rhodesian ridgeback|basenji|Walker hound","6,332031|6,011719|5,679688|4,972656|4,894531","true"
"/private/var/containers/Bundle/Application/4D01D32A-B666-4384-B213-31BBF61E54F1/CVTestsSUI.app/imagenet-hard-50-subset-2500__n02087394__ILSVRC2012_val_00047173.JPEG","images/n02087394/imagenet-hard-50-subset-2500__n02087394__ILSVRC2012_val_00047173.JPEG","159","Rhodesian ridgeback","243","bull mastiff","7,757812","243|159|163|180|179","bull mastiff|Rhodesian ridgeback|bloodhound|American Staffordshire terrier|Staffordshire bullterrier","7,757812|6,296875|6,281250|6,167969|5,894531","true"
"/private/var/containers/Bundle/Application/4D01D32A-B666-4384-B213-31BBF61E54F1/CVTestsSUI.app/imagenet-hard-50-subset-2500__n02088094__ILSVRC2012_val_00006698.JPEG","images/n02088094/imagenet-hard-50-subset-2500__n02088094__ILSVRC2012_val_00006698.JPEG","160","Afghan hound","226","briard","8,390625","226|200|160|202|187","briard|Tibetan terrier|Afghan hound|soft-coated wheaten terrier|Yorkshire terrier","8,390625|7,949219|7,718750|6,343750|5,894531","true"
"/private/var/containers/Bundle/Application/4D01D32A-B666-4384-B213-31BBF61E54F1/CVTestsSUI.app/imagenet-hard-50-subset-2500__n02088094__ILSVRC2012_val_00030323.JPEG","images/n02088094/imagenet-hard-50-subset-2500__n02088094__ILSVRC2012_val_00030323.JPEG","160","Afghan hound","204","Lhasa","8,812500","204|202|187|226|192","Lhasa|soft-coated wheaten terrier|Yorkshire terrier|briard|cairn","8,812500|7,125000|7,042969|7,007812|6,695312","false"
"/private/var/containers/Bundle/Application/4D01D32A-B666-4384-B213-31BBF61E54F1/CVTestsSUI.app/imagenet-hard-50-subset-2500__n02088094__ILSVRC2012_val_00032668.JPEG","images/n02088094/imagenet-hard-50-subset-2500__n02088094__ILSVRC2012_val_00032668.JPEG","160","Afghan hound","225","malinois","6,082031","225|202|186|192|226","malinois|soft-coated wheaten terrier|Norwich terrier|cairn|briard","6,082031|5,578125|5,488281|5,140625|5,132812","false"
"/private/var/containers/Bundle/Application/4D01D32A-B666-4384-B213-31BBF61E54F1/CVTestsSUI.app/imagenet-hard-50-subset-2500__n02088094__ILSVRC2012_val_00044215.JPEG","images/n02088094/imagenet-hard-50-subset-2500__n02088094__ILSVRC2012_val_00044215.JPEG","160","Afghan hound","232","Border collie","7,347656","232|160|224|231|256","Border collie|Afghan hound|groenendael|collie|Newfoundland","7,347656|6,925781|6,765625|6,515625|5,859375","true"
"/private/var/containers/Bundle/Application/4D01D32A-B666-4384-B213-31BBF61E54F1/CVTestsSUI.app/imagenet-hard-50-subset-2500__n02088238__ILSVRC2012_val_00000838.JPEG","images/n02088238/imagenet-hard-50-subset-2500__n02088238__ILSVRC2012_val_00000838.JPEG","161","basset","166","Walker hound","9,828125","166|162|785|161|167","Walker hound|beagle|seat belt|basset|English foxhound","9,828125|8,617188|6,984375|6,457031|5,179688","true"
"/private/var/containers/Bundle/Application/4D01D32A-B666-4384-B213-31BBF61E54F1/CVTestsSUI.app/imagenet-hard-50-subset-2500__n02088238__ILSVRC2012_val_00002111.JPEG","images/n02088238/imagenet-hard-50-subset-2500__n02088238__ILSVRC2012_val_00002111.JPEG","161","basset","238","Greater Swiss Mountain dog","6,328125","238|240|195|241|179","Greater Swiss Mountain dog|Appenzeller|Boston bull|EntleBucher|Staffordshire bullterrier","6,328125|6,199219|6,113281|5,730469|5,214844","false"
"/private/var/containers/Bundle/Application/4D01D32A-B666-4384-B213-31BBF61E54F1/CVTestsSUI.app/imagenet-hard-50-subset-2500__n02088238__ILSVRC2012_val_00014030.JPEG","images/n02088238/imagenet-hard-50-subset-2500__n02088238__ILSVRC2012_val_00014030.JPEG","161","basset","168","redbone","8,601562","168|237|159|211|161","redbone|miniature pinscher|Rhodesian ridgeback|vizsla|basset","8,601562|7,312500|4,667969|4,300781|3,291016","true"
"/private/var/containers/Bundle/Application/4D01D32A-B666-4384-B213-31BBF61E54F1/CVTestsSUI.app/imagenet-hard-50-subset-2500__n02088238__ILSVRC2012_val_00026622.JPEG","images/n02088238/imagenet-hard-50-subset-2500__n02088238__ILSVRC2012_val_00026622.JPEG","161","basset","162","beagle","8,015625","162|161|166|238|215","beagle|basset|Walker hound|Greater Swiss Mountain dog|Brittany spaniel","8,015625|7,804688|5,878906|4,664062|4,187500","true"
"/private/var/containers/Bundle/Application/4D01D32A-B666-4384-B213-31BBF61E54F1/CVTestsSUI.app/imagenet-hard-50-subset-2500__n02088238__ILSVRC2012_val_00027114.JPEG","images/n02088238/imagenet-hard-50-subset-2500__n02088238__ILSVRC2012_val_00027114.JPEG","161","basset","166","Walker hound","8,343750","166|162|161|253|195","Walker hound|beagle|basset|basenji|Boston bull","8,343750|7,867188|6,058594|5,808594|5,625000","true"
"/private/var/containers/Bundle/Application/4D01D32A-B666-4384-B213-31BBF61E54F1/CVTestsSUI.app/imagenet-hard-50-subset-2500__n02088238__ILSVRC2012_val_00030429.JPEG","images/n02088238/imagenet-hard-50-subset-2500__n02088238__ILSVRC2012_val_00030429.JPEG","161","basset","162","beagle","9,320312","162|161|167|166|164","beagle|basset|English foxhound|Walker hound|bluetick","9,320312|9,273438|6,960938|6,683594|6,054688","true"
"/private/var/containers/Bundle/Application/4D01D32A-B666-4384-B213-31BBF61E54F1/CVTestsSUI.app/imagenet-hard-50-subset-2500__n02088238__ILSVRC2012_val_00035117.JPEG","images/n02088238/imagenet-hard-50-subset-2500__n02088238__ILSVRC2012_val_00035117.JPEG","161","basset","162","beagle","7,089844","162|166|180|167|229","beagle|Walker hound|American Staffordshire terrier|English foxhound|Old English sheepdog","7,089844|5,886719|5,015625|4,890625|4,726562","false"
"/private/var/containers/Bundle/Application/4D01D32A-B666-4384-B213-31BBF61E54F1/CVTestsSUI.app/imagenet-hard-50-subset-2500__n02088238__ILSVRC2012_val_00037804.JPEG","images/n02088238/imagenet-hard-50-subset-2500__n02088238__ILSVRC2012_val_00037804.JPEG","161","basset","162","beagle","7,738281","162|161|166|180|165","beagle|basset|Walker hound|American Staffordshire terrier|black-and-tan coonhound","7,738281|7,515625|6,082031|6,082031|5,917969","true"
"/private/var/containers/Bundle/Application/4D01D32A-B666-4384-B213-31BBF61E54F1/CVTestsSUI.app/imagenet-hard-50-subset-2500__n02088238__ILSVRC2012_val_00049931.JPEG","images/n02088238/imagenet-hard-50-subset-2500__n02088238__ILSVRC2012_val_00049931.JPEG","161","basset","247","Saint Bernard","7,281250","247|212|251|161|215","Saint Bernard|English setter|dalmatian|basset|Brittany spaniel","7,281250|6,746094|6,046875|5,453125|5,449219","true"
"/private/var/containers/Bundle/Application/4D01D32A-B666-4384-B213-31BBF61E54F1/CVTestsSUI.app/imagenet-hard-50-subset-2500__n02088364__ILSVRC2012_val_00011384.JPEG","images/n02088364/imagenet-hard-50-subset-2500__n02088364__ILSVRC2012_val_00011384.JPEG","162","beagle","164","bluetick","8,804688","164|162|167|168|166","bluetick|beagle|English foxhound|redbone|Walker hound","8,804688|8,320312|6,046875|6,007812|5,710938","true"
"/private/var/containers/Bundle/Application/4D01D32A-B666-4384-B213-31BBF61E54F1/CVTestsSUI.app/imagenet-hard-50-subset-2500__n02088364__ILSVRC2012_val_00013381.JPEG","images/n02088364/imagenet-hard-50-subset-2500__n02088364__ILSVRC2012_val_00013381.JPEG","162","beagle","161","basset","7,761719","161|166|162|167|163","basset|Walker hound|beagle|English foxhound|bloodhound","7,761719|7,406250|6,269531|5,300781|3,626953","true"
"/private/var/containers/Bundle/Application/4D01D32A-B666-4384-B213-31BBF61E54F1/CVTestsSUI.app/imagenet-hard-50-subset-2500__n02088364__ILSVRC2012_val_00017873.JPEG","images/n02088364/imagenet-hard-50-subset-2500__n02088364__ILSVRC2012_val_00017873.JPEG","162","beagle","166","Walker hound","8,429688","166|173|162|167|172","Walker hound|Ibizan hound|beagle|English foxhound|whippet","8,429688|6,972656|6,902344|6,355469|5,652344","true"
"/private/var/containers/Bundle/Application/4D01D32A-B666-4384-B213-31BBF61E54F1/CVTestsSUI.app/imagenet-hard-50-subset-2500__n02088364__ILSVRC2012_val_00019283.JPEG","images/n02088364/imagenet-hard-50-subset-2500__n02088364__ILSVRC2012_val_00019283.JPEG","162","beagle","161","basset","10,156250","161|162|164|166|163","basset|beagle|bluetick|Walker hound|bloodhound","10,156250|7,406250|6,113281|5,703125|4,632812","true"
"/private/var/containers/Bundle/Application/4D01D32A-B666-4384-B213-31BBF61E54F1/CVTestsSUI.app/imagenet-hard-50-subset-2500__n02088364__ILSVRC2012_val_00025393.JPEG","images/n02088364/imagenet-hard-50-subset-2500__n02088364__ILSVRC2012_val_00025393.JPEG","162","beagle","166","Walker hound","7,878906","166|162|167|173|171","Walker hound|beagle|English foxhound|Ibizan hound|Italian greyhound","7,878906|7,414062|6,253906|6,042969|5,484375","true"
"/private/var/containers/Bundle/Application/4D01D32A-B666-4384-B213-31BBF61E54F1/CVTestsSUI.app/imagenet-hard-50-subset-2500__n02088364__ILSVRC2012_val_00025613.JPEG","images/n02088364/imagenet-hard-50-subset-2500__n02088364__ILSVRC2012_val_00025613.JPEG","162","beagle","167","English foxhound","7,554688","167|166|162|218|253","English foxhound|Walker hound|beagle|Welsh springer spaniel|basenji","7,554688|7,351562|6,726562|3,916016|3,722656","true"
"/private/var/containers/Bundle/Application/4D01D32A-B666-4384-B213-31BBF61E54F1/CVTestsSUI.app/imagenet-hard-50-subset-2500__n02088364__ILSVRC2012_val_00028001.JPEG","images/n02088364/imagenet-hard-50-subset-2500__n02088364__ILSVRC2012_val_00028001.JPEG","162","beagle","164","bluetick","8,429688","164|166|162|167|161","bluetick|Walker hound|beagle|English foxhound|basset","8,429688|7,941406|7,695312|6,160156|5,726562","true"
"/private/var/containers/Bundle/Application/4D01D32A-B666-4384-B213-31BBF61E54F1/CVTestsSUI.app/imagenet-hard-50-subset-2500__n02088364__ILSVRC2012_val_00034041.JPEG","images/n02088364/imagenet-hard-50-subset-2500__n02088364__ILSVRC2012_val_00034041.JPEG","162","beagle","161","basset","6,742188","161|162|164|818|846","basset|beagle|bluetick|spotlight|table lamp","6,742188|6,046875|5,652344|5,593750|5,035156","true"
"/private/var/containers/Bundle/Application/4D01D32A-B666-4384-B213-31BBF61E54F1/CVTestsSUI.app/imagenet-hard-50-subset-2500__n02088364__ILSVRC2012_val_00034275.JPEG","images/n02088364/imagenet-hard-50-subset-2500__n02088364__ILSVRC2012_val_00034275.JPEG","162","beagle","151","Chihuahua","8,156250","151|237|161|162|263","Chihuahua|miniature pinscher|basset|beagle|Pembroke","8,156250|7,417969|6,968750|6,332031|6,097656","true"
"/private/var/containers/Bundle/Application/4D01D32A-B666-4384-B213-31BBF61E54F1/CVTestsSUI.app/imagenet-hard-50-subset-2500__n02088364__ILSVRC2012_val_00035414.JPEG","images/n02088364/imagenet-hard-50-subset-2500__n02088364__ILSVRC2012_val_00035414.JPEG","162","beagle","166","Walker hound","9,718750","166|162|238|180|167","Walker hound|beagle|Greater Swiss Mountain dog|American Staffordshire terrier|English foxhound","9,718750|9,539062|7,492188|7,113281|7,003906","true"
"/private/var/containers/Bundle/Application/4D01D32A-B666-4384-B213-31BBF61E54F1/CVTestsSUI.app/imagenet-hard-50-subset-2500__n02088466__ILSVRC2012_val_00000909.JPEG","images/n02088466/imagenet-hard-50-subset-2500__n02088466__ILSVRC2012_val_00000909.JPEG","163","bloodhound","165","black-and-tan coonhound","8,046875","165|163|234|166|162","black-and-tan coonhound|bloodhound|Rottweiler|Walker hound|beagle","8,046875|7,238281|5,277344|4,953125|4,687500","true"
"/private/var/containers/Bundle/Application/4D01D32A-B666-4384-B213-31BBF61E54F1/CVTestsSUI.app/imagenet-hard-50-subset-2500__n02088466__ILSVRC2012_val_00006895.JPEG","images/n02088466/imagenet-hard-50-subset-2500__n02088466__ILSVRC2012_val_00006895.JPEG","163","bloodhound","237","miniature pinscher","7,148438","237|168|163|180|159","miniature pinscher|redbone|bloodhound|American Staffordshire terrier|Rhodesian ridgeback","7,148438|7,101562|6,976562|6,339844|6,179688","true"
"/private/var/containers/Bundle/Application/4D01D32A-B666-4384-B213-31BBF61E54F1/CVTestsSUI.app/imagenet-hard-50-subset-2500__n02088466__ILSVRC2012_val_00008375.JPEG","images/n02088466/imagenet-hard-50-subset-2500__n02088466__ILSVRC2012_val_00008375.JPEG","163","bloodhound","241","EntleBucher","7,542969","241|240|239|231|238","EntleBucher|Appenzeller|Bernese mountain dog|collie|Greater Swiss Mountain dog","7,542969|6,429688|5,785156|5,492188|5,304688","false"
"/private/var/containers/Bundle/Application/4D01D32A-B666-4384-B213-31BBF61E54F1/CVTestsSUI.app/imagenet-hard-50-subset-2500__n02088466__ILSVRC2012_val_00010842.JPEG","images/n02088466/imagenet-hard-50-subset-2500__n02088466__ILSVRC2012_val_00010842.JPEG","163","bloodhound","234","Rottweiler","8,257812","234|165|236|168|208","Rottweiler|black-and-tan coonhound|Doberman|redbone|Labrador retriever","8,257812|7,960938|6,125000|5,402344|5,222656","false"
"/private/var/containers/Bundle/Application/4D01D32A-B666-4384-B213-31BBF61E54F1/CVTestsSUI.app/imagenet-hard-50-subset-2500__n02088466__ILSVRC2012_val_00013651.JPEG","images/n02088466/imagenet-hard-50-subset-2500__n02088466__ILSVRC2012_val_00013651.JPEG","163","bloodhound","161","basset","10,203125","161|163|167|166|162","basset|bloodhound|English foxhound|Walker hound|beagle","10,203125|7,960938|5,398438|5,097656|3,683594","true"
"/private/var/containers/Bundle/Application/4D01D32A-B666-4384-B213-31BBF61E54F1/CVTestsSUI.app/imagenet-hard-50-subset-2500__n02088466__ILSVRC2012_val_00014580.JPEG","images/n02088466/imagenet-hard-50-subset-2500__n02088466__ILSVRC2012_val_00014580.JPEG","163","bloodhound","242","boxer","7,257812","242|243|245|179|180","boxer|bull mastiff|French bulldog|Staffordshire bullterrier|American Staffordshire terrier","7,257812|4,617188|4,453125|4,253906|4,210938","false"
"/private/var/containers/Bundle/Application/4D01D32A-B666-4384-B213-31BBF61E54F1/CVTestsSUI.app/imagenet-hard-50-subset-2500__n02088466__ILSVRC2012_val_00015244.JPEG","images/n02088466/imagenet-hard-50-subset-2500__n02088466__ILSVRC2012_val_00015244.JPEG","163","bloodhound","161","basset","9,765625","161|166|163|162|167","basset|Walker hound|bloodhound|beagle|English foxhound","9,765625|7,531250|6,792969|5,851562|4,359375","true"
"/private/var/containers/Bundle/Application/4D01D32A-B666-4384-B213-31BBF61E54F1/CVTestsSUI.app/imagenet-hard-50-subset-2500__n02088466__ILSVRC2012_val_00017226.JPEG","images/n02088466/imagenet-hard-50-subset-2500__n02088466__ILSVRC2012_val_00017226.JPEG","163","bloodhound","159","Rhodesian ridgeback","8,250000","159|163|242|209|225","Rhodesian ridgeback|bloodhound|boxer|Chesapeake Bay retriever|malinois","8,250000|7,523438|6,894531|6,527344|6,496094","true"
"/private/var/containers/Bundle/Application/4D01D32A-B666-4384-B213-31BBF61E54F1/CVTestsSUI.app/imagenet-hard-50-subset-2500__n02088466__ILSVRC2012_val_00017511.JPEG","images/n02088466/imagenet-hard-50-subset-2500__n02088466__ILSVRC2012_val_00017511.JPEG","163","bloodhound","161","basset","7,304688","161|210|163|211|164","basset|German short-haired pointer|bloodhound|vizsla|bluetick","7,304688|6,281250|4,902344|3,826172|3,677734","true"
"/private/var/containers/Bundle/Application/4D01D32A-B666-4384-B213-31BBF61E54F1/CVTestsSUI.app/imagenet-hard-50-subset-2500__n02088466__ILSVRC2012_val_00018835.JPEG","images/n02088466/imagenet-hard-50-subset-2500__n02088466__ILSVRC2012_val_00018835.JPEG","163","bloodhound","167","English foxhound","7,890625","167|173|166|353|253","English foxhound|Ibizan hound|Walker hound|gazelle|basenji","7,890625|6,527344|6,289062|5,750000|4,964844","false"
"/private/var/containers/Bundle/Application/4D01D32A-B666-4384-B213-31BBF61E54F1/CVTestsSUI.app/imagenet-hard-50-subset-2500__n02088466__ILSVRC2012_val_00019241.JPEG","images/n02088466/imagenet-hard-50-subset-2500__n02088466__ILSVRC2012_val_00019241.JPEG","163","bloodhound","161","basset","10,015625","161|164|162|163|166","basset|bluetick|beagle|bloodhound|Walker hound","10,015625|7,898438|6,070312|5,117188|3,978516","true"
"/private/var/containers/Bundle/Application/4D01D32A-B666-4384-B213-31BBF61E54F1/CVTestsSUI.app/imagenet-hard-50-subset-2500__n02088466__ILSVRC2012_val_00024046.JPEG","images/n02088466/imagenet-hard-50-subset-2500__n02088466__ILSVRC2012_val_00024046.JPEG","163","bloodhound","161","basset","11,156250","161|163|166|167|218","basset|bloodhound|Walker hound|English foxhound|Welsh springer spaniel","11,156250|5,878906|4,683594|4,484375|4,468750","true"
"/private/var/containers/Bundle/Application/4D01D32A-B666-4384-B213-31BBF61E54F1/CVTestsSUI.app/imagenet-hard-50-subset-2500__n02088466__ILSVRC2012_val_00024090.JPEG","images/n02088466/imagenet-hard-50-subset-2500__n02088466__ILSVRC2012_val_00024090.JPEG","163","bloodhound","161","basset","11,125000","161|162|164|166|264","basset|beagle|bluetick|Walker hound|Cardigan","11,125000|9,656250|7,062500|6,656250|5,781250","false"
"/private/var/containers/Bundle/Application/4D01D32A-B666-4384-B213-31BBF61E54F1/CVTestsSUI.app/imagenet-hard-50-subset-2500__n02088466__ILSVRC2012_val_00024505.JPEG","images/n02088466/imagenet-hard-50-subset-2500__n02088466__ILSVRC2012_val_00024505.JPEG","163","bloodhound","168","redbone","10,046875","168|159|163|213|166","redbone|Rhodesian ridgeback|bloodhound|Irish setter|Walker hound","10,046875|6,140625|5,105469|4,738281|3,937500","true"
"/private/var/containers/Bundle/Application/4D01D32A-B666-4384-B213-31BBF61E54F1/CVTestsSUI.app/imagenet-hard-50-subset-2500__n02088466__ILSVRC2012_val_00028118.JPEG","images/n02088466/imagenet-hard-50-subset-2500__n02088466__ILSVRC2012_val_00028118.JPEG","163","bloodhound","282","tiger cat","6,316406","282|281|163|243|246","tiger cat|tabby|bloodhound|bull mastiff|Great Dane","6,316406|5,644531|4,554688|4,488281|4,472656","true"
"/private/var/containers/Bundle/Application/4D01D32A-B666-4384-B213-31BBF61E54F1/CVTestsSUI.app/imagenet-hard-50-subset-2500__n02088466__ILSVRC2012_val_00029326.JPEG","images/n02088466/imagenet-hard-50-subset-2500__n02088466__ILSVRC2012_val_00029326.JPEG","163","bloodhound","168","redbone","7,656250","168|211|163|159|213","redbone|vizsla|bloodhound|Rhodesian ridgeback|Irish setter","7,656250|6,390625|6,093750|5,738281|4,492188","true"
"/private/var/containers/Bundle/Application/4D01D32A-B666-4384-B213-31BBF61E54F1/CVTestsSUI.app/imagenet-hard-50-subset-2500__n02088466__ILSVRC2012_val_00031603.JPEG","images/n02088466/imagenet-hard-50-subset-2500__n02088466__ILSVRC2012_val_00031603.JPEG","163","bloodhound","208","Labrador retriever","8,187500","208|243|163|246|254","Labrador retriever|bull mastiff|bloodhound|Great Dane|pug","8,187500|6,378906|6,234375|4,531250|3,898438","true"
"/private/var/containers/Bundle/Application/4D01D32A-B666-4384-B213-31BBF61E54F1/CVTestsSUI.app/imagenet-hard-50-subset-2500__n02088466__ILSVRC2012_val_00032365.JPEG","images/n02088466/imagenet-hard-50-subset-2500__n02088466__ILSVRC2012_val_00032365.JPEG","163","bloodhound","166","Walker hound","7,179688","166|167|161|162|163","Walker hound|English foxhound|basset|beagle|bloodhound","7,179688|6,378906|5,039062|4,812500|4,519531","true"
"/private/var/containers/Bundle/Application/4D01D32A-B666-4384-B213-31BBF61E54F1/CVTestsSUI.app/imagenet-hard-50-subset-2500__n02088466__ILSVRC2012_val_00038054.JPEG","images/n02088466/imagenet-hard-50-subset-2500__n02088466__ILSVRC2012_val_00038054.JPEG","163","bloodhound","273","dingo","7,113281","273|253|245|225|260","dingo|basenji|French bulldog|malinois|chow","7,113281|6,238281|6,062500|4,882812|4,882812","false"
"/private/var/containers/Bundle/Application/4D01D32A-B666-4384-B213-31BBF61E54F1/CVTestsSUI.app/imagenet-hard-50-subset-2500__n02088466__ILSVRC2012_val_00039900.JPEG","images/n02088466/imagenet-hard-50-subset-2500__n02088466__ILSVRC2012_val_00039900.JPEG","163","bloodhound","208","Labrador retriever","8,859375","208|205|246|209|210","Labrador retriever|flat-coated retriever|Great Dane|Chesapeake Bay retriever|German short-haired pointer","8,859375|5,199219|5,164062|5,031250|5,000000","false"
"/private/var/containers/Bundle/Application/4D01D32A-B666-4384-B213-31BBF61E54F1/CVTestsSUI.app/imagenet-hard-50-subset-2500__n02088466__ILSVRC2012_val_00042692.JPEG","images/n02088466/imagenet-hard-50-subset-2500__n02088466__ILSVRC2012_val_00042692.JPEG","163","bloodhound","209","Chesapeake Bay retriever","7,195312","209|163|170|243|211","Chesapeake Bay retriever|bloodhound|Irish wolfhound|bull mastiff|vizsla","7,195312|7,000000|5,746094|5,542969|4,855469","true"
"/private/var/containers/Bundle/Application/4D01D32A-B666-4384-B213-31BBF61E54F1/CVTestsSUI.app/imagenet-hard-50-subset-2500__n02088466__ILSVRC2012_val_00043153.JPEG","images/n02088466/imagenet-hard-50-subset-2500__n02088466__ILSVRC2012_val_00043153.JPEG","163","bloodhound","165","black-and-tan coonhound","6,730469","165|176|166|236|163","black-and-tan coonhound|Saluki|Walker hound|Doberman|bloodhound","6,730469|6,675781|5,441406|5,253906|5,089844","true"
"/private/var/containers/Bundle/Application/4D01D32A-B666-4384-B213-31BBF61E54F1/CVTestsSUI.app/imagenet-hard-50-subset-2500__n02088466__ILSVRC2012_val_00044716.JPEG","images/n02088466/imagenet-hard-50-subset-2500__n02088466__ILSVRC2012_val_00044716.JPEG","163","bloodhound","208","Labrador retriever","7,175781","208|164|205|210|227","Labrador retriever|bluetick|flat-coated retriever|German short-haired pointer|kelpie","7,175781|6,417969|5,992188|5,929688|5,085938","false"
"/private/var/containers/Bundle/Application/4D01D32A-B666-4384-B213-31BBF61E54F1/CVTestsSUI.app/imagenet-hard-50-subset-2500__n02088466__ILSVRC2012_val_00046691.JPEG","images/n02088466/imagenet-hard-50-subset-2500__n02088466__ILSVRC2012_val_00046691.JPEG","163","bloodhound","178","Weimaraner","7,769531","178|163|246|159|168","Weimaraner|bloodhound|Great Dane|Rhodesian ridgeback|redbone","7,769531|7,394531|5,734375|5,570312|5,429688","true"
"/private/var/containers/Bundle/Application/4D01D32A-B666-4384-B213-31BBF61E54F1/CVTestsSUI.app/imagenet-hard-50-subset-2500__n02088632__ILSVRC2012_val_00013962.JPEG","images/n02088632/imagenet-hard-50-subset-2500__n02088632__ILSVRC2012_val_00013962.JPEG","164","bluetick","166","Walker hound","7,585938","166|164|167|210|176","Walker hound|bluetick|English foxhound|German short-haired pointer|Saluki","7,585938|7,535156|5,898438|4,824219|3,541016","true"
"/private/var/containers/Bundle/Application/4D01D32A-B666-4384-B213-31BBF61E54F1/CVTestsSUI.app/imagenet-hard-50-subset-2500__n02088632__ILSVRC2012_val_00032000.JPEG","images/n02088632/imagenet-hard-50-subset-2500__n02088632__ILSVRC2012_val_00032000.JPEG","164","bluetick","242","boxer","6,554688","242|164|238|180|195","boxer|bluetick|Greater Swiss Mountain dog|American Staffordshire terrier|Boston bull","6,554688|5,214844|4,484375|4,312500|4,203125","true"
"/private/var/containers/Bundle/Application/4D01D32A-B666-4384-B213-31BBF61E54F1/CVTestsSUI.app/imagenet-hard-50-subset-2500__n02088632__ILSVRC2012_val_00046158.JPEG","images/n02088632/imagenet-hard-50-subset-2500__n02088632__ILSVRC2012_val_00046158.JPEG","164","bluetick","162","beagle","7,957031","162|164|161|166|215","beagle|bluetick|basset|Walker hound|Brittany spaniel","7,957031|7,691406|6,753906|6,503906|5,921875","true"
"/private/var/containers/Bundle/Application/4D01D32A-B666-4384-B213-31BBF61E54F1/CVTestsSUI.app/imagenet-hard-50-subset-2500__n02088632__ILSVRC2012_val_00046273.JPEG","images/n02088632/imagenet-hard-50-subset-2500__n02088632__ILSVRC2012_val_00046273.JPEG","164","bluetick","217","English springer","7,820312","217|232|164|219|210","English springer|Border collie|bluetick|cocker spaniel|German short-haired pointer","7,820312|6,429688|5,906250|5,300781|4,839844","true"
"/private/var/containers/Bundle/Application/4D01D32A-B666-4384-B213-31BBF61E54F1/CVTestsSUI.app/imagenet-hard-50-subset-2500__n02088632__ILSVRC2012_val_00049516.JPEG","images/n02088632/imagenet-hard-50-subset-2500__n02088632__ILSVRC2012_val_00049516.JPEG","164","bluetick","176","Saluki","10,585938","176|169|172|173|171","Saluki|borzoi|whippet|Ibizan hound|Italian greyhound","10,585938|7,335938|6,011719|5,140625|4,628906","false"
"/private/var/containers/Bundle/Application/4D01D32A-B666-4384-B213-31BBF61E54F1/CVTestsSUI.app/imagenet-hard-50-subset-2500__n02089078__ILSVRC2012_val_00000327.JPEG","images/n02089078/imagenet-hard-50-subset-2500__n02089078__ILSVRC2012_val_00000327.JPEG","165","black-and-tan coonhound","234","Rottweiler","7,714844","234|236|165|237|163","Rottweiler|Doberman|black-and-tan coonhound|miniature pinscher|bloodhound","7,714844|6,417969|5,691406|4,921875|4,597656","true"
"/private/var/containers/Bundle/Application/4D01D32A-B666-4384-B213-31BBF61E54F1/CVTestsSUI.app/imagenet-hard-50-subset-2500__n02089078__ILSVRC2012_val_00002398.JPEG","images/n02089078/imagenet-hard-50-subset-2500__n02089078__ILSVRC2012_val_00002398.JPEG","165","black-and-tan coonhound","236","Doberman","7,378906","236|234|237|165|241","Doberman|Rottweiler|miniature pinscher|black-and-tan coonhound|EntleBucher","7,378906|6,722656|6,535156|6,511719|4,234375","true"
"/private/var/containers/Bundle/Application/4D01D32A-B666-4384-B213-31BBF61E54F1/CVTestsSUI.app/imagenet-hard-50-subset-2500__n02089078__ILSVRC2012_val_00012055.JPEG","images/n02089078/imagenet-hard-50-subset-2500__n02089078__ILSVRC2012_val_00012055.JPEG","165","black-and-tan coonhound","236","Doberman","7,671875","236|165|240|241|227","Doberman|black-and-tan coonhound|Appenzeller|EntleBucher|kelpie","7,671875|5,312500|5,132812|4,343750|4,207031","true"
"/private/var/containers/Bundle/Application/4D01D32A-B666-4384-B213-31BBF61E54F1/CVTestsSUI.app/imagenet-hard-50-subset-2500__n02089078__ILSVRC2012_val_00012293.JPEG","images/n02089078/imagenet-hard-50-subset-2500__n02089078__ILSVRC2012_val_00012293.JPEG","165","black-and-tan coonhound","246","Great Dane","6,929688","246|238|165|236|208","Great Dane|Greater Swiss Mountain dog|black-and-tan coonhound|Doberman|Labrador retriever","6,929688|6,109375|6,093750|5,988281|5,210938","true"
"/private/var/containers/Bundle/Application/4D01D32A-B666-4384-B213-31BBF61E54F1/CVTestsSUI.app/imagenet-hard-50-subset-2500__n02089078__ILSVRC2012_val_00019462.JPEG","images/n02089078/imagenet-hard-50-subset-2500__n02089078__ILSVRC2012_val_00019462.JPEG","165","black-and-tan coonhound","236","Doberman","8,320312","236|165|234|164|166","Doberman|black-and-tan coonhound|Rottweiler|bluetick|Walker hound","8,320312|7,429688|5,593750|5,460938|4,332031","true"
"/private/var/containers/Bundle/Application/4D01D32A-B666-4384-B213-31BBF61E54F1/CVTestsSUI.app/imagenet-hard-50-subset-2500__n02089078__ILSVRC2012_val_00023966.JPEG","images/n02089078/imagenet-hard-50-subset-2500__n02089078__ILSVRC2012_val_00023966.JPEG","165","black-and-tan coonhound","236","Doberman","8,132812","236|234|165|238|240","Doberman|Rottweiler|black-and-tan coonhound|Greater Swiss Mountain dog|Appenzeller","8,132812|7,808594|7,648438|7,410156|6,300781","true"
"/private/var/containers/Bundle/Application/4D01D32A-B666-4384-B213-31BBF61E54F1/CVTestsSUI.app/imagenet-hard-50-subset-2500__n02089078__ILSVRC2012_val_00025466.JPEG","images/n02089078/imagenet-hard-50-subset-2500__n02089078__ILSVRC2012_val_00025466.JPEG","165","black-and-tan coonhound","164","bluetick","7,855469","164|165|161|163|241","bluetick|black-and-tan coonhound|basset|bloodhound|EntleBucher","7,855469|6,820312|5,437500|4,726562|4,632812","true"
"/private/var/containers/Bundle/Application/4D01D32A-B666-4384-B213-31BBF61E54F1/CVTestsSUI.app/imagenet-hard-50-subset-2500__n02089078__ILSVRC2012_val_00029836.JPEG","images/n02089078/imagenet-hard-50-subset-2500__n02089078__ILSVRC2012_val_00029836.JPEG","165","black-and-tan coonhound","237","miniature pinscher","6,296875","237|236|159|676|235","miniature pinscher|Doberman|Rhodesian ridgeback|muzzle|German shepherd","6,296875|5,617188|5,593750|3,861328|3,750000","false"
"/private/var/containers/Bundle/Application/4D01D32A-B666-4384-B213-31BBF61E54F1/CVTestsSUI.app/imagenet-hard-50-subset-2500__n02089078__ILSVRC2012_val_00030002.JPEG","images/n02089078/imagenet-hard-50-subset-2500__n02089078__ILSVRC2012_val_00030002.JPEG","165","black-and-tan coonhound","234","Rottweiler","9,710938","234|236|214|240|165","Rottweiler|Doberman|Gordon setter|Appenzeller|black-and-tan coonhound","9,710938|6,175781|5,546875|4,875000|3,935547","true"
"/private/var/containers/Bundle/Application/4D01D32A-B666-4384-B213-31BBF61E54F1/CVTestsSUI.app/imagenet-hard-50-subset-2500__n02089078__ILSVRC2012_val_00030928.JPEG","images/n02089078/imagenet-hard-50-subset-2500__n02089078__ILSVRC2012_val_00030928.JPEG","165","black-and-tan coonhound","240","Appenzeller","7,882812","240|166|236|238|241","Appenzeller|Walker hound|Doberman|Greater Swiss Mountain dog|EntleBucher","7,882812|5,867188|5,703125|4,941406|4,832031","false"
"/private/var/containers/Bundle/Application/4D01D32A-B666-4384-B213-31BBF61E54F1/CVTestsSUI.app/imagenet-hard-50-subset-2500__n02089078__ILSVRC2012_val_00031040.JPEG","images/n02089078/imagenet-hard-50-subset-2500__n02089078__ILSVRC2012_val_00031040.JPEG","165","black-and-tan coonhound","236","Doberman","8,679688","236|165|234|238|214","Doberman|black-and-tan coonhound|Rottweiler|Greater Swiss Mountain dog|Gordon setter","8,679688|7,828125|7,546875|5,601562|5,578125","true"
"/private/var/containers/Bundle/Application/4D01D32A-B666-4384-B213-31BBF61E54F1/CVTestsSUI.app/imagenet-hard-50-subset-2500__n02089078__ILSVRC2012_val_00031699.JPEG","images/n02089078/imagenet-hard-50-subset-2500__n02089078__ILSVRC2012_val_00031699.JPEG","165","black-and-tan coonhound","195","Boston bull","6,144531","195|676|242|238|97","Boston bull|muzzle|boxer|Greater Swiss Mountain dog|drake","6,144531|5,871094|5,664062|5,187500|5,113281","false"
"/private/var/containers/Bundle/Application/4D01D32A-B666-4384-B213-31BBF61E54F1/CVTestsSUI.app/imagenet-hard-50-subset-2500__n02089078__ILSVRC2012_val_00033531.JPEG","images/n02089078/imagenet-hard-50-subset-2500__n02089078__ILSVRC2012_val_00033531.JPEG","165","black-and-tan coonhound","163","bloodhound","7,203125","163|165|234|161|236","bloodhound|black-and-tan coonhound|Rottweiler|basset|Doberman","7,203125|5,710938|5,390625|4,632812|4,417969","true"
"/private/var/containers/Bundle/Application/4D01D32A-B666-4384-B213-31BBF61E54F1/CVTestsSUI.app/imagenet-hard-50-subset-2500__n02089078__ILSVRC2012_val_00034171.JPEG","images/n02089078/imagenet-hard-50-subset-2500__n02089078__ILSVRC2012_val_00034171.JPEG","165","black-and-tan coonhound","236","Doberman","8,054688","236|165|234|163|676","Doberman|black-and-tan coonhound|Rottweiler|bloodhound|muzzle","8,054688|6,246094|5,441406|4,789062|2,935547","true"
"/private/var/containers/Bundle/Application/4D01D32A-B666-4384-B213-31BBF61E54F1/CVTestsSUI.app/imagenet-hard-50-subset-2500__n02089078__ILSVRC2012_val_00037559.JPEG","images/n02089078/imagenet-hard-50-subset-2500__n02089078__ILSVRC2012_val_00037559.JPEG","165","black-and-tan coonhound","236","Doberman","7,253906","236|165|176|166|167","Doberman|black-and-tan coonhound|Saluki|Walker hound|English foxhound","7,253906|6,726562|6,554688|5,945312|4,437500","true"
"/private/var/containers/Bundle/Application/4D01D32A-B666-4384-B213-31BBF61E54F1/CVTestsSUI.app/imagenet-hard-50-subset-2500__n02089078__ILSVRC2012_val_00037609.JPEG","images/n02089078/imagenet-hard-50-subset-2500__n02089078__ILSVRC2012_val_00037609.JPEG","165","black-and-tan coonhound","238","Greater Swiss Mountain dog","10,164062","238|234|241|240|236","Greater Swiss Mountain dog|Rottweiler|EntleBucher|Appenzeller|Doberman","10,164062|8,460938|8,296875|7,527344|7,250000","false"
"/private/var/containers/Bundle/Application/4D01D32A-B666-4384-B213-31BBF61E54F1/CVTestsSUI.app/imagenet-hard-50-subset-2500__n02089078__ILSVRC2012_val_00041629.JPEG","images/n02089078/imagenet-hard-50-subset-2500__n02089078__ILSVRC2012_val_00041629.JPEG","165","black-and-tan coonhound","239","Bernese mountain dog","7,394531","239|240|214|241|238","Bernese mountain dog|Appenzeller|Gordon setter|EntleBucher|Greater Swiss Mountain dog","7,394531|5,371094|5,367188|4,570312|4,222656","false"
"/private/var/containers/Bundle/Application/4D01D32A-B666-4384-B213-31BBF61E54F1/CVTestsSUI.app/imagenet-hard-50-subset-2500__n02089078__ILSVRC2012_val_00041810.JPEG","images/n02089078/imagenet-hard-50-subset-2500__n02089078__ILSVRC2012_val_00041810.JPEG","165","black-and-tan coonhound","234","Rottweiler","8,101562","234|236|165|237|178","Rottweiler|Doberman|black-and-tan coonhound|miniature pinscher|Weimaraner","8,101562|7,695312|7,636719|7,449219|5,781250","true"
"/private/var/containers/Bundle/Application/4D01D32A-B666-4384-B213-31BBF61E54F1/CVTestsSUI.app/imagenet-hard-50-subset-2500__n02089078__ILSVRC2012_val_00045878.JPEG","images/n02089078/imagenet-hard-50-subset-2500__n02089078__ILSVRC2012_val_00045878.JPEG","165","black-and-tan coonhound","236","Doberman","7,257812","236|165|240|234|227","Doberman|black-and-tan coonhound|Appenzeller|Rottweiler|kelpie","7,257812|7,089844|6,117188|5,992188|5,886719","true"
"/private/var/containers/Bundle/Application/4D01D32A-B666-4384-B213-31BBF61E54F1/CVTestsSUI.app/imagenet-hard-50-subset-2500__n02089078__ILSVRC2012_val_00045901.JPEG","images/n02089078/imagenet-hard-50-subset-2500__n02089078__ILSVRC2012_val_00045901.JPEG","165","black-and-tan coonhound","158","toy terrier","7,644531","158|236|237|227|268","toy terrier|Doberman|miniature pinscher|kelpie|Mexican hairless","7,644531|7,093750|6,570312|4,351562|4,113281","false"
"/private/var/containers/Bundle/Application/4D01D32A-B666-4384-B213-31BBF61E54F1/CVTestsSUI.app/imagenet-hard-50-subset-2500__n02089078__ILSVRC2012_val_00049229.JPEG","images/n02089078/imagenet-hard-50-subset-2500__n02089078__ILSVRC2012_val_00049229.JPEG","165","black-and-tan coonhound","238","Greater Swiss Mountain dog","6,070312","238|166|176|172|240","Greater Swiss Mountain dog|Walker hound|Saluki|whippet|Appenzeller","6,070312|5,992188|5,464844|5,289062|4,316406","false"
"/private/var/containers/Bundle/Application/4D01D32A-B666-4384-B213-31BBF61E54F1/CVTestsSUI.app/imagenet-hard-50-subset-2500__n02089867__ILSVRC2012_val_00009220.JPEG","images/n02089867/imagenet-hard-50-subset-2500__n02089867__ILSVRC2012_val_00009220.JPEG","166","Walker hound","162","beagle","10,015625","162|161|166|167|163","beagle|basset|Walker hound|English foxhound|bloodhound","10,015625|7,816406|6,824219|6,507812|4,082031","true"
"/private/var/containers/Bundle/Application/4D01D32A-B666-4384-B213-31BBF61E54F1/CVTestsSUI.app/imagenet-hard-50-subset-2500__n02089867__ILSVRC2012_val_00010950.JPEG","images/n02089867/imagenet-hard-50-subset-2500__n02089867__ILSVRC2012_val_00010950.JPEG","166","Walker hound","537","dogsled","6,457031","537|247|166|195|248","dogsled|Saint Bernard|Walker hound|Boston bull|Eskimo dog","6,457031|5,394531|5,375000|5,281250|5,097656","true"
"/private/var/containers/Bundle/Application/4D01D32A-B666-4384-B213-31BBF61E54F1/CVTestsSUI.app/imagenet-hard-50-subset-2500__n02089867__ILSVRC2012_val_00011792.JPEG","images/n02089867/imagenet-hard-50-subset-2500__n02089867__ILSVRC2012_val_00011792.JPEG","166","Walker hound","167","English foxhound","7,765625","167|166|215|173|247","English foxhound|Walker hound|Brittany spaniel|Ibizan hound|Saint Bernard","7,765625|7,500000|6,902344|6,554688|5,144531","true"
"/private/var/containers/Bundle/Application/4D01D32A-B666-4384-B213-31BBF61E54F1/CVTestsSUI.app/imagenet-hard-50-subset-2500__n02089867__ILSVRC2012_val_00025562.JPEG","images/n02089867/imagenet-hard-50-subset-2500__n02089867__ILSVRC2012_val_00025562.JPEG","166","Walker hound","162","beagle","9,195312","162|166|167|161|163","beagle|Walker hound|English foxhound|basset|bloodhound","9,195312|7,835938|6,566406|6,058594|3,839844","true"
"/private/var/containers/Bundle/Application/4D01D32A-B666-4384-B213-31BBF61E54F1/CVTestsSUI.app/imagenet-hard-50-subset-2500__n02089867__ILSVRC2012_val_00030025.JPEG","images/n02089867/imagenet-hard-50-subset-2500__n02089867__ILSVRC2012_val_00030025.JPEG","166","Walker hound","161","basset","7,066406","161|164|166|162|167","basset|bluetick|Walker hound|beagle|English foxhound","7,066406|6,886719|6,375000|6,253906|5,679688","true"
"/private/var/containers/Bundle/Application/4D01D32A-B666-4384-B213-31BBF61E54F1/CVTestsSUI.app/imagenet-hard-50-subset-2500__n02089867__ILSVRC2012_val_00034382.JPEG","images/n02089867/imagenet-hard-50-subset-2500__n02089867__ILSVRC2012_val_00034382.JPEG","166","Walker hound","161","basset","9,500000","161|176|163|162|166","basset|Saluki|bloodhound|beagle|Walker hound","9,500000|5,480469|5,398438|4,644531|3,796875","true"
"/private/var/containers/Bundle/Application/4D01D32A-B666-4384-B213-31BBF61E54F1/CVTestsSUI.app/imagenet-hard-50-subset-2500__n02089867__ILSVRC2012_val_00035749.JPEG","images/n02089867/imagenet-hard-50-subset-2500__n02089867__ILSVRC2012_val_00035749.JPEG","166","Walker hound","162","beagle","8,234375","162|166|247|167|161","beagle|Walker hound|Saint Bernard|English foxhound|basset","8,234375|7,871094|6,273438|5,984375|5,269531","true"
"/private/var/containers/Bundle/Application/4D01D32A-B666-4384-B213-31BBF61E54F1/CVTestsSUI.app/imagenet-hard-50-subset-2500__n02089867__ILSVRC2012_val_00035767.JPEG","images/n02089867/imagenet-hard-50-subset-2500__n02089867__ILSVRC2012_val_00035767.JPEG","166","Walker hound","162","beagle","11,046875","162|166|167|215|168","beagle|Walker hound|English foxhound|Brittany spaniel|redbone","11,046875|7,902344|7,300781|4,628906|4,132812","true"
"/private/var/containers/Bundle/Application/4D01D32A-B666-4384-B213-31BBF61E54F1/CVTestsSUI.app/imagenet-hard-50-subset-2500__n02089867__ILSVRC2012_val_00046021.JPEG","images/n02089867/imagenet-hard-50-subset-2500__n02089867__ILSVRC2012_val_00046021.JPEG","166","Walker hound","173","Ibizan hound","5,867188","173|172|167|166|246","Ibizan hound|whippet|English foxhound|Walker hound|Great Dane","5,867188|5,039062|4,882812|4,722656|4,328125","true"
"/private/var/containers/Bundle/Application/4D01D32A-B666-4384-B213-31BBF61E54F1/CVTestsSUI.app/imagenet-hard-50-subset-2500__n02089973__ILSVRC2012_val_00000028.JPEG","images/n02089973/imagenet-hard-50-subset-2500__n02089973__ILSVRC2012_val_00000028.JPEG","167","English foxhound","166","Walker hound","8,000000","166|247|167|238|264","Walker hound|Saint Bernard|English foxhound|Greater Swiss Mountain dog|Cardigan","8,000000|6,093750|6,089844|5,796875|5,734375","true"
"/private/var/containers/Bundle/Application/4D01D32A-B666-4384-B213-31BBF61E54F1/CVTestsSUI.app/imagenet-hard-50-subset-2500__n02089973__ILSVRC2012_val_00000048.JPEG","images/n02089973/imagenet-hard-50-subset-2500__n02089973__ILSVRC2012_val_00000048.JPEG","167","English foxhound","264","Cardigan","7,308594","264|162|166|167|253","Cardigan|beagle|Walker hound|English foxhound|basenji","7,308594|7,210938|7,136719|6,121094|4,746094","true"
"/private/var/containers/Bundle/Application/4D01D32A-B666-4384-B213-31BBF61E54F1/CVTestsSUI.app/imagenet-hard-50-subset-2500__n02089973__ILSVRC2012_val_00001128.JPEG","images/n02089973/imagenet-hard-50-subset-2500__n02089973__ILSVRC2012_val_00001128.JPEG","167","English foxhound","166","Walker hound","9,562500","166|167|162|164|161","Walker hound|English foxhound|beagle|bluetick|basset","9,562500|8,687500|5,937500|5,007812|4,792969","true"
"/private/var/containers/Bundle/Application/4D01D32A-B666-4384-B213-31BBF61E54F1/CVTestsSUI.app/imagenet-hard-50-subset-2500__n02089973__ILSVRC2012_val_00001777.JPEG","images/n02089973/imagenet-hard-50-subset-2500__n02089973__ILSVRC2012_val_00001777.JPEG","167","English foxhound","166","Walker hound","9,007812","166|161|167|164|162","Walker hound|basset|English foxhound|bluetick|beagle","9,007812|7,226562|7,054688|4,621094|4,582031","true"
"/private/var/containers/Bundle/Application/4D01D32A-B666-4384-B213-31BBF61E54F1/CVTestsSUI.app/imagenet-hard-50-subset-2500__n02089973__ILSVRC2012_val_00003671.JPEG","images/n02089973/imagenet-hard-50-subset-2500__n02089973__ILSVRC2012_val_00003671.JPEG","167","English foxhound","162","beagle","8,976562","162|167|166|231|264","beagle|English foxhound|Walker hound|collie|Cardigan","8,976562|7,453125|7,050781|5,675781|5,007812","true"
"/private/var/containers/Bundle/Application/4D01D32A-B666-4384-B213-31BBF61E54F1/CVTestsSUI.app/imagenet-hard-50-subset-2500__n02089973__ILSVRC2012_val_00004774.JPEG","images/n02089973/imagenet-hard-50-subset-2500__n02089973__ILSVRC2012_val_00004774.JPEG","167","English foxhound","162","beagle","7,132812","162|247|253|167|263","beagle|Saint Bernard|basenji|English foxhound|Pembroke","7,132812|5,746094|4,917969|4,500000|4,484375","true"
"/private/var/containers/Bundle/Application/4D01D32A-B666-4384-B213-31BBF61E54F1/CVTestsSUI.app/imagenet-hard-50-subset-2500__n02089973__ILSVRC2012_val_00004795.JPEG","images/n02089973/imagenet-hard-50-subset-2500__n02089973__ILSVRC2012_val_00004795.JPEG","167","English foxhound","166","Walker hound","8,976562","166|167|162|161|163","Walker hound|English foxhound|beagle|basset|bloodhound","8,976562|8,585938|7,941406|5,632812|4,355469","true"
"/private/var/containers/Bundle/Application/4D01D32A-B666-4384-B213-31BBF61E54F1/CVTestsSUI.app/imagenet-hard-50-subset-2500__n02089973__ILSVRC2012_val_00005943.JPEG","images/n02089973/imagenet-hard-50-subset-2500__n02089973__ILSVRC2012_val_00005943.JPEG","167","English foxhound","162","beagle","7,601562","162|161|263|253|171","beagle|basset|Pembroke|basenji|Italian greyhound","7,601562|6,527344|5,562500|5,097656|5,000000","false"
"/private/var/containers/Bundle/Application/4D01D32A-B666-4384-B213-31BBF61E54F1/CVTestsSUI.app/imagenet-hard-50-subset-2500__n02089973__ILSVRC2012_val_00006505.JPEG","images/n02089973/imagenet-hard-50-subset-2500__n02089973__ILSVRC2012_val_00006505.JPEG","167","English foxhound","215","Brittany spaniel","7,566406","215|162|238|173|211","Brittany spaniel|beagle|Greater Swiss Mountain dog|Ibizan hound|vizsla","7,566406|6,980469|5,792969|4,796875|4,621094","false"
"/private/var/containers/Bundle/Application/4D01D32A-B666-4384-B213-31BBF61E54F1/CVTestsSUI.app/imagenet-hard-50-subset-2500__n02089973__ILSVRC2012_val_00006815.JPEG","images/n02089973/imagenet-hard-50-subset-2500__n02089973__ILSVRC2012_val_00006815.JPEG","167","English foxhound","162","beagle","8,476562","162|167|166|156|264","beagle|English foxhound|Walker hound|Blenheim spaniel|Cardigan","8,476562|6,144531|4,859375|3,906250|3,693359","true"
"/private/var/containers/Bundle/Application/4D01D32A-B666-4384-B213-31BBF61E54F1/CVTestsSUI.app/imagenet-hard-50-subset-2500__n02089973__ILSVRC2012_val_00010168.JPEG","images/n02089973/imagenet-hard-50-subset-2500__n02089973__ILSVRC2012_val_00010168.JPEG","167","English foxhound","162","beagle","8,140625","162|166|167|161|188","beagle|Walker hound|English foxhound|basset|wire-haired fox terrier","8,140625|6,949219|6,746094|4,101562|4,019531","true"
"/private/var/containers/Bundle/Application/4D01D32A-B666-4384-B213-31BBF61E54F1/CVTestsSUI.app/imagenet-hard-50-subset-2500__n02089973__ILSVRC2012_val_00011342.JPEG","images/n02089973/imagenet-hard-50-subset-2500__n02089973__ILSVRC2012_val_00011342.JPEG","167","English foxhound","161","basset","9,750000","161|162|166|570|676","basset|beagle|Walker hound|gasmask|muzzle","9,750000|6,910156|6,781250|5,839844|5,656250","false"
"/private/var/containers/Bundle/Application/4D01D32A-B666-4384-B213-31BBF61E54F1/CVTestsSUI.app/imagenet-hard-50-subset-2500__n02089973__ILSVRC2012_val_00012875.JPEG","images/n02089973/imagenet-hard-50-subset-2500__n02089973__ILSVRC2012_val_00012875.JPEG","167","English foxhound","166","Walker hound","8,453125","166|167|162|161|168","Walker hound|English foxhound|beagle|basset|redbone","8,453125|7,312500|7,093750|5,226562|5,093750","true"
"/private/var/containers/Bundle/Application/4D01D32A-B666-4384-B213-31BBF61E54F1/CVTestsSUI.app/imagenet-hard-50-subset-2500__n02089973__ILSVRC2012_val_00025914.JPEG","images/n02089973/imagenet-hard-50-subset-2500__n02089973__ILSVRC2012_val_00025914.JPEG","167","English foxhound","166","Walker hound","8,242188","166|167|162|164|253","Walker hound|English foxhound|beagle|bluetick|basenji","8,242188|7,773438|7,218750|3,873047|3,855469","true"
"/private/var/containers/Bundle/Application/4D01D32A-B666-4384-B213-31BBF61E54F1/CVTestsSUI.app/imagenet-hard-50-subset-2500__n02089973__ILSVRC2012_val_00029164.JPEG","images/n02089973/imagenet-hard-50-subset-2500__n02089973__ILSVRC2012_val_00029164.JPEG","167","English foxhound","162","beagle","7,058594","162|161|166|167|164","beagle|basset|Walker hound|English foxhound|bluetick","7,058594|6,390625|6,023438|5,640625|5,265625","true"
"/private/var/containers/Bundle/Application/4D01D32A-B666-4384-B213-31BBF61E54F1/CVTestsSUI.app/imagenet-hard-50-subset-2500__n02089973__ILSVRC2012_val_00031859.JPEG","images/n02089973/imagenet-hard-50-subset-2500__n02089973__ILSVRC2012_val_00031859.JPEG","167","English foxhound","172","whippet","8,382812","172|176|171|246|173","whippet|Saluki|Italian greyhound|Great Dane|Ibizan hound","8,382812|8,093750|7,519531|6,796875|6,441406","false"
"/private/var/containers/Bundle/Application/4D01D32A-B666-4384-B213-31BBF61E54F1/CVTestsSUI.app/imagenet-hard-50-subset-2500__n02089973__ILSVRC2012_val_00033611.JPEG","images/n02089973/imagenet-hard-50-subset-2500__n02089973__ILSVRC2012_val_00033611.JPEG","167","English foxhound","166","Walker hound","9,617188","166|167|162|208|161","Walker hound|English foxhound|beagle|Labrador retriever|basset","9,617188|8,765625|8,343750|7,078125|5,250000","true"
"/private/var/containers/Bundle/Application/4D01D32A-B666-4384-B213-31BBF61E54F1/CVTestsSUI.app/imagenet-hard-50-subset-2500__n02089973__ILSVRC2012_val_00033633.JPEG","images/n02089973/imagenet-hard-50-subset-2500__n02089973__ILSVRC2012_val_00033633.JPEG","167","English foxhound","162","beagle","10,351562","162|166|167|215|238","beagle|Walker hound|English foxhound|Brittany spaniel|Greater Swiss Mountain dog","10,351562|6,421875|6,156250|5,500000|4,164062","true"
"/private/var/containers/Bundle/Application/4D01D32A-B666-4384-B213-31BBF61E54F1/CVTestsSUI.app/imagenet-hard-50-subset-2500__n02089973__ILSVRC2012_val_00033666.JPEG","images/n02089973/imagenet-hard-50-subset-2500__n02089973__ILSVRC2012_val_00033666.JPEG","167","English foxhound","166","Walker hound","8,054688","166|164|162|238|240","Walker hound|bluetick|beagle|Greater Swiss Mountain dog|Appenzeller","8,054688|6,750000|6,261719|5,910156|5,785156","false"
"/private/var/containers/Bundle/Application/4D01D32A-B666-4384-B213-31BBF61E54F1/CVTestsSUI.app/imagenet-hard-50-subset-2500__n02089973__ILSVRC2012_val_00034690.JPEG","images/n02089973/imagenet-hard-50-subset-2500__n02089973__ILSVRC2012_val_00034690.JPEG","167","English foxhound","166","Walker hound","10,265625","166|167|162|210|164","Walker hound|English foxhound|beagle|German short-haired pointer|bluetick","10,265625|9,500000|7,628906|5,113281|4,710938","true"
"/private/var/containers/Bundle/Application/4D01D32A-B666-4384-B213-31BBF61E54F1/CVTestsSUI.app/imagenet-hard-50-subset-2500__n02089973__ILSVRC2012_val_00036191.JPEG","images/n02089973/imagenet-hard-50-subset-2500__n02089973__ILSVRC2012_val_00036191.JPEG","167","English foxhound","168","redbone","8,585938","168|159|162|208|166","redbone|Rhodesian ridgeback|beagle|Labrador retriever|Walker hound","8,585938|6,398438|5,171875|4,914062|4,656250","false"
"/private/var/containers/Bundle/Application/4D01D32A-B666-4384-B213-31BBF61E54F1/CVTestsSUI.app/imagenet-hard-50-subset-2500__n02089973__ILSVRC2012_val_00036938.JPEG","images/n02089973/imagenet-hard-50-subset-2500__n02089973__ILSVRC2012_val_00036938.JPEG","167","English foxhound","162","beagle","10,335938","162|167|166|241|164","beagle|English foxhound|Walker hound|EntleBucher|bluetick","10,335938|6,792969|6,574219|5,218750|4,480469","true"
"/private/var/containers/Bundle/Application/4D01D32A-B666-4384-B213-31BBF61E54F1/CVTestsSUI.app/imagenet-hard-50-subset-2500__n02089973__ILSVRC2012_val_00037826.JPEG","images/n02089973/imagenet-hard-50-subset-2500__n02089973__ILSVRC2012_val_00037826.JPEG","167","English foxhound","242","boxer","8,117188","242|247|162|180|238","boxer|Saint Bernard|beagle|American Staffordshire terrier|Greater Swiss Mountain dog","8,117188|8,054688|7,367188|7,035156|5,667969","false"
"/private/var/containers/Bundle/Application/4D01D32A-B666-4384-B213-31BBF61E54F1/CVTestsSUI.app/imagenet-hard-50-subset-2500__n02089973__ILSVRC2012_val_00038676.JPEG","images/n02089973/imagenet-hard-50-subset-2500__n02089973__ILSVRC2012_val_00038676.JPEG","167","English foxhound","166","Walker hound","10,414062","166|167|161|162|163","Walker hound|English foxhound|basset|beagle|bloodhound","10,414062|9,687500|7,238281|6,113281|4,660156","true"
"/private/var/containers/Bundle/Application/4D01D32A-B666-4384-B213-31BBF61E54F1/CVTestsSUI.app/imagenet-hard-50-subset-2500__n02089973__ILSVRC2012_val_00038944.JPEG","images/n02089973/imagenet-hard-50-subset-2500__n02089973__ILSVRC2012_val_00038944.JPEG","167","English foxhound","159","Rhodesian ridgeback","8,187500","159|167|168|166|161","Rhodesian ridgeback|English foxhound|redbone|Walker hound|basset","8,187500|6,894531|6,363281|6,136719|3,857422","true"
"/private/var/containers/Bundle/Application/4D01D32A-B666-4384-B213-31BBF61E54F1/CVTestsSUI.app/imagenet-hard-50-subset-2500__n02089973__ILSVRC2012_val_00039528.JPEG","images/n02089973/imagenet-hard-50-subset-2500__n02089973__ILSVRC2012_val_00039528.JPEG","167","English foxhound","166","Walker hound","8,687500","166|167|159|162|168","Walker hound|English foxhound|Rhodesian ridgeback|beagle|redbone","8,687500|8,335938|6,437500|5,363281|5,117188","true"
"/private/var/containers/Bundle/Application/4D01D32A-B666-4384-B213-31BBF61E54F1/CVTestsSUI.app/imagenet-hard-50-subset-2500__n02089973__ILSVRC2012_val_00040069.JPEG","images/n02089973/imagenet-hard-50-subset-2500__n02089973__ILSVRC2012_val_00040069.JPEG","167","English foxhound","164","bluetick","9,000000","164|210|167|166|165","bluetick|German short-haired pointer|English foxhound|Walker hound|black-and-tan coonhound","9,000000|5,531250|5,351562|4,949219|3,722656","true"
"/private/var/containers/Bundle/Application/4D01D32A-B666-4384-B213-31BBF61E54F1/CVTestsSUI.app/imagenet-hard-50-subset-2500__n02089973__ILSVRC2012_val_00043341.JPEG","images/n02089973/imagenet-hard-50-subset-2500__n02089973__ILSVRC2012_val_00043341.JPEG","167","English foxhound","166","Walker hound","7,968750","166|161|167|163|162","Walker hound|basset|English foxhound|bloodhound|beagle","7,968750|6,429688|5,691406|5,277344|4,980469","true"
"/private/var/containers/Bundle/Application/4D01D32A-B666-4384-B213-31BBF61E54F1/CVTestsSUI.app/imagenet-hard-50-subset-2500__n02089973__ILSVRC2012_val_00043610.JPEG","images/n02089973/imagenet-hard-50-subset-2500__n02089973__ILSVRC2012_val_00043610.JPEG","167","English foxhound","166","Walker hound","8,851562","166|162|167|215|164","Walker hound|beagle|English foxhound|Brittany spaniel|bluetick","8,851562|8,437500|8,156250|5,558594|5,058594","true"
"/private/var/containers/Bundle/Application/4D01D32A-B666-4384-B213-31BBF61E54F1/CVTestsSUI.app/imagenet-hard-50-subset-2500__n02089973__ILSVRC2012_val_00045799.JPEG","images/n02089973/imagenet-hard-50-subset-2500__n02089973__ILSVRC2012_val_00045799.JPEG","167","English foxhound","166","Walker hound","9,343750","166|167|210|173|172","Walker hound|English foxhound|German short-haired pointer|Ibizan hound|whippet","9,343750|8,617188|5,281250|4,867188|4,738281","true"
"/private/var/containers/Bundle/Application/4D01D32A-B666-4384-B213-31BBF61E54F1/CVTestsSUI.app/imagenet-hard-50-subset-2500__n02089973__ILSVRC2012_val_00048188.JPEG","images/n02089973/imagenet-hard-50-subset-2500__n02089973__ILSVRC2012_val_00048188.JPEG","167","English foxhound","158","toy terrier","5,726562","158|151|852|179|172","toy terrier|Chihuahua|tennis ball|Staffordshire bullterrier|whippet","5,726562|5,386719|4,710938|4,617188|4,558594","false"
"/private/var/containers/Bundle/Application/4D01D32A-B666-4384-B213-31BBF61E54F1/CVTestsSUI.app/imagenet-hard-50-subset-2500__n02090379__ILSVRC2012_val_00001363.JPEG","images/n02090379/imagenet-hard-50-subset-2500__n02090379__ILSVRC2012_val_00001363.JPEG","168","redbone","211","vizsla","9,445312","211|168|159|184|163","vizsla|redbone|Rhodesian ridgeback|Irish terrier|bloodhound","9,445312|8,765625|7,109375|4,472656|3,970703","true"
"/private/var/containers/Bundle/Application/4D01D32A-B666-4384-B213-31BBF61E54F1/CVTestsSUI.app/imagenet-hard-50-subset-2500__n02090379__ILSVRC2012_val_00001862.JPEG","images/n02090379/imagenet-hard-50-subset-2500__n02090379__ILSVRC2012_val_00001862.JPEG","168","redbone","211","vizsla","7,917969","211|168|163|159|161","vizsla|redbone|bloodhound|Rhodesian ridgeback|basset","7,917969|7,671875|5,910156|4,953125|3,640625","true"
"/private/var/containers/Bundle/Application/4D01D32A-B666-4384-B213-31BBF61E54F1/CVTestsSUI.app/imagenet-hard-50-subset-2500__n02090379__ILSVRC2012_val_00002933.JPEG","images/n02090379/imagenet-hard-50-subset-2500__n02090379__ILSVRC2012_val_00002933.JPEG","168","redbone","163","bloodhound","9,273438","163|225|243|255|235","bloodhound|malinois|bull mastiff|Leonberg|German shepherd","9,273438|7,546875|6,273438|5,253906|5,171875","false"
"/private/var/containers/Bundle/Application/4D01D32A-B666-4384-B213-31BBF61E54F1/CVTestsSUI.app/imagenet-hard-50-subset-2500__n02090379__ILSVRC2012_val_00005493.JPEG","images/n02090379/imagenet-hard-50-subset-2500__n02090379__ILSVRC2012_val_00005493.JPEG","168","redbone","159","Rhodesian ridgeback","6,593750","159|211|205|214|168","Rhodesian ridgeback|vizsla|flat-coated retriever|Gordon setter|redbone","6,593750|6,074219|5,976562|5,898438|5,656250","true"
"/private/var/containers/Bundle/Application/4D01D32A-B666-4384-B213-31BBF61E54F1/CVTestsSUI.app/imagenet-hard-50-subset-2500__n02090379__ILSVRC2012_val_00006396.JPEG","images/n02090379/imagenet-hard-50-subset-2500__n02090379__ILSVRC2012_val_00006396.JPEG","168","redbone","159","Rhodesian ridgeback","9,015625","159|168|166|165|163","Rhodesian ridgeback|redbone|Walker hound|black-and-tan coonhound|bloodhound","9,015625|8,460938|5,195312|5,187500|5,113281","true"
"/private/var/containers/Bundle/Application/4D01D32A-B666-4384-B213-31BBF61E54F1/CVTestsSUI.app/imagenet-hard-50-subset-2500__n02090379__ILSVRC2012_val_00008698.JPEG","images/n02090379/imagenet-hard-50-subset-2500__n02090379__ILSVRC2012_val_00008698.JPEG","168","redbone","159","Rhodesian ridgeback","10,335938","159|168|211|242|163","Rhodesian ridgeback|redbone|vizsla|boxer|bloodhound","10,335938|8,984375|8,484375|6,773438|5,941406","true"
"/private/var/containers/Bundle/Application/4D01D32A-B666-4384-B213-31BBF61E54F1/CVTestsSUI.app/imagenet-hard-50-subset-2500__n02090379__ILSVRC2012_val_00030696.JPEG","images/n02090379/imagenet-hard-50-subset-2500__n02090379__ILSVRC2012_val_00030696.JPEG","168","redbone","159","Rhodesian ridgeback","8,226562","159|168|242|179|163","Rhodesian ridgeback|redbone|boxer|Staffordshire bullterrier|bloodhound","8,226562|7,765625|7,371094|6,027344|5,183594","true"
"/private/var/containers/Bundle/Application/4D01D32A-B666-4384-B213-31BBF61E54F1/CVTestsSUI.app/imagenet-hard-50-subset-2500__n02090379__ILSVRC2012_val_00031821.JPEG","images/n02090379/imagenet-hard-50-subset-2500__n02090379__ILSVRC2012_val_00031821.JPEG","168","redbone","159","Rhodesian ridgeback","8,445312","159|168|208|236|165","Rhodesian ridgeback|redbone|Labrador retriever|Doberman|black-and-tan coonhound","8,445312|7,531250|4,171875|3,783203|3,705078","true"
"/private/var/containers/Bundle/Application/4D01D32A-B666-4384-B213-31BBF61E54F1/CVTestsSUI.app/imagenet-hard-50-subset-2500__n02090379__ILSVRC2012_val_00032746.JPEG","images/n02090379/imagenet-hard-50-subset-2500__n02090379__ILSVRC2012_val_00032746.JPEG","168","redbone","180","American Staffordshire terrier","8,414062","180|179|227|209|208","American Staffordshire terrier|Staffordshire bullterrier|kelpie|Chesapeake Bay retriever|Labrador retriever","8,414062|7,425781|6,683594|6,093750|3,931641","false"
"/private/var/containers/Bundle/Application/4D01D32A-B666-4384-B213-31BBF61E54F1/CVTestsSUI.app/imagenet-hard-50-subset-2500__n02090379__ILSVRC2012_val_00035689.JPEG","images/n02090379/imagenet-hard-50-subset-2500__n02090379__ILSVRC2012_val_00035689.JPEG","168","redbone","159","Rhodesian ridgeback","7,136719","159|243|179|163|168","Rhodesian ridgeback|bull mastiff|Staffordshire bullterrier|bloodhound|redbone","7,136719|6,332031|5,957031|4,828125|4,765625","true"
"/private/var/containers/Bundle/Application/4D01D32A-B666-4384-B213-31BBF61E54F1/CVTestsSUI.app/imagenet-hard-50-subset-2500__n02090379__ILSVRC2012_val_00040356.JPEG","images/n02090379/imagenet-hard-50-subset-2500__n02090379__ILSVRC2012_val_00040356.JPEG","168","redbone","159","Rhodesian ridgeback","9,312500","159|168|211|167|180","Rhodesian ridgeback|redbone|vizsla|English foxhound|American Staffordshire terrier","9,312500|8,562500|5,656250|3,714844|3,250000","true"
"/private/var/containers/Bundle/Application/4D01D32A-B666-4384-B213-31BBF61E54F1/CVTestsSUI.app/imagenet-hard-50-subset-2500__n02090379__ILSVRC2012_val_00042442.JPEG","images/n02090379/imagenet-hard-50-subset-2500__n02090379__ILSVRC2012_val_00042442.JPEG","168","redbone","159","Rhodesian ridgeback","8,593750","159|168|207|163|273","Rhodesian ridgeback|redbone|golden retriever|bloodhound|dingo","8,593750|8,523438|5,230469|5,222656|5,039062","true"
"/private/var/containers/Bundle/Application/4D01D32A-B666-4384-B213-31BBF61E54F1/CVTestsSUI.app/imagenet-hard-50-subset-2500__n02090379__ILSVRC2012_val_00044444.JPEG","images/n02090379/imagenet-hard-50-subset-2500__n02090379__ILSVRC2012_val_00044444.JPEG","168","redbone","159","Rhodesian ridgeback","7,546875","159|168|273|208|162","Rhodesian ridgeback|redbone|dingo|Labrador retriever|beagle","7,546875|6,761719|6,078125|5,710938|4,710938","true"
"/private/var/containers/Bundle/Application/4D01D32A-B666-4384-B213-31BBF61E54F1/CVTestsSUI.app/imagenet-hard-50-subset-2500__n02090721__ILSVRC2012_val_00001765.JPEG","images/n02090721/imagenet-hard-50-subset-2500__n02090721__ILSVRC2012_val_00001765.JPEG","170","Irish wolfhound","172","whippet","9,898438","172|176|177|246|170","whippet|Saluki|Scottish deerhound|Great Dane|Irish wolfhound","9,898438|6,839844|6,664062|6,437500|5,097656","true"
"/private/var/containers/Bundle/Application/4D01D32A-B666-4384-B213-31BBF61E54F1/CVTestsSUI.app/imagenet-hard-50-subset-2500__n02090721__ILSVRC2012_val_00005946.JPEG","images/n02090721/imagenet-hard-50-subset-2500__n02090721__ILSVRC2012_val_00005946.JPEG","170","Irish wolfhound","177","Scottish deerhound","9,015625","177|170|197|198|160","Scottish deerhound|Irish wolfhound|giant schnauzer|standard schnauzer|Afghan hound","9,015625|8,398438|4,152344|3,843750|3,789062","true"
"/private/var/containers/Bundle/Application/4D01D32A-B666-4384-B213-31BBF61E54F1/CVTestsSUI.app/imagenet-hard-50-subset-2500__n02090721__ILSVRC2012_val_00006627.JPEG","images/n02090721/imagenet-hard-50-subset-2500__n02090721__ILSVRC2012_val_00006627.JPEG","170","Irish wolfhound","222","kuvasz","6,804688","222|170|169|177|212","kuvasz|Irish wolfhound|borzoi|Scottish deerhound|English setter","6,804688|5,996094|5,484375|5,414062|5,218750","true"
"/private/var/containers/Bundle/Application/4D01D32A-B666-4384-B213-31BBF61E54F1/CVTestsSUI.app/imagenet-hard-50-subset-2500__n02090721__ILSVRC2012_val_00009772.JPEG","images/n02090721/imagenet-hard-50-subset-2500__n02090721__ILSVRC2012_val_00009772.JPEG","170","Irish wolfhound","269","timber wolf","7,792969","269|272|270|291|170","timber wolf|coyote|white wolf|lion|Irish wolfhound","7,792969|4,031250|3,917969|3,708984|3,630859","true"
"/private/var/containers/Bundle/Application/4D01D32A-B666-4384-B213-31BBF61E54F1/CVTestsSUI.app/imagenet-hard-50-subset-2500__n02090721__ILSVRC2012_val_00014293.JPEG","images/n02090721/imagenet-hard-50-subset-2500__n02090721__ILSVRC2012_val_00014293.JPEG","170","Irish wolfhound","208","Labrador retriever","7,046875","208|188|222|167|179","Labrador retriever|wire-haired fox terrier|kuvasz|English foxhound|Staffordshire bullterrier","7,046875|6,789062|6,695312|6,542969|6,460938","false"
"/private/var/containers/Bundle/Application/4D01D32A-B666-4384-B213-31BBF61E54F1/CVTestsSUI.app/imagenet-hard-50-subset-2500__n02090721__ILSVRC2012_val_00015050.JPEG","images/n02090721/imagenet-hard-50-subset-2500__n02090721__ILSVRC2012_val_00015050.JPEG","170","Irish wolfhound","224","groenendael","8,054688","224|261|223|260|258","groenendael|keeshond|schipperke|chow|Samoyed","8,054688|5,093750|4,632812|3,714844|3,544922","false"
"/private/var/containers/Bundle/Application/4D01D32A-B666-4384-B213-31BBF61E54F1/CVTestsSUI.app/imagenet-hard-50-subset-2500__n02090721__ILSVRC2012_val_00017041.JPEG","images/n02090721/imagenet-hard-50-subset-2500__n02090721__ILSVRC2012_val_00017041.JPEG","170","Irish wolfhound","177","Scottish deerhound","8,171875","177|170|175|184|160","Scottish deerhound|Irish wolfhound|otterhound|Irish terrier|Afghan hound","8,171875|8,054688|4,031250|2,916016|2,869141","true"
"/private/var/containers/Bundle/Application/4D01D32A-B666-4384-B213-31BBF61E54F1/CVTestsSUI.app/imagenet-hard-50-subset-2500__n02090721__ILSVRC2012_val_00017327.JPEG","images/n02090721/imagenet-hard-50-subset-2500__n02090721__ILSVRC2012_val_00017327.JPEG","170","Irish wolfhound","202","soft-coated wheaten terrier","8,359375","202|184|170|228|185","soft-coated wheaten terrier|Irish terrier|Irish wolfhound|komondor|Norfolk terrier","8,359375|5,402344|5,023438|4,621094|4,566406","true"
"/private/var/containers/Bundle/Application/4D01D32A-B666-4384-B213-31BBF61E54F1/CVTestsSUI.app/imagenet-hard-50-subset-2500__n02090721__ILSVRC2012_val_00022022.JPEG","images/n02090721/imagenet-hard-50-subset-2500__n02090721__ILSVRC2012_val_00022022.JPEG","170","Irish wolfhound","175","otterhound","7,605469","175|170|177|188|233","otterhound|Irish wolfhound|Scottish deerhound|wire-haired fox terrier|Bouvier des Flandres","7,605469|6,906250|6,878906|4,761719|4,402344","true"
"/private/var/containers/Bundle/Application/4D01D32A-B666-4384-B213-31BBF61E54F1/CVTestsSUI.app/imagenet-hard-50-subset-2500__n02090721__ILSVRC2012_val_00022071.JPEG","images/n02090721/imagenet-hard-50-subset-2500__n02090721__ILSVRC2012_val_00022071.JPEG","170","Irish wolfhound","221","Irish water spaniel","8,992188","221|220|206|267|266","Irish water spaniel|Sussex spaniel|curly-coated retriever|standard poodle|miniature poodle","8,992188|4,457031|4,378906|3,951172|2,892578","false"
"/private/var/containers/Bundle/Application/4D01D32A-B666-4384-B213-31BBF61E54F1/CVTestsSUI.app/imagenet-hard-50-subset-2500__n02090721__ILSVRC2012_val_00026728.JPEG","images/n02090721/imagenet-hard-50-subset-2500__n02090721__ILSVRC2012_val_00026728.JPEG","170","Irish wolfhound","160","Afghan hound","8,531250","160|202|226|267|221","Afghan hound|soft-coated wheaten terrier|briard|standard poodle|Irish water spaniel","8,531250|5,683594|5,062500|5,058594|4,355469","false"
"/private/var/containers/Bundle/Application/4D01D32A-B666-4384-B213-31BBF61E54F1/CVTestsSUI.app/imagenet-hard-50-subset-2500__n02090721__ILSVRC2012_val_00030412.JPEG","images/n02090721/imagenet-hard-50-subset-2500__n02090721__ILSVRC2012_val_00030412.JPEG","170","Irish wolfhound","177","Scottish deerhound","7,652344","177|170|233|226|198","Scottish deerhound|Irish wolfhound|Bouvier des Flandres|briard|standard schnauzer","7,652344|7,312500|6,281250|5,558594|5,511719","true"
"/private/var/containers/Bundle/Application/4D01D32A-B666-4384-B213-31BBF61E54F1/CVTestsSUI.app/imagenet-hard-50-subset-2500__n02090721__ILSVRC2012_val_00042118.JPEG","images/n02090721/imagenet-hard-50-subset-2500__n02090721__ILSVRC2012_val_00042118.JPEG","170","Irish wolfhound","192","cairn","8,617188","192|186|170|185|184","cairn|Norwich terrier|Irish wolfhound|Norfolk terrier|Irish terrier","8,617188|7,503906|7,347656|6,074219|4,816406","true"
"/private/var/containers/Bundle/Application/4D01D32A-B666-4384-B213-31BBF61E54F1/CVTestsSUI.app/imagenet-hard-50-subset-2500__n02090721__ILSVRC2012_val_00043205.JPEG","images/n02090721/imagenet-hard-50-subset-2500__n02090721__ILSVRC2012_val_00043205.JPEG","170","Irish wolfhound","177","Scottish deerhound","9,273438","177|170|233|267|197","Scottish deerhound|Irish wolfhound|Bouvier des Flandres|standard poodle|giant schnauzer","9,273438|9,156250|4,699219|4,429688|3,556641","true"
"/private/var/containers/Bundle/Application/4D01D32A-B666-4384-B213-31BBF61E54F1/CVTestsSUI.app/imagenet-hard-50-subset-2500__n02090721__ILSVRC2012_val_00049015.JPEG","images/n02090721/imagenet-hard-50-subset-2500__n02090721__ILSVRC2012_val_00049015.JPEG","170","Irish wolfhound","169","borzoi","10,406250","169|222|177|176|173","borzoi|kuvasz|Scottish deerhound|Saluki|Ibizan hound","10,406250|5,570312|4,671875|4,421875|4,113281","false"
"/private/var/containers/Bundle/Application/4D01D32A-B666-4384-B213-31BBF61E54F1/CVTestsSUI.app/imagenet-hard-50-subset-2500__n02090721__ILSVRC2012_val_00049744.JPEG","images/n02090721/imagenet-hard-50-subset-2500__n02090721__ILSVRC2012_val_00049744.JPEG","170","Irish wolfhound","169","borzoi","11,898438","169|222|177|212|176","borzoi|kuvasz|Scottish deerhound|English setter|Saluki","11,898438|6,593750|4,531250|4,500000|4,296875","false"
"/private/var/containers/Bundle/Application/4D01D32A-B666-4384-B213-31BBF61E54F1/CVTestsSUI.app/imagenet-hard-50-subset-2500__n01530575__ILSVRC2012_val_00004006.JPEG","images/n01530575/imagenet-hard-50-subset-2500__n01530575__ILSVRC2012_val_00004006.JPEG","10","brambling","58","water snake","8,789062","58|858|53|62|65","water snake|tile roof|ringneck snake|rock python|sea snake","8,789062|7,007812|5,988281|5,820312|5,722656","false"
"/private/var/containers/Bundle/Application/4D01D32A-B666-4384-B213-31BBF61E54F1/CVTestsSUI.app/imagenet-hard-50-subset-2500__n01530575__ILSVRC2012_val_00013512.JPEG","images/n01530575/imagenet-hard-50-subset-2500__n01530575__ILSVRC2012_val_00013512.JPEG","10","brambling","13","junco","7,593750","13|10|15|82|81","junco|brambling|robin|ruffed grouse|ptarmigan","7,593750|6,855469|5,855469|5,242188|4,890625","true"
"/private/var/containers/Bundle/Application/4D01D32A-B666-4384-B213-31BBF61E54F1/CVTestsSUI.app/imagenet-hard-50-subset-2500__n01530575__ILSVRC2012_val_00023766.JPEG","images/n01530575/imagenet-hard-50-subset-2500__n01530575__ILSVRC2012_val_00023766.JPEG","10","brambling","140","red-backed sandpiper","9,789062","140|10|142|99|143","red-backed sandpiper|brambling|dowitcher|goose|oystercatcher","9,789062|8,593750|8,132812|8,101562|7,253906","true"
"/private/var/containers/Bundle/Application/4D01D32A-B666-4384-B213-31BBF61E54F1/CVTestsSUI.app/imagenet-hard-50-subset-2500__n01530575__ILSVRC2012_val_00046833.JPEG","images/n01530575/imagenet-hard-50-subset-2500__n01530575__ILSVRC2012_val_00046833.JPEG","10","brambling","11","goldfinch","13,031250","11|10|12|14|92","goldfinch|brambling|house finch|indigo bunting|bee eater","13,031250|10,054688|5,921875|5,000000|4,972656","true"
"/private/var/containers/Bundle/Application/4D01D32A-B666-4384-B213-31BBF61E54F1/CVTestsSUI.app/imagenet-hard-50-subset-2500__n01531178__ILSVRC2012_val_00032359.JPEG","images/n01531178/imagenet-hard-50-subset-2500__n01531178__ILSVRC2012_val_00032359.JPEG","11","goldfinch","10","brambling","8,437500","10|11|92|86|13","brambling|goldfinch|bee eater|partridge|junco","8,437500|6,054688|4,074219|3,304688|3,042969","true"
"/private/var/containers/Bundle/Application/4D01D32A-B666-4384-B213-31BBF61E54F1/CVTestsSUI.app/imagenet-hard-50-subset-2500__n01532829__ILSVRC2012_val_00007129.JPEG","images/n01532829/imagenet-hard-50-subset-2500__n01532829__ILSVRC2012_val_00007129.JPEG","12","house finch","21","kite","7,007812","21|12|82|15|133","kite|house finch|ruffed grouse|robin|bittern","7,007812|6,164062|6,035156|5,730469|5,093750","true"
"/private/var/containers/Bundle/Application/4D01D32A-B666-4384-B213-31BBF61E54F1/CVTestsSUI.app/imagenet-hard-50-subset-2500__n01532829__ILSVRC2012_val_00013209.JPEG","images/n01532829/imagenet-hard-50-subset-2500__n01532829__ILSVRC2012_val_00013209.JPEG","12","house finch","11","goldfinch","7,160156","11|10|16|95|92","goldfinch|brambling|bulbul|jacamar|bee eater","7,160156|5,703125|5,218750|5,093750|4,886719","false"
"/private/var/containers/Bundle/Application/4D01D32A-B666-4384-B213-31BBF61E54F1/CVTestsSUI.app/imagenet-hard-50-subset-2500__n01532829__ILSVRC2012_val_00048144.JPEG","images/n01532829/imagenet-hard-50-subset-2500__n01532829__ILSVRC2012_val_00048144.JPEG","12","house finch","10","brambling","8,617188","10|12|13|15|21","brambling|house finch|junco|robin|kite","8,617188|7,488281|7,085938|6,078125|5,242188","true"
"/private/var/containers/Bundle/Application/4D01D32A-B666-4384-B213-31BBF61E54F1/CVTestsSUI.app/imagenet-hard-50-subset-2500__n01537544__ILSVRC2012_val_00018676.JPEG","images/n01537544/imagenet-hard-50-subset-2500__n01537544__ILSVRC2012_val_00018676.JPEG","14","indigo bunting","136","European gallinule","7,585938","136|18|295|84|14","European gallinule|magpie|American black bear|peacock|indigo bunting","7,585938|5,824219|5,675781|5,472656|5,425781","true"
"/private/var/containers/Bundle/Application/4D01D32A-B666-4384-B213-31BBF61E54F1/CVTestsSUI.app/imagenet-hard-50-subset-2500__n01537544__ILSVRC2012_val_00025037.JPEG","images/n01537544/imagenet-hard-50-subset-2500__n01537544__ILSVRC2012_val_00025037.JPEG","14","indigo bunting","94","hummingbird","9,265625","94|91|12|16|14","hummingbird|coucal|house finch|bulbul|indigo bunting","9,265625|8,828125|7,953125|7,914062|7,132812","true"
"/private/var/containers/Bundle/Application/4D01D32A-B666-4384-B213-31BBF61E54F1/CVTestsSUI.app/imagenet-hard-50-subset-2500__n01537544__ILSVRC2012_val_00027145.JPEG","images/n01537544/imagenet-hard-50-subset-2500__n01537544__ILSVRC2012_val_00027145.JPEG","14","indigo bunting","40","American chameleon","6,167969","40|14|46|92|42","American chameleon|indigo bunting|green lizard|bee eater|agama","6,167969|5,574219|5,570312|4,824219|4,757812","true"
"/private/var/containers/Bundle/Application/4D01D32A-B666-4384-B213-31BBF61E54F1/CVTestsSUI.app/imagenet-hard-50-subset-2500__n01537544__ILSVRC2012_val_00033196.JPEG","images/n01537544/imagenet-hard-50-subset-2500__n01537544__ILSVRC2012_val_00033196.JPEG","14","indigo bunting","843","swing","7,847656","843|14|621|522|448","swing|indigo bunting|lawn mower|croquet ball|birdhouse","7,847656|7,011719|6,410156|5,800781|5,277344","true"
"/private/var/containers/Bundle/Application/4D01D32A-B666-4384-B213-31BBF61E54F1/CVTestsSUI.app/imagenet-hard-50-subset-2500__n01537544__ILSVRC2012_val_00036431.JPEG","images/n01537544/imagenet-hard-50-subset-2500__n01537544__ILSVRC2012_val_00036431.JPEG","14","indigo bunting","379","howler monkey","8,781250","379|14|18|23|96","howler monkey|indigo bunting|magpie|vulture|toucan","8,781250|8,117188|6,777344|6,582031|6,531250","true"
"/private/var/containers/Bundle/Application/4D01D32A-B666-4384-B213-31BBF61E54F1/CVTestsSUI.app/imagenet-hard-50-subset-2500__n01558993__ILSVRC2012_val_00030475.JPEG","images/n01558993/imagenet-hard-50-subset-2500__n01558993__ILSVRC2012_val_00030475.JPEG","15","robin","10","brambling","8,765625","10|15|19|13|91","brambling|robin|chickadee|junco|coucal","8,765625|8,531250|6,425781|5,441406|4,597656","true"
"/private/var/containers/Bundle/Application/4D01D32A-B666-4384-B213-31BBF61E54F1/CVTestsSUI.app/imagenet-hard-50-subset-2500__n01558993__ILSVRC2012_val_00031273.JPEG","images/n01558993/imagenet-hard-50-subset-2500__n01558993__ILSVRC2012_val_00031273.JPEG","15","robin","13","junco","7,515625","13|85|15|12|16","junco|quail|robin|house finch|bulbul","7,515625|7,000000|6,496094|5,886719|5,769531","true"
"/private/var/containers/Bundle/Application/4D01D32A-B666-4384-B213-31BBF61E54F1/CVTestsSUI.app/imagenet-hard-50-subset-2500__n01558993__ILSVRC2012_val_00045150.JPEG","images/n01558993/imagenet-hard-50-subset-2500__n01558993__ILSVRC2012_val_00045150.JPEG","15","robin","10","brambling","10,132812","10|12|15|13|16","brambling|house finch|robin|junco|bulbul","10,132812|7,289062|7,019531|6,203125|5,320312","true"
"/private/var/containers/Bundle/Application/4D01D32A-B666-4384-B213-31BBF61E54F1/CVTestsSUI.app/imagenet-hard-50-subset-2500__n01558993__ILSVRC2012_val_00045294.JPEG","images/n01558993/imagenet-hard-50-subset-2500__n01558993__ILSVRC2012_val_00045294.JPEG","15","robin","91","coucal","8,070312","91|15|95|10|92","coucal|robin|jacamar|brambling|bee eater","8,070312|7,777344|6,109375|5,199219|5,050781","true"
"/private/var/containers/Bundle/Application/4D01D32A-B666-4384-B213-31BBF61E54F1/CVTestsSUI.app/imagenet-hard-50-subset-2500__n01560419__ILSVRC2012_val_00001720.JPEG","images/n01560419/imagenet-hard-50-subset-2500__n01560419__ILSVRC2012_val_00001720.JPEG","16","bulbul","85","quail","7,710938","85|21|22|82|12","quail|kite|bald eagle|ruffed grouse|house finch","7,710938|7,531250|7,152344|6,542969|6,152344","false"
"/private/var/containers/Bundle/Application/4D01D32A-B666-4384-B213-31BBF61E54F1/CVTestsSUI.app/imagenet-hard-50-subset-2500__n01560419__ILSVRC2012_val_00007263.JPEG","images/n01560419/imagenet-hard-50-subset-2500__n01560419__ILSVRC2012_val_00007263.JPEG","16","bulbul","90","lorikeet","7,058594","90|94|16|953|12","lorikeet|hummingbird|bulbul|pineapple|house finch","7,058594|6,835938|5,109375|4,730469|4,667969","true"
"/private/var/containers/Bundle/Application/4D01D32A-B666-4384-B213-31BBF61E54F1/CVTestsSUI.app/imagenet-hard-50-subset-2500__n01560419__ILSVRC2012_val_00011267.JPEG","images/n01560419/imagenet-hard-50-subset-2500__n01560419__ILSVRC2012_val_00011267.JPEG","16","bulbul","91","coucal","6,710938","91|23|13|136|16","coucal|vulture|junco|European gallinule|bulbul","6,710938|6,613281|6,144531|6,019531|5,882812","true"
"/private/var/containers/Bundle/Application/4D01D32A-B666-4384-B213-31BBF61E54F1/CVTestsSUI.app/imagenet-hard-50-subset-2500__n01560419__ILSVRC2012_val_00041990.JPEG","images/n01560419/imagenet-hard-50-subset-2500__n01560419__ILSVRC2012_val_00041990.JPEG","16","bulbul","91","coucal","6,867188","91|23|93|16|20","coucal|vulture|hornbill|bulbul|water ouzel","6,867188|6,648438|5,750000|5,035156|4,925781","true"
"/private/var/containers/Bundle/Application/4D01D32A-B666-4384-B213-31BBF61E54F1/CVTestsSUI.app/imagenet-hard-50-subset-2500__n01560419__ILSVRC2012_val_00044009.JPEG","images/n01560419/imagenet-hard-50-subset-2500__n01560419__ILSVRC2012_val_00044009.JPEG","16","bulbul","15","robin","5,937500","15|16|94|92|11","robin|bulbul|hummingbird|bee eater|goldfinch","5,937500|5,613281|5,531250|5,304688|5,234375","true"
"/private/var/containers/Bundle/Application/4D01D32A-B666-4384-B213-31BBF61E54F1/CVTestsSUI.app/imagenet-hard-50-subset-2500__n01580077__ILSVRC2012_val_00004317.JPEG","images/n01580077/imagenet-hard-50-subset-2500__n01580077__ILSVRC2012_val_00004317.JPEG","17","jay","128","black stork","6,460938","128|129|131|17|132","black stork|spoonbill|little blue heron|jay|American egret","6,460938|6,164062|5,949219|5,437500|5,265625","true"
"/private/var/containers/Bundle/Application/4D01D32A-B666-4384-B213-31BBF61E54F1/CVTestsSUI.app/imagenet-hard-50-subset-2500__n01580077__ILSVRC2012_val_00017024.JPEG","images/n01580077/imagenet-hard-50-subset-2500__n01580077__ILSVRC2012_val_00017024.JPEG","17","jay","85","quail","6,707031","85|15|17|13|19","quail|robin|jay|junco|chickadee","6,707031|6,343750|6,140625|5,203125|4,949219","true"
"/private/var/containers/Bundle/Application/4D01D32A-B666-4384-B213-31BBF61E54F1/CVTestsSUI.app/imagenet-hard-50-subset-2500__n01580077__ILSVRC2012_val_00020905.JPEG","images/n01580077/imagenet-hard-50-subset-2500__n01580077__ILSVRC2012_val_00020905.JPEG","17","jay","10","brambling","9,125000","10|17|12|13|15","brambling|jay|house finch|junco|robin","9,125000|6,871094|6,058594|5,593750|5,019531","true"
"/private/var/containers/Bundle/Application/4D01D32A-B666-4384-B213-31BBF61E54F1/CVTestsSUI.app/imagenet-hard-50-subset-2500__n01580077__ILSVRC2012_val_00022106.JPEG","images/n01580077/imagenet-hard-50-subset-2500__n01580077__ILSVRC2012_val_00022106.JPEG","17","jay","18","magpie","8,312500","18|16|17|20|13","magpie|bulbul|jay|water ouzel|junco","8,312500|5,878906|4,929688|3,876953|3,818359","true"
"/private/var/containers/Bundle/Application/4D01D32A-B666-4384-B213-31BBF61E54F1/CVTestsSUI.app/imagenet-hard-50-subset-2500__n01580077__ILSVRC2012_val_00040412.JPEG","images/n01580077/imagenet-hard-50-subset-2500__n01580077__ILSVRC2012_val_00040412.JPEG","17","jay","18","magpie","10,382812","18|17|16|14|91","magpie|jay|bulbul|indigo bunting|coucal","10,382812|9,859375|5,542969|5,109375|4,972656","true"
"/private/var/containers/Bundle/Application/4D01D32A-B666-4384-B213-31BBF61E54F1/CVTestsSUI.app/imagenet-hard-50-subset-2500__n01582220__ILSVRC2012_val_00009981.JPEG","images/n01582220/imagenet-hard-50-subset-2500__n01582220__ILSVRC2012_val_00009981.JPEG","18","magpie","22","bald eagle","7,476562","22|18|93|143|96","bald eagle|magpie|hornbill|oystercatcher|toucan","7,476562|6,875000|5,062500|4,914062|4,675781","true"
"/private/var/containers/Bundle/Application/4D01D32A-B666-4384-B213-31BBF61E54F1/CVTestsSUI.app/imagenet-hard-50-subset-2500__n01582220__ILSVRC2012_val_00024025.JPEG","images/n01582220/imagenet-hard-50-subset-2500__n01582220__ILSVRC2012_val_00024025.JPEG","18","magpie","17","jay","7,785156","17|18|20|91|15","jay|magpie|water ouzel|coucal|robin","7,785156|6,441406|5,437500|5,074219|4,945312","true"
"/private/var/containers/Bundle/Application/4D01D32A-B666-4384-B213-31BBF61E54F1/CVTestsSUI.app/imagenet-hard-50-subset-2500__n01582220__ILSVRC2012_val_00041051.JPEG","images/n01582220/imagenet-hard-50-subset-2500__n01582220__ILSVRC2012_val_00041051.JPEG","18","magpie","16","bulbul","7,156250","16|94|20|15|18","bulbul|hummingbird|water ouzel|robin|magpie","7,156250|5,996094|5,152344|5,054688|4,925781","true"
"/private/var/containers/Bundle/Application/4D01D32A-B666-4384-B213-31BBF61E54F1/CVTestsSUI.app/imagenet-hard-50-subset-2500__n01582220__ILSVRC2012_val_00041135.JPEG","images/n01582220/imagenet-hard-50-subset-2500__n01582220__ILSVRC2012_val_00041135.JPEG","18","magpie","353","gazelle","8,093750","353|352|351|272|172","gazelle|impala|hartebeest|coyote|whippet","8,093750|7,386719|3,347656|3,292969|2,978516","false"
"/private/var/containers/Bundle/Application/4D01D32A-B666-4384-B213-31BBF61E54F1/CVTestsSUI.app/imagenet-hard-50-subset-2500__n01601694__ILSVRC2012_val_00009597.JPEG","images/n01601694/imagenet-hard-50-subset-2500__n01601694__ILSVRC2012_val_00009597.JPEG","20","water ouzel","58","water snake","10,117188","58|360|119|150|20","water snake|otter|rock crab|sea lion|water ouzel","10,117188|6,921875|6,609375|6,585938|6,566406","true"
"/private/var/containers/Bundle/Application/4D01D32A-B666-4384-B213-31BBF61E54F1/CVTestsSUI.app/imagenet-hard-50-subset-2500__n01601694__ILSVRC2012_val_00012797.JPEG","images/n01601694/imagenet-hard-50-subset-2500__n01601694__ILSVRC2012_val_00012797.JPEG","20","water ouzel","13","junco","7,285156","13|12|10|16|18","junco|house finch|brambling|bulbul|magpie","7,285156|6,070312|5,570312|5,527344|5,218750","false"
"/private/var/containers/Bundle/Application/4D01D32A-B666-4384-B213-31BBF61E54F1/CVTestsSUI.app/imagenet-hard-50-subset-2500__n01601694__ILSVRC2012_val_00021656.JPEG","images/n01601694/imagenet-hard-50-subset-2500__n01601694__ILSVRC2012_val_00021656.JPEG","20","water ouzel","139","ruddy turnstone","6,828125","139|140|143|141|142","ruddy turnstone|red-backed sandpiper|oystercatcher|redshank|dowitcher","6,828125|6,597656|6,453125|5,417969|5,058594","false"
"/private/var/containers/Bundle/Application/4D01D32A-B666-4384-B213-31BBF61E54F1/CVTestsSUI.app/imagenet-hard-50-subset-2500__n01601694__ILSVRC2012_val_00026023.JPEG","images/n01601694/imagenet-hard-50-subset-2500__n01601694__ILSVRC2012_val_00026023.JPEG","20","water ouzel","95","jacamar","6,750000","95|92|94|84|91","jacamar|bee eater|hummingbird|peacock|coucal","6,750000|4,773438|4,656250|4,449219|3,751953","false"
"/private/var/containers/Bundle/Application/4D01D32A-B666-4384-B213-31BBF61E54F1/CVTestsSUI.app/imagenet-hard-50-subset-2500__n01601694__ILSVRC2012_val_00034929.JPEG","images/n01601694/imagenet-hard-50-subset-2500__n01601694__ILSVRC2012_val_00034929.JPEG","20","water ouzel","979","valley","9,351562","979|20|460|150|81","valley|water ouzel|breakwater|sea lion|ptarmigan","9,351562|6,957031|6,507812|5,753906|5,554688","true"
"/private/var/containers/Bundle/Application/4D01D32A-B666-4384-B213-31BBF61E54F1/CVTestsSUI.app/imagenet-hard-50-subset-2500__n01601694__ILSVRC2012_val_00038159.JPEG","images/n01601694/imagenet-hard-50-subset-2500__n01601694__ILSVRC2012_val_00038159.JPEG","20","water ouzel","10","brambling","9,351562","10|15|92|17|19","brambling|robin|bee eater|jay|chickadee","9,351562|4,601562|2,738281|2,669922|2,509766","false"
"/private/var/containers/Bundle/Application/4D01D32A-B666-4384-B213-31BBF61E54F1/CVTestsSUI.app/imagenet-hard-50-subset-2500__n01601694__ILSVRC2012_val_00049775.JPEG","images/n01601694/imagenet-hard-50-subset-2500__n01601694__ILSVRC2012_val_00049775.JPEG","20","water ouzel","94","hummingbird","8,007812","94|20|16|95|21","hummingbird|water ouzel|bulbul|jacamar|kite","8,007812|7,273438|7,265625|6,578125|6,003906","true"
"/private/var/containers/Bundle/Application/4D01D32A-B666-4384-B213-31BBF61E54F1/CVTestsSUI.app/imagenet-hard-50-subset-2500__n01608432__ILSVRC2012_val_00001488.JPEG","images/n01608432/imagenet-hard-50-subset-2500__n01608432__ILSVRC2012_val_00001488.JPEG","21","kite","23","vulture","6,785156","23|21|7|8|80","vulture|kite|cock|hen|black grouse","6,785156|6,632812|6,320312|5,968750|5,914062","true"
"/private/var/containers/Bundle/Application/4D01D32A-B666-4384-B213-31BBF61E54F1/CVTestsSUI.app/imagenet-hard-50-subset-2500__n01608432__ILSVRC2012_val_00002444.JPEG","images/n01608432/imagenet-hard-50-subset-2500__n01608432__ILSVRC2012_val_00002444.JPEG","21","kite","22","bald eagle","10,664062","22|21|23|20|87","bald eagle|kite|vulture|water ouzel|African grey","10,664062|6,664062|3,597656|3,085938|2,837891","true"
"/private/var/containers/Bundle/Application/4D01D32A-B666-4384-B213-31BBF61E54F1/CVTestsSUI.app/imagenet-hard-50-subset-2500__n01608432__ILSVRC2012_val_00006203.JPEG","images/n01608432/imagenet-hard-50-subset-2500__n01608432__ILSVRC2012_val_00006203.JPEG","21","kite","138","bustard","6,468750","138|91|95|365|18","bustard|coucal|jacamar|orangutan|magpie","6,468750|5,503906|4,796875|4,769531|4,625000","false"
"/private/var/containers/Bundle/Application/4D01D32A-B666-4384-B213-31BBF61E54F1/CVTestsSUI.app/imagenet-hard-50-subset-2500__n01608432__ILSVRC2012_val_00013095.JPEG","images/n01608432/imagenet-hard-50-subset-2500__n01608432__ILSVRC2012_val_00013095.JPEG","21","kite","375","colobus","7,125000","375|127|23|374|93","colobus|white stork|vulture|langur|hornbill","7,125000|6,707031|6,570312|6,203125|5,585938","false"
"/private/var/containers/Bundle/Application/4D01D32A-B666-4384-B213-31BBF61E54F1/CVTestsSUI.app/imagenet-hard-50-subset-2500__n01608432__ILSVRC2012_val_00015746.JPEG","images/n01608432/imagenet-hard-50-subset-2500__n01608432__ILSVRC2012_val_00015746.JPEG","21","kite","22","bald eagle","8,679688","22|21|89|23|24","bald eagle|kite|sulphur-crested cockatoo|vulture|great grey owl","8,679688|8,226562|4,625000|3,828125|2,964844","true"
"/private/var/containers/Bundle/Application/4D01D32A-B666-4384-B213-31BBF61E54F1/CVTestsSUI.app/imagenet-hard-50-subset-2500__n01608432__ILSVRC2012_val_00018796.JPEG","images/n01608432/imagenet-hard-50-subset-2500__n01608432__ILSVRC2012_val_00018796.JPEG","21","kite","22","bald eagle","7,691406","22|21|82|80|83","bald eagle|kite|ruffed grouse|black grouse|prairie chicken","7,691406|7,476562|5,199219|4,765625|4,753906","true"
"/private/var/containers/Bundle/Application/4D01D32A-B666-4384-B213-31BBF61E54F1/CVTestsSUI.app/imagenet-hard-50-subset-2500__n01608432__ILSVRC2012_val_00045690.JPEG","images/n01608432/imagenet-hard-50-subset-2500__n01608432__ILSVRC2012_val_00045690.JPEG","21","kite","138","bustard","8,593750","138|91|21|22|128","bustard|coucal|kite|bald eagle|black stork","8,593750|8,429688|7,605469|6,183594|5,910156","true"
"/private/var/containers/Bundle/Application/4D01D32A-B666-4384-B213-31BBF61E54F1/CVTestsSUI.app/imagenet-hard-50-subset-2500__n01608432__ILSVRC2012_val_00047191.JPEG","images/n01608432/imagenet-hard-50-subset-2500__n01608432__ILSVRC2012_val_00047191.JPEG","21","kite","82","ruffed grouse","6,949219","82|24|83|21|80","ruffed grouse|great grey owl|prairie chicken|kite|black grouse","6,949219|6,183594|5,628906|5,550781|5,183594","true"
"/private/var/containers/Bundle/Application/4D01D32A-B666-4384-B213-31BBF61E54F1/CVTestsSUI.app/imagenet-hard-50-subset-2500__n01614925__ILSVRC2012_val_00000128.JPEG","images/n01614925/imagenet-hard-50-subset-2500__n01614925__ILSVRC2012_val_00000128.JPEG","22","bald eagle","21","kite","7,593750","21|22|23|93|18","kite|bald eagle|vulture|hornbill|magpie","7,593750|7,554688|7,191406|6,621094|5,835938","true"
"/private/var/containers/Bundle/Application/4D01D32A-B666-4384-B213-31BBF61E54F1/CVTestsSUI.app/imagenet-hard-50-subset-2500__n01616318__ILSVRC2012_val_00022088.JPEG","images/n01616318/imagenet-hard-50-subset-2500__n01616318__ILSVRC2012_val_00022088.JPEG","23","vulture","138","bustard","10,953125","138|23|84|80|82","bustard|vulture|peacock|black grouse|ruffed grouse","10,953125|8,632812|7,695312|7,179688|6,687500","true"
"/private/var/containers/Bundle/Application/4D01D32A-B666-4384-B213-31BBF61E54F1/CVTestsSUI.app/imagenet-hard-50-subset-2500__n01622779__ILSVRC2012_val_00004345.JPEG","images/n01622779/imagenet-hard-50-subset-2500__n01622779__ILSVRC2012_val_00004345.JPEG","24","great grey owl","802","snowmobile","10,070312","802|795|537|792|796","snowmobile|ski|dogsled|shovel|ski mask","10,070312|8,156250|7,242188|6,828125|6,589844","false"
"/private/var/containers/Bundle/Application/4D01D32A-B666-4384-B213-31BBF61E54F1/CVTestsSUI.app/imagenet-hard-50-subset-2500__n02701002__ILSVRC2012_val_00003703.JPEG","images/n02701002/imagenet-hard-50-subset-2500__n02701002__ILSVRC2012_val_00003703.JPEG","407","ambulance","555","fire engine","8,414062","555|407|468|436|581","fire engine|ambulance|cab|beach wagon|grille","8,414062|7,308594|5,972656|5,753906|5,691406","true"
"/private/var/containers/Bundle/Application/4D01D32A-B666-4384-B213-31BBF61E54F1/CVTestsSUI.app/imagenet-hard-50-subset-2500__n02701002__ILSVRC2012_val_00017171.JPEG","images/n02701002/imagenet-hard-50-subset-2500__n02701002__ILSVRC2012_val_00017171.JPEG","407","ambulance","734","police van","10,070312","734|407|654|757|656","police van|ambulance|minibus|recreational vehicle|minivan","10,070312|9,187500|5,507812|4,503906|4,062500","true"
"/private/var/containers/Bundle/Application/4D01D32A-B666-4384-B213-31BBF61E54F1/CVTestsSUI.app/imagenet-hard-50-subset-2500__n02701002__ILSVRC2012_val_00021146.JPEG","images/n02701002/imagenet-hard-50-subset-2500__n02701002__ILSVRC2012_val_00021146.JPEG","407","ambulance","734","police van","7,058594","734|407|654|656|675","police van|ambulance|minibus|minivan|moving van","7,058594|6,953125|4,390625|3,650391|3,240234","true"
"/private/var/containers/Bundle/Application/4D01D32A-B666-4384-B213-31BBF61E54F1/CVTestsSUI.app/imagenet-hard-50-subset-2500__n02701002__ILSVRC2012_val_00043593.JPEG","images/n02701002/imagenet-hard-50-subset-2500__n02701002__ILSVRC2012_val_00043593.JPEG","407","ambulance","734","police van","9,226562","734|407|829|654|830","police van|ambulance|streetcar|minibus|stretcher","9,226562|8,976562|5,503906|4,808594|4,648438","true"
"/private/var/containers/Bundle/Application/4D01D32A-B666-4384-B213-31BBF61E54F1/CVTestsSUI.app/imagenet-hard-50-subset-2500__n02701002__ILSVRC2012_val_00045969.JPEG","images/n02701002/imagenet-hard-50-subset-2500__n02701002__ILSVRC2012_val_00045969.JPEG","407","ambulance","734","police van","8,062500","734|407|654|656|468","police van|ambulance|minibus|minivan|cab","8,062500|7,554688|5,351562|4,632812|4,199219","true"
"/private/var/containers/Bundle/Application/4D01D32A-B666-4384-B213-31BBF61E54F1/CVTestsSUI.app/imagenet-hard-50-subset-2500__n02701002__ILSVRC2012_val_00049302.JPEG","images/n02701002/imagenet-hard-50-subset-2500__n02701002__ILSVRC2012_val_00049302.JPEG","407","ambulance","661","Model T","7,941406","661|555|705|717|436","Model T|fire engine|passenger car|pickup|beach wagon","7,941406|6,480469|4,757812|4,738281|4,031250","false"
"/private/var/containers/Bundle/Application/4D01D32A-B666-4384-B213-31BBF61E54F1/CVTestsSUI.app/imagenet-hard-50-subset-2500__n03345487__ILSVRC2012_val_00000764.JPEG","images/n03345487/imagenet-hard-50-subset-2500__n03345487__ILSVRC2012_val_00000764.JPEG","555","fire engine","864","tow truck","8,812500","864|867|555|569|803","tow truck|trailer truck|fire engine|garbage truck|snowplow","8,812500|7,824219|7,367188|7,101562|5,878906","true"
"/private/var/containers/Bundle/Application/4D01D32A-B666-4384-B213-31BBF61E54F1/CVTestsSUI.app/imagenet-hard-50-subset-2500__n03345487__ILSVRC2012_val_00001491.JPEG","images/n03345487/imagenet-hard-50-subset-2500__n03345487__ILSVRC2012_val_00001491.JPEG","555","fire engine","757","recreational vehicle","5,976562","757|668|920|682|733","recreational vehicle|mosque|traffic light|obelisk|pole","5,976562|5,808594|5,800781|5,578125|5,437500","false"
"/private/var/containers/Bundle/Application/4D01D32A-B666-4384-B213-31BBF61E54F1/CVTestsSUI.app/imagenet-hard-50-subset-2500__n03345487__ILSVRC2012_val_00032745.JPEG","images/n03345487/imagenet-hard-50-subset-2500__n03345487__ILSVRC2012_val_00032745.JPEG","555","fire engine","864","tow truck","6,234375","864|757|734|867|609","tow truck|recreational vehicle|police van|trailer truck|jeep","6,234375|5,890625|5,746094|5,574219|5,335938","false"
"/private/var/containers/Bundle/Application/4D01D32A-B666-4384-B213-31BBF61E54F1/CVTestsSUI.app/imagenet-hard-50-subset-2500__n03345487__ILSVRC2012_val_00047102.JPEG","images/n03345487/imagenet-hard-50-subset-2500__n03345487__ILSVRC2012_val_00047102.JPEG","555","fire engine","407","ambulance","8,492188","407|555|734|757|660","ambulance|fire engine|police van|recreational vehicle|mobile home","8,492188|8,312500|5,261719|5,234375|4,843750","true"
"/private/var/containers/Bundle/Application/4D01D32A-B666-4384-B213-31BBF61E54F1/CVTestsSUI.app/imagenet-hard-50-subset-2500__n03345487__ILSVRC2012_val_00047888.JPEG","images/n03345487/imagenet-hard-50-subset-2500__n03345487__ILSVRC2012_val_00047888.JPEG","555","fire engine","820","steam locomotive","7,660156","820|569|867|803|856","steam locomotive|garbage truck|trailer truck|snowplow|thresher","7,660156|7,144531|6,644531|5,628906|5,484375","false"
"/private/var/containers/Bundle/Application/4D01D32A-B666-4384-B213-31BBF61E54F1/CVTestsSUI.app/imagenet-hard-50-subset-2500__n03345487__ILSVRC2012_val_00048156.JPEG","images/n03345487/imagenet-hard-50-subset-2500__n03345487__ILSVRC2012_val_00048156.JPEG","555","fire engine","652","military uniform","8,179688","652|830|555|615|744","military uniform|stretcher|fire engine|knee pad|projectile","8,179688|6,847656|6,281250|6,121094|5,917969","true"
"/private/var/containers/Bundle/Application/4D01D32A-B666-4384-B213-31BBF61E54F1/CVTestsSUI.app/imagenet-hard-50-subset-2500__n03417042__ILSVRC2012_val_00004119.JPEG","images/n03417042/imagenet-hard-50-subset-2500__n03417042__ILSVRC2012_val_00004119.JPEG","569","garbage truck","864","tow truck","7,707031","864|569|803|867|517","tow truck|garbage truck|snowplow|trailer truck|crane","7,707031|7,539062|7,195312|5,183594|4,308594","true"
"/private/var/containers/Bundle/Application/4D01D32A-B666-4384-B213-31BBF61E54F1/CVTestsSUI.app/imagenet-hard-50-subset-2500__n03417042__ILSVRC2012_val_00032800.JPEG","images/n03417042/imagenet-hard-50-subset-2500__n03417042__ILSVRC2012_val_00032800.JPEG","569","garbage truck","803","snowplow","7,406250","803|569|864|867|555","snowplow|garbage truck|tow truck|trailer truck|fire engine","7,406250|6,742188|4,734375|4,437500|4,164062","true"
"/private/var/containers/Bundle/Application/4D01D32A-B666-4384-B213-31BBF61E54F1/CVTestsSUI.app/imagenet-hard-50-subset-2500__n03417042__ILSVRC2012_val_00037947.JPEG","images/n03417042/imagenet-hard-50-subset-2500__n03417042__ILSVRC2012_val_00037947.JPEG","569","garbage truck","864","tow truck","8,156250","864|609|717|468|817","tow truck|jeep|pickup|cab|sports car","8,156250|5,746094|4,917969|4,722656|4,683594","false"
"/private/var/containers/Bundle/Application/4D01D32A-B666-4384-B213-31BBF61E54F1/CVTestsSUI.app/imagenet-hard-50-subset-2500__n03930630__ILSVRC2012_val_00003080.JPEG","images/n03930630/imagenet-hard-50-subset-2500__n03930630__ILSVRC2012_val_00003080.JPEG","717","pickup","654","minibus","8,507812","654|717|751|705|511","minibus|pickup|racer|passenger car|convertible","8,507812|7,566406|6,171875|6,109375|6,082031","true"
"/private/var/containers/Bundle/Application/4D01D32A-B666-4384-B213-31BBF61E54F1/CVTestsSUI.app/imagenet-hard-50-subset-2500__n03930630__ILSVRC2012_val_00007733.JPEG","images/n03930630/imagenet-hard-50-subset-2500__n03930630__ILSVRC2012_val_00007733.JPEG","717","pickup","660","mobile home","6,601562","660|757|656|675|864","mobile home|recreational vehicle|minivan|moving van|tow truck","6,601562|6,167969|5,968750|5,753906|5,457031","false"
"/private/var/containers/Bundle/Application/4D01D32A-B666-4384-B213-31BBF61E54F1/CVTestsSUI.app/imagenet-hard-50-subset-2500__n03930630__ILSVRC2012_val_00015879.JPEG","images/n03930630/imagenet-hard-50-subset-2500__n03930630__ILSVRC2012_val_00015879.JPEG","717","pickup","511","convertible","7,718750","511|717|627|468|581","convertible|pickup|limousine|cab|grille","7,718750|7,679688|6,554688|6,410156|5,660156","true"
"/private/var/containers/Bundle/Application/4D01D32A-B666-4384-B213-31BBF61E54F1/CVTestsSUI.app/imagenet-hard-50-subset-2500__n03930630__ILSVRC2012_val_00017708.JPEG","images/n03930630/imagenet-hard-50-subset-2500__n03930630__ILSVRC2012_val_00017708.JPEG","717","pickup","660","mobile home","7,207031","660|870|874|705|603","mobile home|tricycle|trolleybus|passenger car|horse cart","7,207031|5,480469|5,355469|5,132812|5,058594","false"
"/private/var/containers/Bundle/Application/4D01D32A-B666-4384-B213-31BBF61E54F1/CVTestsSUI.app/imagenet-hard-50-subset-2500__n03930630__ILSVRC2012_val_00024317.JPEG","images/n03930630/imagenet-hard-50-subset-2500__n03930630__ILSVRC2012_val_00024317.JPEG","717","pickup","867","trailer truck","10,132812","867|864|717|803|479","trailer truck|tow truck|pickup|snowplow|car wheel","10,132812|9,500000|8,703125|8,414062|7,605469","true"
"/private/var/containers/Bundle/Application/4D01D32A-B666-4384-B213-31BBF61E54F1/CVTestsSUI.app/imagenet-hard-50-subset-2500__n03930630__ILSVRC2012_val_00026079.JPEG","images/n03930630/imagenet-hard-50-subset-2500__n03930630__ILSVRC2012_val_00026079.JPEG","717","pickup","661","Model T","10,000000","661|717|479|856|866","Model T|pickup|car wheel|thresher|tractor","10,000000|6,398438|4,839844|4,390625|3,509766","true"
"/private/var/containers/Bundle/Application/4D01D32A-B666-4384-B213-31BBF61E54F1/CVTestsSUI.app/imagenet-hard-50-subset-2500__n03930630__ILSVRC2012_val_00026503.JPEG","images/n03930630/imagenet-hard-50-subset-2500__n03930630__ILSVRC2012_val_00026503.JPEG","717","pickup","661","Model T","8,812500","661|717|479|866|751","Model T|pickup|car wheel|tractor|racer","8,812500|6,769531|5,792969|4,902344|4,714844","true"
"/private/var/containers/Bundle/Application/4D01D32A-B666-4384-B213-31BBF61E54F1/CVTestsSUI.app/imagenet-hard-50-subset-2500__n03930630__ILSVRC2012_val_00027997.JPEG","images/n03930630/imagenet-hard-50-subset-2500__n03930630__ILSVRC2012_val_00027997.JPEG","717","pickup","866","tractor","7,523438","866|586|609|864|717","tractor|half track|jeep|tow truck|pickup","7,523438|6,765625|6,500000|6,429688|4,566406","true"
"/private/var/containers/Bundle/Application/4D01D32A-B666-4384-B213-31BBF61E54F1/CVTestsSUI.app/imagenet-hard-50-subset-2500__n03930630__ILSVRC2012_val_00029046.JPEG","images/n03930630/imagenet-hard-50-subset-2500__n03930630__ILSVRC2012_val_00029046.JPEG","717","pickup","581","grille","8,953125","581|555|717|511|436","grille|fire engine|pickup|convertible|beach wagon","8,953125|6,601562|6,179688|4,792969|4,656250","true"
"/private/var/containers/Bundle/Application/4D01D32A-B666-4384-B213-31BBF61E54F1/CVTestsSUI.app/imagenet-hard-50-subset-2500__n03930630__ILSVRC2012_val_00034975.JPEG","images/n03930630/imagenet-hard-50-subset-2500__n03930630__ILSVRC2012_val_00034975.JPEG","717","pickup","864","tow truck","7,644531","864|803|717|609|867","tow truck|snowplow|pickup|jeep|trailer truck","7,644531|7,167969|6,949219|6,835938|5,960938","true"
"/private/var/containers/Bundle/Application/4D01D32A-B666-4384-B213-31BBF61E54F1/CVTestsSUI.app/imagenet-hard-50-subset-2500__n03930630__ILSVRC2012_val_00039120.JPEG","images/n03930630/imagenet-hard-50-subset-2500__n03930630__ILSVRC2012_val_00039120.JPEG","717","pickup","982","groom","4,707031","982|717|864|408|468","groom|pickup|tow truck|amphibian|cab","4,707031|4,308594|4,136719|4,062500|3,955078","true"
"/private/var/containers/Bundle/Application/4D01D32A-B666-4384-B213-31BBF61E54F1/CVTestsSUI.app/imagenet-hard-50-subset-2500__n03930630__ILSVRC2012_val_00039963.JPEG","images/n03930630/imagenet-hard-50-subset-2500__n03930630__ILSVRC2012_val_00039963.JPEG","717","pickup","654","minibus","7,199219","654|475|569|656|803","minibus|car mirror|garbage truck|minivan|snowplow","7,199219|6,914062|6,492188|5,820312|5,578125","false"
"/private/var/containers/Bundle/Application/4D01D32A-B666-4384-B213-31BBF61E54F1/CVTestsSUI.app/imagenet-hard-50-subset-2500__n03930630__ILSVRC2012_val_00044388.JPEG","images/n03930630/imagenet-hard-50-subset-2500__n03930630__ILSVRC2012_val_00044388.JPEG","717","pickup","609","jeep","7,332031","609|717|660|757|436","jeep|pickup|mobile home|recreational vehicle|beach wagon","7,332031|7,054688|6,699219|6,097656|5,378906","true"
"/private/var/containers/Bundle/Application/4D01D32A-B666-4384-B213-31BBF61E54F1/CVTestsSUI.app/imagenet-hard-50-subset-2500__n03930630__ILSVRC2012_val_00049525.JPEG","images/n03930630/imagenet-hard-50-subset-2500__n03930630__ILSVRC2012_val_00049525.JPEG","717","pickup","511","convertible","6,582031","511|717|479|436|817","convertible|pickup|car wheel|beach wagon|sports car","6,582031|6,417969|6,320312|5,730469|5,515625","true"
"/private/var/containers/Bundle/Application/4D01D32A-B666-4384-B213-31BBF61E54F1/CVTestsSUI.app/imagenet-hard-50-subset-2500__n03930630__ILSVRC2012_val_00049789.JPEG","images/n03930630/imagenet-hard-50-subset-2500__n03930630__ILSVRC2012_val_00049789.JPEG","717","pickup","864","tow truck","7,664062","864|609|586|803|717","tow truck|jeep|half track|snowplow|pickup","7,664062|7,136719|6,726562|6,164062|6,144531","true"
"/private/var/containers/Bundle/Application/4D01D32A-B666-4384-B213-31BBF61E54F1/CVTestsSUI.app/imagenet-hard-50-subset-2500__n04461696__ILSVRC2012_val_00000671.JPEG","images/n04461696/imagenet-hard-50-subset-2500__n04461696__ILSVRC2012_val_00000671.JPEG","864","tow truck","555","fire engine","7,992188","555|864|407|803|867","fire engine|tow truck|ambulance|snowplow|trailer truck","7,992188|7,773438|5,996094|5,773438|5,718750","true"
"/private/var/containers/Bundle/Application/4D01D32A-B666-4384-B213-31BBF61E54F1/CVTestsSUI.app/imagenet-hard-50-subset-2500__n04461696__ILSVRC2012_val_00007770.JPEG","images/n04461696/imagenet-hard-50-subset-2500__n04461696__ILSVRC2012_val_00007770.JPEG","864","tow truck","803","snowplow","8,929688","803|864|569|867|609","snowplow|tow truck|garbage truck|trailer truck|jeep","8,929688|8,820312|6,910156|5,632812|5,113281","true"
"/private/var/containers/Bundle/Application/4D01D32A-B666-4384-B213-31BBF61E54F1/CVTestsSUI.app/imagenet-hard-50-subset-2500__n04461696__ILSVRC2012_val_00013149.JPEG","images/n04461696/imagenet-hard-50-subset-2500__n04461696__ILSVRC2012_val_00013149.JPEG","864","tow truck","803","snowplow","6,191406","803|656|864|436|675","snowplow|minivan|tow truck|beach wagon|moving van","6,191406|5,722656|5,714844|5,343750|4,898438","true"
"/private/var/containers/Bundle/Application/4D01D32A-B666-4384-B213-31BBF61E54F1/CVTestsSUI.app/imagenet-hard-50-subset-2500__n04461696__ILSVRC2012_val_00016077.JPEG","images/n04461696/imagenet-hard-50-subset-2500__n04461696__ILSVRC2012_val_00016077.JPEG","864","tow truck","867","trailer truck","7,597656","867|864|571|757|707","trailer truck|tow truck|gas pump|recreational vehicle|pay-phone","7,597656|7,421875|6,531250|6,101562|5,843750","true"
"/private/var/containers/Bundle/Application/4D01D32A-B666-4384-B213-31BBF61E54F1/CVTestsSUI.app/imagenet-hard-50-subset-2500__n04461696__ILSVRC2012_val_00016835.JPEG","images/n04461696/imagenet-hard-50-subset-2500__n04461696__ILSVRC2012_val_00016835.JPEG","864","tow truck","654","minibus","7,199219","654|864|734|675|717","minibus|tow truck|police van|moving van|pickup","7,199219|6,375000|5,085938|4,734375|4,539062","true"
"/private/var/containers/Bundle/Application/4D01D32A-B666-4384-B213-31BBF61E54F1/CVTestsSUI.app/imagenet-hard-50-subset-2500__n04461696__ILSVRC2012_val_00022323.JPEG","images/n04461696/imagenet-hard-50-subset-2500__n04461696__ILSVRC2012_val_00022323.JPEG","864","tow truck","656","minivan","7,542969","656|436|468|511|864","minivan|beach wagon|cab|convertible|tow truck","7,542969|6,796875|6,320312|5,296875|5,214844","true"
"/private/var/containers/Bundle/Application/4D01D32A-B666-4384-B213-31BBF61E54F1/CVTestsSUI.app/imagenet-hard-50-subset-2500__n04461696__ILSVRC2012_val_00025748.JPEG","images/n04461696/imagenet-hard-50-subset-2500__n04461696__ILSVRC2012_val_00025748.JPEG","864","tow truck","705","passenger car","8,304688","705|757|864|779|874","passenger car|recreational vehicle|tow truck|school bus|trolleybus","8,304688|7,308594|5,644531|5,468750|5,289062","true"
"/private/var/containers/Bundle/Application/4D01D32A-B666-4384-B213-31BBF61E54F1/CVTestsSUI.app/imagenet-hard-50-subset-2500__n04461696__ILSVRC2012_val_00026004.JPEG","images/n04461696/imagenet-hard-50-subset-2500__n04461696__ILSVRC2012_val_00026004.JPEG","864","tow truck","407","ambulance","6,878906","407|734|475|757|609","ambulance|police van|car mirror|recreational vehicle|jeep","6,878906|6,085938|5,777344|5,574219|5,210938","false"
"/private/var/containers/Bundle/Application/4D01D32A-B666-4384-B213-31BBF61E54F1/CVTestsSUI.app/imagenet-hard-50-subset-2500__n04461696__ILSVRC2012_val_00027753.JPEG","images/n04461696/imagenet-hard-50-subset-2500__n04461696__ILSVRC2012_val_00027753.JPEG","864","tow truck","569","garbage truck","6,652344","569|867|864|561|660","garbage truck|trailer truck|tow truck|forklift|mobile home","6,652344|6,480469|6,296875|6,238281|5,804688","true"
"/private/var/containers/Bundle/Application/4D01D32A-B666-4384-B213-31BBF61E54F1/CVTestsSUI.app/imagenet-hard-50-subset-2500__n04461696__ILSVRC2012_val_00028004.JPEG","images/n04461696/imagenet-hard-50-subset-2500__n04461696__ILSVRC2012_val_00028004.JPEG","864","tow truck","661","Model T","8,546875","661|864|717|586|575","Model T|tow truck|pickup|half track|golfcart","8,546875|7,824219|6,957031|6,417969|5,960938","true"
"/private/var/containers/Bundle/Application/4D01D32A-B666-4384-B213-31BBF61E54F1/CVTestsSUI.app/imagenet-hard-50-subset-2500__n04461696__ILSVRC2012_val_00029413.JPEG","images/n04461696/imagenet-hard-50-subset-2500__n04461696__ILSVRC2012_val_00029413.JPEG","864","tow truck","654","minibus","6,878906","654|779|468|864|675","minibus|school bus|cab|tow truck|moving van","6,878906|5,816406|5,402344|4,906250|4,281250","true"
"/private/var/containers/Bundle/Application/4D01D32A-B666-4384-B213-31BBF61E54F1/CVTestsSUI.app/imagenet-hard-50-subset-2500__n04461696__ILSVRC2012_val_00039347.JPEG","images/n04461696/imagenet-hard-50-subset-2500__n04461696__ILSVRC2012_val_00039347.JPEG","864","tow truck","581","grille","7,566406","581|864|555|803|867","grille|tow truck|fire engine|snowplow|trailer truck","7,566406|7,171875|6,410156|6,109375|5,785156","true"
"/private/var/containers/Bundle/Application/4D01D32A-B666-4384-B213-31BBF61E54F1/CVTestsSUI.app/imagenet-hard-50-subset-2500__n04461696__ILSVRC2012_val_00045225.JPEG","images/n04461696/imagenet-hard-50-subset-2500__n04461696__ILSVRC2012_val_00045225.JPEG","864","tow truck","627","limousine","9,226562","627|864|468|407|569","limousine|tow truck|cab|ambulance|garbage truck","9,226562|9,007812|8,257812|6,906250|6,835938","true"
"/private/var/containers/Bundle/Application/4D01D32A-B666-4384-B213-31BBF61E54F1/CVTestsSUI.app/imagenet-hard-50-subset-2500__n04461696__ILSVRC2012_val_00046973.JPEG","images/n04461696/imagenet-hard-50-subset-2500__n04461696__ILSVRC2012_val_00046973.JPEG","864","tow truck","627","limousine","8,640625","627|466|656|799|734","limousine|bullet train|minivan|sliding door|police van","8,640625|3,630859|3,486328|3,484375|3,414062","false"
"/private/var/containers/Bundle/Application/4D01D32A-B666-4384-B213-31BBF61E54F1/CVTestsSUI.app/imagenet-hard-50-subset-2500__n04461696__ILSVRC2012_val_00047720.JPEG","images/n04461696/imagenet-hard-50-subset-2500__n04461696__ILSVRC2012_val_00047720.JPEG","864","tow truck","595","harvester","6,945312","595|569|864|609|867","harvester|garbage truck|tow truck|jeep|trailer truck","6,945312|6,750000|5,785156|5,566406|5,214844","true"
"/private/var/containers/Bundle/Application/4D01D32A-B666-4384-B213-31BBF61E54F1/CVTestsSUI.app/imagenet-hard-50-subset-2500__n04461696__ILSVRC2012_val_00049076.JPEG","images/n04461696/imagenet-hard-50-subset-2500__n04461696__ILSVRC2012_val_00049076.JPEG","864","tow truck","595","harvester","7,992188","595|864|555|856|634","harvester|tow truck|fire engine|thresher|lumbermill","7,992188|7,632812|6,683594|5,929688|5,882812","true"
"/private/var/containers/Bundle/Application/4D01D32A-B666-4384-B213-31BBF61E54F1/CVTestsSUI.app/imagenet-hard-50-subset-2500__n04467665__ILSVRC2012_val_00010556.JPEG","images/n04467665/imagenet-hard-50-subset-2500__n04467665__ILSVRC2012_val_00010556.JPEG","867","trailer truck","569","garbage truck","8,734375","569|867|864|866|609","garbage truck|trailer truck|tow truck|tractor|jeep","8,734375|7,039062|6,527344|6,097656|5,546875","true"
"/private/var/containers/Bundle/Application/4D01D32A-B666-4384-B213-31BBF61E54F1/CVTestsSUI.app/imagenet-hard-50-subset-2500__n04467665__ILSVRC2012_val_00014857.JPEG","images/n04467665/imagenet-hard-50-subset-2500__n04467665__ILSVRC2012_val_00014857.JPEG","867","trailer truck","757","recreational vehicle","6,609375","757|867|675|660|864","recreational vehicle|trailer truck|moving van|mobile home|tow truck","6,609375|6,382812|5,785156|5,308594|4,296875","true"
"/private/var/containers/Bundle/Application/4D01D32A-B666-4384-B213-31BBF61E54F1/CVTestsSUI.app/imagenet-hard-50-subset-2500__n04467665__ILSVRC2012_val_00015118.JPEG","images/n04467665/imagenet-hard-50-subset-2500__n04467665__ILSVRC2012_val_00015118.JPEG","867","trailer truck","864","tow truck","8,203125","864|867|555|569|717","tow truck|trailer truck|fire engine|garbage truck|pickup","8,203125|8,148438|7,562500|5,242188|4,863281","true"
"/private/var/containers/Bundle/Application/4D01D32A-B666-4384-B213-31BBF61E54F1/CVTestsSUI.app/imagenet-hard-50-subset-2500__n04467665__ILSVRC2012_val_00015480.JPEG","images/n04467665/imagenet-hard-50-subset-2500__n04467665__ILSVRC2012_val_00015480.JPEG","867","trailer truck","510","container ship","7,046875","510|437|417|958|649","container ship|beacon|balloon|hay|megalith","7,046875|6,429688|5,671875|5,269531|5,136719","false"
"/private/var/containers/Bundle/Application/4D01D32A-B666-4384-B213-31BBF61E54F1/CVTestsSUI.app/imagenet-hard-50-subset-2500__n04467665__ILSVRC2012_val_00019053.JPEG","images/n04467665/imagenet-hard-50-subset-2500__n04467665__ILSVRC2012_val_00019053.JPEG","867","trailer truck","609","jeep","8,507812","609|867|757|654|569","jeep|trailer truck|recreational vehicle|minibus|garbage truck","8,507812|8,328125|7,054688|6,636719|6,562500","true"
"/private/var/containers/Bundle/Application/4D01D32A-B666-4384-B213-31BBF61E54F1/CVTestsSUI.app/imagenet-hard-50-subset-2500__n04467665__ILSVRC2012_val_00030427.JPEG","images/n04467665/imagenet-hard-50-subset-2500__n04467665__ILSVRC2012_val_00030427.JPEG","867","trailer truck","833","submarine","8,546875","833|466|565|403|820","submarine|bullet train|freight car|aircraft carrier|steam locomotive","8,546875|5,015625|4,765625|4,468750|4,328125","false"
"/private/var/containers/Bundle/Application/4D01D32A-B666-4384-B213-31BBF61E54F1/CVTestsSUI.app/imagenet-hard-50-subset-2500__n04467665__ILSVRC2012_val_00030438.JPEG","images/n04467665/imagenet-hard-50-subset-2500__n04467665__ILSVRC2012_val_00030438.JPEG","867","trailer truck","569","garbage truck","7,425781","569|867|864|675|734","garbage truck|trailer truck|tow truck|moving van|police van","7,425781|6,972656|6,125000|5,613281|4,964844","true"
"/private/var/containers/Bundle/Application/4D01D32A-B666-4384-B213-31BBF61E54F1/CVTestsSUI.app/imagenet-hard-50-subset-2500__n04467665__ILSVRC2012_val_00030748.JPEG","images/n04467665/imagenet-hard-50-subset-2500__n04467665__ILSVRC2012_val_00030748.JPEG","867","trailer truck","864","tow truck","7,023438","864|803|867|866|595","tow truck|snowplow|trailer truck|tractor|harvester","7,023438|6,726562|6,507812|5,078125|4,457031","true"
"/private/var/containers/Bundle/Application/4D01D32A-B666-4384-B213-31BBF61E54F1/CVTestsSUI.app/imagenet-hard-50-subset-2500__n04467665__ILSVRC2012_val_00038561.JPEG","images/n04467665/imagenet-hard-50-subset-2500__n04467665__ILSVRC2012_val_00038561.JPEG","867","trailer truck","555","fire engine","7,402344","555|864|654|569|407","fire engine|tow truck|minibus|garbage truck|ambulance","7,402344|7,273438|5,675781|5,617188|5,390625","false"
"/private/var/containers/Bundle/Application/4D01D32A-B666-4384-B213-31BBF61E54F1/CVTestsSUI.app/imagenet-hard-50-subset-2500__n04467665__ILSVRC2012_val_00049660.JPEG","images/n04467665/imagenet-hard-50-subset-2500__n04467665__ILSVRC2012_val_00049660.JPEG","867","trailer truck","757","recreational vehicle","8,867188","757|867|675|660|407","recreational vehicle|trailer truck|moving van|mobile home|ambulance","8,867188|6,089844|5,328125|4,437500|4,355469","true"
"/private/var/containers/Bundle/Application/4D01D32A-B666-4384-B213-31BBF61E54F1/CVTestsSUI.app/imagenet-hard-50-subset-2500__n03769881__ILSVRC2012_val_00000314.JPEG","images/n03769881/imagenet-hard-50-subset-2500__n03769881__ILSVRC2012_val_00000314.JPEG","654","minibus","656","minivan","7,816406","656|654|436|717|468","minivan|minibus|beach wagon|pickup|cab","7,816406|7,332031|7,234375|5,648438|4,914062","true"
"/private/var/containers/Bundle/Application/4D01D32A-B666-4384-B213-31BBF61E54F1/CVTestsSUI.app/imagenet-hard-50-subset-2500__n03769881__ILSVRC2012_val_00021324.JPEG","images/n03769881/imagenet-hard-50-subset-2500__n03769881__ILSVRC2012_val_00021324.JPEG","654","minibus","609","jeep","8,554688","609|654|656|717|436","jeep|minibus|minivan|pickup|beach wagon","8,554688|7,753906|5,523438|5,375000|5,261719","true"
"/private/var/containers/Bundle/Application/4D01D32A-B666-4384-B213-31BBF61E54F1/CVTestsSUI.app/imagenet-hard-50-subset-2500__n03769881__ILSVRC2012_val_00024788.JPEG","images/n03769881/imagenet-hard-50-subset-2500__n03769881__ILSVRC2012_val_00024788.JPEG","654","minibus","468","cab","8,210938","468|436|654|656|627","cab|beach wagon|minibus|minivan|limousine","8,210938|7,769531|7,453125|7,261719|6,308594","true"
"/private/var/containers/Bundle/Application/4D01D32A-B666-4384-B213-31BBF61E54F1/CVTestsSUI.app/imagenet-hard-50-subset-2500__n03769881__ILSVRC2012_val_00031349.JPEG","images/n03769881/imagenet-hard-50-subset-2500__n03769881__ILSVRC2012_val_00031349.JPEG","654","minibus","734","police van","10,632812","734|654|656|675|705","police van|minibus|minivan|moving van|passenger car","10,632812|9,000000|5,261719|5,199219|4,183594","true"
"/private/var/containers/Bundle/Application/4D01D32A-B666-4384-B213-31BBF61E54F1/CVTestsSUI.app/imagenet-hard-50-subset-2500__n03769881__ILSVRC2012_val_00031610.JPEG","images/n03769881/imagenet-hard-50-subset-2500__n03769881__ILSVRC2012_val_00031610.JPEG","654","minibus","627","limousine","9,210938","627|656|654|734|982","limousine|minivan|minibus|police van|groom","9,210938|7,507812|7,328125|5,132812|4,714844","true"
"/private/var/containers/Bundle/Application/4D01D32A-B666-4384-B213-31BBF61E54F1/CVTestsSUI.app/imagenet-hard-50-subset-2500__n03769881__ILSVRC2012_val_00032382.JPEG","images/n03769881/imagenet-hard-50-subset-2500__n03769881__ILSVRC2012_val_00032382.JPEG","654","minibus","407","ambulance","10,148438","407|654|734|675|569","ambulance|minibus|police van|moving van|garbage truck","10,148438|9,953125|9,054688|7,011719|6,132812","true"
"/private/var/containers/Bundle/Application/4D01D32A-B666-4384-B213-31BBF61E54F1/CVTestsSUI.app/imagenet-hard-50-subset-2500__n03769881__ILSVRC2012_val_00037159.JPEG","images/n03769881/imagenet-hard-50-subset-2500__n03769881__ILSVRC2012_val_00037159.JPEG","654","minibus","757","recreational vehicle","7,515625","757|654|407|734|675","recreational vehicle|minibus|ambulance|police van|moving van","7,515625|7,359375|5,820312|5,503906|5,359375","true"
"/private/var/containers/Bundle/Application/4D01D32A-B666-4384-B213-31BBF61E54F1/CVTestsSUI.app/imagenet-hard-50-subset-2500__n03769881__ILSVRC2012_val_00041906.JPEG","images/n03769881/imagenet-hard-50-subset-2500__n03769881__ILSVRC2012_val_00041906.JPEG","654","minibus","627","limousine","9,046875","627|982|578|601|689","limousine|groom|gown|hoopskirt|overskirt","9,046875|7,863281|6,023438|4,339844|3,880859","false"
"/private/var/containers/Bundle/Application/4D01D32A-B666-4384-B213-31BBF61E54F1/CVTestsSUI.app/imagenet-hard-50-subset-2500__n03769881__ILSVRC2012_val_00042007.JPEG","images/n03769881/imagenet-hard-50-subset-2500__n03769881__ILSVRC2012_val_00042007.JPEG","654","minibus","407","ambulance","7,214844","407|734|654|779|675","ambulance|police van|minibus|school bus|moving van","7,214844|7,015625|6,539062|4,574219|4,253906","true"
"/private/var/containers/Bundle/Application/4D01D32A-B666-4384-B213-31BBF61E54F1/CVTestsSUI.app/imagenet-hard-50-subset-2500__n03769881__ILSVRC2012_val_00049177.JPEG","images/n03769881/imagenet-hard-50-subset-2500__n03769881__ILSVRC2012_val_00049177.JPEG","654","minibus","779","school bus","9,382812","779|874|654|408|734","school bus|trolleybus|minibus|amphibian|police van","9,382812|3,726562|2,880859|2,697266|2,558594","true"
"/private/var/containers/Bundle/Application/4D01D32A-B666-4384-B213-31BBF61E54F1/CVTestsSUI.app/imagenet-hard-50-subset-2500__n04146614__ILSVRC2012_val_00011337.JPEG","images/n04146614/imagenet-hard-50-subset-2500__n04146614__ILSVRC2012_val_00011337.JPEG","779","school bus","654","minibus","9,468750","654|779|829|734|705","minibus|school bus|streetcar|police van|passenger car","9,468750|8,820312|7,351562|6,937500|6,152344","true"
"/private/var/containers/Bundle/Application/4D01D32A-B666-4384-B213-31BBF61E54F1/CVTestsSUI.app/imagenet-hard-50-subset-2500__n04146614__ILSVRC2012_val_00013295.JPEG","images/n04146614/imagenet-hard-50-subset-2500__n04146614__ILSVRC2012_val_00013295.JPEG","779","school bus","874","trolleybus","9,414062","874|705|779|654|829","trolleybus|passenger car|school bus|minibus|streetcar","9,414062|8,539062|6,515625|6,140625|4,234375","true"
"/private/var/containers/Bundle/Application/4D01D32A-B666-4384-B213-31BBF61E54F1/CVTestsSUI.app/imagenet-hard-50-subset-2500__n04146614__ILSVRC2012_val_00022679.JPEG","images/n04146614/imagenet-hard-50-subset-2500__n04146614__ILSVRC2012_val_00022679.JPEG","779","school bus","874","trolleybus","9,351562","874|829|779|705|654","trolleybus|streetcar|school bus|passenger car|minibus","9,351562|6,855469|6,273438|6,031250|4,988281","true"
"/private/var/containers/Bundle/Application/4D01D32A-B666-4384-B213-31BBF61E54F1/CVTestsSUI.app/imagenet-hard-50-subset-2500__n04146614__ILSVRC2012_val_00035866.JPEG","images/n04146614/imagenet-hard-50-subset-2500__n04146614__ILSVRC2012_val_00035866.JPEG","779","school bus","829","streetcar","9,351562","829|779|654|762|705","streetcar|school bus|minibus|restaurant|passenger car","9,351562|7,351562|6,562500|5,609375|5,441406","true"
"/private/var/containers/Bundle/Application/4D01D32A-B666-4384-B213-31BBF61E54F1/CVTestsSUI.app/imagenet-hard-50-subset-2500__n04146614__ILSVRC2012_val_00045384.JPEG","images/n04146614/imagenet-hard-50-subset-2500__n04146614__ILSVRC2012_val_00045384.JPEG","779","school bus","705","passenger car","6,847656","705|874|779|829|660","passenger car|trolleybus|school bus|streetcar|mobile home","6,847656|6,609375|6,105469|5,148438|4,265625","true"
"/private/var/containers/Bundle/Application/4D01D32A-B666-4384-B213-31BBF61E54F1/CVTestsSUI.app/imagenet-hard-50-subset-2500__n04285008__ILSVRC2012_val_00003049.JPEG","images/n04285008/imagenet-hard-50-subset-2500__n04285008__ILSVRC2012_val_00003049.JPEG","817","sports car","751","racer","7,183594","751|817|717|705|573","racer|sports car|pickup|passenger car|go-kart","7,183594|6,710938|5,769531|4,902344|4,332031","true"
"/private/var/containers/Bundle/Application/4D01D32A-B666-4384-B213-31BBF61E54F1/CVTestsSUI.app/imagenet-hard-50-subset-2500__n04285008__ILSVRC2012_val_00004076.JPEG","images/n04285008/imagenet-hard-50-subset-2500__n04285008__ILSVRC2012_val_00004076.JPEG","817","sports car","436","beach wagon","8,070312","436|751|511|479|581","beach wagon|racer|convertible|car wheel|grille","8,070312|6,164062|5,339844|5,335938|5,281250","false"
"/private/var/containers/Bundle/Application/4D01D32A-B666-4384-B213-31BBF61E54F1/CVTestsSUI.app/imagenet-hard-50-subset-2500__n04285008__ILSVRC2012_val_00007125.JPEG","images/n04285008/imagenet-hard-50-subset-2500__n04285008__ILSVRC2012_val_00007125.JPEG","817","sports car","751","racer","9,031250","751|817|802|479|573","racer|sports car|snowmobile|car wheel|go-kart","9,031250|8,210938|5,234375|5,199219|5,144531","true"
"/private/var/containers/Bundle/Application/4D01D32A-B666-4384-B213-31BBF61E54F1/CVTestsSUI.app/imagenet-hard-50-subset-2500__n04285008__ILSVRC2012_val_00009607.JPEG","images/n04285008/imagenet-hard-50-subset-2500__n04285008__ILSVRC2012_val_00009607.JPEG","817","sports car","751","racer","8,296875","751|817|407|864|436","racer|sports car|ambulance|tow truck|beach wagon","8,296875|5,960938|5,945312|4,761719|4,476562","true"
"/private/var/containers/Bundle/Application/4D01D32A-B666-4384-B213-31BBF61E54F1/CVTestsSUI.app/imagenet-hard-50-subset-2500__n04285008__ILSVRC2012_val_00010983.JPEG","images/n04285008/imagenet-hard-50-subset-2500__n04285008__ILSVRC2012_val_00010983.JPEG","817","sports car","661","Model T","9,578125","661|817|751|479|586","Model T|sports car|racer|car wheel|half track","9,578125|7,128906|6,726562|6,414062|5,359375","true"
"/private/var/containers/Bundle/Application/4D01D32A-B666-4384-B213-31BBF61E54F1/CVTestsSUI.app/imagenet-hard-50-subset-2500__n04285008__ILSVRC2012_val_00013805.JPEG","images/n04285008/imagenet-hard-50-subset-2500__n04285008__ILSVRC2012_val_00013805.JPEG","817","sports car","864","tow truck","10,734375","864|555|573|561|575","tow truck|fire engine|go-kart|forklift|golfcart","10,734375|7,277344|6,644531|6,566406|6,496094","false"
"/private/var/containers/Bundle/Application/4D01D32A-B666-4384-B213-31BBF61E54F1/CVTestsSUI.app/imagenet-hard-50-subset-2500__n04285008__ILSVRC2012_val_00025004.JPEG","images/n04285008/imagenet-hard-50-subset-2500__n04285008__ILSVRC2012_val_00025004.JPEG","817","sports car","751","racer","7,691406","751|479|817|573|621","racer|car wheel|sports car|go-kart|lawn mower","7,691406|7,082031|6,660156|6,074219|5,128906","true"
"/private/var/containers/Bundle/Application/4D01D32A-B666-4384-B213-31BBF61E54F1/CVTestsSUI.app/imagenet-hard-50-subset-2500__n04285008__ILSVRC2012_val_00025465.JPEG","images/n04285008/imagenet-hard-50-subset-2500__n04285008__ILSVRC2012_val_00025465.JPEG","817","sports car","511","convertible","8,703125","511|817|479|436|581","convertible|sports car|car wheel|beach wagon|grille","8,703125|8,093750|4,433594|4,050781|3,992188","true"
"/private/var/containers/Bundle/Application/4D01D32A-B666-4384-B213-31BBF61E54F1/CVTestsSUI.app/imagenet-hard-50-subset-2500__n04285008__ILSVRC2012_val_00029021.JPEG","images/n04285008/imagenet-hard-50-subset-2500__n04285008__ILSVRC2012_val_00029021.JPEG","817","sports car","751","racer","9,242188","751|817|479|573|705","racer|sports car|car wheel|go-kart|passenger car","9,242188|7,890625|5,933594|4,527344|3,425781","true"
"/private/var/containers/Bundle/Application/4D01D32A-B666-4384-B213-31BBF61E54F1/CVTestsSUI.app/imagenet-hard-50-subset-2500__n04285008__ILSVRC2012_val_00033293.JPEG","images/n04285008/imagenet-hard-50-subset-2500__n04285008__ILSVRC2012_val_00033293.JPEG","817","sports car","751","racer","7,257812","751|817|575|511|436","racer|sports car|golfcart|convertible|beach wagon","7,257812|7,003906|6,566406|6,437500|6,378906","true"
"/private/var/containers/Bundle/Application/4D01D32A-B666-4384-B213-31BBF61E54F1/CVTestsSUI.app/imagenet-hard-50-subset-2500__n04285008__ILSVRC2012_val_00038344.JPEG","images/n04285008/imagenet-hard-50-subset-2500__n04285008__ILSVRC2012_val_00038344.JPEG","817","sports car","751","racer","8,507812","751|817|468|705|479","racer|sports car|cab|passenger car|car wheel","8,507812|7,515625|7,503906|6,468750|5,781250","true"
"/private/var/containers/Bundle/Application/4D01D32A-B666-4384-B213-31BBF61E54F1/CVTestsSUI.app/imagenet-hard-50-subset-2500__n04285008__ILSVRC2012_val_00038894.JPEG","images/n04285008/imagenet-hard-50-subset-2500__n04285008__ILSVRC2012_val_00038894.JPEG","817","sports car","751","racer","6,878906","751|734|817|705|479","racer|police van|sports car|passenger car|car wheel","6,878906|6,507812|6,355469|5,886719|4,968750","true"
"/private/var/containers/Bundle/Application/4D01D32A-B666-4384-B213-31BBF61E54F1/CVTestsSUI.app/imagenet-hard-50-subset-2500__n04285008__ILSVRC2012_val_00040009.JPEG","images/n04285008/imagenet-hard-50-subset-2500__n04285008__ILSVRC2012_val_00040009.JPEG","817","sports car","479","car wheel","5,710938","479|817|751|511|661","car wheel|sports car|racer|convertible|Model T","5,710938|5,625000|5,312500|5,132812|3,121094","true"
"/private/var/containers/Bundle/Application/4D01D32A-B666-4384-B213-31BBF61E54F1/CVTestsSUI.app/imagenet-hard-50-subset-2500__n04285008__ILSVRC2012_val_00043297.JPEG","images/n04285008/imagenet-hard-50-subset-2500__n04285008__ILSVRC2012_val_00043297.JPEG","817","sports car","751","racer","9,789062","751|817|573|717|479","racer|sports car|go-kart|pickup|car wheel","9,789062|8,773438|7,050781|5,746094|4,476562","true"
"/private/var/containers/Bundle/Application/4D01D32A-B666-4384-B213-31BBF61E54F1/CVTestsSUI.app/imagenet-hard-50-subset-2500__n04285008__ILSVRC2012_val_00047893.JPEG","images/n04285008/imagenet-hard-50-subset-2500__n04285008__ILSVRC2012_val_00047893.JPEG","817","sports car","751","racer","11,640625","751|817|479|717|705","racer|sports car|car wheel|pickup|passenger car","11,640625|10,679688|8,195312|4,714844|4,535156","true"
"/private/var/containers/Bundle/Application/4D01D32A-B666-4384-B213-31BBF61E54F1/CVTestsSUI.app/imagenet-hard-50-subset-2500__n04037443__ILSVRC2012_val_00010565.JPEG","images/n04037443/imagenet-hard-50-subset-2500__n04037443__ILSVRC2012_val_00010565.JPEG","751","racer","557","flagpole","6,878906","557|751|602|733|908","flagpole|racer|horizontal bar|pole|wing","6,878906|6,835938|5,835938|5,664062|5,222656","true"
"/private/var/containers/Bundle/Application/4D01D32A-B666-4384-B213-31BBF61E54F1/CVTestsSUI.app/imagenet-hard-50-subset-2500__n04037443__ILSVRC2012_val_00012769.JPEG","images/n04037443/imagenet-hard-50-subset-2500__n04037443__ILSVRC2012_val_00012769.JPEG","751","racer","781","scoreboard","7,785156","781|530|751|920|867","scoreboard|digital clock|racer|traffic light|trailer truck","7,785156|5,226562|4,742188|4,667969|4,449219","true"
"/private/var/containers/Bundle/Application/4D01D32A-B666-4384-B213-31BBF61E54F1/CVTestsSUI.app/imagenet-hard-50-subset-2500__n04037443__ILSVRC2012_val_00019802.JPEG","images/n04037443/imagenet-hard-50-subset-2500__n04037443__ILSVRC2012_val_00019802.JPEG","751","racer","972","cliff","9,953125","972|751|978|354|880","cliff|racer|seashore|Arabian camel|unicycle","9,953125|6,796875|6,535156|6,121094|6,050781","true"
"/private/var/containers/Bundle/Application/4D01D32A-B666-4384-B213-31BBF61E54F1/CVTestsSUI.app/imagenet-hard-50-subset-2500__n04037443__ILSVRC2012_val_00019812.JPEG","images/n04037443/imagenet-hard-50-subset-2500__n04037443__ILSVRC2012_val_00019812.JPEG","751","racer","468","cab","8,671875","468|751|817|705|656","cab|racer|sports car|passenger car|minivan","8,671875|6,171875|5,804688|5,101562|4,910156","true"
"/private/var/containers/Bundle/Application/4D01D32A-B666-4384-B213-31BBF61E54F1/CVTestsSUI.app/imagenet-hard-50-subset-2500__n04037443__ILSVRC2012_val_00022017.JPEG","images/n04037443/imagenet-hard-50-subset-2500__n04037443__ILSVRC2012_val_00022017.JPEG","751","racer","817","sports car","10,859375","817|751|479|717|518","sports car|racer|car wheel|pickup|crash helmet","10,859375|9,578125|7,917969|5,363281|5,058594","true"
"/private/var/containers/Bundle/Application/4D01D32A-B666-4384-B213-31BBF61E54F1/CVTestsSUI.app/imagenet-hard-50-subset-2500__n04037443__ILSVRC2012_val_00023273.JPEG","images/n04037443/imagenet-hard-50-subset-2500__n04037443__ILSVRC2012_val_00023273.JPEG","751","racer","573","go-kart","9,531250","573|751|518|450|817","go-kart|racer|crash helmet|bobsled|sports car","9,531250|5,175781|3,810547|3,041016|2,837891","true"
"/private/var/containers/Bundle/Application/4D01D32A-B666-4384-B213-31BBF61E54F1/CVTestsSUI.app/imagenet-hard-50-subset-2500__n04037443__ILSVRC2012_val_00025858.JPEG","images/n04037443/imagenet-hard-50-subset-2500__n04037443__ILSVRC2012_val_00025858.JPEG","751","racer","895","warplane","7,738281","895|908|404|812|751","warplane|wing|airliner|space shuttle|racer","7,738281|7,339844|7,160156|5,835938|4,031250","true"
"/private/var/containers/Bundle/Application/4D01D32A-B666-4384-B213-31BBF61E54F1/CVTestsSUI.app/imagenet-hard-50-subset-2500__n04037443__ILSVRC2012_val_00026947.JPEG","images/n04037443/imagenet-hard-50-subset-2500__n04037443__ILSVRC2012_val_00026947.JPEG","751","racer","880","unicycle","6,332031","880|602|751|554|517","unicycle|horizontal bar|racer|fireboat|crane","6,332031|6,046875|5,988281|5,453125|5,289062","true"
"/private/var/containers/Bundle/Application/4D01D32A-B666-4384-B213-31BBF61E54F1/CVTestsSUI.app/imagenet-hard-50-subset-2500__n04037443__ILSVRC2012_val_00028209.JPEG","images/n04037443/imagenet-hard-50-subset-2500__n04037443__ILSVRC2012_val_00028209.JPEG","751","racer","864","tow truck","9,414062","864|609|479|751|717","tow truck|jeep|car wheel|racer|pickup","9,414062|5,921875|5,730469|5,722656|5,394531","true"
"/private/var/containers/Bundle/Application/4D01D32A-B666-4384-B213-31BBF61E54F1/CVTestsSUI.app/imagenet-hard-50-subset-2500__n04037443__ILSVRC2012_val_00034824.JPEG","images/n04037443/imagenet-hard-50-subset-2500__n04037443__ILSVRC2012_val_00034824.JPEG","751","racer","817","sports car","8,398438","817|751|705|479|717","sports car|racer|passenger car|car wheel|pickup","8,398438|8,132812|5,261719|4,648438|3,851562","true"
"/private/var/containers/Bundle/Application/4D01D32A-B666-4384-B213-31BBF61E54F1/CVTestsSUI.app/imagenet-hard-50-subset-2500__n04037443__ILSVRC2012_val_00037055.JPEG","images/n04037443/imagenet-hard-50-subset-2500__n04037443__ILSVRC2012_val_00037055.JPEG","751","racer","980","volcano","6,593750","980|974|755|479|609","volcano|geyser|radio telescope|car wheel|jeep","6,593750|5,554688|5,136719|5,089844|4,824219","false"
"/private/var/containers/Bundle/Application/4D01D32A-B666-4384-B213-31BBF61E54F1/CVTestsSUI.app/imagenet-hard-50-subset-2500__n04037443__ILSVRC2012_val_00038994.JPEG","images/n04037443/imagenet-hard-50-subset-2500__n04037443__ILSVRC2012_val_00038994.JPEG","751","racer","757","recreational vehicle","7,695312","757|867|751|874|654","recreational vehicle|trailer truck|racer|trolleybus|minibus","7,695312|7,394531|7,335938|7,292969|6,644531","true"
"/private/var/containers/Bundle/Application/4D01D32A-B666-4384-B213-31BBF61E54F1/CVTestsSUI.app/imagenet-hard-50-subset-2500__n04037443__ILSVRC2012_val_00043338.JPEG","images/n04037443/imagenet-hard-50-subset-2500__n04037443__ILSVRC2012_val_00043338.JPEG","751","racer","817","sports car","9,781250","817|751|479|511|705","sports car|racer|car wheel|convertible|passenger car","9,781250|9,421875|6,914062|4,933594|4,441406","true"
"/private/var/containers/Bundle/Application/4D01D32A-B666-4384-B213-31BBF61E54F1/CVTestsSUI.app/imagenet-hard-50-subset-2500__n04037443__ILSVRC2012_val_00043710.JPEG","images/n04037443/imagenet-hard-50-subset-2500__n04037443__ILSVRC2012_val_00043710.JPEG","751","racer","581","grille","9,085938","581|817|751|717|436","grille|sports car|racer|pickup|beach wagon","9,085938|6,289062|5,921875|5,871094|5,140625","true"
"/private/var/containers/Bundle/Application/4D01D32A-B666-4384-B213-31BBF61E54F1/CVTestsSUI.app/imagenet-hard-50-subset-2500__n04037443__ILSVRC2012_val_00043810.JPEG","images/n04037443/imagenet-hard-50-subset-2500__n04037443__ILSVRC2012_val_00043810.JPEG","751","racer","817","sports car","8,640625","817|751|705|717|479","sports car|racer|passenger car|pickup|car wheel","8,640625|8,132812|7,937500|5,316406|4,882812","true"
"/private/var/containers/Bundle/Application/4D01D32A-B666-4384-B213-31BBF61E54F1/CVTestsSUI.app/imagenet-hard-50-subset-2500__n04037443__ILSVRC2012_val_00045368.JPEG","images/n04037443/imagenet-hard-50-subset-2500__n04037443__ILSVRC2012_val_00045368.JPEG","751","racer","817","sports car","8,906250","817|751|479|511|408","sports car|racer|car wheel|convertible|amphibian","8,906250|8,492188|7,031250|7,031250|5,218750","true"
"/private/var/containers/Bundle/Application/4D01D32A-B666-4384-B213-31BBF61E54F1/CVTestsSUI.app/imagenet-hard-50-subset-2500__n04037443__ILSVRC2012_val_00048516.JPEG","images/n04037443/imagenet-hard-50-subset-2500__n04037443__ILSVRC2012_val_00048516.JPEG","751","racer","656","minivan","8,250000","656|817|436|581|479","minivan|sports car|beach wagon|grille|car wheel","8,250000|8,195312|7,500000|7,058594|6,726562","false"
"/private/var/containers/Bundle/Application/4D01D32A-B666-4384-B213-31BBF61E54F1/CVTestsSUI.app/imagenet-hard-50-subset-2500__n04037443__ILSVRC2012_val_00049037.JPEG","images/n04037443/imagenet-hard-50-subset-2500__n04037443__ILSVRC2012_val_00049037.JPEG","751","racer","573","go-kart","7,625000","573|751|817|621|468","go-kart|racer|sports car|lawn mower|cab","7,625000|6,261719|5,449219|4,593750|4,457031","true"
"/private/var/containers/Bundle/Application/4D01D32A-B666-4384-B213-31BBF61E54F1/CVTestsSUI.app/imagenet-hard-50-subset-2500__n02930766__ILSVRC2012_val_00000432.JPEG","images/n02930766/imagenet-hard-50-subset-2500__n02930766__ILSVRC2012_val_00000432.JPEG","468","cab","734","police van","10,390625","734|468|654|864|407","police van|cab|minibus|tow truck|ambulance","10,390625|8,320312|6,437500|6,097656|5,777344","true"
"/private/var/containers/Bundle/Application/4D01D32A-B666-4384-B213-31BBF61E54F1/CVTestsSUI.app/imagenet-hard-50-subset-2500__n02930766__ILSVRC2012_val_00003112.JPEG","images/n02930766/imagenet-hard-50-subset-2500__n02930766__ILSVRC2012_val_00003112.JPEG","468","cab","436","beach wagon","7,097656","436|468|717|654|656","beach wagon|cab|pickup|minibus|minivan","7,097656|7,035156|6,015625|5,945312|5,312500","true"
"/private/var/containers/Bundle/Application/4D01D32A-B666-4384-B213-31BBF61E54F1/CVTestsSUI.app/imagenet-hard-50-subset-2500__n02930766__ILSVRC2012_val_00006258.JPEG","images/n02930766/imagenet-hard-50-subset-2500__n02930766__ILSVRC2012_val_00006258.JPEG","468","cab","907","wine bottle","7,769531","907|563|921|760|582","wine bottle|fountain pen|book jacket|refrigerator|grocery store","7,769531|7,742188|5,203125|5,093750|4,890625","false"
"/private/var/containers/Bundle/Application/4D01D32A-B666-4384-B213-31BBF61E54F1/CVTestsSUI.app/imagenet-hard-50-subset-2500__n02930766__ILSVRC2012_val_00012182.JPEG","images/n02930766/imagenet-hard-50-subset-2500__n02930766__ILSVRC2012_val_00012182.JPEG","468","cab","920","traffic light","8,281250","920|864|468|867|569","traffic light|tow truck|cab|trailer truck|garbage truck","8,281250|7,882812|7,875000|6,769531|6,250000","true"
"/private/var/containers/Bundle/Application/4D01D32A-B666-4384-B213-31BBF61E54F1/CVTestsSUI.app/imagenet-hard-50-subset-2500__n02930766__ILSVRC2012_val_00018744.JPEG","images/n02930766/imagenet-hard-50-subset-2500__n02930766__ILSVRC2012_val_00018744.JPEG","468","cab","920","traffic light","6,601562","920|682|762|498|415","traffic light|obelisk|restaurant|cinema|bakery","6,601562|5,882812|5,851562|5,667969|5,652344","false"
"/private/var/containers/Bundle/Application/4D01D32A-B666-4384-B213-31BBF61E54F1/CVTestsSUI.app/imagenet-hard-50-subset-2500__n02930766__ILSVRC2012_val_00019725.JPEG","images/n02930766/imagenet-hard-50-subset-2500__n02930766__ILSVRC2012_val_00019725.JPEG","468","cab","511","convertible","7,156250","511|482|757|848|685","convertible|cassette player|recreational vehicle|tape player|odometer","7,156250|6,781250|6,675781|6,281250|6,031250","false"
"/private/var/containers/Bundle/Application/4D01D32A-B666-4384-B213-31BBF61E54F1/CVTestsSUI.app/imagenet-hard-50-subset-2500__n02930766__ILSVRC2012_val_00021775.JPEG","images/n02930766/imagenet-hard-50-subset-2500__n02930766__ILSVRC2012_val_00021775.JPEG","468","cab","502","clog","6,238281","502|751|817|627|468","clog|racer|sports car|limousine|cab","6,238281|5,761719|5,683594|5,566406|5,054688","true"
"/private/var/containers/Bundle/Application/4D01D32A-B666-4384-B213-31BBF61E54F1/CVTestsSUI.app/imagenet-hard-50-subset-2500__n02930766__ILSVRC2012_val_00031878.JPEG","images/n02930766/imagenet-hard-50-subset-2500__n02930766__ILSVRC2012_val_00031878.JPEG","468","cab","581","grille","8,554688","581|717|468|436|661","grille|pickup|cab|beach wagon|Model T","8,554688|6,019531|5,683594|4,937500|4,933594","true"
"/private/var/containers/Bundle/Application/4D01D32A-B666-4384-B213-31BBF61E54F1/CVTestsSUI.app/imagenet-hard-50-subset-2500__n02930766__ILSVRC2012_val_00035012.JPEG","images/n02930766/imagenet-hard-50-subset-2500__n02930766__ILSVRC2012_val_00035012.JPEG","468","cab","511","convertible","7,625000","511|581|817|436|468","convertible|grille|sports car|beach wagon|cab","7,625000|7,339844|6,722656|5,843750|5,281250","true"
"/private/var/containers/Bundle/Application/4D01D32A-B666-4384-B213-31BBF61E54F1/CVTestsSUI.app/imagenet-hard-50-subset-2500__n02930766__ILSVRC2012_val_00037652.JPEG","images/n02930766/imagenet-hard-50-subset-2500__n02930766__ILSVRC2012_val_00037652.JPEG","468","cab","717","pickup","8,265625","717|436|468|581|479","pickup|beach wagon|cab|grille|car wheel","8,265625|7,406250|7,132812|6,359375|5,644531","true"
"/private/var/containers/Bundle/Application/4D01D32A-B666-4384-B213-31BBF61E54F1/CVTestsSUI.app/imagenet-hard-50-subset-2500__n02930766__ILSVRC2012_val_00038811.JPEG","images/n02930766/imagenet-hard-50-subset-2500__n02930766__ILSVRC2012_val_00038811.JPEG","468","cab","705","passenger car","8,359375","705|466|829|565|547","passenger car|bullet train|streetcar|freight car|electric locomotive","8,359375|7,468750|5,656250|5,296875|4,792969","false"
"/private/var/containers/Bundle/Application/4D01D32A-B666-4384-B213-31BBF61E54F1/CVTestsSUI.app/imagenet-hard-50-subset-2500__n02930766__ILSVRC2012_val_00039097.JPEG","images/n02930766/imagenet-hard-50-subset-2500__n02930766__ILSVRC2012_val_00039097.JPEG","468","cab","717","pickup","8,140625","717|479|751|468|864","pickup|car wheel|racer|cab|tow truck","8,140625|6,660156|5,992188|5,636719|5,136719","true"
"/private/var/containers/Bundle/Application/4D01D32A-B666-4384-B213-31BBF61E54F1/CVTestsSUI.app/imagenet-hard-50-subset-2500__n02930766__ILSVRC2012_val_00039250.JPEG","images/n02930766/imagenet-hard-50-subset-2500__n02930766__ILSVRC2012_val_00039250.JPEG","468","cab","581","grille","7,832031","581|468|717|661|705","grille|cab|pickup|Model T|passenger car","7,832031|7,464844|5,816406|5,546875|5,207031","true"
"/private/var/containers/Bundle/Application/4D01D32A-B666-4384-B213-31BBF61E54F1/CVTestsSUI.app/imagenet-hard-50-subset-2500__n02930766__ILSVRC2012_val_00041873.JPEG","images/n02930766/imagenet-hard-50-subset-2500__n02930766__ILSVRC2012_val_00041873.JPEG","468","cab","436","beach wagon","9,820312","436|468|627|581|864","beach wagon|cab|limousine|grille|tow truck","9,820312|6,492188|6,488281|5,179688|4,722656","true"
"/private/var/containers/Bundle/Application/4D01D32A-B666-4384-B213-31BBF61E54F1/CVTestsSUI.app/imagenet-hard-50-subset-2500__n02814533__ILSVRC2012_val_00006220.JPEG","images/n02814533/imagenet-hard-50-subset-2500__n02814533__ILSVRC2012_val_00006220.JPEG","436","beach wagon","817","sports car","7,851562","817|511|581|436|479","sports car|convertible|grille|beach wagon|car wheel","7,851562|7,164062|6,835938|6,765625|5,714844","true"
"/private/var/containers/Bundle/Application/4D01D32A-B666-4384-B213-31BBF61E54F1/CVTestsSUI.app/imagenet-hard-50-subset-2500__n02814533__ILSVRC2012_val_00010252.JPEG","images/n02814533/imagenet-hard-50-subset-2500__n02814533__ILSVRC2012_val_00010252.JPEG","436","beach wagon","479","car wheel","8,085938","479|817|436|581|717","car wheel|sports car|beach wagon|grille|pickup","8,085938|6,519531|5,636719|5,265625|5,148438","true"
"/private/var/containers/Bundle/Application/4D01D32A-B666-4384-B213-31BBF61E54F1/CVTestsSUI.app/imagenet-hard-50-subset-2500__n02814533__ILSVRC2012_val_00011630.JPEG","images/n02814533/imagenet-hard-50-subset-2500__n02814533__ILSVRC2012_val_00011630.JPEG","436","beach wagon","701","parachute","7,902344","701|895|908|751|817","parachute|warplane|wing|racer|sports car","7,902344|6,714844|6,515625|5,785156|5,753906","false"
"/private/var/containers/Bundle/Application/4D01D32A-B666-4384-B213-31BBF61E54F1/CVTestsSUI.app/imagenet-hard-50-subset-2500__n02814533__ILSVRC2012_val_00014447.JPEG","images/n02814533/imagenet-hard-50-subset-2500__n02814533__ILSVRC2012_val_00014447.JPEG","436","beach wagon","479","car wheel","10,687500","479|535|661|818|581","car wheel|disk brake|Model T|spotlight|grille","10,687500|5,714844|3,843750|3,501953|3,439453","false"
"/private/var/containers/Bundle/Application/4D01D32A-B666-4384-B213-31BBF61E54F1/CVTestsSUI.app/imagenet-hard-50-subset-2500__n02814533__ILSVRC2012_val_00014541.JPEG","images/n02814533/imagenet-hard-50-subset-2500__n02814533__ILSVRC2012_val_00014541.JPEG","436","beach wagon","581","grille","9,726562","581|511|817|436|656","grille|convertible|sports car|beach wagon|minivan","9,726562|7,945312|6,890625|6,714844|5,625000","true"
"/private/var/containers/Bundle/Application/4D01D32A-B666-4384-B213-31BBF61E54F1/CVTestsSUI.app/imagenet-hard-50-subset-2500__n02814533__ILSVRC2012_val_00015200.JPEG","images/n02814533/imagenet-hard-50-subset-2500__n02814533__ILSVRC2012_val_00015200.JPEG","436","beach wagon","656","minivan","9,437500","656|436|468|581|734","minivan|beach wagon|cab|grille|police van","9,437500|7,800781|5,714844|5,445312|5,187500","true"
"/private/var/containers/Bundle/Application/4D01D32A-B666-4384-B213-31BBF61E54F1/CVTestsSUI.app/imagenet-hard-50-subset-2500__n02814533__ILSVRC2012_val_00021487.JPEG","images/n02814533/imagenet-hard-50-subset-2500__n02814533__ILSVRC2012_val_00021487.JPEG","436","beach wagon","581","grille","9,148438","581|468|511|817|436","grille|cab|convertible|sports car|beach wagon","9,148438|5,722656|5,281250|4,429688|4,375000","true"
"/private/var/containers/Bundle/Application/4D01D32A-B666-4384-B213-31BBF61E54F1/CVTestsSUI.app/imagenet-hard-50-subset-2500__n02814533__ILSVRC2012_val_00023221.JPEG","images/n02814533/imagenet-hard-50-subset-2500__n02814533__ILSVRC2012_val_00023221.JPEG","436","beach wagon","627","limousine","8,171875","627|436|468|656|581","limousine|beach wagon|cab|minivan|grille","8,171875|8,070312|7,261719|6,468750|6,042969","true"
"/private/var/containers/Bundle/Application/4D01D32A-B666-4384-B213-31BBF61E54F1/CVTestsSUI.app/imagenet-hard-50-subset-2500__n02814533__ILSVRC2012_val_00027049.JPEG","images/n02814533/imagenet-hard-50-subset-2500__n02814533__ILSVRC2012_val_00027049.JPEG","436","beach wagon","817","sports car","7,156250","817|468|656|705|479","sports car|cab|minivan|passenger car|car wheel","7,156250|6,843750|6,718750|5,660156|5,472656","false"
"/private/var/containers/Bundle/Application/4D01D32A-B666-4384-B213-31BBF61E54F1/CVTestsSUI.app/imagenet-hard-50-subset-2500__n02814533__ILSVRC2012_val_00029057.JPEG","images/n02814533/imagenet-hard-50-subset-2500__n02814533__ILSVRC2012_val_00029057.JPEG","436","beach wagon","479","car wheel","6,800781","479|817|468|436|751","car wheel|sports car|cab|beach wagon|racer","6,800781|6,125000|5,839844|5,769531|5,628906","true"
"/private/var/containers/Bundle/Application/4D01D32A-B666-4384-B213-31BBF61E54F1/CVTestsSUI.app/imagenet-hard-50-subset-2500__n02814533__ILSVRC2012_val_00030834.JPEG","images/n02814533/imagenet-hard-50-subset-2500__n02814533__ILSVRC2012_val_00030834.JPEG","436","beach wagon","717","pickup","6,414062","717|864|468|654|656","pickup|tow truck|cab|minibus|minivan","6,414062|5,949219|5,812500|5,335938|4,898438","false"
"/private/var/containers/Bundle/Application/4D01D32A-B666-4384-B213-31BBF61E54F1/CVTestsSUI.app/imagenet-hard-50-subset-2500__n02814533__ILSVRC2012_val_00031765.JPEG","images/n02814533/imagenet-hard-50-subset-2500__n02814533__ILSVRC2012_val_00031765.JPEG","436","beach wagon","421","bannister","6,949219","421|520|743|729|790","bannister|crib|prison|plate rack|shopping basket","6,949219|6,367188|6,132812|5,460938|4,703125","false"
"/private/var/containers/Bundle/Application/4D01D32A-B666-4384-B213-31BBF61E54F1/CVTestsSUI.app/imagenet-hard-50-subset-2500__n02814533__ILSVRC2012_val_00031828.JPEG","images/n02814533/imagenet-hard-50-subset-2500__n02814533__ILSVRC2012_val_00031828.JPEG","436","beach wagon","468","cab","7,332031","468|436|627|656|581","cab|beach wagon|limousine|minivan|grille","7,332031|5,566406|5,156250|4,945312|4,605469","true"
"/private/var/containers/Bundle/Application/4D01D32A-B666-4384-B213-31BBF61E54F1/CVTestsSUI.app/imagenet-hard-50-subset-2500__n02814533__ILSVRC2012_val_00031953.JPEG","images/n02814533/imagenet-hard-50-subset-2500__n02814533__ILSVRC2012_val_00031953.JPEG","436","beach wagon","511","convertible","6,382812","511|817|717|436|479","convertible|sports car|pickup|beach wagon|car wheel","6,382812|6,347656|6,312500|5,363281|5,285156","true"
"/private/var/containers/Bundle/Application/4D01D32A-B666-4384-B213-31BBF61E54F1/CVTestsSUI.app/imagenet-hard-50-subset-2500__n02814533__ILSVRC2012_val_00038392.JPEG","images/n02814533/imagenet-hard-50-subset-2500__n02814533__ILSVRC2012_val_00038392.JPEG","436","beach wagon","656","minivan","8,375000","656|436|627|581|479","minivan|beach wagon|limousine|grille|car wheel","8,375000|8,054688|6,625000|6,371094|5,871094","true"
"/private/var/containers/Bundle/Application/4D01D32A-B666-4384-B213-31BBF61E54F1/CVTestsSUI.app/imagenet-hard-50-subset-2500__n02814533__ILSVRC2012_val_00042597.JPEG","images/n02814533/imagenet-hard-50-subset-2500__n02814533__ILSVRC2012_val_00042597.JPEG","436","beach wagon","734","police van","11,335938","734|468|656|407|864","police van|cab|minivan|ambulance|tow truck","11,335938|7,261719|6,265625|5,644531|4,570312","false"
"/private/var/containers/Bundle/Application/4D01D32A-B666-4384-B213-31BBF61E54F1/CVTestsSUI.app/imagenet-hard-50-subset-2500__n02814533__ILSVRC2012_val_00048556.JPEG","images/n02814533/imagenet-hard-50-subset-2500__n02814533__ILSVRC2012_val_00048556.JPEG","436","beach wagon","817","sports car","6,535156","817|705|468|751|479","sports car|passenger car|cab|racer|car wheel","6,535156|6,359375|6,195312|5,210938|5,128906","false"
"/private/var/containers/Bundle/Application/4D01D32A-B666-4384-B213-31BBF61E54F1/CVTestsSUI.app/imagenet-hard-50-subset-2500__n03594945__ILSVRC2012_val_00000659.JPEG","images/n03594945/imagenet-hard-50-subset-2500__n03594945__ILSVRC2012_val_00000659.JPEG","609","jeep","803","snowplow","10,171875","803|867|565|802|920","snowplow|trailer truck|freight car|snowmobile|traffic light","10,171875|5,855469|5,347656|5,105469|4,968750","false"
"/private/var/containers/Bundle/Application/4D01D32A-B666-4384-B213-31BBF61E54F1/CVTestsSUI.app/imagenet-hard-50-subset-2500__n03594945__ILSVRC2012_val_00004439.JPEG","images/n03594945/imagenet-hard-50-subset-2500__n03594945__ILSVRC2012_val_00004439.JPEG","609","jeep","586","half track","6,421875","586|609|407|408|864","half track|jeep|ambulance|amphibian|tow truck","6,421875|6,113281|5,289062|5,207031|5,046875","true"
"/private/var/containers/Bundle/Application/4D01D32A-B666-4384-B213-31BBF61E54F1/CVTestsSUI.app/imagenet-hard-50-subset-2500__n03594945__ILSVRC2012_val_00005147.JPEG","images/n03594945/imagenet-hard-50-subset-2500__n03594945__ILSVRC2012_val_00005147.JPEG","609","jeep","915","yurt","7,929688","915|672|609|757|879","yurt|mountain tent|jeep|recreational vehicle|umbrella","7,929688|5,769531|5,300781|4,910156|4,804688","true"
"/private/var/containers/Bundle/Application/4D01D32A-B666-4384-B213-31BBF61E54F1/CVTestsSUI.app/imagenet-hard-50-subset-2500__n03594945__ILSVRC2012_val_00006530.JPEG","images/n03594945/imagenet-hard-50-subset-2500__n03594945__ILSVRC2012_val_00006530.JPEG","609","jeep","595","harvester","6,437500","595|609|867|864|569","harvester|jeep|trailer truck|tow truck|garbage truck","6,437500|5,769531|5,222656|5,039062|4,179688","true"
"/private/var/containers/Bundle/Application/4D01D32A-B666-4384-B213-31BBF61E54F1/CVTestsSUI.app/imagenet-hard-50-subset-2500__n03594945__ILSVRC2012_val_00009983.JPEG","images/n03594945/imagenet-hard-50-subset-2500__n03594945__ILSVRC2012_val_00009983.JPEG","609","jeep","654","minibus","8,835938","654|734|656|569|468","minibus|police van|minivan|garbage truck|cab","8,835938|7,031250|7,011719|6,316406|6,234375","false"
"/private/var/containers/Bundle/Application/4D01D32A-B666-4384-B213-31BBF61E54F1/CVTestsSUI.app/imagenet-hard-50-subset-2500__n03594945__ILSVRC2012_val_00014198.JPEG","images/n03594945/imagenet-hard-50-subset-2500__n03594945__ILSVRC2012_val_00014198.JPEG","609","jeep","660","mobile home","7,742188","660|675|609|864|449","mobile home|moving van|jeep|tow truck|boathouse","7,742188|7,007812|6,031250|4,160156|3,980469","true"
"/private/var/containers/Bundle/Application/4D01D32A-B666-4384-B213-31BBF61E54F1/CVTestsSUI.app/imagenet-hard-50-subset-2500__n03594945__ILSVRC2012_val_00014841.JPEG","images/n03594945/imagenet-hard-50-subset-2500__n03594945__ILSVRC2012_val_00014841.JPEG","609","jeep","866","tractor","6,929688","866|408|609|913|978","tractor|amphibian|jeep|wreck|seashore","6,929688|6,324219|6,027344|5,460938|5,214844","true"
"/private/var/containers/Bundle/Application/4D01D32A-B666-4384-B213-31BBF61E54F1/CVTestsSUI.app/imagenet-hard-50-subset-2500__n03594945__ILSVRC2012_val_00016456.JPEG","images/n03594945/imagenet-hard-50-subset-2500__n03594945__ILSVRC2012_val_00016456.JPEG","609","jeep","803","snowplow","6,503906","803|408|595|814|974","snowplow|amphibian|harvester|speedboat|geyser","6,503906|5,546875|4,835938|4,500000|4,191406","false"
"/private/var/containers/Bundle/Application/4D01D32A-B666-4384-B213-31BBF61E54F1/CVTestsSUI.app/imagenet-hard-50-subset-2500__n03594945__ILSVRC2012_val_00018474.JPEG","images/n03594945/imagenet-hard-50-subset-2500__n03594945__ILSVRC2012_val_00018474.JPEG","609","jeep","819","stage","7,367188","819|456|696|558|707","stage|bow|paintbrush|flute|pay-phone","7,367188|5,613281|5,390625|4,792969|4,746094","false"
"/private/var/containers/Bundle/Application/4D01D32A-B666-4384-B213-31BBF61E54F1/CVTestsSUI.app/imagenet-hard-50-subset-2500__n03594945__ILSVRC2012_val_00020829.JPEG","images/n03594945/imagenet-hard-50-subset-2500__n03594945__ILSVRC2012_val_00020829.JPEG","609","jeep","436","beach wagon","9,812500","436|609|656|717|479","beach wagon|jeep|minivan|pickup|car wheel","9,812500|9,476562|5,554688|4,175781|3,806641","true"
"/private/var/containers/Bundle/Application/4D01D32A-B666-4384-B213-31BBF61E54F1/CVTestsSUI.app/imagenet-hard-50-subset-2500__n03594945__ILSVRC2012_val_00028405.JPEG","images/n03594945/imagenet-hard-50-subset-2500__n03594945__ILSVRC2012_val_00028405.JPEG","609","jeep","407","ambulance","9,812500","407|609|734|757|864","ambulance|jeep|police van|recreational vehicle|tow truck","9,812500|8,757812|6,195312|3,812500|3,578125","true"
"/private/var/containers/Bundle/Application/4D01D32A-B666-4384-B213-31BBF61E54F1/CVTestsSUI.app/imagenet-hard-50-subset-2500__n03670208__ILSVRC2012_val_00000185.JPEG","images/n03670208/imagenet-hard-50-subset-2500__n03670208__ILSVRC2012_val_00000185.JPEG","627","limousine","654","minibus","8,773438","654|627|757|656|436","minibus|limousine|recreational vehicle|minivan|beach wagon","8,773438|8,460938|7,675781|7,089844|5,144531","true"
"/private/var/containers/Bundle/Application/4D01D32A-B666-4384-B213-31BBF61E54F1/CVTestsSUI.app/imagenet-hard-50-subset-2500__n03670208__ILSVRC2012_val_00000976.JPEG","images/n03670208/imagenet-hard-50-subset-2500__n03670208__ILSVRC2012_val_00000976.JPEG","627","limousine","785","seat belt","7,351562","785|627|656|654|632","seat belt|limousine|minivan|minibus|loudspeaker","7,351562|5,847656|5,710938|4,707031|4,542969","true"
"/private/var/containers/Bundle/Application/4D01D32A-B666-4384-B213-31BBF61E54F1/CVTestsSUI.app/imagenet-hard-50-subset-2500__n03670208__ILSVRC2012_val_00004036.JPEG","images/n03670208/imagenet-hard-50-subset-2500__n03670208__ILSVRC2012_val_00004036.JPEG","627","limousine","716","picket fence","7,589844","716|617|982|627|887","picket fence|lab coat|groom|limousine|vestment","7,589844|7,265625|6,699219|6,554688|6,320312","true"
"/private/var/containers/Bundle/Application/4D01D32A-B666-4384-B213-31BBF61E54F1/CVTestsSUI.app/imagenet-hard-50-subset-2500__n03670208__ILSVRC2012_val_00007113.JPEG","images/n03670208/imagenet-hard-50-subset-2500__n03670208__ILSVRC2012_val_00007113.JPEG","627","limousine","511","convertible","8,078125","511|627|817|479|717","convertible|limousine|sports car|car wheel|pickup","8,078125|7,441406|7,093750|6,636719|5,382812","true"
"/private/var/containers/Bundle/Application/4D01D32A-B666-4384-B213-31BBF61E54F1/CVTestsSUI.app/imagenet-hard-50-subset-2500__n03670208__ILSVRC2012_val_00013054.JPEG","images/n03670208/imagenet-hard-50-subset-2500__n03670208__ILSVRC2012_val_00013054.JPEG","627","limousine","751","racer","7,691406","751|817|581|656|468","racer|sports car|grille|minivan|cab","7,691406|6,410156|5,425781|4,718750|4,343750","false"
"/private/var/containers/Bundle/Application/4D01D32A-B666-4384-B213-31BBF61E54F1/CVTestsSUI.app/imagenet-hard-50-subset-2500__n03670208__ILSVRC2012_val_00024440.JPEG","images/n03670208/imagenet-hard-50-subset-2500__n03670208__ILSVRC2012_val_00024440.JPEG","627","limousine","656","minivan","6,835938","656|468|627|498|818","minivan|cab|limousine|cinema|spotlight","6,835938|6,585938|5,320312|4,636719|4,453125","true"
"/private/var/containers/Bundle/Application/4D01D32A-B666-4384-B213-31BBF61E54F1/CVTestsSUI.app/imagenet-hard-50-subset-2500__n03670208__ILSVRC2012_val_00033422.JPEG","images/n03670208/imagenet-hard-50-subset-2500__n03670208__ILSVRC2012_val_00033422.JPEG","627","limousine","436","beach wagon","8,320312","436|511|479|627|656","beach wagon|convertible|car wheel|limousine|minivan","8,320312|7,160156|7,000000|6,906250|6,722656","true"
"/private/var/containers/Bundle/Application/4D01D32A-B666-4384-B213-31BBF61E54F1/CVTestsSUI.app/imagenet-hard-50-subset-2500__n03670208__ILSVRC2012_val_00033993.JPEG","images/n03670208/imagenet-hard-50-subset-2500__n03670208__ILSVRC2012_val_00033993.JPEG","627","limousine","656","minivan","6,308594","656|468|817|627|920","minivan|cab|sports car|limousine|traffic light","6,308594|6,250000|6,062500|6,027344|5,996094","true"
"/private/var/containers/Bundle/Application/4D01D32A-B666-4384-B213-31BBF61E54F1/CVTestsSUI.app/imagenet-hard-50-subset-2500__n03670208__ILSVRC2012_val_00042844.JPEG","images/n03670208/imagenet-hard-50-subset-2500__n03670208__ILSVRC2012_val_00042844.JPEG","627","limousine","656","minivan","6,500000","656|436|581|511|479","minivan|beach wagon|grille|convertible|car wheel","6,500000|5,972656|5,906250|5,820312|5,542969","false"
"/private/var/containers/Bundle/Application/4D01D32A-B666-4384-B213-31BBF61E54F1/CVTestsSUI.app/imagenet-hard-50-subset-2500__n03670208__ILSVRC2012_val_00044056.JPEG","images/n03670208/imagenet-hard-50-subset-2500__n03670208__ILSVRC2012_val_00044056.JPEG","627","limousine","654","minibus","6,750000","654|867|705|627|779","minibus|trailer truck|passenger car|limousine|school bus","6,750000|6,183594|5,953125|5,937500|5,753906","true"
"/private/var/containers/Bundle/Application/4D01D32A-B666-4384-B213-31BBF61E54F1/CVTestsSUI.app/imagenet-hard-50-subset-2500__n03670208__ILSVRC2012_val_00046007.JPEG","images/n03670208/imagenet-hard-50-subset-2500__n03670208__ILSVRC2012_val_00046007.JPEG","627","limousine","537","dogsled","5,925781","537|803|450|802|795","dogsled|snowplow|bobsled|snowmobile|ski","5,925781|5,812500|5,058594|5,031250|4,308594","false"
"/private/var/containers/Bundle/Application/4D01D32A-B666-4384-B213-31BBF61E54F1/CVTestsSUI.app/imagenet-hard-50-subset-2500__n03670208__ILSVRC2012_val_00049113.JPEG","images/n03670208/imagenet-hard-50-subset-2500__n03670208__ILSVRC2012_val_00049113.JPEG","627","limousine","468","cab","7,828125","468|751|627|436|727","cab|racer|limousine|beach wagon|planetarium","7,828125|6,410156|5,378906|5,214844|4,839844","true"