"imagePath","imageId","groundTruthIndex","groundTruthLabel","predictedTop1Index","predictedTop1Label","predictedTop1Score","top5Indices","top5Labels","top5Scores","isTop5Correct"
"/private/var/containers/Bundle/Application/4D01D32A-B666-4384-B213-31BBF61E54F1/CVTestsSUI.app/imagenet-hard-50-subset-2500__n02085620__ILSVRC2012_val_00002921.JPEG","images/n02085620/imagenet-hard-50-subset-2500__n02085620__ILSVRC2012_val_00002921.JPEG","151","Chihuahua","253","basenji","4,683594","253|104|227|284|225","basenji|wallaby|kelpie|Siamese cat|malinois","4,683594|4,554688|4,308594|4,097656|4,019531","false"
"/private/var/containers/Bundle/Application/4D01D32A-B666-4384-B213-31BBF61E54F1/CVTestsSUI.app/imagenet-hard-50-subset-2500__n02085620__ILSVRC2012_val_00006079.JPEG","images/n02085620/imagenet-hard-50-subset-2500__n02085620__ILSVRC2012_val_00006079.JPEG","151","Chihuahua","435","bathtub","8,460938","435|876|896|804|794","bathtub|tub|washbasin|soap dispenser|shower curtain","8,460938|8,382812|5,371094|4,535156|4,253906","false"
"/private/var/containers/Bundle/Application/4D01D32A-B666-4384-B213-31BBF61E54F1/CVTestsSUI.app/imagenet-hard-50-subset-2500__n02085620__ILSVRC2012_val_00006892.JPEG","images/n02085620/imagenet-hard-50-subset-2500__n02085620__ILSVRC2012_val_00006892.JPEG","151","Chihuahua","237","miniature pinscher","6,695312","237|151|223|227|158","miniature pinscher|Chihuahua|schipperke|kelpie|toy terrier","6,695312|6,375000|5,390625|4,691406|4,382812","true"
"/private/var/containers/Bundle/Application/4D01D32A-B666-4384-B213-31BBF61E54F1/CVTestsSUI.app/imagenet-hard-50-subset-2500__n02085620__ILSVRC2012_val_00011639.JPEG","images/n02085620/imagenet-hard-50-subset-2500__n02085620__ILSVRC2012_val_00011639.JPEG","151","Chihuahua","236","Doberman","4,652344","236|234|163|165|242","Doberman|Rottweiler|bloodhound|black-and-tan coonhound|boxer","4,652344|4,472656|4,328125|4,273438|3,980469","false"
"/private/var/containers/Bundle/Application/4D01D32A-B666-4384-B213-31BBF61E54F1/CVTestsSUI.app/imagenet-hard-50-subset-2500__n02085620__ILSVRC2012_val_00011900.JPEG","images/n02085620/imagenet-hard-50-subset-2500__n02085620__ILSVRC2012_val_00011900.JPEG","151","Chihuahua","171","Italian greyhound","5,375000","171|172|180|245|284","Italian greyhound|whippet|American Staffordshire terrier|French bulldog|Siamese cat","5,375000|4,851562|4,777344|4,027344|3,841797","false"
"/private/var/containers/Bundle/Application/4D01D32A-B666-4384-B213-31BBF61E54F1/CVTestsSUI.app/imagenet-hard-50-subset-2500__n02085620__ILSVRC2012_val_00014409.JPEG","images/n02085620/imagenet-hard-50-subset-2500__n02085620__ILSVRC2012_val_00014409.JPEG","151","Chihuahua","162","beagle","5,386719","162|253|166|263|167","beagle|basenji|Walker hound|Pembroke|English foxhound","5,386719|3,597656|3,587891|3,345703|3,050781","false"
"/private/var/containers/Bundle/Application/4D01D32A-B666-4384-B213-31BBF61E54F1/CVTestsSUI.app/imagenet-hard-50-subset-2500__n02085620__ILSVRC2012_val_00016688.JPEG","images/n02085620/imagenet-hard-50-subset-2500__n02085620__ILSVRC2012_val_00016688.JPEG","151","Chihuahua","259","Pomeranian","6,734375","259|157|154|283|151","Pomeranian|papillon|Pekinese|Persian cat|Chihuahua","6,734375|4,503906|4,343750|4,207031|3,906250","true"
"/private/var/containers/Bundle/Application/4D01D32A-B666-4384-B213-31BBF61E54F1/CVTestsSUI.app/imagenet-hard-50-subset-2500__n02085620__ILSVRC2012_val_00016757.JPEG","images/n02085620/imagenet-hard-50-subset-2500__n02085620__ILSVRC2012_val_00016757.JPEG","151","Chihuahua","157","papillon","7,476562","157|151|158|230|263","papillon|Chihuahua|toy terrier|Shetland sheepdog|Pembroke","7,476562|5,816406|4,960938|3,898438|3,623047","true"
"/private/var/containers/Bundle/Application/4D01D32A-B666-4384-B213-31BBF61E54F1/CVTestsSUI.app/imagenet-hard-50-subset-2500__n02085620__ILSVRC2012_val_00017702.JPEG","images/n02085620/imagenet-hard-50-subset-2500__n02085620__ILSVRC2012_val_00017702.JPEG","151","Chihuahua","232","Border collie","5,433594","232|217|205|176|231","Border collie|English springer|flat-coated retriever|Saluki|collie","5,433594|4,621094|4,273438|3,984375|3,906250","false"
"/private/var/containers/Bundle/Application/4D01D32A-B666-4384-B213-31BBF61E54F1/CVTestsSUI.app/imagenet-hard-50-subset-2500__n02085620__ILSVRC2012_val_00018882.JPEG","images/n02085620/imagenet-hard-50-subset-2500__n02085620__ILSVRC2012_val_00018882.JPEG","151","Chihuahua","259","Pomeranian","5,265625","259|157|154|151|152","Pomeranian|papillon|Pekinese|Chihuahua|Japanese spaniel","5,265625|4,792969|4,761719|4,667969|3,339844","true"
"/private/var/containers/Bundle/Application/4D01D32A-B666-4384-B213-31BBF61E54F1/CVTestsSUI.app/imagenet-hard-50-subset-2500__n02085620__ILSVRC2012_val_00019402.JPEG","images/n02085620/imagenet-hard-50-subset-2500__n02085620__ILSVRC2012_val_00019402.JPEG","151","Chihuahua","186","Norwich terrier","5,984375","186|192|193|182|203","Norwich terrier|cairn|Australian terrier|Border terrier|West Highland white terrier","5,984375|5,523438|4,183594|4,105469|3,931641","false"
"/private/var/containers/Bundle/Application/4D01D32A-B666-4384-B213-31BBF61E54F1/CVTestsSUI.app/imagenet-hard-50-subset-2500__n02085620__ILSVRC2012_val_00020016.JPEG","images/n02085620/imagenet-hard-50-subset-2500__n02085620__ILSVRC2012_val_00020016.JPEG","151","Chihuahua","876","tub","7,390625","876|435|151|896|804","tub|bathtub|Chihuahua|washbasin|soap dispenser","7,390625|6,878906|5,703125|5,375000|5,046875","true"
"/private/var/containers/Bundle/Application/4D01D32A-B666-4384-B213-31BBF61E54F1/CVTestsSUI.app/imagenet-hard-50-subset-2500__n02085620__ILSVRC2012_val_00022609.JPEG","images/n02085620/imagenet-hard-50-subset-2500__n02085620__ILSVRC2012_val_00022609.JPEG","151","Chihuahua","195","Boston bull","6,949219","195|245|151|158|264","Boston bull|French bulldog|Chihuahua|toy terrier|Cardigan","6,949219|6,652344|5,148438|3,927734|2,857422","true"
"/private/var/containers/Bundle/Application/4D01D32A-B666-4384-B213-31BBF61E54F1/CVTestsSUI.app/imagenet-hard-50-subset-2500__n02085620__ILSVRC2012_val_00023749.JPEG","images/n02085620/imagenet-hard-50-subset-2500__n02085620__ILSVRC2012_val_00023749.JPEG","151","Chihuahua","158","toy terrier","5,773438","158|151|237|245|195","toy terrier|Chihuahua|miniature pinscher|French bulldog|Boston bull","5,773438|5,636719|5,316406|4,281250|3,976562","true"
"/private/var/containers/Bundle/Application/4D01D32A-B666-4384-B213-31BBF61E54F1/CVTestsSUI.app/imagenet-hard-50-subset-2500__n02085620__ILSVRC2012_val_00023886.JPEG","images/n02085620/imagenet-hard-50-subset-2500__n02085620__ILSVRC2012_val_00023886.JPEG","151","Chihuahua","225","malinois","4,246094","225|235|263|174|182","malinois|German shepherd|Pembroke|Norwegian elkhound|Border terrier","4,246094|4,226562|3,835938|3,720703|3,625000","false"
"/private/var/containers/Bundle/Application/4D01D32A-B666-4384-B213-31BBF61E54F1/CVTestsSUI.app/imagenet-hard-50-subset-2500__n02085620__ILSVRC2012_val_00024590.JPEG","images/n02085620/imagenet-hard-50-subset-2500__n02085620__ILSVRC2012_val_00024590.JPEG","151","Chihuahua","157","papillon","6,386719","157|151|259|158|187","papillon|Chihuahua|Pomeranian|toy terrier|Yorkshire terrier","6,386719|5,707031|5,527344|4,406250|4,160156","true"
"/private/var/containers/Bundle/Application/4D01D32A-B666-4384-B213-31BBF61E54F1/CVTestsSUI.app/imagenet-hard-50-subset-2500__n02085620__ILSVRC2012_val_00027452.JPEG","images/n02085620/imagenet-hard-50-subset-2500__n02085620__ILSVRC2012_val_00027452.JPEG","151","Chihuahua","231","collie","4,515625","231|230|160|257|255","collie|Shetland sheepdog|Afghan hound|Great Pyrenees|Leonberg","4,515625|4,390625|3,542969|3,519531|3,343750","false"
"/private/var/containers/Bundle/Application/4D01D32A-B666-4384-B213-31BBF61E54F1/CVTestsSUI.app/imagenet-hard-50-subset-2500__n02085620__ILSVRC2012_val_00028943.JPEG","images/n02085620/imagenet-hard-50-subset-2500__n02085620__ILSVRC2012_val_00028943.JPEG","151","Chihuahua","185","Norfolk terrier","3,146484","185|259|182|151|158","Norfolk terrier|Pomeranian|Border terrier|Chihuahua|toy terrier","3,146484|3,123047|2,978516|2,966797|2,966797","true"
"/private/var/containers/Bundle/Application/4D01D32A-B666-4384-B213-31BBF61E54F1/CVTestsSUI.app/imagenet-hard-50-subset-2500__n02085620__ILSVRC2012_val_00030519.JPEG","images/n02085620/imagenet-hard-50-subset-2500__n02085620__ILSVRC2012_val_00030519.JPEG","151","Chihuahua","245","French bulldog","6,085938","245|151|195|154|284","French bulldog|Chihuahua|Boston bull|Pekinese|Siamese cat","6,085938|6,066406|4,011719|3,373047|3,113281","true"
"/private/var/containers/Bundle/Application/4D01D32A-B666-4384-B213-31BBF61E54F1/CVTestsSUI.app/imagenet-hard-50-subset-2500__n02085620__ILSVRC2012_val_00031597.JPEG","images/n02085620/imagenet-hard-50-subset-2500__n02085620__ILSVRC2012_val_00031597.JPEG","151","Chihuahua","237","miniature pinscher","7,195312","237|158|151|227|171","miniature pinscher|toy terrier|Chihuahua|kelpie|Italian greyhound","7,195312|7,144531|6,800781|3,849609|3,232422","true"
"/private/var/containers/Bundle/Application/4D01D32A-B666-4384-B213-31BBF61E54F1/CVTestsSUI.app/imagenet-hard-50-subset-2500__n02085620__ILSVRC2012_val_00036150.JPEG","images/n02085620/imagenet-hard-50-subset-2500__n02085620__ILSVRC2012_val_00036150.JPEG","151","Chihuahua","237","miniature pinscher","6,066406","237|151|158|227|223","miniature pinscher|Chihuahua|toy terrier|kelpie|schipperke","6,066406|6,062500|5,730469|3,787109|3,673828","true"
"/private/var/containers/Bundle/Application/4D01D32A-B666-4384-B213-31BBF61E54F1/CVTestsSUI.app/imagenet-hard-50-subset-2500__n02085620__ILSVRC2012_val_00037791.JPEG","images/n02085620/imagenet-hard-50-subset-2500__n02085620__ILSVRC2012_val_00037791.JPEG","151","Chihuahua","155","Shih-Tzu","5,722656","155|157|156|154|151","Shih-Tzu|papillon|Blenheim spaniel|Pekinese|Chihuahua","5,722656|5,613281|4,730469|4,707031|4,023438","true"
"/private/var/containers/Bundle/Application/4D01D32A-B666-4384-B213-31BBF61E54F1/CVTestsSUI.app/imagenet-hard-50-subset-2500__n02085620__ILSVRC2012_val_00039439.JPEG","images/n02085620/imagenet-hard-50-subset-2500__n02085620__ILSVRC2012_val_00039439.JPEG","151","Chihuahua","263","Pembroke","5,832031","263|151|264|158|157","Pembroke|Chihuahua|Cardigan|toy terrier|papillon","5,832031|5,761719|4,375000|4,148438|2,658203","true"
"/private/var/containers/Bundle/Application/4D01D32A-B666-4384-B213-31BBF61E54F1/CVTestsSUI.app/imagenet-hard-50-subset-2500__n02085782__ILSVRC2012_val_00004671.JPEG","images/n02085782/imagenet-hard-50-subset-2500__n02085782__ILSVRC2012_val_00004671.JPEG","152","Japanese spaniel","156","Blenheim spaniel","5,773438","156|152|157|155|239","Blenheim spaniel|Japanese spaniel|papillon|Shih-Tzu|Bernese mountain dog","5,773438|5,136719|5,074219|2,804688|2,365234","true"
"/private/var/containers/Bundle/Application/4D01D32A-B666-4384-B213-31BBF61E54F1/CVTestsSUI.app/imagenet-hard-50-subset-2500__n02085782__ILSVRC2012_val_00006146.JPEG","images/n02085782/imagenet-hard-50-subset-2500__n02085782__ILSVRC2012_val_00006146.JPEG","152","Japanese spaniel","155","Shih-Tzu","6,367188","155|204|157|152|200","Shih-Tzu|Lhasa|papillon|Japanese spaniel|Tibetan terrier","6,367188|5,058594|4,250000|4,242188|4,234375","true"
"/private/var/containers/Bundle/Application/4D01D32A-B666-4384-B213-31BBF61E54F1/CVTestsSUI.app/imagenet-hard-50-subset-2500__n02085782__ILSVRC2012_val_00010516.JPEG","images/n02085782/imagenet-hard-50-subset-2500__n02085782__ILSVRC2012_val_00010516.JPEG","152","Japanese spaniel","217","English springer","5,250000","217|216|212|219|156","English springer|clumber|English setter|cocker spaniel|Blenheim spaniel","5,250000|4,605469|4,371094|4,046875|3,869141","false"
"/private/var/containers/Bundle/Application/4D01D32A-B666-4384-B213-31BBF61E54F1/CVTestsSUI.app/imagenet-hard-50-subset-2500__n02085782__ILSVRC2012_val_00012298.JPEG","images/n02085782/imagenet-hard-50-subset-2500__n02085782__ILSVRC2012_val_00012298.JPEG","152","Japanese spaniel","156","Blenheim spaniel","6,851562","156|152|218|215|220","Blenheim spaniel|Japanese spaniel|Welsh springer spaniel|Brittany spaniel|Sussex spaniel","6,851562|4,453125|3,972656|3,583984|3,582031","true"
"/private/var/containers/Bundle/Application/4D01D32A-B666-4384-B213-31BBF61E54F1/CVTestsSUI.app/imagenet-hard-50-subset-2500__n02085782__ILSVRC2012_val_00018296.JPEG","images/n02085782/imagenet-hard-50-subset-2500__n02085782__ILSVRC2012_val_00018296.JPEG","152","Japanese spaniel","154","Pekinese","5,343750","154|152|157|151|259","Pekinese|Japanese spaniel|papillon|Chihuahua|Pomeranian","5,343750|5,160156|3,515625|3,126953|2,699219","true"
"/private/var/containers/Bundle/Application/4D01D32A-B666-4384-B213-31BBF61E54F1/CVTestsSUI.app/imagenet-hard-50-subset-2500__n02085782__ILSVRC2012_val_00021896.JPEG","images/n02085782/imagenet-hard-50-subset-2500__n02085782__ILSVRC2012_val_00021896.JPEG","152","Japanese spaniel","154","Pekinese","5,128906","154|244|214|262|380","Pekinese|Tibetan mastiff|Gordon setter|Brabancon griffon|titi","5,128906|4,671875|4,171875|4,132812|3,667969","false"
"/private/var/containers/Bundle/Application/4D01D32A-B666-4384-B213-31BBF61E54F1/CVTestsSUI.app/imagenet-hard-50-subset-2500__n02085782__ILSVRC2012_val_00022438.JPEG","images/n02085782/imagenet-hard-50-subset-2500__n02085782__ILSVRC2012_val_00022438.JPEG","152","Japanese spaniel","157","papillon","6,816406","157|232|152|231|217","papillon|Border collie|Japanese spaniel|collie|English springer","6,816406|6,054688|5,734375|4,750000|3,751953","true"
"/private/var/containers/Bundle/Application/4D01D32A-B666-4384-B213-31BBF61E54F1/CVTestsSUI.app/imagenet-hard-50-subset-2500__n02085782__ILSVRC2012_val_00025437.JPEG","images/n02085782/imagenet-hard-50-subset-2500__n02085782__ILSVRC2012_val_00025437.JPEG","152","Japanese spaniel","200","Tibetan terrier","5,648438","200|152|229|155|232","Tibetan terrier|Japanese spaniel|Old English sheepdog|Shih-Tzu|Border collie","5,648438|4,933594|4,597656|4,593750|4,304688","true"
"/private/var/containers/Bundle/Application/4D01D32A-B666-4384-B213-31BBF61E54F1/CVTestsSUI.app/imagenet-hard-50-subset-2500__n02085782__ILSVRC2012_val_00026017.JPEG","images/n02085782/imagenet-hard-50-subset-2500__n02085782__ILSVRC2012_val_00026017.JPEG","152","Japanese spaniel","154","Pekinese","6,324219","154|152|155|157|156","Pekinese|Japanese spaniel|Shih-Tzu|papillon|Blenheim spaniel","6,324219|6,300781|4,375000|4,218750|3,246094","true"
"/private/var/containers/Bundle/Application/4D01D32A-B666-4384-B213-31BBF61E54F1/CVTestsSUI.app/imagenet-hard-50-subset-2500__n02085782__ILSVRC2012_val_00028706.JPEG","images/n02085782/imagenet-hard-50-subset-2500__n02085782__ILSVRC2012_val_00028706.JPEG","152","Japanese spaniel","338","guinea pig","3,244141","338|152|361|157|331","guinea pig|Japanese spaniel|skunk|papillon|hare","3,244141|3,169922|2,949219|2,640625|2,470703","true"
"/private/var/containers/Bundle/Application/4D01D32A-B666-4384-B213-31BBF61E54F1/CVTestsSUI.app/imagenet-hard-50-subset-2500__n02085782__ILSVRC2012_val_00029262.JPEG","images/n02085782/imagenet-hard-50-subset-2500__n02085782__ILSVRC2012_val_00029262.JPEG","152","Japanese spaniel","157","papillon","6,523438","157|152|154|259|151","papillon|Japanese spaniel|Pekinese|Pomeranian|Chihuahua","6,523438|5,500000|4,468750|4,039062|3,445312","true"
"/private/var/containers/Bundle/Application/4D01D32A-B666-4384-B213-31BBF61E54F1/CVTestsSUI.app/imagenet-hard-50-subset-2500__n02085782__ILSVRC2012_val_00033200.JPEG","images/n02085782/imagenet-hard-50-subset-2500__n02085782__ILSVRC2012_val_00033200.JPEG","152","Japanese spaniel","200","Tibetan terrier","5,941406","200|152|155|204|232","Tibetan terrier|Japanese spaniel|Shih-Tzu|Lhasa|Border collie","5,941406|5,863281|5,820312|4,960938|4,335938","true"
"/private/var/containers/Bundle/Application/4D01D32A-B666-4384-B213-31BBF61E54F1/CVTestsSUI.app/imagenet-hard-50-subset-2500__n02085782__ILSVRC2012_val_00033476.JPEG","images/n02085782/imagenet-hard-50-subset-2500__n02085782__ILSVRC2012_val_00033476.JPEG","152","Japanese spaniel","156","Blenheim spaniel","8,218750","156|152|157|219|218","Blenheim spaniel|Japanese spaniel|papillon|cocker spaniel|Welsh springer spaniel","8,218750|5,175781|4,503906|3,539062|3,277344","true"
"/private/var/containers/Bundle/Application/4D01D32A-B666-4384-B213-31BBF61E54F1/CVTestsSUI.app/imagenet-hard-50-subset-2500__n02085782__ILSVRC2012_val_00034040.JPEG","images/n02085782/imagenet-hard-50-subset-2500__n02085782__ILSVRC2012_val_00034040.JPEG","152","Japanese spaniel","232","Border collie","5,835938","232|157|152|231|230","Border collie|papillon|Japanese spaniel|collie|Shetland sheepdog","5,835938|5,582031|4,953125|4,503906|3,636719","true"
"/private/var/containers/Bundle/Application/4D01D32A-B666-4384-B213-31BBF61E54F1/CVTestsSUI.app/imagenet-hard-50-subset-2500__n02085782__ILSVRC2012_val_00036267.JPEG","images/n02085782/imagenet-hard-50-subset-2500__n02085782__ILSVRC2012_val_00036267.JPEG","152","Japanese spaniel","157","papillon","7,078125","157|230|152|259|156","papillon|Shetland sheepdog|Japanese spaniel|Pomeranian|Blenheim spaniel","7,078125|3,884766|3,736328|2,908203|2,677734","true"
"/private/var/containers/Bundle/Application/4D01D32A-B666-4384-B213-31BBF61E54F1/CVTestsSUI.app/imagenet-hard-50-subset-2500__n02085782__ILSVRC2012_val_00037960.JPEG","images/n02085782/imagenet-hard-50-subset-2500__n02085782__ILSVRC2012_val_00037960.JPEG","152","Japanese spaniel","155","Shih-Tzu","5,027344","155|152|154|283|156","Shih-Tzu|Japanese spaniel|Pekinese|Persian cat|Blenheim spaniel","5,027344|4,863281|4,730469|3,267578|3,263672","true"
"/private/var/containers/Bundle/Application/4D01D32A-B666-4384-B213-31BBF61E54F1/CVTestsSUI.app/imagenet-hard-50-subset-2500__n02085782__ILSVRC2012_val_00043776.JPEG","images/n02085782/imagenet-hard-50-subset-2500__n02085782__ILSVRC2012_val_00043776.JPEG","152","Japanese spaniel","154","Pekinese","5,871094","154|259|152|157|231","Pekinese|Pomeranian|Japanese spaniel|papillon|collie","5,871094|4,101562|3,906250|3,164062|3,003906","true"
"/private/var/containers/Bundle/Application/4D01D32A-B666-4384-B213-31BBF61E54F1/CVTestsSUI.app/imagenet-hard-50-subset-2500__n02085782__ILSVRC2012_val_00047276.JPEG","images/n02085782/imagenet-hard-50-subset-2500__n02085782__ILSVRC2012_val_00047276.JPEG","152","Japanese spaniel","157","papillon","6,402344","157|152|200|232|204","papillon|Japanese spaniel|Tibetan terrier|Border collie|Lhasa","6,402344|6,246094|4,957031|3,572266|3,482422","true"
"/private/var/containers/Bundle/Application/4D01D32A-B666-4384-B213-31BBF61E54F1/CVTestsSUI.app/imagenet-hard-50-subset-2500__n02085936__ILSVRC2012_val_00010238.JPEG","images/n02085936/imagenet-hard-50-subset-2500__n02085936__ILSVRC2012_val_00010238.JPEG","153","Maltese dog","204","Lhasa","6,746094","204|153|155|200|187","Lhasa|Maltese dog|Shih-Tzu|Tibetan terrier|Yorkshire terrier","6,746094|6,308594|5,257812|4,109375|3,341797","true"
"/private/var/containers/Bundle/Application/4D01D32A-B666-4384-B213-31BBF61E54F1/CVTestsSUI.app/imagenet-hard-50-subset-2500__n02085936__ILSVRC2012_val_00015300.JPEG","images/n02085936/imagenet-hard-50-subset-2500__n02085936__ILSVRC2012_val_00015300.JPEG","153","Maltese dog","805","soccer ball","3,773438","805|229|852|153|203","soccer ball|Old English sheepdog|tennis ball|Maltese dog|West Highland white terrier","3,773438|3,703125|3,687500|3,349609|3,156250","true"
"/private/var/containers/Bundle/Application/4D01D32A-B666-4384-B213-31BBF61E54F1/CVTestsSUI.app/imagenet-hard-50-subset-2500__n02085936__ILSVRC2012_val_00018264.JPEG","images/n02085936/imagenet-hard-50-subset-2500__n02085936__ILSVRC2012_val_00018264.JPEG","153","Maltese dog","332","Angora","6,574219","332|153|229|204|283","Angora|Maltese dog|Old English sheepdog|Lhasa|Persian cat","6,574219|6,507812|5,171875|4,777344|4,683594","true"
"/private/var/containers/Bundle/Application/4D01D32A-B666-4384-B213-31BBF61E54F1/CVTestsSUI.app/imagenet-hard-50-subset-2500__n02085936__ILSVRC2012_val_00030893.JPEG","images/n02085936/imagenet-hard-50-subset-2500__n02085936__ILSVRC2012_val_00030893.JPEG","153","Maltese dog","265","toy poodle","5,355469","265|153|266|202|398","toy poodle|Maltese dog|miniature poodle|soft-coated wheaten terrier|abacus","5,355469|4,777344|4,464844|3,656250|3,632812","true"
"/private/var/containers/Bundle/Application/4D01D32A-B666-4384-B213-31BBF61E54F1/CVTestsSUI.app/imagenet-hard-50-subset-2500__n02085936__ILSVRC2012_val_00033310.JPEG","images/n02085936/imagenet-hard-50-subset-2500__n02085936__ILSVRC2012_val_00033310.JPEG","153","Maltese dog","267","standard poodle","5,714844","267|181|266|265|825","standard poodle|Bedlington terrier|miniature poodle|toy poodle|stone wall","5,714844|5,484375|5,183594|4,343750|3,898438","false"
"/private/var/containers/Bundle/Application/4D01D32A-B666-4384-B213-31BBF61E54F1/CVTestsSUI.app/imagenet-hard-50-subset-2500__n02085936__ILSVRC2012_val_00034259.JPEG","images/n02085936/imagenet-hard-50-subset-2500__n02085936__ILSVRC2012_val_00034259.JPEG","153","Maltese dog","204","Lhasa","4,992188","204|200|202|265|185","Lhasa|Tibetan terrier|soft-coated wheaten terrier|toy poodle|Norfolk terrier","4,992188|4,882812|4,570312|4,214844|4,210938","false"
"/private/var/containers/Bundle/Application/4D01D32A-B666-4384-B213-31BBF61E54F1/CVTestsSUI.app/imagenet-hard-50-subset-2500__n02085936__ILSVRC2012_val_00039146.JPEG","images/n02085936/imagenet-hard-50-subset-2500__n02085936__ILSVRC2012_val_00039146.JPEG","153","Maltese dog","203","West Highland white terrier","6,476562","203|153|265|266|229","West Highland white terrier|Maltese dog|toy poodle|miniature poodle|Old English sheepdog","6,476562|5,480469|4,910156|4,296875|4,222656","true"
"/private/var/containers/Bundle/Application/4D01D32A-B666-4384-B213-31BBF61E54F1/CVTestsSUI.app/imagenet-hard-50-subset-2500__n02085936__ILSVRC2012_val_00039695.JPEG","images/n02085936/imagenet-hard-50-subset-2500__n02085936__ILSVRC2012_val_00039695.JPEG","153","Maltese dog","257","Great Pyrenees","6,082031","257|153|207|203|204","Great Pyrenees|Maltese dog|golden retriever|West Highland white terrier|Lhasa","6,082031|5,363281|5,066406|4,937500|3,794922","true"
"/private/var/containers/Bundle/Application/4D01D32A-B666-4384-B213-31BBF61E54F1/CVTestsSUI.app/imagenet-hard-50-subset-2500__n02085936__ILSVRC2012_val_00041918.JPEG","images/n02085936/imagenet-hard-50-subset-2500__n02085936__ILSVRC2012_val_00041918.JPEG","153","Maltese dog","229","Old English sheepdog","4,574219","229|190|203|202|188","Old English sheepdog|Sealyham terrier|West Highland white terrier|soft-coated wheaten terrier|wire-haired fox terrier","4,574219|4,445312|3,316406|3,042969|2,988281","false"
"/private/var/containers/Bundle/Application/4D01D32A-B666-4384-B213-31BBF61E54F1/CVTestsSUI.app/imagenet-hard-50-subset-2500__n02086079__ILSVRC2012_val_00004065.JPEG","images/n02086079/imagenet-hard-50-subset-2500__n02086079__ILSVRC2012_val_00004065.JPEG","154","Pekinese","207","golden retriever","6,476562","207|154|185|259|204","golden retriever|Pekinese|Norfolk terrier|Pomeranian|Lhasa","6,476562|6,242188|5,203125|4,699219|4,457031","true"
"/private/var/containers/Bundle/Application/4D01D32A-B666-4384-B213-31BBF61E54F1/CVTestsSUI.app/imagenet-hard-50-subset-2500__n02086079__ILSVRC2012_val_00007057.JPEG","images/n02086079/imagenet-hard-50-subset-2500__n02086079__ILSVRC2012_val_00007057.JPEG","154","Pekinese","151","Chihuahua","5,492188","151|154|259|263|245","Chihuahua|Pekinese|Pomeranian|Pembroke|French bulldog","5,492188|4,746094|4,335938|3,884766|3,421875","true"
"/private/var/containers/Bundle/Application/4D01D32A-B666-4384-B213-31BBF61E54F1/CVTestsSUI.app/imagenet-hard-50-subset-2500__n02086079__ILSVRC2012_val_00007111.JPEG","images/n02086079/imagenet-hard-50-subset-2500__n02086079__ILSVRC2012_val_00007111.JPEG","154","Pekinese","152","Japanese spaniel","5,425781","152|154|157|156|155","Japanese spaniel|Pekinese|papillon|Blenheim spaniel|Shih-Tzu","5,425781|4,121094|3,968750|2,898438|2,666016","true"
"/private/var/containers/Bundle/Application/4D01D32A-B666-4384-B213-31BBF61E54F1/CVTestsSUI.app/imagenet-hard-50-subset-2500__n02086079__ILSVRC2012_val_00009105.JPEG","images/n02086079/imagenet-hard-50-subset-2500__n02086079__ILSVRC2012_val_00009105.JPEG","154","Pekinese","157","papillon","8,070312","157|232|230|231|151","papillon|Border collie|Shetland sheepdog|collie|Chihuahua","8,070312|5,953125|4,992188|4,937500|4,328125","false"
"/private/var/containers/Bundle/Application/4D01D32A-B666-4384-B213-31BBF61E54F1/CVTestsSUI.app/imagenet-hard-50-subset-2500__n02086079__ILSVRC2012_val_00009250.JPEG","images/n02086079/imagenet-hard-50-subset-2500__n02086079__ILSVRC2012_val_00009250.JPEG","154","Pekinese","201","silky terrier","6,117188","201|187|193|185|155","silky terrier|Yorkshire terrier|Australian terrier|Norfolk terrier|Shih-Tzu","6,117188|5,726562|5,175781|4,589844|3,486328","false"
"/private/var/containers/Bundle/Application/4D01D32A-B666-4384-B213-31BBF61E54F1/CVTestsSUI.app/imagenet-hard-50-subset-2500__n02086079__ILSVRC2012_val_00031157.JPEG","images/n02086079/imagenet-hard-50-subset-2500__n02086079__ILSVRC2012_val_00031157.JPEG","154","Pekinese","155","Shih-Tzu","6,238281","155|204|154|200|262","Shih-Tzu|Lhasa|Pekinese|Tibetan terrier|Brabancon griffon","6,238281|5,832031|5,320312|4,089844|2,900391","true"
"/private/var/containers/Bundle/Application/4D01D32A-B666-4384-B213-31BBF61E54F1/CVTestsSUI.app/imagenet-hard-50-subset-2500__n02086079__ILSVRC2012_val_00038786.JPEG","images/n02086079/imagenet-hard-50-subset-2500__n02086079__ILSVRC2012_val_00038786.JPEG","154","Pekinese","155","Shih-Tzu","5,968750","155|204|154|283|157","Shih-Tzu|Lhasa|Pekinese|Persian cat|papillon","5,968750|5,097656|4,816406|2,976562|2,919922","true"
"/private/var/containers/Bundle/Application/4D01D32A-B666-4384-B213-31BBF61E54F1/CVTestsSUI.app/imagenet-hard-50-subset-2500__n02086079__ILSVRC2012_val_00041109.JPEG","images/n02086079/imagenet-hard-50-subset-2500__n02086079__ILSVRC2012_val_00041109.JPEG","154","Pekinese","265","toy poodle","3,041016","265|259|154|266|206","toy poodle|Pomeranian|Pekinese|miniature poodle|curly-coated retriever","3,041016|2,972656|2,652344|2,626953|2,337891","true"
"/private/var/containers/Bundle/Application/4D01D32A-B666-4384-B213-31BBF61E54F1/CVTestsSUI.app/imagenet-hard-50-subset-2500__n02086079__ILSVRC2012_val_00044854.JPEG","images/n02086079/imagenet-hard-50-subset-2500__n02086079__ILSVRC2012_val_00044854.JPEG","154","Pekinese","201","silky terrier","7,855469","201|204|155|187|200","silky terrier|Lhasa|Shih-Tzu|Yorkshire terrier|Tibetan terrier","7,855469|6,277344|6,066406|5,906250|5,781250","false"
"/private/var/containers/Bundle/Application/4D01D32A-B666-4384-B213-31BBF61E54F1/CVTestsSUI.app/imagenet-hard-50-subset-2500__n02086240__ILSVRC2012_val_00010550.JPEG","images/n02086240/imagenet-hard-50-subset-2500__n02086240__ILSVRC2012_val_00010550.JPEG","155","Shih-Tzu","157","papillon","5,171875","157|151|232|230|158","papillon|Chihuahua|Border collie|Shetland sheepdog|toy terrier","5,171875|3,673828|3,474609|3,396484|3,322266","false"
"/private/var/containers/Bundle/Application/4D01D32A-B666-4384-B213-31BBF61E54F1/CVTestsSUI.app/imagenet-hard-50-subset-2500__n02086240__ILSVRC2012_val_00015738.JPEG","images/n02086240/imagenet-hard-50-subset-2500__n02086240__ILSVRC2012_val_00015738.JPEG","155","Shih-Tzu","219","cocker spaniel","5,894531","219|212|216|204|154","cocker spaniel|English setter|clumber|Lhasa|Pekinese","5,894531|4,640625|4,410156|4,332031|3,189453","false"
"/private/var/containers/Bundle/Application/4D01D32A-B666-4384-B213-31BBF61E54F1/CVTestsSUI.app/imagenet-hard-50-subset-2500__n02086240__ILSVRC2012_val_00018392.JPEG","images/n02086240/imagenet-hard-50-subset-2500__n02086240__ILSVRC2012_val_00018392.JPEG","155","Shih-Tzu","154","Pekinese","6,167969","154|155|153|204|265","Pekinese|Shih-Tzu|Maltese dog|Lhasa|toy poodle","6,167969|4,906250|4,632812|3,931641|3,638672","true"
"/private/var/containers/Bundle/Application/4D01D32A-B666-4384-B213-31BBF61E54F1/CVTestsSUI.app/imagenet-hard-50-subset-2500__n02086240__ILSVRC2012_val_00023653.JPEG","images/n02086240/imagenet-hard-50-subset-2500__n02086240__ILSVRC2012_val_00023653.JPEG","155","Shih-Tzu","252","affenpinscher","6,859375","252|204|262|192|155","affenpinscher|Lhasa|Brabancon griffon|cairn|Shih-Tzu","6,859375|4,386719|4,281250|3,941406|3,869141","true"
"/private/var/containers/Bundle/Application/4D01D32A-B666-4384-B213-31BBF61E54F1/CVTestsSUI.app/imagenet-hard-50-subset-2500__n02086240__ILSVRC2012_val_00024776.JPEG","images/n02086240/imagenet-hard-50-subset-2500__n02086240__ILSVRC2012_val_00024776.JPEG","155","Shih-Tzu","204","Lhasa","4,957031","204|201|155|192|226","Lhasa|silky terrier|Shih-Tzu|cairn|briard","4,957031|4,265625|3,990234|3,912109|3,882812","true"
"/private/var/containers/Bundle/Application/4D01D32A-B666-4384-B213-31BBF61E54F1/CVTestsSUI.app/imagenet-hard-50-subset-2500__n02086240__ILSVRC2012_val_00026070.JPEG","images/n02086240/imagenet-hard-50-subset-2500__n02086240__ILSVRC2012_val_00026070.JPEG","155","Shih-Tzu","153","Maltese dog","6,292969","153|204|155|154|200","Maltese dog|Lhasa|Shih-Tzu|Pekinese|Tibetan terrier","6,292969|6,250000|5,968750|4,089844|3,126953","true"
"/private/var/containers/Bundle/Application/4D01D32A-B666-4384-B213-31BBF61E54F1/CVTestsSUI.app/imagenet-hard-50-subset-2500__n02086240__ILSVRC2012_val_00026911.JPEG","images/n02086240/imagenet-hard-50-subset-2500__n02086240__ILSVRC2012_val_00026911.JPEG","155","Shih-Tzu","154","Pekinese","6,390625","154|155|204|153|259","Pekinese|Shih-Tzu|Lhasa|Maltese dog|Pomeranian","6,390625|5,875000|5,761719|4,628906|3,634766","true"
"/private/var/containers/Bundle/Application/4D01D32A-B666-4384-B213-31BBF61E54F1/CVTestsSUI.app/imagenet-hard-50-subset-2500__n02086240__ILSVRC2012_val_00027703.JPEG","images/n02086240/imagenet-hard-50-subset-2500__n02086240__ILSVRC2012_val_00027703.JPEG","155","Shih-Tzu","231","collie","3,531250","231|230|155|200|193","collie|Shetland sheepdog|Shih-Tzu|Tibetan terrier|Australian terrier","3,531250|3,378906|2,878906|2,683594|2,414062","true"
"/private/var/containers/Bundle/Application/4D01D32A-B666-4384-B213-31BBF61E54F1/CVTestsSUI.app/imagenet-hard-50-subset-2500__n02086240__ILSVRC2012_val_00029700.JPEG","images/n02086240/imagenet-hard-50-subset-2500__n02086240__ILSVRC2012_val_00029700.JPEG","155","Shih-Tzu","200","Tibetan terrier","6,468750","200|204|226|155|160","Tibetan terrier|Lhasa|briard|Shih-Tzu|Afghan hound","6,468750|6,125000|6,113281|5,585938|4,160156","true"
"/private/var/containers/Bundle/Application/4D01D32A-B666-4384-B213-31BBF61E54F1/CVTestsSUI.app/imagenet-hard-50-subset-2500__n02086240__ILSVRC2012_val_00031419.JPEG","images/n02086240/imagenet-hard-50-subset-2500__n02086240__ILSVRC2012_val_00031419.JPEG","155","Shih-Tzu","204","Lhasa","5,980469","204|155|192|200|196","Lhasa|Shih-Tzu|cairn|Tibetan terrier|miniature schnauzer","5,980469|5,832031|4,988281|4,683594|4,273438","true"
"/private/var/containers/Bundle/Application/4D01D32A-B666-4384-B213-31BBF61E54F1/CVTestsSUI.app/imagenet-hard-50-subset-2500__n02086240__ILSVRC2012_val_00035293.JPEG","images/n02086240/imagenet-hard-50-subset-2500__n02086240__ILSVRC2012_val_00035293.JPEG","155","Shih-Tzu","205","flat-coated retriever","4,218750","205|182|219|256|214","flat-coated retriever|Border terrier|cocker spaniel|Newfoundland|Gordon setter","4,218750|3,861328|3,638672|3,443359|3,062500","false"
"/private/var/containers/Bundle/Application/4D01D32A-B666-4384-B213-31BBF61E54F1/CVTestsSUI.app/imagenet-hard-50-subset-2500__n02086240__ILSVRC2012_val_00036888.JPEG","images/n02086240/imagenet-hard-50-subset-2500__n02086240__ILSVRC2012_val_00036888.JPEG","155","Shih-Tzu","204","Lhasa","6,492188","204|155|202|200|153","Lhasa|Shih-Tzu|soft-coated wheaten terrier|Tibetan terrier|Maltese dog","6,492188|6,210938|4,863281|4,402344|3,691406","true"
"/private/var/containers/Bundle/Application/4D01D32A-B666-4384-B213-31BBF61E54F1/CVTestsSUI.app/imagenet-hard-50-subset-2500__n02086240__ILSVRC2012_val_00040043.JPEG","images/n02086240/imagenet-hard-50-subset-2500__n02086240__ILSVRC2012_val_00040043.JPEG","155","Shih-Tzu","154","Pekinese","6,707031","154|155|204|259|152","Pekinese|Shih-Tzu|Lhasa|Pomeranian|Japanese spaniel","6,707031|5,777344|5,242188|4,222656|3,582031","true"
"/private/var/containers/Bundle/Application/4D01D32A-B666-4384-B213-31BBF61E54F1/CVTestsSUI.app/imagenet-hard-50-subset-2500__n02086240__ILSVRC2012_val_00044224.JPEG","images/n02086240/imagenet-hard-50-subset-2500__n02086240__ILSVRC2012_val_00044224.JPEG","155","Shih-Tzu","200","Tibetan terrier","5,324219","200|201|204|153|155","Tibetan terrier|silky terrier|Lhasa|Maltese dog|Shih-Tzu","5,324219|4,457031|4,113281|3,255859|3,193359","true"
"/private/var/containers/Bundle/Application/4D01D32A-B666-4384-B213-31BBF61E54F1/CVTestsSUI.app/imagenet-hard-50-subset-2500__n02086646__ILSVRC2012_val_00001848.JPEG","images/n02086646/imagenet-hard-50-subset-2500__n02086646__ILSVRC2012_val_00001848.JPEG","156","Blenheim spaniel","215","Brittany spaniel","5,675781","215|218|247|156|217","Brittany spaniel|Welsh springer spaniel|Saint Bernard|Blenheim spaniel|English springer","5,675781|5,414062|5,214844|4,851562|4,378906","true"
"/private/var/containers/Bundle/Application/4D01D32A-B666-4384-B213-31BBF61E54F1/CVTestsSUI.app/imagenet-hard-50-subset-2500__n02086646__ILSVRC2012_val_00030642.JPEG","images/n02086646/imagenet-hard-50-subset-2500__n02086646__ILSVRC2012_val_00030642.JPEG","156","Blenheim spaniel","231","collie","6,031250","231|230|260|259|157","collie|Shetland sheepdog|chow|Pomeranian|papillon","6,031250|5,898438|3,058594|2,472656|2,462891","false"
"/private/var/containers/Bundle/Application/4D01D32A-B666-4384-B213-31BBF61E54F1/CVTestsSUI.app/imagenet-hard-50-subset-2500__n02086910__ILSVRC2012_val_00022099.JPEG","images/n02086910/imagenet-hard-50-subset-2500__n02086910__ILSVRC2012_val_00022099.JPEG","157","papillon","200","Tibetan terrier","5,941406","200|152|155|204|232","Tibetan terrier|Japanese spaniel|Shih-Tzu|Lhasa|Border collie","5,941406|5,863281|5,820312|4,960938|4,335938","false"
"/private/var/containers/Bundle/Application/4D01D32A-B666-4384-B213-31BBF61E54F1/CVTestsSUI.app/imagenet-hard-50-subset-2500__n02086910__ILSVRC2012_val_00033944.JPEG","images/n02086910/imagenet-hard-50-subset-2500__n02086910__ILSVRC2012_val_00033944.JPEG","157","papillon","226","briard","5,671875","226|217|218|160|219","briard|English springer|Welsh springer spaniel|Afghan hound|cocker spaniel","5,671875|5,292969|5,011719|4,785156|4,328125","false"
"/private/var/containers/Bundle/Application/4D01D32A-B666-4384-B213-31BBF61E54F1/CVTestsSUI.app/imagenet-hard-50-subset-2500__n02086910__ILSVRC2012_val_00040564.JPEG","images/n02086910/imagenet-hard-50-subset-2500__n02086910__ILSVRC2012_val_00040564.JPEG","157","papillon","219","cocker spaniel","5,550781","219|151|156|157|154","cocker spaniel|Chihuahua|Blenheim spaniel|papillon|Pekinese","5,550781|4,546875|4,105469|4,097656|4,000000","true"
"/private/var/containers/Bundle/Application/4D01D32A-B666-4384-B213-31BBF61E54F1/CVTestsSUI.app/imagenet-hard-50-subset-2500__n02087046__ILSVRC2012_val_00001371.JPEG","images/n02087046/imagenet-hard-50-subset-2500__n02087046__ILSVRC2012_val_00001371.JPEG","158","toy terrier","253","basenji","4,589844","253|158|171|151|188","basenji|toy terrier|Italian greyhound|Chihuahua|wire-haired fox terrier","4,589844|4,585938|3,986328|3,480469|3,388672","true"
"/private/var/containers/Bundle/Application/4D01D32A-B666-4384-B213-31BBF61E54F1/CVTestsSUI.app/imagenet-hard-50-subset-2500__n02087046__ILSVRC2012_val_00002521.JPEG","images/n02087046/imagenet-hard-50-subset-2500__n02087046__ILSVRC2012_val_00002521.JPEG","158","toy terrier","151","Chihuahua","6,054688","151|158|171|172|245","Chihuahua|toy terrier|Italian greyhound|whippet|French bulldog","6,054688|5,757812|4,019531|3,560547|3,500000","true"
"/private/var/containers/Bundle/Application/4D01D32A-B666-4384-B213-31BBF61E54F1/CVTestsSUI.app/imagenet-hard-50-subset-2500__n02087046__ILSVRC2012_val_00004325.JPEG","images/n02087046/imagenet-hard-50-subset-2500__n02087046__ILSVRC2012_val_00004325.JPEG","158","toy terrier","237","miniature pinscher","5,484375","237|158|236|268|227","miniature pinscher|toy terrier|Doberman|Mexican hairless|kelpie","5,484375|4,566406|4,546875|4,105469|3,546875","true"
"/private/var/containers/Bundle/Application/4D01D32A-B666-4384-B213-31BBF61E54F1/CVTestsSUI.app/imagenet-hard-50-subset-2500__n02087046__ILSVRC2012_val_00004717.JPEG","images/n02087046/imagenet-hard-50-subset-2500__n02087046__ILSVRC2012_val_00004717.JPEG","158","toy terrier","151","Chihuahua","5,351562","151|263|253|158|259","Chihuahua|Pembroke|basenji|toy terrier|Pomeranian","5,351562|4,835938|4,820312|4,406250|4,101562","true"
"/private/var/containers/Bundle/Application/4D01D32A-B666-4384-B213-31BBF61E54F1/CVTestsSUI.app/imagenet-hard-50-subset-2500__n02087046__ILSVRC2012_val_00005639.JPEG","images/n02087046/imagenet-hard-50-subset-2500__n02087046__ILSVRC2012_val_00005639.JPEG","158","toy terrier","151","Chihuahua","7,117188","151|268|171|237|158","Chihuahua|Mexican hairless|Italian greyhound|miniature pinscher|toy terrier","7,117188|6,921875|6,496094|5,851562|5,628906","true"
"/private/var/containers/Bundle/Application/4D01D32A-B666-4384-B213-31BBF61E54F1/CVTestsSUI.app/imagenet-hard-50-subset-2500__n02087046__ILSVRC2012_val_00006544.JPEG","images/n02087046/imagenet-hard-50-subset-2500__n02087046__ILSVRC2012_val_00006544.JPEG","158","toy terrier","237","miniature pinscher","5,707031","237|158|151|240|241","miniature pinscher|toy terrier|Chihuahua|Appenzeller|EntleBucher","5,707031|5,652344|4,960938|4,550781|4,359375","true"
"/private/var/containers/Bundle/Application/4D01D32A-B666-4384-B213-31BBF61E54F1/CVTestsSUI.app/imagenet-hard-50-subset-2500__n02087046__ILSVRC2012_val_00007511.JPEG","images/n02087046/imagenet-hard-50-subset-2500__n02087046__ILSVRC2012_val_00007511.JPEG","158","toy terrier","180","American Staffordshire terrier","5,429688","180|179|158|173|242","American Staffordshire terrier|Staffordshire bullterrier|toy terrier|Ibizan hound|boxer","5,429688|4,531250|3,929688|3,513672|3,263672","true"
"/private/var/containers/Bundle/Application/4D01D32A-B666-4384-B213-31BBF61E54F1/CVTestsSUI.app/imagenet-hard-50-subset-2500__n02087046__ILSVRC2012_val_00011748.JPEG","images/n02087046/imagenet-hard-50-subset-2500__n02087046__ILSVRC2012_val_00011748.JPEG","158","toy terrier","223","schipperke","4,347656","223|199|227|205|262","schipperke|Scotch terrier|kelpie|flat-coated retriever|Brabancon griffon","4,347656|4,019531|3,441406|3,298828|3,148438","false"
"/private/var/containers/Bundle/Application/4D01D32A-B666-4384-B213-31BBF61E54F1/CVTestsSUI.app/imagenet-hard-50-subset-2500__n02087046__ILSVRC2012_val_00015701.JPEG","images/n02087046/imagenet-hard-50-subset-2500__n02087046__ILSVRC2012_val_00015701.JPEG","158","toy terrier","237","miniature pinscher","4,585938","237|236|158|227|268","miniature pinscher|Doberman|toy terrier|kelpie|Mexican hairless","4,585938|3,845703|3,617188|3,009766|2,484375","true"
"/private/var/containers/Bundle/Application/4D01D32A-B666-4384-B213-31BBF61E54F1/CVTestsSUI.app/imagenet-hard-50-subset-2500__n02087046__ILSVRC2012_val_00017869.JPEG","images/n02087046/imagenet-hard-50-subset-2500__n02087046__ILSVRC2012_val_00017869.JPEG","158","toy terrier","253","basenji","6,750000","253|158|151|171|173","basenji|toy terrier|Chihuahua|Italian greyhound|Ibizan hound","6,750000|6,253906|5,058594|4,410156|4,250000","true"
"/private/var/containers/Bundle/Application/4D01D32A-B666-4384-B213-31BBF61E54F1/CVTestsSUI.app/imagenet-hard-50-subset-2500__n02087046__ILSVRC2012_val_00019261.JPEG","images/n02087046/imagenet-hard-50-subset-2500__n02087046__ILSVRC2012_val_00019261.JPEG","158","toy terrier","195","Boston bull","5,652344","195|245|158|171|151","Boston bull|French bulldog|toy terrier|Italian greyhound|Chihuahua","5,652344|3,914062|3,853516|3,763672|3,447266","true"
"/private/var/containers/Bundle/Application/4D01D32A-B666-4384-B213-31BBF61E54F1/CVTestsSUI.app/imagenet-hard-50-subset-2500__n02087046__ILSVRC2012_val_00019566.JPEG","images/n02087046/imagenet-hard-50-subset-2500__n02087046__ILSVRC2012_val_00019566.JPEG","158","toy terrier","227","kelpie","5,250000","227|237|151|158|234","kelpie|miniature pinscher|Chihuahua|toy terrier|Rottweiler","5,250000|5,144531|4,414062|4,339844|4,074219","true"
"/private/var/containers/Bundle/Application/4D01D32A-B666-4384-B213-31BBF61E54F1/CVTestsSUI.app/imagenet-hard-50-subset-2500__n02087046__ILSVRC2012_val_00020484.JPEG","images/n02087046/imagenet-hard-50-subset-2500__n02087046__ILSVRC2012_val_00020484.JPEG","158","toy terrier","263","Pembroke","5,964844","263|264|158|253|151","Pembroke|Cardigan|toy terrier|basenji|Chihuahua","5,964844|5,394531|5,136719|4,183594|3,683594","true"
"/private/var/containers/Bundle/Application/4D01D32A-B666-4384-B213-31BBF61E54F1/CVTestsSUI.app/imagenet-hard-50-subset-2500__n02087046__ILSVRC2012_val_00022182.JPEG","images/n02087046/imagenet-hard-50-subset-2500__n02087046__ILSVRC2012_val_00022182.JPEG","158","toy terrier","151","Chihuahua","3,466797","151|158|210|173|245","Chihuahua|toy terrier|German short-haired pointer|Ibizan hound|French bulldog","3,466797|3,216797|2,957031|2,917969|2,746094","true"
"/private/var/containers/Bundle/Application/4D01D32A-B666-4384-B213-31BBF61E54F1/CVTestsSUI.app/imagenet-hard-50-subset-2500__n02087046__ILSVRC2012_val_00022434.JPEG","images/n02087046/imagenet-hard-50-subset-2500__n02087046__ILSVRC2012_val_00022434.JPEG","158","toy terrier","237","miniature pinscher","5,578125","237|236|158|227|268","miniature pinscher|Doberman|toy terrier|kelpie|Mexican hairless","5,578125|5,324219|4,273438|3,064453|2,978516","true"
"/private/var/containers/Bundle/Application/4D01D32A-B666-4384-B213-31BBF61E54F1/CVTestsSUI.app/imagenet-hard-50-subset-2500__n02087046__ILSVRC2012_val_00025550.JPEG","images/n02087046/imagenet-hard-50-subset-2500__n02087046__ILSVRC2012_val_00025550.JPEG","158","toy terrier","151","Chihuahua","6,699219","151|158|245|171|253","Chihuahua|toy terrier|French bulldog|Italian greyhound|basenji","6,699219|5,933594|5,050781|4,496094|4,109375","true"
"/private/var/containers/Bundle/Application/4D01D32A-B666-4384-B213-31BBF61E54F1/CVTestsSUI.app/imagenet-hard-50-subset-2500__n02087046__ILSVRC2012_val_00033726.JPEG","images/n02087046/imagenet-hard-50-subset-2500__n02087046__ILSVRC2012_val_00033726.JPEG","158","toy terrier","195","Boston bull","7,050781","195|245|158|151|171","Boston bull|French bulldog|toy terrier|Chihuahua|Italian greyhound","7,050781|5,859375|4,292969|3,998047|3,947266","true"
"/private/var/containers/Bundle/Application/4D01D32A-B666-4384-B213-31BBF61E54F1/CVTestsSUI.app/imagenet-hard-50-subset-2500__n02087046__ILSVRC2012_val_00036751.JPEG","images/n02087046/imagenet-hard-50-subset-2500__n02087046__ILSVRC2012_val_00036751.JPEG","158","toy terrier","182","Border terrier","5,378906","182|192|185|188|193","Border terrier|cairn|Norfolk terrier|wire-haired fox terrier|Australian terrier","5,378906|4,917969|3,746094|3,419922|3,357422","false"
"/private/var/containers/Bundle/Application/4D01D32A-B666-4384-B213-31BBF61E54F1/CVTestsSUI.app/imagenet-hard-50-subset-2500__n02087046__ILSVRC2012_val_00037669.JPEG","images/n02087046/imagenet-hard-50-subset-2500__n02087046__ILSVRC2012_val_00037669.JPEG","158","toy terrier","227","kelpie","5,007812","227|151|158|237|234","kelpie|Chihuahua|toy terrier|miniature pinscher|Rottweiler","5,007812|4,750000|4,742188|4,144531|3,191406","true"
"/private/var/containers/Bundle/Application/4D01D32A-B666-4384-B213-31BBF61E54F1/CVTestsSUI.app/imagenet-hard-50-subset-2500__n02087046__ILSVRC2012_val_00038974.JPEG","images/n02087046/imagenet-hard-50-subset-2500__n02087046__ILSVRC2012_val_00038974.JPEG","158","toy terrier","151","Chihuahua","6,503906","151|173|253|273|263","Chihuahua|Ibizan hound|basenji|dingo|Pembroke","6,503906|5,988281|5,441406|4,089844|4,062500","false"
"/private/var/containers/Bundle/Application/4D01D32A-B666-4384-B213-31BBF61E54F1/CVTestsSUI.app/imagenet-hard-50-subset-2500__n02087046__ILSVRC2012_val_00039622.JPEG","images/n02087046/imagenet-hard-50-subset-2500__n02087046__ILSVRC2012_val_00039622.JPEG","158","toy terrier","237","miniature pinscher","6,019531","237|158|236|165|227","miniature pinscher|toy terrier|Doberman|black-and-tan coonhound|kelpie","6,019531|5,695312|5,210938|3,636719|3,628906","true"
"/private/var/containers/Bundle/Application/4D01D32A-B666-4384-B213-31BBF61E54F1/CVTestsSUI.app/imagenet-hard-50-subset-2500__n02087046__ILSVRC2012_val_00040431.JPEG","images/n02087046/imagenet-hard-50-subset-2500__n02087046__ILSVRC2012_val_00040431.JPEG","158","toy terrier","151","Chihuahua","5,449219","151|253|158|237|273","Chihuahua|basenji|toy terrier|miniature pinscher|dingo","5,449219|4,718750|4,687500|3,871094|3,820312","true"
"/private/var/containers/Bundle/Application/4D01D32A-B666-4384-B213-31BBF61E54F1/CVTestsSUI.app/imagenet-hard-50-subset-2500__n02087046__ILSVRC2012_val_00041444.JPEG","images/n02087046/imagenet-hard-50-subset-2500__n02087046__ILSVRC2012_val_00041444.JPEG","158","toy terrier","237","miniature pinscher","8,054688","237|236|158|234|227","miniature pinscher|Doberman|toy terrier|Rottweiler|kelpie","8,054688|6,000000|4,871094|4,847656|4,445312","true"
"/private/var/containers/Bundle/Application/4D01D32A-B666-4384-B213-31BBF61E54F1/CVTestsSUI.app/imagenet-hard-50-subset-2500__n02087046__ILSVRC2012_val_00042449.JPEG","images/n02087046/imagenet-hard-50-subset-2500__n02087046__ILSVRC2012_val_00042449.JPEG","158","toy terrier","237","miniature pinscher","7,929688","237|236|158|227|165","miniature pinscher|Doberman|toy terrier|kelpie|black-and-tan coonhound","7,929688|7,882812|5,210938|4,730469|4,253906","true"
"/private/var/containers/Bundle/Application/4D01D32A-B666-4384-B213-31BBF61E54F1/CVTestsSUI.app/imagenet-hard-50-subset-2500__n02087046__ILSVRC2012_val_00044441.JPEG","images/n02087046/imagenet-hard-50-subset-2500__n02087046__ILSVRC2012_val_00044441.JPEG","158","toy terrier","237","miniature pinscher","5,921875","237|158|236|227|268","miniature pinscher|toy terrier|Doberman|kelpie|Mexican hairless","5,921875|5,003906|4,710938|3,718750|3,625000","true"
"/private/var/containers/Bundle/Application/4D01D32A-B666-4384-B213-31BBF61E54F1/CVTestsSUI.app/imagenet-hard-50-subset-2500__n02087394__ILSVRC2012_val_00000948.JPEG","images/n02087394/imagenet-hard-50-subset-2500__n02087394__ILSVRC2012_val_00000948.JPEG","159","Rhodesian ridgeback","211","vizsla","6,371094","211|159|178|173|209","vizsla|Rhodesian ridgeback|Weimaraner|Ibizan hound|Chesapeake Bay retriever","6,371094|5,554688|4,476562|4,109375|3,896484","true"
"/private/var/containers/Bundle/Application/4D01D32A-B666-4384-B213-31BBF61E54F1/CVTestsSUI.app/imagenet-hard-50-subset-2500__n02087394__ILSVRC2012_val_00003837.JPEG","images/n02087394/imagenet-hard-50-subset-2500__n02087394__ILSVRC2012_val_00003837.JPEG","159","Rhodesian ridgeback","243","bull mastiff","5,394531","243|163|242|159|168","bull mastiff|bloodhound|boxer|Rhodesian ridgeback|redbone","5,394531|4,816406|4,593750|4,375000|3,992188","true"
"/private/var/containers/Bundle/Application/4D01D32A-B666-4384-B213-31BBF61E54F1/CVTestsSUI.app/imagenet-hard-50-subset-2500__n02087394__ILSVRC2012_val_00004074.JPEG","images/n02087394/imagenet-hard-50-subset-2500__n02087394__ILSVRC2012_val_00004074.JPEG","159","Rhodesian ridgeback","242","boxer","5,871094","242|159|243|180|246","boxer|Rhodesian ridgeback|bull mastiff|American Staffordshire terrier|Great Dane","5,871094|5,402344|5,160156|4,101562|3,761719","true"
"/private/var/containers/Bundle/Application/4D01D32A-B666-4384-B213-31BBF61E54F1/CVTestsSUI.app/imagenet-hard-50-subset-2500__n02087394__ILSVRC2012_val_00005215.JPEG","images/n02087394/imagenet-hard-50-subset-2500__n02087394__ILSVRC2012_val_00005215.JPEG","159","Rhodesian ridgeback","168","redbone","6,160156","168|159|242|211|253","redbone|Rhodesian ridgeback|boxer|vizsla|basenji","6,160156|6,078125|4,531250|4,207031|4,105469","true"
"/private/var/containers/Bundle/Application/4D01D32A-B666-4384-B213-31BBF61E54F1/CVTestsSUI.app/imagenet-hard-50-subset-2500__n02087394__ILSVRC2012_val_00008104.JPEG","images/n02087394/imagenet-hard-50-subset-2500__n02087394__ILSVRC2012_val_00008104.JPEG","159","Rhodesian ridgeback","173","Ibizan hound","3,310547","173|242|172|247|159","Ibizan hound|boxer|whippet|Saint Bernard|Rhodesian ridgeback","3,310547|3,289062|3,128906|2,855469|2,828125","true"
"/private/var/containers/Bundle/Application/4D01D32A-B666-4384-B213-31BBF61E54F1/CVTestsSUI.app/imagenet-hard-50-subset-2500__n02087394__ILSVRC2012_val_00009470.JPEG","images/n02087394/imagenet-hard-50-subset-2500__n02087394__ILSVRC2012_val_00009470.JPEG","159","Rhodesian ridgeback","211","vizsla","7,250000","211|159|168|243|209","vizsla|Rhodesian ridgeback|redbone|bull mastiff|Chesapeake Bay retriever","7,250000|6,968750|5,726562|5,371094|5,097656","true"
"/private/var/containers/Bundle/Application/4D01D32A-B666-4384-B213-31BBF61E54F1/CVTestsSUI.app/imagenet-hard-50-subset-2500__n02087394__ILSVRC2012_val_00010057.JPEG","images/n02087394/imagenet-hard-50-subset-2500__n02087394__ILSVRC2012_val_00010057.JPEG","159","Rhodesian ridgeback","211","vizsla","5,765625","211|168|159|209|242","vizsla|redbone|Rhodesian ridgeback|Chesapeake Bay retriever|boxer","5,765625|5,574219|5,394531|4,644531|3,648438","true"
"/private/var/containers/Bundle/Application/4D01D32A-B666-4384-B213-31BBF61E54F1/CVTestsSUI.app/imagenet-hard-50-subset-2500__n02087394__ILSVRC2012_val_00018629.JPEG","images/n02087394/imagenet-hard-50-subset-2500__n02087394__ILSVRC2012_val_00018629.JPEG","159","Rhodesian ridgeback","242","boxer","5,949219","242|159|211|168|180","boxer|Rhodesian ridgeback|vizsla|redbone|American Staffordshire terrier","5,949219|5,910156|5,886719|5,550781|5,058594","true"
"/private/var/containers/Bundle/Application/4D01D32A-B666-4384-B213-31BBF61E54F1/CVTestsSUI.app/imagenet-hard-50-subset-2500__n02087394__ILSVRC2012_val_00018933.JPEG","images/n02087394/imagenet-hard-50-subset-2500__n02087394__ILSVRC2012_val_00018933.JPEG","159","Rhodesian ridgeback","163","bloodhound","7,703125","163|159|168|243|242","bloodhound|Rhodesian ridgeback|redbone|bull mastiff|boxer","7,703125|7,234375|6,707031|6,671875|6,246094","true"
"/private/var/containers/Bundle/Application/4D01D32A-B666-4384-B213-31BBF61E54F1/CVTestsSUI.app/imagenet-hard-50-subset-2500__n02087394__ILSVRC2012_val_00027290.JPEG","images/n02087394/imagenet-hard-50-subset-2500__n02087394__ILSVRC2012_val_00027290.JPEG","159","Rhodesian ridgeback","168","redbone","4,824219","168|159|163|211|178","redbone|Rhodesian ridgeback|bloodhound|vizsla|Weimaraner","4,824219|4,613281|3,457031|3,216797|3,203125","true"
"/private/var/containers/Bundle/Application/4D01D32A-B666-4384-B213-31BBF61E54F1/CVTestsSUI.app/imagenet-hard-50-subset-2500__n02087394__ILSVRC2012_val_00035341.JPEG","images/n02087394/imagenet-hard-50-subset-2500__n02087394__ILSVRC2012_val_00035341.JPEG","159","Rhodesian ridgeback","211","vizsla","5,582031","211|159|168|163|209","vizsla|Rhodesian ridgeback|redbone|bloodhound|Chesapeake Bay retriever","5,582031|5,339844|5,210938|5,101562|4,703125","true"
"/private/var/containers/Bundle/Application/4D01D32A-B666-4384-B213-31BBF61E54F1/CVTestsSUI.app/imagenet-hard-50-subset-2500__n02087394__ILSVRC2012_val_00036907.JPEG","images/n02087394/imagenet-hard-50-subset-2500__n02087394__ILSVRC2012_val_00036907.JPEG","159","Rhodesian ridgeback","242","boxer","5,539062","242|243|159|180|179","boxer|bull mastiff|Rhodesian ridgeback|American Staffordshire terrier|Staffordshire bullterrier","5,539062|5,316406|5,082031|4,273438|3,816406","true"
"/private/var/containers/Bundle/Application/4D01D32A-B666-4384-B213-31BBF61E54F1/CVTestsSUI.app/imagenet-hard-50-subset-2500__n02087394__ILSVRC2012_val_00037577.JPEG","images/n02087394/imagenet-hard-50-subset-2500__n02087394__ILSVRC2012_val_00037577.JPEG","159","Rhodesian ridgeback","253","basenji","4,035156","253|180|242|173|172","basenji|American Staffordshire terrier|boxer|Ibizan hound|whippet","4,035156|3,687500|3,367188|3,044922|2,982422","false"
"/private/var/containers/Bundle/Application/4D01D32A-B666-4384-B213-31BBF61E54F1/CVTestsSUI.app/imagenet-hard-50-subset-2500__n02088094__ILSVRC2012_val_00006698.JPEG","images/n02088094/imagenet-hard-50-subset-2500__n02088094__ILSVRC2012_val_00006698.JPEG","160","Afghan hound","226","briard","6,613281","226|160|200|201|187","briard|Afghan hound|Tibetan terrier|silky terrier|Yorkshire terrier","6,613281|6,597656|4,597656|4,058594|3,896484","true"
"/private/var/containers/Bundle/Application/4D01D32A-B666-4384-B213-31BBF61E54F1/CVTestsSUI.app/imagenet-hard-50-subset-2500__n02088094__ILSVRC2012_val_00009294.JPEG","images/n02088094/imagenet-hard-50-subset-2500__n02088094__ILSVRC2012_val_00009294.JPEG","160","Afghan hound","177","Scottish deerhound","7,566406","177|170|169|160|176","Scottish deerhound|Irish wolfhound|borzoi|Afghan hound|Saluki","7,566406|6,433594|5,875000|5,722656|3,574219","true"
"/private/var/containers/Bundle/Application/4D01D32A-B666-4384-B213-31BBF61E54F1/CVTestsSUI.app/imagenet-hard-50-subset-2500__n02088094__ILSVRC2012_val_00021532.JPEG","images/n02088094/imagenet-hard-50-subset-2500__n02088094__ILSVRC2012_val_00021532.JPEG","160","Afghan hound","256","Newfoundland","6,218750","256|160|226|224|233","Newfoundland|Afghan hound|briard|groenendael|Bouvier des Flandres","6,218750|6,195312|4,531250|4,386719|3,808594","true"
"/private/var/containers/Bundle/Application/4D01D32A-B666-4384-B213-31BBF61E54F1/CVTestsSUI.app/imagenet-hard-50-subset-2500__n02088094__ILSVRC2012_val_00032668.JPEG","images/n02088094/imagenet-hard-50-subset-2500__n02088094__ILSVRC2012_val_00032668.JPEG","160","Afghan hound","226","briard","5,066406","226|193|160|185|186","briard|Australian terrier|Afghan hound|Norfolk terrier|Norwich terrier","5,066406|4,308594|3,525391|3,382812|3,363281","true"
"/private/var/containers/Bundle/Application/4D01D32A-B666-4384-B213-31BBF61E54F1/CVTestsSUI.app/imagenet-hard-50-subset-2500__n02088094__ILSVRC2012_val_00044215.JPEG","images/n02088094/imagenet-hard-50-subset-2500__n02088094__ILSVRC2012_val_00044215.JPEG","160","Afghan hound","224","groenendael","4,761719","224|256|244|230|232","groenendael|Newfoundland|Tibetan mastiff|Shetland sheepdog|Border collie","4,761719|4,398438|4,250000|4,218750|3,939453","false"
"/private/var/containers/Bundle/Application/4D01D32A-B666-4384-B213-31BBF61E54F1/CVTestsSUI.app/imagenet-hard-50-subset-2500__n02088238__ILSVRC2012_val_00000838.JPEG","images/n02088238/imagenet-hard-50-subset-2500__n02088238__ILSVRC2012_val_00000838.JPEG","161","basset","162","beagle","6,746094","162|166|161|785|171","beagle|Walker hound|basset|seat belt|Italian greyhound","6,746094|6,496094|5,132812|4,613281|4,472656","true"
"/private/var/containers/Bundle/Application/4D01D32A-B666-4384-B213-31BBF61E54F1/CVTestsSUI.app/imagenet-hard-50-subset-2500__n02088238__ILSVRC2012_val_00002111.JPEG","images/n02088238/imagenet-hard-50-subset-2500__n02088238__ILSVRC2012_val_00002111.JPEG","161","basset","615","knee pad","5,765625","615|208|179|223|171","knee pad|Labrador retriever|Staffordshire bullterrier|schipperke|Italian greyhound","5,765625|4,859375|4,437500|4,351562|4,289062","false"
"/private/var/containers/Bundle/Application/4D01D32A-B666-4384-B213-31BBF61E54F1/CVTestsSUI.app/imagenet-hard-50-subset-2500__n02088238__ILSVRC2012_val_00013260.JPEG","images/n02088238/imagenet-hard-50-subset-2500__n02088238__ILSVRC2012_val_00013260.JPEG","161","basset","218","Welsh springer spaniel","5,660156","218|215|161|213|162","Welsh springer spaniel|Brittany spaniel|basset|Irish setter|beagle","5,660156|4,679688|3,693359|3,347656|2,970703","true"
"/private/var/containers/Bundle/Application/4D01D32A-B666-4384-B213-31BBF61E54F1/CVTestsSUI.app/imagenet-hard-50-subset-2500__n02088238__ILSVRC2012_val_00014030.JPEG","images/n02088238/imagenet-hard-50-subset-2500__n02088238__ILSVRC2012_val_00014030.JPEG","161","basset","168","redbone","6,835938","168|159|211|237|180","redbone|Rhodesian ridgeback|vizsla|miniature pinscher|American Staffordshire terrier","6,835938|5,101562|4,417969|3,988281|2,841797","false"
"/private/var/containers/Bundle/Application/4D01D32A-B666-4384-B213-31BBF61E54F1/CVTestsSUI.app/imagenet-hard-50-subset-2500__n02088238__ILSVRC2012_val_00027114.JPEG","images/n02088238/imagenet-hard-50-subset-2500__n02088238__ILSVRC2012_val_00027114.JPEG","161","basset","162","beagle","7,640625","162|166|195|253|158","beagle|Walker hound|Boston bull|basenji|toy terrier","7,640625|7,253906|5,820312|5,812500|5,390625","false"
"/private/var/containers/Bundle/Application/4D01D32A-B666-4384-B213-31BBF61E54F1/CVTestsSUI.app/imagenet-hard-50-subset-2500__n02088238__ILSVRC2012_val_00030429.JPEG","images/n02088238/imagenet-hard-50-subset-2500__n02088238__ILSVRC2012_val_00030429.JPEG","161","basset","162","beagle","8,367188","162|161|166|163|167","beagle|basset|Walker hound|bloodhound|English foxhound","8,367188|8,023438|5,640625|5,011719|4,980469","true"
"/private/var/containers/Bundle/Application/4D01D32A-B666-4384-B213-31BBF61E54F1/CVTestsSUI.app/imagenet-hard-50-subset-2500__n02088238__ILSVRC2012_val_00033003.JPEG","images/n02088238/imagenet-hard-50-subset-2500__n02088238__ILSVRC2012_val_00033003.JPEG","161","basset","162","beagle","5,750000","162|161|168|166|167","beagle|basset|redbone|Walker hound|English foxhound","5,750000|5,542969|5,121094|4,410156|3,884766","true"
"/private/var/containers/Bundle/Application/4D01D32A-B666-4384-B213-31BBF61E54F1/CVTestsSUI.app/imagenet-hard-50-subset-2500__n02088238__ILSVRC2012_val_00035117.JPEG","images/n02088238/imagenet-hard-50-subset-2500__n02088238__ILSVRC2012_val_00035117.JPEG","161","basset","162","beagle","6,203125","162|257|166|250|248","beagle|Great Pyrenees|Walker hound|Siberian husky|Eskimo dog","6,203125|4,285156|4,257812|3,902344|3,570312","false"
"/private/var/containers/Bundle/Application/4D01D32A-B666-4384-B213-31BBF61E54F1/CVTestsSUI.app/imagenet-hard-50-subset-2500__n02088238__ILSVRC2012_val_00049931.JPEG","images/n02088238/imagenet-hard-50-subset-2500__n02088238__ILSVRC2012_val_00049931.JPEG","161","basset","207","golden retriever","6,777344","207|212|219|208|161","golden retriever|English setter|cocker spaniel|Labrador retriever|basset","6,777344|5,804688|4,683594|4,468750|4,425781","true"
"/private/var/containers/Bundle/Application/4D01D32A-B666-4384-B213-31BBF61E54F1/CVTestsSUI.app/imagenet-hard-50-subset-2500__n02088364__ILSVRC2012_val_00013381.JPEG","images/n02088364/imagenet-hard-50-subset-2500__n02088364__ILSVRC2012_val_00013381.JPEG","162","beagle","168","redbone","5,351562","168|162|166|161|159","redbone|beagle|Walker hound|basset|Rhodesian ridgeback","5,351562|5,242188|5,187500|4,980469|4,332031","true"
"/private/var/containers/Bundle/Application/4D01D32A-B666-4384-B213-31BBF61E54F1/CVTestsSUI.app/imagenet-hard-50-subset-2500__n02088364__ILSVRC2012_val_00019283.JPEG","images/n02088364/imagenet-hard-50-subset-2500__n02088364__ILSVRC2012_val_00019283.JPEG","162","beagle","161","basset","7,117188","161|162|166|218|164","basset|beagle|Walker hound|Welsh springer spaniel|bluetick","7,117188|6,160156|4,152344|3,839844|3,371094","true"
"/private/var/containers/Bundle/Application/4D01D32A-B666-4384-B213-31BBF61E54F1/CVTestsSUI.app/imagenet-hard-50-subset-2500__n02088364__ILSVRC2012_val_00025613.JPEG","images/n02088364/imagenet-hard-50-subset-2500__n02088364__ILSVRC2012_val_00025613.JPEG","162","beagle","161","basset","5,914062","161|162|166|167|218","basset|beagle|Walker hound|English foxhound|Welsh springer spaniel","5,914062|5,867188|5,289062|4,511719|4,285156","true"
"/private/var/containers/Bundle/Application/4D01D32A-B666-4384-B213-31BBF61E54F1/CVTestsSUI.app/imagenet-hard-50-subset-2500__n02088364__ILSVRC2012_val_00028001.JPEG","images/n02088364/imagenet-hard-50-subset-2500__n02088364__ILSVRC2012_val_00028001.JPEG","162","beagle","166","Walker hound","6,371094","166|162|164|161|167","Walker hound|beagle|bluetick|basset|English foxhound","6,371094|6,054688|5,625000|5,417969|5,222656","true"
"/private/var/containers/Bundle/Application/4D01D32A-B666-4384-B213-31BBF61E54F1/CVTestsSUI.app/imagenet-hard-50-subset-2500__n02088364__ILSVRC2012_val_00034041.JPEG","images/n02088364/imagenet-hard-50-subset-2500__n02088364__ILSVRC2012_val_00034041.JPEG","162","beagle","572","goblet","3,531250","572|643|461|604|452","goblet|mask|breastplate|hourglass|bonnet","3,531250|2,761719|2,720703|2,703125|2,408203","false"
"/private/var/containers/Bundle/Application/4D01D32A-B666-4384-B213-31BBF61E54F1/CVTestsSUI.app/imagenet-hard-50-subset-2500__n02088364__ILSVRC2012_val_00035320.JPEG","images/n02088364/imagenet-hard-50-subset-2500__n02088364__ILSVRC2012_val_00035320.JPEG","162","beagle","208","Labrador retriever","5,640625","208|162|207|263|176","Labrador retriever|beagle|golden retriever|Pembroke|Saluki","5,640625|5,445312|4,304688|4,054688|3,814453","true"
"/private/var/containers/Bundle/Application/4D01D32A-B666-4384-B213-31BBF61E54F1/CVTestsSUI.app/imagenet-hard-50-subset-2500__n02088364__ILSVRC2012_val_00044978.JPEG","images/n02088364/imagenet-hard-50-subset-2500__n02088364__ILSVRC2012_val_00044978.JPEG","162","beagle","161","basset","5,453125","161|162|163|166|180","basset|beagle|bloodhound|Walker hound|American Staffordshire terrier","5,453125|5,386719|4,007812|3,347656|2,912109","true"
"/private/var/containers/Bundle/Application/4D01D32A-B666-4384-B213-31BBF61E54F1/CVTestsSUI.app/imagenet-hard-50-subset-2500__n02088364__ILSVRC2012_val_00049354.JPEG","images/n02088364/imagenet-hard-50-subset-2500__n02088364__ILSVRC2012_val_00049354.JPEG","162","beagle","161","basset","5,019531","161|162|215|166|173","basset|beagle|Brittany spaniel|Walker hound|Ibizan hound","5,019531|4,914062|4,839844|4,679688|3,859375","true"
"/private/var/containers/Bundle/Application/4D01D32A-B666-4384-B213-31BBF61E54F1/CVTestsSUI.app/imagenet-hard-50-subset-2500__n02088466__ILSVRC2012_val_00000909.JPEG","images/n02088466/imagenet-hard-50-subset-2500__n02088466__ILSVRC2012_val_00000909.JPEG","163","bloodhound","165","black-and-tan coonhound","4,660156","165|163|234|162|168","black-and-tan coonhound|bloodhound|Rottweiler|beagle|redbone","4,660156|4,437500|3,916016|3,712891|3,126953","true"
"/private/var/containers/Bundle/Application/4D01D32A-B666-4384-B213-31BBF61E54F1/CVTestsSUI.app/imagenet-hard-50-subset-2500__n02088466__ILSVRC2012_val_00002503.JPEG","images/n02088466/imagenet-hard-50-subset-2500__n02088466__ILSVRC2012_val_00002503.JPEG","163","bloodhound","168","redbone","4,769531","168|237|242|211|236","redbone|miniature pinscher|boxer|vizsla|Doberman","4,769531|4,714844|4,695312|4,550781|4,546875","false"
"/private/var/containers/Bundle/Application/4D01D32A-B666-4384-B213-31BBF61E54F1/CVTestsSUI.app/imagenet-hard-50-subset-2500__n02088466__ILSVRC2012_val_00006895.JPEG","images/n02088466/imagenet-hard-50-subset-2500__n02088466__ILSVRC2012_val_00006895.JPEG","163","bloodhound","159","Rhodesian ridgeback","4,925781","159|168|163|211|225","Rhodesian ridgeback|redbone|bloodhound|vizsla|malinois","4,925781|4,808594|4,730469|4,703125|4,175781","true"
"/private/var/containers/Bundle/Application/4D01D32A-B666-4384-B213-31BBF61E54F1/CVTestsSUI.app/imagenet-hard-50-subset-2500__n02088466__ILSVRC2012_val_00008375.JPEG","images/n02088466/imagenet-hard-50-subset-2500__n02088466__ILSVRC2012_val_00008375.JPEG","163","bloodhound","241","EntleBucher","4,933594","241|240|162|238|164","EntleBucher|Appenzeller|beagle|Greater Swiss Mountain dog|bluetick","4,933594|4,636719|4,257812|3,937500|3,535156","false"
"/private/var/containers/Bundle/Application/4D01D32A-B666-4384-B213-31BBF61E54F1/CVTestsSUI.app/imagenet-hard-50-subset-2500__n02088466__ILSVRC2012_val_00010842.JPEG","images/n02088466/imagenet-hard-50-subset-2500__n02088466__ILSVRC2012_val_00010842.JPEG","163","bloodhound","234","Rottweiler","6,210938","234|165|236|238|208","Rottweiler|black-and-tan coonhound|Doberman|Greater Swiss Mountain dog|Labrador retriever","6,210938|4,621094|4,066406|3,992188|3,921875","false"
"/private/var/containers/Bundle/Application/4D01D32A-B666-4384-B213-31BBF61E54F1/CVTestsSUI.app/imagenet-hard-50-subset-2500__n02088466__ILSVRC2012_val_00013080.JPEG","images/n02088466/imagenet-hard-50-subset-2500__n02088466__ILSVRC2012_val_00013080.JPEG","163","bloodhound","242","boxer","5,015625","242|236|168|159|163","boxer|Doberman|redbone|Rhodesian ridgeback|bloodhound","5,015625|4,546875|4,531250|4,281250|4,062500","true"
"/private/var/containers/Bundle/Application/4D01D32A-B666-4384-B213-31BBF61E54F1/CVTestsSUI.app/imagenet-hard-50-subset-2500__n02088466__ILSVRC2012_val_00013651.JPEG","images/n02088466/imagenet-hard-50-subset-2500__n02088466__ILSVRC2012_val_00013651.JPEG","163","bloodhound","161","basset","7,121094","161|163|166|176|167","basset|bloodhound|Walker hound|Saluki|English foxhound","7,121094|5,746094|4,437500|4,078125|3,812500","true"
"/private/var/containers/Bundle/Application/4D01D32A-B666-4384-B213-31BBF61E54F1/CVTestsSUI.app/imagenet-hard-50-subset-2500__n02088466__ILSVRC2012_val_00014580.JPEG","images/n02088466/imagenet-hard-50-subset-2500__n02088466__ILSVRC2012_val_00014580.JPEG","163","bloodhound","242","boxer","4,933594","242|179|180|243|162","boxer|Staffordshire bullterrier|American Staffordshire terrier|bull mastiff|beagle","4,933594|3,818359|3,697266|3,199219|3,140625","false"
"/private/var/containers/Bundle/Application/4D01D32A-B666-4384-B213-31BBF61E54F1/CVTestsSUI.app/imagenet-hard-50-subset-2500__n02088466__ILSVRC2012_val_00014631.JPEG","images/n02088466/imagenet-hard-50-subset-2500__n02088466__ILSVRC2012_val_00014631.JPEG","163","bloodhound","225","malinois","5,796875","225|163|159|243|242","malinois|bloodhound|Rhodesian ridgeback|bull mastiff|boxer","5,796875|5,761719|5,523438|5,503906|5,339844","true"
"/private/var/containers/Bundle/Application/4D01D32A-B666-4384-B213-31BBF61E54F1/CVTestsSUI.app/imagenet-hard-50-subset-2500__n02088466__ILSVRC2012_val_00015244.JPEG","images/n02088466/imagenet-hard-50-subset-2500__n02088466__ILSVRC2012_val_00015244.JPEG","163","bloodhound","161","basset","6,062500","161|163|166|168|242","basset|bloodhound|Walker hound|redbone|boxer","6,062500|5,140625|4,437500|4,230469|3,609375","true"
"/private/var/containers/Bundle/Application/4D01D32A-B666-4384-B213-31BBF61E54F1/CVTestsSUI.app/imagenet-hard-50-subset-2500__n02088466__ILSVRC2012_val_00017226.JPEG","images/n02088466/imagenet-hard-50-subset-2500__n02088466__ILSVRC2012_val_00017226.JPEG","163","bloodhound","159","Rhodesian ridgeback","5,734375","159|209|168|208|213","Rhodesian ridgeback|Chesapeake Bay retriever|redbone|Labrador retriever|Irish setter","5,734375|5,199219|4,929688|4,687500|4,328125","false"
"/private/var/containers/Bundle/Application/4D01D32A-B666-4384-B213-31BBF61E54F1/CVTestsSUI.app/imagenet-hard-50-subset-2500__n02088466__ILSVRC2012_val_00017511.JPEG","images/n02088466/imagenet-hard-50-subset-2500__n02088466__ILSVRC2012_val_00017511.JPEG","163","bloodhound","161","basset","5,968750","161|211|166|210|173","basset|vizsla|Walker hound|German short-haired pointer|Ibizan hound","5,968750|4,246094|4,000000|3,746094|3,685547","false"
"/private/var/containers/Bundle/Application/4D01D32A-B666-4384-B213-31BBF61E54F1/CVTestsSUI.app/imagenet-hard-50-subset-2500__n02088466__ILSVRC2012_val_00018835.JPEG","images/n02088466/imagenet-hard-50-subset-2500__n02088466__ILSVRC2012_val_00018835.JPEG","163","bloodhound","167","English foxhound","6,390625","167|173|166|176|162","English foxhound|Ibizan hound|Walker hound|Saluki|beagle","6,390625|5,613281|5,554688|5,265625|4,535156","false"
"/private/var/containers/Bundle/Application/4D01D32A-B666-4384-B213-31BBF61E54F1/CVTestsSUI.app/imagenet-hard-50-subset-2500__n02088466__ILSVRC2012_val_00019241.JPEG","images/n02088466/imagenet-hard-50-subset-2500__n02088466__ILSVRC2012_val_00019241.JPEG","163","bloodhound","161","basset","8,210938","161|162|164|166|163","basset|beagle|bluetick|Walker hound|bloodhound","8,210938|6,578125|6,125000|5,687500|4,253906","true"
"/private/var/containers/Bundle/Application/4D01D32A-B666-4384-B213-31BBF61E54F1/CVTestsSUI.app/imagenet-hard-50-subset-2500__n02088466__ILSVRC2012_val_00020047.JPEG","images/n02088466/imagenet-hard-50-subset-2500__n02088466__ILSVRC2012_val_00020047.JPEG","163","bloodhound","159","Rhodesian ridgeback","5,542969","159|168|180|179|243","Rhodesian ridgeback|redbone|American Staffordshire terrier|Staffordshire bullterrier|bull mastiff","5,542969|5,171875|4,589844|4,125000|3,978516","false"
"/private/var/containers/Bundle/Application/4D01D32A-B666-4384-B213-31BBF61E54F1/CVTestsSUI.app/imagenet-hard-50-subset-2500__n02088466__ILSVRC2012_val_00024046.JPEG","images/n02088466/imagenet-hard-50-subset-2500__n02088466__ILSVRC2012_val_00024046.JPEG","163","bloodhound","161","basset","9,664062","161|163|166|162|164","basset|bloodhound|Walker hound|beagle|bluetick","9,664062|5,539062|5,507812|5,285156|4,203125","true"
"/private/var/containers/Bundle/Application/4D01D32A-B666-4384-B213-31BBF61E54F1/CVTestsSUI.app/imagenet-hard-50-subset-2500__n02088466__ILSVRC2012_val_00024090.JPEG","images/n02088466/imagenet-hard-50-subset-2500__n02088466__ILSVRC2012_val_00024090.JPEG","163","bloodhound","162","beagle","5,531250","162|161|264|171|164","beagle|basset|Cardigan|Italian greyhound|bluetick","5,531250|4,871094|4,226562|3,822266|3,810547","false"
"/private/var/containers/Bundle/Application/4D01D32A-B666-4384-B213-31BBF61E54F1/CVTestsSUI.app/imagenet-hard-50-subset-2500__n02088466__ILSVRC2012_val_00024505.JPEG","images/n02088466/imagenet-hard-50-subset-2500__n02088466__ILSVRC2012_val_00024505.JPEG","163","bloodhound","168","redbone","5,824219","168|159|211|163|178","redbone|Rhodesian ridgeback|vizsla|bloodhound|Weimaraner","5,824219|5,324219|4,175781|3,785156|3,417969","true"
"/private/var/containers/Bundle/Application/4D01D32A-B666-4384-B213-31BBF61E54F1/CVTestsSUI.app/imagenet-hard-50-subset-2500__n02088466__ILSVRC2012_val_00028118.JPEG","images/n02088466/imagenet-hard-50-subset-2500__n02088466__ILSVRC2012_val_00028118.JPEG","163","bloodhound","281","tabby","4,781250","281|282|285|283|700","tabby|tiger cat|Egyptian cat|Persian cat|paper towel","4,781250|4,308594|3,914062|3,115234|2,929688","false"
"/private/var/containers/Bundle/Application/4D01D32A-B666-4384-B213-31BBF61E54F1/CVTestsSUI.app/imagenet-hard-50-subset-2500__n02088466__ILSVRC2012_val_00029326.JPEG","images/n02088466/imagenet-hard-50-subset-2500__n02088466__ILSVRC2012_val_00029326.JPEG","163","bloodhound","159","Rhodesian ridgeback","4,554688","159|211|168|227|213","Rhodesian ridgeback|vizsla|redbone|kelpie|Irish setter","4,554688|4,398438|4,250000|3,044922|2,732422","false"
"/private/var/containers/Bundle/Application/4D01D32A-B666-4384-B213-31BBF61E54F1/CVTestsSUI.app/imagenet-hard-50-subset-2500__n02088466__ILSVRC2012_val_00031603.JPEG","images/n02088466/imagenet-hard-50-subset-2500__n02088466__ILSVRC2012_val_00031603.JPEG","163","bloodhound","245","French bulldog","4,886719","245|208|254|243|180","French bulldog|Labrador retriever|pug|bull mastiff|American Staffordshire terrier","4,886719|4,757812|4,421875|4,320312|4,195312","false"
"/private/var/containers/Bundle/Application/4D01D32A-B666-4384-B213-31BBF61E54F1/CVTestsSUI.app/imagenet-hard-50-subset-2500__n02088466__ILSVRC2012_val_00032365.JPEG","images/n02088466/imagenet-hard-50-subset-2500__n02088466__ILSVRC2012_val_00032365.JPEG","163","bloodhound","167","English foxhound","5,902344","167|166|162|161|238","English foxhound|Walker hound|beagle|basset|Greater Swiss Mountain dog","5,902344|5,804688|4,371094|4,140625|3,728516","false"
"/private/var/containers/Bundle/Application/4D01D32A-B666-4384-B213-31BBF61E54F1/CVTestsSUI.app/imagenet-hard-50-subset-2500__n02088466__ILSVRC2012_val_00036523.JPEG","images/n02088466/imagenet-hard-50-subset-2500__n02088466__ILSVRC2012_val_00036523.JPEG","163","bloodhound","161","basset","6,398438","161|163|162|166|167","basset|bloodhound|beagle|Walker hound|English foxhound","6,398438|5,968750|4,031250|3,720703|2,718750","true"
"/private/var/containers/Bundle/Application/4D01D32A-B666-4384-B213-31BBF61E54F1/CVTestsSUI.app/imagenet-hard-50-subset-2500__n02088466__ILSVRC2012_val_00038054.JPEG","images/n02088466/imagenet-hard-50-subset-2500__n02088466__ILSVRC2012_val_00038054.JPEG","163","bloodhound","273","dingo","4,039062","273|260|253|180|225","dingo|chow|basenji|American Staffordshire terrier|malinois","4,039062|3,238281|3,236328|3,234375|2,849609","false"
"/private/var/containers/Bundle/Application/4D01D32A-B666-4384-B213-31BBF61E54F1/CVTestsSUI.app/imagenet-hard-50-subset-2500__n02088466__ILSVRC2012_val_00039900.JPEG","images/n02088466/imagenet-hard-50-subset-2500__n02088466__ILSVRC2012_val_00039900.JPEG","163","bloodhound","385","Indian elephant","3,671875","385|208|876|435|386","Indian elephant|Labrador retriever|tub|bathtub|African elephant","3,671875|3,574219|3,410156|3,386719|3,359375","false"
"/private/var/containers/Bundle/Application/4D01D32A-B666-4384-B213-31BBF61E54F1/CVTestsSUI.app/imagenet-hard-50-subset-2500__n02088466__ILSVRC2012_val_00042692.JPEG","images/n02088466/imagenet-hard-50-subset-2500__n02088466__ILSVRC2012_val_00042692.JPEG","163","bloodhound","209","Chesapeake Bay retriever","4,847656","209|208|178|243|385","Chesapeake Bay retriever|Labrador retriever|Weimaraner|bull mastiff|Indian elephant","4,847656|3,880859|3,671875|3,599609|3,509766","false"
"/private/var/containers/Bundle/Application/4D01D32A-B666-4384-B213-31BBF61E54F1/CVTestsSUI.app/imagenet-hard-50-subset-2500__n02088466__ILSVRC2012_val_00044554.JPEG","images/n02088466/imagenet-hard-50-subset-2500__n02088466__ILSVRC2012_val_00044554.JPEG","163","bloodhound","211","vizsla","5,910156","211|163|168|159|243","vizsla|bloodhound|redbone|Rhodesian ridgeback|bull mastiff","5,910156|5,667969|5,058594|4,437500|4,417969","true"
"/private/var/containers/Bundle/Application/4D01D32A-B666-4384-B213-31BBF61E54F1/CVTestsSUI.app/imagenet-hard-50-subset-2500__n02088466__ILSVRC2012_val_00044716.JPEG","images/n02088466/imagenet-hard-50-subset-2500__n02088466__ILSVRC2012_val_00044716.JPEG","163","bloodhound","208","Labrador retriever","5,023438","208|205|164|210|219","Labrador retriever|flat-coated retriever|bluetick|German short-haired pointer|cocker spaniel","5,023438|4,734375|4,250000|4,003906|3,789062","false"
"/private/var/containers/Bundle/Application/4D01D32A-B666-4384-B213-31BBF61E54F1/CVTestsSUI.app/imagenet-hard-50-subset-2500__n02088466__ILSVRC2012_val_00049762.JPEG","images/n02088466/imagenet-hard-50-subset-2500__n02088466__ILSVRC2012_val_00049762.JPEG","163","bloodhound","161","basset","4,894531","161|168|162|163|211","basset|redbone|beagle|bloodhound|vizsla","4,894531|4,460938|4,324219|4,183594|3,832031","true"
"/private/var/containers/Bundle/Application/4D01D32A-B666-4384-B213-31BBF61E54F1/CVTestsSUI.app/imagenet-hard-50-subset-2500__n02088632__ILSVRC2012_val_00017281.JPEG","images/n02088632/imagenet-hard-50-subset-2500__n02088632__ILSVRC2012_val_00017281.JPEG","164","bluetick","166","Walker hound","6,832031","166|167|164|162|163","Walker hound|English foxhound|bluetick|beagle|bloodhound","6,832031|6,242188|6,199219|5,660156|4,683594","true"
"/private/var/containers/Bundle/Application/4D01D32A-B666-4384-B213-31BBF61E54F1/CVTestsSUI.app/imagenet-hard-50-subset-2500__n02088632__ILSVRC2012_val_00031347.JPEG","images/n02088632/imagenet-hard-50-subset-2500__n02088632__ILSVRC2012_val_00031347.JPEG","164","bluetick","168","redbone","4,792969","168|164|166|159|162","redbone|bluetick|Walker hound|Rhodesian ridgeback|beagle","4,792969|4,683594|3,984375|3,964844|3,714844","true"
"/private/var/containers/Bundle/Application/4D01D32A-B666-4384-B213-31BBF61E54F1/CVTestsSUI.app/imagenet-hard-50-subset-2500__n02088632__ILSVRC2012_val_00032000.JPEG","images/n02088632/imagenet-hard-50-subset-2500__n02088632__ILSVRC2012_val_00032000.JPEG","164","bluetick","242","boxer","4,281250","242|179|180|171|246","boxer|Staffordshire bullterrier|American Staffordshire terrier|Italian greyhound|Great Dane","4,281250|4,101562|4,070312|3,519531|3,060547","false"
"/private/var/containers/Bundle/Application/4D01D32A-B666-4384-B213-31BBF61E54F1/CVTestsSUI.app/imagenet-hard-50-subset-2500__n02088632__ILSVRC2012_val_00045887.JPEG","images/n02088632/imagenet-hard-50-subset-2500__n02088632__ILSVRC2012_val_00045887.JPEG","164","bluetick","241","EntleBucher","5,203125","241|164|238|234|240","EntleBucher|bluetick|Greater Swiss Mountain dog|Rottweiler|Appenzeller","5,203125|4,792969|4,417969|3,986328|3,625000","true"
"/private/var/containers/Bundle/Application/4D01D32A-B666-4384-B213-31BBF61E54F1/CVTestsSUI.app/imagenet-hard-50-subset-2500__n02088632__ILSVRC2012_val_00046158.JPEG","images/n02088632/imagenet-hard-50-subset-2500__n02088632__ILSVRC2012_val_00046158.JPEG","164","bluetick","162","beagle","5,984375","162|164|166|161|241","beagle|bluetick|Walker hound|basset|EntleBucher","5,984375|5,054688|4,941406|4,894531|4,003906","true"
"/private/var/containers/Bundle/Application/4D01D32A-B666-4384-B213-31BBF61E54F1/CVTestsSUI.app/imagenet-hard-50-subset-2500__n02088632__ILSVRC2012_val_00046273.JPEG","images/n02088632/imagenet-hard-50-subset-2500__n02088632__ILSVRC2012_val_00046273.JPEG","164","bluetick","151","Chihuahua","4,570312","151|158|171|217|195","Chihuahua|toy terrier|Italian greyhound|English springer|Boston bull","4,570312|3,804688|3,714844|3,535156|3,349609","false"
"/private/var/containers/Bundle/Application/4D01D32A-B666-4384-B213-31BBF61E54F1/CVTestsSUI.app/imagenet-hard-50-subset-2500__n02088632__ILSVRC2012_val_00049516.JPEG","images/n02088632/imagenet-hard-50-subset-2500__n02088632__ILSVRC2012_val_00049516.JPEG","164","bluetick","176","Saluki","6,203125","176|248|250|166|169","Saluki|Eskimo dog|Siberian husky|Walker hound|borzoi","6,203125|4,878906|4,789062|3,957031|3,861328","false"
"/private/var/containers/Bundle/Application/4D01D32A-B666-4384-B213-31BBF61E54F1/CVTestsSUI.app/imagenet-hard-50-subset-2500__n02088632__ILSVRC2012_val_00049779.JPEG","images/n02088632/imagenet-hard-50-subset-2500__n02088632__ILSVRC2012_val_00049779.JPEG","164","bluetick","151","Chihuahua","3,986328","151|164|195|434|240","Chihuahua|bluetick|Boston bull|bath towel|Appenzeller","3,986328|3,773438|3,716797|3,626953|3,482422","true"
"/private/var/containers/Bundle/Application/4D01D32A-B666-4384-B213-31BBF61E54F1/CVTestsSUI.app/imagenet-hard-50-subset-2500__n02089078__ILSVRC2012_val_00000327.JPEG","images/n02089078/imagenet-hard-50-subset-2500__n02089078__ILSVRC2012_val_00000327.JPEG","165","black-and-tan coonhound","234","Rottweiler","5,023438","234|236|237|240|165","Rottweiler|Doberman|miniature pinscher|Appenzeller|black-and-tan coonhound","5,023438|4,621094|4,140625|3,783203|3,677734","true"
"/private/var/containers/Bundle/Application/4D01D32A-B666-4384-B213-31BBF61E54F1/CVTestsSUI.app/imagenet-hard-50-subset-2500__n02089078__ILSVRC2012_val_00002398.JPEG","images/n02089078/imagenet-hard-50-subset-2500__n02089078__ILSVRC2012_val_00002398.JPEG","165","black-and-tan coonhound","237","miniature pinscher","5,050781","237|236|234|165|214","miniature pinscher|Doberman|Rottweiler|black-and-tan coonhound|Gordon setter","5,050781|4,917969|4,617188|3,886719|2,812500","true"
"/private/var/containers/Bundle/Application/4D01D32A-B666-4384-B213-31BBF61E54F1/CVTestsSUI.app/imagenet-hard-50-subset-2500__n02089078__ILSVRC2012_val_00006401.JPEG","images/n02089078/imagenet-hard-50-subset-2500__n02089078__ILSVRC2012_val_00006401.JPEG","165","black-and-tan coonhound","162","beagle","5,183594","162|167|166|165|164","beagle|English foxhound|Walker hound|black-and-tan coonhound|bluetick","5,183594|4,406250|4,320312|4,269531|4,031250","true"
"/private/var/containers/Bundle/Application/4D01D32A-B666-4384-B213-31BBF61E54F1/CVTestsSUI.app/imagenet-hard-50-subset-2500__n02089078__ILSVRC2012_val_00006415.JPEG","images/n02089078/imagenet-hard-50-subset-2500__n02089078__ILSVRC2012_val_00006415.JPEG","165","black-and-tan coonhound","234","Rottweiler","5,230469","234|241|165|164|238","Rottweiler|EntleBucher|black-and-tan coonhound|bluetick|Greater Swiss Mountain dog","5,230469|5,046875|4,968750|4,816406|4,757812","true"
"/private/var/containers/Bundle/Application/4D01D32A-B666-4384-B213-31BBF61E54F1/CVTestsSUI.app/imagenet-hard-50-subset-2500__n02089078__ILSVRC2012_val_00008152.JPEG","images/n02089078/imagenet-hard-50-subset-2500__n02089078__ILSVRC2012_val_00008152.JPEG","165","black-and-tan coonhound","236","Doberman","6,082031","236|165|237|168|234","Doberman|black-and-tan coonhound|miniature pinscher|redbone|Rottweiler","6,082031|5,296875|5,277344|4,089844|3,974609","true"
"/private/var/containers/Bundle/Application/4D01D32A-B666-4384-B213-31BBF61E54F1/CVTestsSUI.app/imagenet-hard-50-subset-2500__n02089078__ILSVRC2012_val_00009405.JPEG","images/n02089078/imagenet-hard-50-subset-2500__n02089078__ILSVRC2012_val_00009405.JPEG","165","black-and-tan coonhound","236","Doberman","4,859375","236|234|165|237|240","Doberman|Rottweiler|black-and-tan coonhound|miniature pinscher|Appenzeller","4,859375|4,750000|4,550781|3,191406|2,332031","true"
"/private/var/containers/Bundle/Application/4D01D32A-B666-4384-B213-31BBF61E54F1/CVTestsSUI.app/imagenet-hard-50-subset-2500__n02089078__ILSVRC2012_val_00012055.JPEG","images/n02089078/imagenet-hard-50-subset-2500__n02089078__ILSVRC2012_val_00012055.JPEG","165","black-and-tan coonhound","236","Doberman","6,082031","236|237|234|159|165","Doberman|miniature pinscher|Rottweiler|Rhodesian ridgeback|black-and-tan coonhound","6,082031|4,644531|4,296875|4,035156|4,035156","true"
"/private/var/containers/Bundle/Application/4D01D32A-B666-4384-B213-31BBF61E54F1/CVTestsSUI.app/imagenet-hard-50-subset-2500__n02089078__ILSVRC2012_val_00012293.JPEG","images/n02089078/imagenet-hard-50-subset-2500__n02089078__ILSVRC2012_val_00012293.JPEG","165","black-and-tan coonhound","179","Staffordshire bullterrier","5,777344","179|246|197|180|236","Staffordshire bullterrier|Great Dane|giant schnauzer|American Staffordshire terrier|Doberman","5,777344|5,621094|5,070312|5,042969|5,007812","false"
"/private/var/containers/Bundle/Application/4D01D32A-B666-4384-B213-31BBF61E54F1/CVTestsSUI.app/imagenet-hard-50-subset-2500__n02089078__ILSVRC2012_val_00019462.JPEG","images/n02089078/imagenet-hard-50-subset-2500__n02089078__ILSVRC2012_val_00019462.JPEG","165","black-and-tan coonhound","236","Doberman","5,492188","236|165|237|234|164","Doberman|black-and-tan coonhound|miniature pinscher|Rottweiler|bluetick","5,492188|4,980469|4,468750|4,218750|3,664062","true"
"/private/var/containers/Bundle/Application/4D01D32A-B666-4384-B213-31BBF61E54F1/CVTestsSUI.app/imagenet-hard-50-subset-2500__n02089078__ILSVRC2012_val_00021831.JPEG","images/n02089078/imagenet-hard-50-subset-2500__n02089078__ILSVRC2012_val_00021831.JPEG","165","black-and-tan coonhound","234","Rottweiler","6,808594","234|236|165|237|214","Rottweiler|Doberman|black-and-tan coonhound|miniature pinscher|Gordon setter","6,808594|6,507812|5,496094|4,941406|3,365234","true"
"/private/var/containers/Bundle/Application/4D01D32A-B666-4384-B213-31BBF61E54F1/CVTestsSUI.app/imagenet-hard-50-subset-2500__n02089078__ILSVRC2012_val_00023966.JPEG","images/n02089078/imagenet-hard-50-subset-2500__n02089078__ILSVRC2012_val_00023966.JPEG","165","black-and-tan coonhound","236","Doberman","6,234375","236|234|238|165|237","Doberman|Rottweiler|Greater Swiss Mountain dog|black-and-tan coonhound|miniature pinscher","6,234375|5,773438|4,792969|4,679688|4,527344","true"
"/private/var/containers/Bundle/Application/4D01D32A-B666-4384-B213-31BBF61E54F1/CVTestsSUI.app/imagenet-hard-50-subset-2500__n02089078__ILSVRC2012_val_00025165.JPEG","images/n02089078/imagenet-hard-50-subset-2500__n02089078__ILSVRC2012_val_00025165.JPEG","165","black-and-tan coonhound","241","EntleBucher","5,421875","241|238|234|227|240","EntleBucher|Greater Swiss Mountain dog|Rottweiler|kelpie|Appenzeller","5,421875|5,152344|5,078125|4,968750|4,664062","false"
"/private/var/containers/Bundle/Application/4D01D32A-B666-4384-B213-31BBF61E54F1/CVTestsSUI.app/imagenet-hard-50-subset-2500__n02089078__ILSVRC2012_val_00025466.JPEG","images/n02089078/imagenet-hard-50-subset-2500__n02089078__ILSVRC2012_val_00025466.JPEG","165","black-and-tan coonhound","164","bluetick","5,390625","164|165|234|241|244","bluetick|black-and-tan coonhound|Rottweiler|EntleBucher|Tibetan mastiff","5,390625|4,968750|4,828125|4,175781|4,164062","true"
"/private/var/containers/Bundle/Application/4D01D32A-B666-4384-B213-31BBF61E54F1/CVTestsSUI.app/imagenet-hard-50-subset-2500__n02089078__ILSVRC2012_val_00029836.JPEG","images/n02089078/imagenet-hard-50-subset-2500__n02089078__ILSVRC2012_val_00029836.JPEG","165","black-and-tan coonhound","236","Doberman","5,367188","236|237|227|235|225","Doberman|miniature pinscher|kelpie|German shepherd|malinois","5,367188|5,226562|4,585938|4,406250|4,375000","false"
"/private/var/containers/Bundle/Application/4D01D32A-B666-4384-B213-31BBF61E54F1/CVTestsSUI.app/imagenet-hard-50-subset-2500__n02089078__ILSVRC2012_val_00029973.JPEG","images/n02089078/imagenet-hard-50-subset-2500__n02089078__ILSVRC2012_val_00029973.JPEG","165","black-and-tan coonhound","234","Rottweiler","5,082031","234|165|236|237|214","Rottweiler|black-and-tan coonhound|Doberman|miniature pinscher|Gordon setter","5,082031|4,988281|4,964844|3,626953|2,683594","true"
"/private/var/containers/Bundle/Application/4D01D32A-B666-4384-B213-31BBF61E54F1/CVTestsSUI.app/imagenet-hard-50-subset-2500__n02089078__ILSVRC2012_val_00030002.JPEG","images/n02089078/imagenet-hard-50-subset-2500__n02089078__ILSVRC2012_val_00030002.JPEG","165","black-and-tan coonhound","234","Rottweiler","5,851562","234|214|236|164|165","Rottweiler|Gordon setter|Doberman|bluetick|black-and-tan coonhound","5,851562|4,304688|3,718750|3,386719|3,236328","true"
"/private/var/containers/Bundle/Application/4D01D32A-B666-4384-B213-31BBF61E54F1/CVTestsSUI.app/imagenet-hard-50-subset-2500__n02089078__ILSVRC2012_val_00030928.JPEG","images/n02089078/imagenet-hard-50-subset-2500__n02089078__ILSVRC2012_val_00030928.JPEG","165","black-and-tan coonhound","240","Appenzeller","3,986328","240|180|241|238|253","Appenzeller|American Staffordshire terrier|EntleBucher|Greater Swiss Mountain dog|basenji","3,986328|3,871094|3,814453|3,691406|3,425781","false"
"/private/var/containers/Bundle/Application/4D01D32A-B666-4384-B213-31BBF61E54F1/CVTestsSUI.app/imagenet-hard-50-subset-2500__n02089078__ILSVRC2012_val_00031040.JPEG","images/n02089078/imagenet-hard-50-subset-2500__n02089078__ILSVRC2012_val_00031040.JPEG","165","black-and-tan coonhound","234","Rottweiler","5,781250","234|165|236|238|208","Rottweiler|black-and-tan coonhound|Doberman|Greater Swiss Mountain dog|Labrador retriever","5,781250|5,109375|5,097656|4,664062|4,382812","true"
"/private/var/containers/Bundle/Application/4D01D32A-B666-4384-B213-31BBF61E54F1/CVTestsSUI.app/imagenet-hard-50-subset-2500__n02089078__ILSVRC2012_val_00031699.JPEG","images/n02089078/imagenet-hard-50-subset-2500__n02089078__ILSVRC2012_val_00031699.JPEG","165","black-and-tan coonhound","164","bluetick","4,921875","164|238|166|195|242","bluetick|Greater Swiss Mountain dog|Walker hound|Boston bull|boxer","4,921875|4,898438|4,816406|4,640625|4,542969","false"
"/private/var/containers/Bundle/Application/4D01D32A-B666-4384-B213-31BBF61E54F1/CVTestsSUI.app/imagenet-hard-50-subset-2500__n02089078__ILSVRC2012_val_00033531.JPEG","images/n02089078/imagenet-hard-50-subset-2500__n02089078__ILSVRC2012_val_00033531.JPEG","165","black-and-tan coonhound","234","Rottweiler","4,523438","234|163|179|165|236","Rottweiler|bloodhound|Staffordshire bullterrier|black-and-tan coonhound|Doberman","4,523438|4,339844|3,888672|3,587891|3,566406","true"
"/private/var/containers/Bundle/Application/4D01D32A-B666-4384-B213-31BBF61E54F1/CVTestsSUI.app/imagenet-hard-50-subset-2500__n02089078__ILSVRC2012_val_00034171.JPEG","images/n02089078/imagenet-hard-50-subset-2500__n02089078__ILSVRC2012_val_00034171.JPEG","165","black-and-tan coonhound","236","Doberman","7,632812","236|234|165|237|214","Doberman|Rottweiler|black-and-tan coonhound|miniature pinscher|Gordon setter","7,632812|6,714844|5,535156|5,214844|3,431641","true"
"/private/var/containers/Bundle/Application/4D01D32A-B666-4384-B213-31BBF61E54F1/CVTestsSUI.app/imagenet-hard-50-subset-2500__n02089078__ILSVRC2012_val_00037559.JPEG","images/n02089078/imagenet-hard-50-subset-2500__n02089078__ILSVRC2012_val_00037559.JPEG","165","black-and-tan coonhound","159","Rhodesian ridgeback","4,257812","159|236|165|208|162","Rhodesian ridgeback|Doberman|black-and-tan coonhound|Labrador retriever|beagle","4,257812|3,972656|3,937500|3,736328|3,732422","true"
"/private/var/containers/Bundle/Application/4D01D32A-B666-4384-B213-31BBF61E54F1/CVTestsSUI.app/imagenet-hard-50-subset-2500__n02089078__ILSVRC2012_val_00037609.JPEG","images/n02089078/imagenet-hard-50-subset-2500__n02089078__ILSVRC2012_val_00037609.JPEG","165","black-and-tan coonhound","234","Rottweiler","7,039062","234|208|238|240|676","Rottweiler|Labrador retriever|Greater Swiss Mountain dog|Appenzeller|muzzle","7,039062|5,253906|5,082031|4,828125|4,500000","false"
"/private/var/containers/Bundle/Application/4D01D32A-B666-4384-B213-31BBF61E54F1/CVTestsSUI.app/imagenet-hard-50-subset-2500__n02089078__ILSVRC2012_val_00039934.JPEG","images/n02089078/imagenet-hard-50-subset-2500__n02089078__ILSVRC2012_val_00039934.JPEG","165","black-and-tan coonhound","234","Rottweiler","5,507812","234|165|237|236|163","Rottweiler|black-and-tan coonhound|miniature pinscher|Doberman|bloodhound","5,507812|5,070312|4,820312|4,121094|3,396484","true"
"/private/var/containers/Bundle/Application/4D01D32A-B666-4384-B213-31BBF61E54F1/CVTestsSUI.app/imagenet-hard-50-subset-2500__n02089078__ILSVRC2012_val_00041629.JPEG","images/n02089078/imagenet-hard-50-subset-2500__n02089078__ILSVRC2012_val_00041629.JPEG","165","black-and-tan coonhound","239","Bernese mountain dog","5,460938","239|214|244|240|256","Bernese mountain dog|Gordon setter|Tibetan mastiff|Appenzeller|Newfoundland","5,460938|4,917969|3,757812|3,285156|3,277344","false"
"/private/var/containers/Bundle/Application/4D01D32A-B666-4384-B213-31BBF61E54F1/CVTestsSUI.app/imagenet-hard-50-subset-2500__n02089078__ILSVRC2012_val_00041810.JPEG","images/n02089078/imagenet-hard-50-subset-2500__n02089078__ILSVRC2012_val_00041810.JPEG","165","black-and-tan coonhound","163","bloodhound","5,046875","163|730|234|238|227","bloodhound|plow|Rottweiler|Greater Swiss Mountain dog|kelpie","5,046875|4,851562|4,625000|4,031250|3,751953","false"
"/private/var/containers/Bundle/Application/4D01D32A-B666-4384-B213-31BBF61E54F1/CVTestsSUI.app/imagenet-hard-50-subset-2500__n02089078__ILSVRC2012_val_00043206.JPEG","images/n02089078/imagenet-hard-50-subset-2500__n02089078__ILSVRC2012_val_00043206.JPEG","165","black-and-tan coonhound","237","miniature pinscher","6,109375","237|165|236|234|168","miniature pinscher|black-and-tan coonhound|Doberman|Rottweiler|redbone","6,109375|5,214844|5,093750|3,951172|3,767578","true"
"/private/var/containers/Bundle/Application/4D01D32A-B666-4384-B213-31BBF61E54F1/CVTestsSUI.app/imagenet-hard-50-subset-2500__n02089078__ILSVRC2012_val_00045901.JPEG","images/n02089078/imagenet-hard-50-subset-2500__n02089078__ILSVRC2012_val_00045901.JPEG","165","black-and-tan coonhound","236","Doberman","5,695312","236|158|237|165|227","Doberman|toy terrier|miniature pinscher|black-and-tan coonhound|kelpie","5,695312|4,953125|4,722656|3,785156|3,074219","true"
"/private/var/containers/Bundle/Application/4D01D32A-B666-4384-B213-31BBF61E54F1/CVTestsSUI.app/imagenet-hard-50-subset-2500__n02089078__ILSVRC2012_val_00047543.JPEG","images/n02089078/imagenet-hard-50-subset-2500__n02089078__ILSVRC2012_val_00047543.JPEG","165","black-and-tan coonhound","234","Rottweiler","5,621094","234|237|165|236|163","Rottweiler|miniature pinscher|black-and-tan coonhound|Doberman|bloodhound","5,621094|5,117188|5,039062|4,566406|3,730469","true"
"/private/var/containers/Bundle/Application/4D01D32A-B666-4384-B213-31BBF61E54F1/CVTestsSUI.app/imagenet-hard-50-subset-2500__n02089078__ILSVRC2012_val_00049198.JPEG","images/n02089078/imagenet-hard-50-subset-2500__n02089078__ILSVRC2012_val_00049198.JPEG","165","black-and-tan coonhound","234","Rottweiler","4,886719","234|165|214|236|237","Rottweiler|black-and-tan coonhound|Gordon setter|Doberman|miniature pinscher","4,886719|4,515625|4,363281|4,015625|3,285156","true"
"/private/var/containers/Bundle/Application/4D01D32A-B666-4384-B213-31BBF61E54F1/CVTestsSUI.app/imagenet-hard-50-subset-2500__n02089078__ILSVRC2012_val_00049229.JPEG","images/n02089078/imagenet-hard-50-subset-2500__n02089078__ILSVRC2012_val_00049229.JPEG","165","black-and-tan coonhound","238","Greater Swiss Mountain dog","5,851562","238|166|241|240|164","Greater Swiss Mountain dog|Walker hound|EntleBucher|Appenzeller|bluetick","5,851562|5,722656|5,230469|4,792969|4,535156","false"
"/private/var/containers/Bundle/Application/4D01D32A-B666-4384-B213-31BBF61E54F1/CVTestsSUI.app/imagenet-hard-50-subset-2500__n02089867__ILSVRC2012_val_00001538.JPEG","images/n02089867/imagenet-hard-50-subset-2500__n02089867__ILSVRC2012_val_00001538.JPEG","166","Walker hound","240","Appenzeller","4,941406","240|238|166|241|162","Appenzeller|Greater Swiss Mountain dog|Walker hound|EntleBucher|beagle","4,941406|4,730469|4,511719|4,285156|4,027344","true"
"/private/var/containers/Bundle/Application/4D01D32A-B666-4384-B213-31BBF61E54F1/CVTestsSUI.app/imagenet-hard-50-subset-2500__n02089867__ILSVRC2012_val_00002373.JPEG","images/n02089867/imagenet-hard-50-subset-2500__n02089867__ILSVRC2012_val_00002373.JPEG","166","Walker hound","215","Brittany spaniel","5,210938","215|166|167|247|210","Brittany spaniel|Walker hound|English foxhound|Saint Bernard|German short-haired pointer","5,210938|5,101562|4,613281|4,335938|3,361328","true"
"/private/var/containers/Bundle/Application/4D01D32A-B666-4384-B213-31BBF61E54F1/CVTestsSUI.app/imagenet-hard-50-subset-2500__n02089867__ILSVRC2012_val_00002656.JPEG","images/n02089867/imagenet-hard-50-subset-2500__n02089867__ILSVRC2012_val_00002656.JPEG","166","Walker hound","162","beagle","6,128906","162|166|161|167|253","beagle|Walker hound|basset|English foxhound|basenji","6,128906|5,761719|4,750000|3,775391|3,109375","true"
"/private/var/containers/Bundle/Application/4D01D32A-B666-4384-B213-31BBF61E54F1/CVTestsSUI.app/imagenet-hard-50-subset-2500__n02089867__ILSVRC2012_val_00004148.JPEG","images/n02089867/imagenet-hard-50-subset-2500__n02089867__ILSVRC2012_val_00004148.JPEG","166","Walker hound","171","Italian greyhound","4,843750","171|158|166|180|172","Italian greyhound|toy terrier|Walker hound|American Staffordshire terrier|whippet","4,843750|4,335938|4,281250|4,117188|4,011719","true"
"/private/var/containers/Bundle/Application/4D01D32A-B666-4384-B213-31BBF61E54F1/CVTestsSUI.app/imagenet-hard-50-subset-2500__n02089867__ILSVRC2012_val_00007945.JPEG","images/n02089867/imagenet-hard-50-subset-2500__n02089867__ILSVRC2012_val_00007945.JPEG","166","Walker hound","161","basset","8,132812","161|166|164|163|167","basset|Walker hound|bluetick|bloodhound|English foxhound","8,132812|7,156250|6,125000|5,078125|4,894531","true"
"/private/var/containers/Bundle/Application/4D01D32A-B666-4384-B213-31BBF61E54F1/CVTestsSUI.app/imagenet-hard-50-subset-2500__n02089867__ILSVRC2012_val_00008536.JPEG","images/n02089867/imagenet-hard-50-subset-2500__n02089867__ILSVRC2012_val_00008536.JPEG","166","Walker hound","162","beagle","7,410156","162|166|167|161|253","beagle|Walker hound|English foxhound|basset|basenji","7,410156|6,390625|6,019531|5,156250|3,628906","true"
"/private/var/containers/Bundle/Application/4D01D32A-B666-4384-B213-31BBF61E54F1/CVTestsSUI.app/imagenet-hard-50-subset-2500__n02089867__ILSVRC2012_val_00009220.JPEG","images/n02089867/imagenet-hard-50-subset-2500__n02089867__ILSVRC2012_val_00009220.JPEG","166","Walker hound","162","beagle","8,140625","162|161|166|167|164","beagle|basset|Walker hound|English foxhound|bluetick","8,140625|6,960938|5,988281|4,804688|3,449219","true"
"/private/var/containers/Bundle/Application/4D01D32A-B666-4384-B213-31BBF61E54F1/CVTestsSUI.app/imagenet-hard-50-subset-2500__n02089867__ILSVRC2012_val_00010249.JPEG","images/n02089867/imagenet-hard-50-subset-2500__n02089867__ILSVRC2012_val_00010249.JPEG","166","Walker hound","162","beagle","7,007812","162|166|167|161|253","beagle|Walker hound|English foxhound|basset|basenji","7,007812|6,875000|5,457031|5,078125|3,316406","true"
"/private/var/containers/Bundle/Application/4D01D32A-B666-4384-B213-31BBF61E54F1/CVTestsSUI.app/imagenet-hard-50-subset-2500__n02089867__ILSVRC2012_val_00010626.JPEG","images/n02089867/imagenet-hard-50-subset-2500__n02089867__ILSVRC2012_val_00010626.JPEG","166","Walker hound","162","beagle","6,542969","162|166|167|161|247","beagle|Walker hound|English foxhound|basset|Saint Bernard","6,542969|5,714844|5,039062|3,742188|3,263672","true"
"/private/var/containers/Bundle/Application/4D01D32A-B666-4384-B213-31BBF61E54F1/CVTestsSUI.app/imagenet-hard-50-subset-2500__n02089867__ILSVRC2012_val_00010950.JPEG","images/n02089867/imagenet-hard-50-subset-2500__n02089867__ILSVRC2012_val_00010950.JPEG","166","Walker hound","795","ski","5,289062","795|792|247|166|802","ski|shovel|Saint Bernard|Walker hound|snowmobile","5,289062|3,972656|3,363281|3,230469|2,947266","true"
"/private/var/containers/Bundle/Application/4D01D32A-B666-4384-B213-31BBF61E54F1/CVTestsSUI.app/imagenet-hard-50-subset-2500__n02089867__ILSVRC2012_val_00011792.JPEG","images/n02089867/imagenet-hard-50-subset-2500__n02089867__ILSVRC2012_val_00011792.JPEG","166","Walker hound","167","English foxhound","4,753906","167|215|166|162|173","English foxhound|Brittany spaniel|Walker hound|beagle|Ibizan hound","4,753906|4,746094|4,675781|4,484375|4,433594","true"
"/private/var/containers/Bundle/Application/4D01D32A-B666-4384-B213-31BBF61E54F1/CVTestsSUI.app/imagenet-hard-50-subset-2500__n02089867__ILSVRC2012_val_00014045.JPEG","images/n02089867/imagenet-hard-50-subset-2500__n02089867__ILSVRC2012_val_00014045.JPEG","166","Walker hound","195","Boston bull","3,818359","195|166|246|254|247","Boston bull|Walker hound|Great Dane|pug|Saint Bernard","3,818359|3,582031|3,531250|2,955078|2,941406","true"
"/private/var/containers/Bundle/Application/4D01D32A-B666-4384-B213-31BBF61E54F1/CVTestsSUI.app/imagenet-hard-50-subset-2500__n02089867__ILSVRC2012_val_00021357.JPEG","images/n02089867/imagenet-hard-50-subset-2500__n02089867__ILSVRC2012_val_00021357.JPEG","166","Walker hound","162","beagle","6,863281","162|166|161|167|158","beagle|Walker hound|basset|English foxhound|toy terrier","6,863281|6,230469|4,519531|4,226562|3,703125","true"
"/private/var/containers/Bundle/Application/4D01D32A-B666-4384-B213-31BBF61E54F1/CVTestsSUI.app/imagenet-hard-50-subset-2500__n02089867__ILSVRC2012_val_00022913.JPEG","images/n02089867/imagenet-hard-50-subset-2500__n02089867__ILSVRC2012_val_00022913.JPEG","166","Walker hound","161","basset","6,300781","161|166|162|164|163","basset|Walker hound|beagle|bluetick|bloodhound","6,300781|6,039062|5,937500|5,285156|4,406250","true"
"/private/var/containers/Bundle/Application/4D01D32A-B666-4384-B213-31BBF61E54F1/CVTestsSUI.app/imagenet-hard-50-subset-2500__n02089867__ILSVRC2012_val_00025562.JPEG","images/n02089867/imagenet-hard-50-subset-2500__n02089867__ILSVRC2012_val_00025562.JPEG","166","Walker hound","162","beagle","7,761719","162|161|166|167|253","beagle|basset|Walker hound|English foxhound|basenji","7,761719|6,207031|6,132812|5,214844|5,199219","true"
"/private/var/containers/Bundle/Application/4D01D32A-B666-4384-B213-31BBF61E54F1/CVTestsSUI.app/imagenet-hard-50-subset-2500__n02089867__ILSVRC2012_val_00025773.JPEG","images/n02089867/imagenet-hard-50-subset-2500__n02089867__ILSVRC2012_val_00025773.JPEG","166","Walker hound","161","basset","6,113281","161|166|164|162|168","basset|Walker hound|bluetick|beagle|redbone","6,113281|5,332031|5,042969|4,871094|4,511719","true"
"/private/var/containers/Bundle/Application/4D01D32A-B666-4384-B213-31BBF61E54F1/CVTestsSUI.app/imagenet-hard-50-subset-2500__n02089867__ILSVRC2012_val_00030025.JPEG","images/n02089867/imagenet-hard-50-subset-2500__n02089867__ILSVRC2012_val_00030025.JPEG","166","Walker hound","161","basset","6,460938","161|162|166|164|167","basset|beagle|Walker hound|bluetick|English foxhound","6,460938|6,207031|5,789062|5,273438|4,890625","true"
"/private/var/containers/Bundle/Application/4D01D32A-B666-4384-B213-31BBF61E54F1/CVTestsSUI.app/imagenet-hard-50-subset-2500__n02089867__ILSVRC2012_val_00031834.JPEG","images/n02089867/imagenet-hard-50-subset-2500__n02089867__ILSVRC2012_val_00031834.JPEG","166","Walker hound","162","beagle","6,976562","162|166|161|180|242","beagle|Walker hound|basset|American Staffordshire terrier|boxer","6,976562|6,144531|5,402344|4,812500|4,492188","true"
"/private/var/containers/Bundle/Application/4D01D32A-B666-4384-B213-31BBF61E54F1/CVTestsSUI.app/imagenet-hard-50-subset-2500__n02089867__ILSVRC2012_val_00033233.JPEG","images/n02089867/imagenet-hard-50-subset-2500__n02089867__ILSVRC2012_val_00033233.JPEG","166","Walker hound","162","beagle","6,066406","162|166|167|161|164","beagle|Walker hound|English foxhound|basset|bluetick","6,066406|5,714844|4,378906|3,902344|3,199219","true"
"/private/var/containers/Bundle/Application/4D01D32A-B666-4384-B213-31BBF61E54F1/CVTestsSUI.app/imagenet-hard-50-subset-2500__n02089867__ILSVRC2012_val_00034382.JPEG","images/n02089867/imagenet-hard-50-subset-2500__n02089867__ILSVRC2012_val_00034382.JPEG","166","Walker hound","161","basset","8,054688","161|162|166|163|176","basset|beagle|Walker hound|bloodhound|Saluki","8,054688|5,484375|4,375000|4,078125|3,929688","true"
"/private/var/containers/Bundle/Application/4D01D32A-B666-4384-B213-31BBF61E54F1/CVTestsSUI.app/imagenet-hard-50-subset-2500__n02089867__ILSVRC2012_val_00035767.JPEG","images/n02089867/imagenet-hard-50-subset-2500__n02089867__ILSVRC2012_val_00035767.JPEG","166","Walker hound","162","beagle","7,421875","162|166|167|161|263","beagle|Walker hound|English foxhound|basset|Pembroke","7,421875|5,785156|4,800781|4,773438|2,908203","true"
"/private/var/containers/Bundle/Application/4D01D32A-B666-4384-B213-31BBF61E54F1/CVTestsSUI.app/imagenet-hard-50-subset-2500__n02089867__ILSVRC2012_val_00039247.JPEG","images/n02089867/imagenet-hard-50-subset-2500__n02089867__ILSVRC2012_val_00039247.JPEG","166","Walker hound","162","beagle","6,652344","162|166|161|167|164","beagle|Walker hound|basset|English foxhound|bluetick","6,652344|6,355469|5,097656|4,269531|4,203125","true"
"/private/var/containers/Bundle/Application/4D01D32A-B666-4384-B213-31BBF61E54F1/CVTestsSUI.app/imagenet-hard-50-subset-2500__n02089867__ILSVRC2012_val_00044513.JPEG","images/n02089867/imagenet-hard-50-subset-2500__n02089867__ILSVRC2012_val_00044513.JPEG","166","Walker hound","162","beagle","6,308594","162|166|167|164|161","beagle|Walker hound|English foxhound|bluetick|basset","6,308594|5,734375|5,015625|3,019531|2,966797","true"
"/private/var/containers/Bundle/Application/4D01D32A-B666-4384-B213-31BBF61E54F1/CVTestsSUI.app/imagenet-hard-50-subset-2500__n02089867__ILSVRC2012_val_00046021.JPEG","images/n02089867/imagenet-hard-50-subset-2500__n02089867__ILSVRC2012_val_00046021.JPEG","166","Walker hound","172","whippet","6,496094","172|173|180|242|171","whippet|Ibizan hound|American Staffordshire terrier|boxer|Italian greyhound","6,496094|5,914062|5,195312|4,957031|4,703125","false"
"/private/var/containers/Bundle/Application/4D01D32A-B666-4384-B213-31BBF61E54F1/CVTestsSUI.app/imagenet-hard-50-subset-2500__n02089867__ILSVRC2012_val_00048592.JPEG","images/n02089867/imagenet-hard-50-subset-2500__n02089867__ILSVRC2012_val_00048592.JPEG","166","Walker hound","162","beagle","6,578125","162|166|167|161|164","beagle|Walker hound|English foxhound|basset|bluetick","6,578125|5,937500|4,437500|4,156250|3,966797","true"
"/private/var/containers/Bundle/Application/4D01D32A-B666-4384-B213-31BBF61E54F1/CVTestsSUI.app/imagenet-hard-50-subset-2500__n02089867__ILSVRC2012_val_00049809.JPEG","images/n02089867/imagenet-hard-50-subset-2500__n02089867__ILSVRC2012_val_00049809.JPEG","166","Walker hound","162","beagle","5,089844","162|166|167|158|182","beagle|Walker hound|English foxhound|toy terrier|Border terrier","5,089844|4,707031|3,505859|3,074219|2,658203","true"
"/private/var/containers/Bundle/Application/4D01D32A-B666-4384-B213-31BBF61E54F1/CVTestsSUI.app/imagenet-hard-50-subset-2500__n02089973__ILSVRC2012_val_00000028.JPEG","images/n02089973/imagenet-hard-50-subset-2500__n02089973__ILSVRC2012_val_00000028.JPEG","167","English foxhound","166","Walker hound","4,339844","166|162|253|180|167","Walker hound|beagle|basenji|American Staffordshire terrier|English foxhound","4,339844|3,964844|3,730469|3,662109|3,537109","true"
"/private/var/containers/Bundle/Application/4D01D32A-B666-4384-B213-31BBF61E54F1/CVTestsSUI.app/imagenet-hard-50-subset-2500__n02089973__ILSVRC2012_val_00000048.JPEG","images/n02089973/imagenet-hard-50-subset-2500__n02089973__ILSVRC2012_val_00000048.JPEG","167","English foxhound","162","beagle","5,183594","162|166|253|161|167","beagle|Walker hound|basenji|basset|English foxhound","5,183594|4,562500|4,132812|3,949219|3,628906","true"
"/private/var/containers/Bundle/Application/4D01D32A-B666-4384-B213-31BBF61E54F1/CVTestsSUI.app/imagenet-hard-50-subset-2500__n02089973__ILSVRC2012_val_00000237.JPEG","images/n02089973/imagenet-hard-50-subset-2500__n02089973__ILSVRC2012_val_00000237.JPEG","167","English foxhound","166","Walker hound","5,277344","166|167|212|210|161","Walker hound|English foxhound|English setter|German short-haired pointer|basset","5,277344|5,230469|4,343750|4,128906|4,046875","true"
"/private/var/containers/Bundle/Application/4D01D32A-B666-4384-B213-31BBF61E54F1/CVTestsSUI.app/imagenet-hard-50-subset-2500__n02089973__ILSVRC2012_val_00001128.JPEG","images/n02089973/imagenet-hard-50-subset-2500__n02089973__ILSVRC2012_val_00001128.JPEG","167","English foxhound","166","Walker hound","6,132812","166|167|162|161|164","Walker hound|English foxhound|beagle|basset|bluetick","6,132812|5,707031|4,789062|4,023438|3,337891","true"
"/private/var/containers/Bundle/Application/4D01D32A-B666-4384-B213-31BBF61E54F1/CVTestsSUI.app/imagenet-hard-50-subset-2500__n02089973__ILSVRC2012_val_00001696.JPEG","images/n02089973/imagenet-hard-50-subset-2500__n02089973__ILSVRC2012_val_00001696.JPEG","167","English foxhound","537","dogsled","4,914062","537|167|166|253|176","dogsled|English foxhound|Walker hound|basenji|Saluki","4,914062|4,679688|3,498047|3,431641|3,429688","true"
"/private/var/containers/Bundle/Application/4D01D32A-B666-4384-B213-31BBF61E54F1/CVTestsSUI.app/imagenet-hard-50-subset-2500__n02089973__ILSVRC2012_val_00001777.JPEG","images/n02089973/imagenet-hard-50-subset-2500__n02089973__ILSVRC2012_val_00001777.JPEG","167","English foxhound","166","Walker hound","6,250000","166|161|167|162|164","Walker hound|basset|English foxhound|beagle|bluetick","6,250000|5,824219|5,382812|4,425781|3,261719","true"
"/private/var/containers/Bundle/Application/4D01D32A-B666-4384-B213-31BBF61E54F1/CVTestsSUI.app/imagenet-hard-50-subset-2500__n02089973__ILSVRC2012_val_00003671.JPEG","images/n02089973/imagenet-hard-50-subset-2500__n02089973__ILSVRC2012_val_00003671.JPEG","167","English foxhound","162","beagle","6,359375","162|166|167|208|238","beagle|Walker hound|English foxhound|Labrador retriever|Greater Swiss Mountain dog","6,359375|5,187500|4,449219|4,054688|3,884766","true"
"/private/var/containers/Bundle/Application/4D01D32A-B666-4384-B213-31BBF61E54F1/CVTestsSUI.app/imagenet-hard-50-subset-2500__n02089973__ILSVRC2012_val_00004774.JPEG","images/n02089973/imagenet-hard-50-subset-2500__n02089973__ILSVRC2012_val_00004774.JPEG","167","English foxhound","162","beagle","5,226562","162|263|247|264|253","beagle|Pembroke|Saint Bernard|Cardigan|basenji","5,226562|4,972656|4,386719|4,230469|4,023438","false"
"/private/var/containers/Bundle/Application/4D01D32A-B666-4384-B213-31BBF61E54F1/CVTestsSUI.app/imagenet-hard-50-subset-2500__n02089973__ILSVRC2012_val_00004795.JPEG","images/n02089973/imagenet-hard-50-subset-2500__n02089973__ILSVRC2012_val_00004795.JPEG","167","English foxhound","166","Walker hound","5,187500","166|162|167|161|159","Walker hound|beagle|English foxhound|basset|Rhodesian ridgeback","5,187500|4,589844|4,500000|4,269531|3,701172","true"
"/private/var/containers/Bundle/Application/4D01D32A-B666-4384-B213-31BBF61E54F1/CVTestsSUI.app/imagenet-hard-50-subset-2500__n02089973__ILSVRC2012_val_00005943.JPEG","images/n02089973/imagenet-hard-50-subset-2500__n02089973__ILSVRC2012_val_00005943.JPEG","167","English foxhound","162","beagle","7,269531","162|166|161|253|171","beagle|Walker hound|basset|basenji|Italian greyhound","7,269531|5,968750|5,730469|5,234375|4,460938","false"
"/private/var/containers/Bundle/Application/4D01D32A-B666-4384-B213-31BBF61E54F1/CVTestsSUI.app/imagenet-hard-50-subset-2500__n02089973__ILSVRC2012_val_00006505.JPEG","images/n02089973/imagenet-hard-50-subset-2500__n02089973__ILSVRC2012_val_00006505.JPEG","167","English foxhound","215","Brittany spaniel","5,789062","215|162|166|211|238","Brittany spaniel|beagle|Walker hound|vizsla|Greater Swiss Mountain dog","5,789062|4,546875|3,187500|3,169922|2,804688","false"
"/private/var/containers/Bundle/Application/4D01D32A-B666-4384-B213-31BBF61E54F1/CVTestsSUI.app/imagenet-hard-50-subset-2500__n02089973__ILSVRC2012_val_00006815.JPEG","images/n02089973/imagenet-hard-50-subset-2500__n02089973__ILSVRC2012_val_00006815.JPEG","167","English foxhound","162","beagle","5,160156","162|156|167|166|157","beagle|Blenheim spaniel|English foxhound|Walker hound|papillon","5,160156|4,140625|3,468750|3,132812|3,033203","true"
"/private/var/containers/Bundle/Application/4D01D32A-B666-4384-B213-31BBF61E54F1/CVTestsSUI.app/imagenet-hard-50-subset-2500__n02089973__ILSVRC2012_val_00007850.JPEG","images/n02089973/imagenet-hard-50-subset-2500__n02089973__ILSVRC2012_val_00007850.JPEG","167","English foxhound","172","whippet","4,359375","172|167|166|246|180","whippet|English foxhound|Walker hound|Great Dane|American Staffordshire terrier","4,359375|4,191406|3,591797|3,507812|3,460938","true"
"/private/var/containers/Bundle/Application/4D01D32A-B666-4384-B213-31BBF61E54F1/CVTestsSUI.app/imagenet-hard-50-subset-2500__n02089973__ILSVRC2012_val_00010168.JPEG","images/n02089973/imagenet-hard-50-subset-2500__n02089973__ILSVRC2012_val_00010168.JPEG","167","English foxhound","162","beagle","5,578125","162|167|166|169|176","beagle|English foxhound|Walker hound|borzoi|Saluki","5,578125|5,550781|5,308594|4,207031|3,371094","true"
"/private/var/containers/Bundle/Application/4D01D32A-B666-4384-B213-31BBF61E54F1/CVTestsSUI.app/imagenet-hard-50-subset-2500__n02089973__ILSVRC2012_val_00011342.JPEG","images/n02089973/imagenet-hard-50-subset-2500__n02089973__ILSVRC2012_val_00011342.JPEG","167","English foxhound","161","basset","5,621094","161|543|162|166|447","basset|dumbbell|beagle|Walker hound|binoculars","5,621094|4,605469|4,390625|4,214844|3,244141","false"
"/private/var/containers/Bundle/Application/4D01D32A-B666-4384-B213-31BBF61E54F1/CVTestsSUI.app/imagenet-hard-50-subset-2500__n02089973__ILSVRC2012_val_00011586.JPEG","images/n02089973/imagenet-hard-50-subset-2500__n02089973__ILSVRC2012_val_00011586.JPEG","167","English foxhound","215","Brittany spaniel","4,875000","215|167|166|162|173","Brittany spaniel|English foxhound|Walker hound|beagle|Ibizan hound","4,875000|4,519531|4,445312|3,560547|3,537109","true"
"/private/var/containers/Bundle/Application/4D01D32A-B666-4384-B213-31BBF61E54F1/CVTestsSUI.app/imagenet-hard-50-subset-2500__n02089973__ILSVRC2012_val_00012875.JPEG","images/n02089973/imagenet-hard-50-subset-2500__n02089973__ILSVRC2012_val_00012875.JPEG","167","English foxhound","162","beagle","5,976562","162|166|167|161|215","beagle|Walker hound|English foxhound|basset|Brittany spaniel","5,976562|5,457031|5,250000|4,496094|3,685547","true"
"/private/var/containers/Bundle/Application/4D01D32A-B666-4384-B213-31BBF61E54F1/CVTestsSUI.app/imagenet-hard-50-subset-2500__n02089973__ILSVRC2012_val_00018202.JPEG","images/n02089973/imagenet-hard-50-subset-2500__n02089973__ILSVRC2012_val_00018202.JPEG","167","English foxhound","166","Walker hound","4,132812","166|167|172|162|161","Walker hound|English foxhound|whippet|beagle|basset","4,132812|3,984375|3,574219|3,330078|3,197266","true"
"/private/var/containers/Bundle/Application/4D01D32A-B666-4384-B213-31BBF61E54F1/CVTestsSUI.app/imagenet-hard-50-subset-2500__n02089973__ILSVRC2012_val_00020403.JPEG","images/n02089973/imagenet-hard-50-subset-2500__n02089973__ILSVRC2012_val_00020403.JPEG","167","English foxhound","162","beagle","5,550781","162|166|167|242|180","beagle|Walker hound|English foxhound|boxer|American Staffordshire terrier","5,550781|5,476562|4,960938|3,365234|2,937500","true"
"/private/var/containers/Bundle/Application/4D01D32A-B666-4384-B213-31BBF61E54F1/CVTestsSUI.app/imagenet-hard-50-subset-2500__n02089973__ILSVRC2012_val_00025914.JPEG","images/n02089973/imagenet-hard-50-subset-2500__n02089973__ILSVRC2012_val_00025914.JPEG","167","English foxhound","162","beagle","6,269531","162|166|167|161|247","beagle|Walker hound|English foxhound|basset|Saint Bernard","6,269531|5,765625|5,515625|3,816406|3,140625","true"
"/private/var/containers/Bundle/Application/4D01D32A-B666-4384-B213-31BBF61E54F1/CVTestsSUI.app/imagenet-hard-50-subset-2500__n02089973__ILSVRC2012_val_00029164.JPEG","images/n02089973/imagenet-hard-50-subset-2500__n02089973__ILSVRC2012_val_00029164.JPEG","167","English foxhound","162","beagle","4,750000","162|161|168|166|171","beagle|basset|redbone|Walker hound|Italian greyhound","4,750000|3,892578|3,871094|3,779297|3,519531","false"
"/private/var/containers/Bundle/Application/4D01D32A-B666-4384-B213-31BBF61E54F1/CVTestsSUI.app/imagenet-hard-50-subset-2500__n02089973__ILSVRC2012_val_00031859.JPEG","images/n02089973/imagenet-hard-50-subset-2500__n02089973__ILSVRC2012_val_00031859.JPEG","167","English foxhound","227","kelpie","4,582031","227|246|176|171|173","kelpie|Great Dane|Saluki|Italian greyhound|Ibizan hound","4,582031|4,500000|4,042969|3,947266|3,828125","false"
"/private/var/containers/Bundle/Application/4D01D32A-B666-4384-B213-31BBF61E54F1/CVTestsSUI.app/imagenet-hard-50-subset-2500__n02089973__ILSVRC2012_val_00033378.JPEG","images/n02089973/imagenet-hard-50-subset-2500__n02089973__ILSVRC2012_val_00033378.JPEG","167","English foxhound","166","Walker hound","4,839844","166|162|167|242|208","Walker hound|beagle|English foxhound|boxer|Labrador retriever","4,839844|4,660156|4,492188|4,414062|4,273438","true"
"/private/var/containers/Bundle/Application/4D01D32A-B666-4384-B213-31BBF61E54F1/CVTestsSUI.app/imagenet-hard-50-subset-2500__n02089973__ILSVRC2012_val_00033611.JPEG","images/n02089973/imagenet-hard-50-subset-2500__n02089973__ILSVRC2012_val_00033611.JPEG","167","English foxhound","166","Walker hound","4,476562","166|162|208|167|245","Walker hound|beagle|Labrador retriever|English foxhound|French bulldog","4,476562|4,371094|3,812500|3,603516|3,218750","true"
"/private/var/containers/Bundle/Application/4D01D32A-B666-4384-B213-31BBF61E54F1/CVTestsSUI.app/imagenet-hard-50-subset-2500__n02089973__ILSVRC2012_val_00033633.JPEG","images/n02089973/imagenet-hard-50-subset-2500__n02089973__ILSVRC2012_val_00033633.JPEG","167","English foxhound","162","beagle","6,734375","162|166|167|161|215","beagle|Walker hound|English foxhound|basset|Brittany spaniel","6,734375|4,617188|4,355469|3,824219|3,166016","true"
"/private/var/containers/Bundle/Application/4D01D32A-B666-4384-B213-31BBF61E54F1/CVTestsSUI.app/imagenet-hard-50-subset-2500__n02089973__ILSVRC2012_val_00033666.JPEG","images/n02089973/imagenet-hard-50-subset-2500__n02089973__ILSVRC2012_val_00033666.JPEG","167","English foxhound","166","Walker hound","4,445312","166|162|241|240|159","Walker hound|beagle|EntleBucher|Appenzeller|Rhodesian ridgeback","4,445312|3,859375|3,544922|3,476562|3,289062","false"
"/private/var/containers/Bundle/Application/4D01D32A-B666-4384-B213-31BBF61E54F1/CVTestsSUI.app/imagenet-hard-50-subset-2500__n02089973__ILSVRC2012_val_00033862.JPEG","images/n02089973/imagenet-hard-50-subset-2500__n02089973__ILSVRC2012_val_00033862.JPEG","167","English foxhound","215","Brittany spaniel","4,695312","215|210|167|166|246","Brittany spaniel|German short-haired pointer|English foxhound|Walker hound|Great Dane","4,695312|4,656250|4,621094|4,226562|3,552734","true"
"/private/var/containers/Bundle/Application/4D01D32A-B666-4384-B213-31BBF61E54F1/CVTestsSUI.app/imagenet-hard-50-subset-2500__n02089973__ILSVRC2012_val_00034690.JPEG","images/n02089973/imagenet-hard-50-subset-2500__n02089973__ILSVRC2012_val_00034690.JPEG","167","English foxhound","166","Walker hound","8,054688","166|162|167|161|164","Walker hound|beagle|English foxhound|basset|bluetick","8,054688|6,882812|6,851562|4,917969|4,128906","true"
"/private/var/containers/Bundle/Application/4D01D32A-B666-4384-B213-31BBF61E54F1/CVTestsSUI.app/imagenet-hard-50-subset-2500__n02089973__ILSVRC2012_val_00036191.JPEG","images/n02089973/imagenet-hard-50-subset-2500__n02089973__ILSVRC2012_val_00036191.JPEG","167","English foxhound","168","redbone","4,675781","168|162|159|208|207","redbone|beagle|Rhodesian ridgeback|Labrador retriever|golden retriever","4,675781|3,675781|3,326172|3,158203|3,027344","false"
"/private/var/containers/Bundle/Application/4D01D32A-B666-4384-B213-31BBF61E54F1/CVTestsSUI.app/imagenet-hard-50-subset-2500__n02089973__ILSVRC2012_val_00036728.JPEG","images/n02089973/imagenet-hard-50-subset-2500__n02089973__ILSVRC2012_val_00036728.JPEG","167","English foxhound","162","beagle","7,480469","162|167|166|161|163","beagle|English foxhound|Walker hound|basset|bloodhound","7,480469|6,781250|6,464844|5,207031|3,650391","true"
"/private/var/containers/Bundle/Application/4D01D32A-B666-4384-B213-31BBF61E54F1/CVTestsSUI.app/imagenet-hard-50-subset-2500__n02089973__ILSVRC2012_val_00036938.JPEG","images/n02089973/imagenet-hard-50-subset-2500__n02089973__ILSVRC2012_val_00036938.JPEG","167","English foxhound","162","beagle","6,937500","162|167|166|168|161","beagle|English foxhound|Walker hound|redbone|basset","6,937500|4,652344|4,535156|4,320312|3,287109","true"
"/private/var/containers/Bundle/Application/4D01D32A-B666-4384-B213-31BBF61E54F1/CVTestsSUI.app/imagenet-hard-50-subset-2500__n02089973__ILSVRC2012_val_00037826.JPEG","images/n02089973/imagenet-hard-50-subset-2500__n02089973__ILSVRC2012_val_00037826.JPEG","167","English foxhound","242","boxer","4,472656","242|162|180|245|179","boxer|beagle|American Staffordshire terrier|French bulldog|Staffordshire bullterrier","4,472656|4,382812|4,132812|3,759766|3,652344","false"
"/private/var/containers/Bundle/Application/4D01D32A-B666-4384-B213-31BBF61E54F1/CVTestsSUI.app/imagenet-hard-50-subset-2500__n02089973__ILSVRC2012_val_00038676.JPEG","images/n02089973/imagenet-hard-50-subset-2500__n02089973__ILSVRC2012_val_00038676.JPEG","167","English foxhound","166","Walker hound","7,949219","166|167|161|162|176","Walker hound|English foxhound|basset|beagle|Saluki","7,949219|7,437500|6,464844|6,246094|3,837891","true"
"/private/var/containers/Bundle/Application/4D01D32A-B666-4384-B213-31BBF61E54F1/CVTestsSUI.app/imagenet-hard-50-subset-2500__n02089973__ILSVRC2012_val_00038944.JPEG","images/n02089973/imagenet-hard-50-subset-2500__n02089973__ILSVRC2012_val_00038944.JPEG","167","English foxhound","159","Rhodesian ridgeback","4,835938","159|166|168|167|162","Rhodesian ridgeback|Walker hound|redbone|English foxhound|beagle","4,835938|4,632812|4,375000|4,000000|3,777344","true"
"/private/var/containers/Bundle/Application/4D01D32A-B666-4384-B213-31BBF61E54F1/CVTestsSUI.app/imagenet-hard-50-subset-2500__n02089973__ILSVRC2012_val_00039528.JPEG","images/n02089973/imagenet-hard-50-subset-2500__n02089973__ILSVRC2012_val_00039528.JPEG","167","English foxhound","159","Rhodesian ridgeback","5,429688","159|168|167|166|208","Rhodesian ridgeback|redbone|English foxhound|Walker hound|Labrador retriever","5,429688|4,679688|3,943359|3,898438|3,603516","true"
"/private/var/containers/Bundle/Application/4D01D32A-B666-4384-B213-31BBF61E54F1/CVTestsSUI.app/imagenet-hard-50-subset-2500__n02089973__ILSVRC2012_val_00040069.JPEG","images/n02089973/imagenet-hard-50-subset-2500__n02089973__ILSVRC2012_val_00040069.JPEG","167","English foxhound","164","bluetick","5,976562","164|167|166|210|162","bluetick|English foxhound|Walker hound|German short-haired pointer|beagle","5,976562|5,152344|4,480469|3,744141|3,580078","true"
"/private/var/containers/Bundle/Application/4D01D32A-B666-4384-B213-31BBF61E54F1/CVTestsSUI.app/imagenet-hard-50-subset-2500__n02089973__ILSVRC2012_val_00042318.JPEG","images/n02089973/imagenet-hard-50-subset-2500__n02089973__ILSVRC2012_val_00042318.JPEG","167","English foxhound","166","Walker hound","5,691406","166|162|242|180|167","Walker hound|beagle|boxer|American Staffordshire terrier|English foxhound","5,691406|5,093750|4,753906|4,742188|4,648438","true"
"/private/var/containers/Bundle/Application/4D01D32A-B666-4384-B213-31BBF61E54F1/CVTestsSUI.app/imagenet-hard-50-subset-2500__n02089973__ILSVRC2012_val_00043341.JPEG","images/n02089973/imagenet-hard-50-subset-2500__n02089973__ILSVRC2012_val_00043341.JPEG","167","English foxhound","166","Walker hound","4,503906","166|161|167|162|163","Walker hound|basset|English foxhound|beagle|bloodhound","4,503906|4,390625|4,246094|4,175781|3,953125","true"
"/private/var/containers/Bundle/Application/4D01D32A-B666-4384-B213-31BBF61E54F1/CVTestsSUI.app/imagenet-hard-50-subset-2500__n02089973__ILSVRC2012_val_00043610.JPEG","images/n02089973/imagenet-hard-50-subset-2500__n02089973__ILSVRC2012_val_00043610.JPEG","167","English foxhound","162","beagle","5,453125","162|166|167|253|215","beagle|Walker hound|English foxhound|basenji|Brittany spaniel","5,453125|5,417969|4,675781|4,355469|3,330078","true"
"/private/var/containers/Bundle/Application/4D01D32A-B666-4384-B213-31BBF61E54F1/CVTestsSUI.app/imagenet-hard-50-subset-2500__n02089973__ILSVRC2012_val_00045799.JPEG","images/n02089973/imagenet-hard-50-subset-2500__n02089973__ILSVRC2012_val_00045799.JPEG","167","English foxhound","166","Walker hound","6,843750","166|167|246|162|215","Walker hound|English foxhound|Great Dane|beagle|Brittany spaniel","6,843750|6,195312|4,593750|4,441406|4,050781","true"
"/private/var/containers/Bundle/Application/4D01D32A-B666-4384-B213-31BBF61E54F1/CVTestsSUI.app/imagenet-hard-50-subset-2500__n02089973__ILSVRC2012_val_00046454.JPEG","images/n02089973/imagenet-hard-50-subset-2500__n02089973__ILSVRC2012_val_00046454.JPEG","167","English foxhound","166","Walker hound","5,835938","166|167|162|172|173","Walker hound|English foxhound|beagle|whippet|Ibizan hound","5,835938|5,476562|3,716797|3,333984|3,154297","true"
"/private/var/containers/Bundle/Application/4D01D32A-B666-4384-B213-31BBF61E54F1/CVTestsSUI.app/imagenet-hard-50-subset-2500__n02089973__ILSVRC2012_val_00048188.JPEG","images/n02089973/imagenet-hard-50-subset-2500__n02089973__ILSVRC2012_val_00048188.JPEG","167","English foxhound","180","American Staffordshire terrier","3,609375","180|179|162|242|172","American Staffordshire terrier|Staffordshire bullterrier|beagle|boxer|whippet","3,609375|3,601562|3,390625|2,748047|2,587891","false"
"/private/var/containers/Bundle/Application/4D01D32A-B666-4384-B213-31BBF61E54F1/CVTestsSUI.app/imagenet-hard-50-subset-2500__n02090379__ILSVRC2012_val_00001267.JPEG","images/n02090379/imagenet-hard-50-subset-2500__n02090379__ILSVRC2012_val_00001267.JPEG","168","redbone","237","miniature pinscher","5,203125","237|168|253|268|211","miniature pinscher|redbone|basenji|Mexican hairless|vizsla","5,203125|5,015625|4,496094|4,433594|4,332031","true"
"/private/var/containers/Bundle/Application/4D01D32A-B666-4384-B213-31BBF61E54F1/CVTestsSUI.app/imagenet-hard-50-subset-2500__n02090379__ILSVRC2012_val_00002933.JPEG","images/n02090379/imagenet-hard-50-subset-2500__n02090379__ILSVRC2012_val_00002933.JPEG","168","redbone","225","malinois","3,740234","225|291|180|243|385","malinois|lion|American Staffordshire terrier|bull mastiff|Indian elephant","3,740234|3,408203|3,367188|3,271484|3,126953","false"
"/private/var/containers/Bundle/Application/4D01D32A-B666-4384-B213-31BBF61E54F1/CVTestsSUI.app/imagenet-hard-50-subset-2500__n02090379__ILSVRC2012_val_00011798.JPEG","images/n02090379/imagenet-hard-50-subset-2500__n02090379__ILSVRC2012_val_00011798.JPEG","168","redbone","213","Irish setter","5,382812","213|211|168|209|163","Irish setter|vizsla|redbone|Chesapeake Bay retriever|bloodhound","5,382812|4,671875|4,636719|4,351562|4,175781","true"
"/private/var/containers/Bundle/Application/4D01D32A-B666-4384-B213-31BBF61E54F1/CVTestsSUI.app/imagenet-hard-50-subset-2500__n02090379__ILSVRC2012_val_00020739.JPEG","images/n02090379/imagenet-hard-50-subset-2500__n02090379__ILSVRC2012_val_00020739.JPEG","168","redbone","171","Italian greyhound","6,246094","171|168|237|159|268","Italian greyhound|redbone|miniature pinscher|Rhodesian ridgeback|Mexican hairless","6,246094|6,226562|5,539062|5,238281|3,888672","true"
"/private/var/containers/Bundle/Application/4D01D32A-B666-4384-B213-31BBF61E54F1/CVTestsSUI.app/imagenet-hard-50-subset-2500__n02090379__ILSVRC2012_val_00021575.JPEG","images/n02090379/imagenet-hard-50-subset-2500__n02090379__ILSVRC2012_val_00021575.JPEG","168","redbone","211","vizsla","5,601562","211|168|159|178|213","vizsla|redbone|Rhodesian ridgeback|Weimaraner|Irish setter","5,601562|5,238281|4,304688|3,482422|3,150391","true"
"/private/var/containers/Bundle/Application/4D01D32A-B666-4384-B213-31BBF61E54F1/CVTestsSUI.app/imagenet-hard-50-subset-2500__n02090379__ILSVRC2012_val_00030696.JPEG","images/n02090379/imagenet-hard-50-subset-2500__n02090379__ILSVRC2012_val_00030696.JPEG","168","redbone","159","Rhodesian ridgeback","5,906250","159|168|242|211|243","Rhodesian ridgeback|redbone|boxer|vizsla|bull mastiff","5,906250|4,777344|4,609375|3,486328|3,335938","true"
"/private/var/containers/Bundle/Application/4D01D32A-B666-4384-B213-31BBF61E54F1/CVTestsSUI.app/imagenet-hard-50-subset-2500__n02090379__ILSVRC2012_val_00031821.JPEG","images/n02090379/imagenet-hard-50-subset-2500__n02090379__ILSVRC2012_val_00031821.JPEG","168","redbone","159","Rhodesian ridgeback","5,968750","159|168|180|179|237","Rhodesian ridgeback|redbone|American Staffordshire terrier|Staffordshire bullterrier|miniature pinscher","5,968750|4,269531|3,683594|3,638672|3,160156","true"
"/private/var/containers/Bundle/Application/4D01D32A-B666-4384-B213-31BBF61E54F1/CVTestsSUI.app/imagenet-hard-50-subset-2500__n02090379__ILSVRC2012_val_00032746.JPEG","images/n02090379/imagenet-hard-50-subset-2500__n02090379__ILSVRC2012_val_00032746.JPEG","168","redbone","180","American Staffordshire terrier","6,445312","180|179|227|237|151","American Staffordshire terrier|Staffordshire bullterrier|kelpie|miniature pinscher|Chihuahua","6,445312|5,468750|5,054688|4,074219|3,789062","false"
"/private/var/containers/Bundle/Application/4D01D32A-B666-4384-B213-31BBF61E54F1/CVTestsSUI.app/imagenet-hard-50-subset-2500__n02090379__ILSVRC2012_val_00035689.JPEG","images/n02090379/imagenet-hard-50-subset-2500__n02090379__ILSVRC2012_val_00035689.JPEG","168","redbone","180","American Staffordshire terrier","4,722656","180|159|179|168|184","American Staffordshire terrier|Rhodesian ridgeback|Staffordshire bullterrier|redbone|Irish terrier","4,722656|4,574219|4,539062|3,546875|3,236328","true"
"/private/var/containers/Bundle/Application/4D01D32A-B666-4384-B213-31BBF61E54F1/CVTestsSUI.app/imagenet-hard-50-subset-2500__n02090379__ILSVRC2012_val_00038737.JPEG","images/n02090379/imagenet-hard-50-subset-2500__n02090379__ILSVRC2012_val_00038737.JPEG","168","redbone","207","golden retriever","4,046875","207|168|208|159|162","golden retriever|redbone|Labrador retriever|Rhodesian ridgeback|beagle","4,046875|3,947266|3,712891|3,582031|3,339844","true"
"/private/var/containers/Bundle/Application/4D01D32A-B666-4384-B213-31BBF61E54F1/CVTestsSUI.app/imagenet-hard-50-subset-2500__n02090379__ILSVRC2012_val_00042442.JPEG","images/n02090379/imagenet-hard-50-subset-2500__n02090379__ILSVRC2012_val_00042442.JPEG","168","redbone","159","Rhodesian ridgeback","7,082031","159|168|180|179|163","Rhodesian ridgeback|redbone|American Staffordshire terrier|Staffordshire bullterrier|bloodhound","7,082031|6,433594|5,023438|4,824219|4,617188","true"
"/private/var/containers/Bundle/Application/4D01D32A-B666-4384-B213-31BBF61E54F1/CVTestsSUI.app/imagenet-hard-50-subset-2500__n02090379__ILSVRC2012_val_00043888.JPEG","images/n02090379/imagenet-hard-50-subset-2500__n02090379__ILSVRC2012_val_00043888.JPEG","168","redbone","211","vizsla","5,941406","211|168|159|209|243","vizsla|redbone|Rhodesian ridgeback|Chesapeake Bay retriever|bull mastiff","5,941406|4,984375|4,949219|4,839844|3,082031","true"
"/private/var/containers/Bundle/Application/4D01D32A-B666-4384-B213-31BBF61E54F1/CVTestsSUI.app/imagenet-hard-50-subset-2500__n02090379__ILSVRC2012_val_00044444.JPEG","images/n02090379/imagenet-hard-50-subset-2500__n02090379__ILSVRC2012_val_00044444.JPEG","168","redbone","159","Rhodesian ridgeback","4,429688","159|168|162|208|180","Rhodesian ridgeback|redbone|beagle|Labrador retriever|American Staffordshire terrier","4,429688|4,046875|3,664062|3,552734|3,154297","true"
"/private/var/containers/Bundle/Application/4D01D32A-B666-4384-B213-31BBF61E54F1/CVTestsSUI.app/imagenet-hard-50-subset-2500__n02090622__ILSVRC2012_val_00013804.JPEG","images/n02090622/imagenet-hard-50-subset-2500__n02090622__ILSVRC2012_val_00013804.JPEG","169","borzoi","258","Samoyed","5,074219","258|270|248|250|169","Samoyed|white wolf|Eskimo dog|Siberian husky|borzoi","5,074219|4,765625|4,246094|3,621094|3,501953","true"
"/private/var/containers/Bundle/Application/4D01D32A-B666-4384-B213-31BBF61E54F1/CVTestsSUI.app/imagenet-hard-50-subset-2500__n02090622__ILSVRC2012_val_00020810.JPEG","images/n02090622/imagenet-hard-50-subset-2500__n02090622__ILSVRC2012_val_00020810.JPEG","169","borzoi","208","Labrador retriever","4,433594","208|169|257|248|222","Labrador retriever|borzoi|Great Pyrenees|Eskimo dog|kuvasz","4,433594|3,716797|3,326172|3,208984|3,097656","true"
"/private/var/containers/Bundle/Application/4D01D32A-B666-4384-B213-31BBF61E54F1/CVTestsSUI.app/imagenet-hard-50-subset-2500__n02090622__ILSVRC2012_val_00038397.JPEG","images/n02090622/imagenet-hard-50-subset-2500__n02090622__ILSVRC2012_val_00038397.JPEG","169","borzoi","212","English setter","5,894531","212|169|257|222|258","English setter|borzoi|Great Pyrenees|kuvasz|Samoyed","5,894531|5,167969|4,929688|4,253906|3,835938","true"
"/private/var/containers/Bundle/Application/4D01D32A-B666-4384-B213-31BBF61E54F1/CVTestsSUI.app/imagenet-hard-50-subset-2500__n02090622__ILSVRC2012_val_00046420.JPEG","images/n02090622/imagenet-hard-50-subset-2500__n02090622__ILSVRC2012_val_00046420.JPEG","169","borzoi","257","Great Pyrenees","5,703125","257|222|208|207|248","Great Pyrenees|kuvasz|Labrador retriever|golden retriever|Eskimo dog","5,703125|4,585938|3,908203|3,890625|3,726562","false"
"/private/var/containers/Bundle/Application/4D01D32A-B666-4384-B213-31BBF61E54F1/CVTestsSUI.app/imagenet-hard-50-subset-2500__n02090721__ILSVRC2012_val_00001765.JPEG","images/n02090721/imagenet-hard-50-subset-2500__n02090721__ILSVRC2012_val_00001765.JPEG","170","Irish wolfhound","172","whippet","6,550781","172|246|176|177|178","whippet|Great Dane|Saluki|Scottish deerhound|Weimaraner","6,550781|6,546875|5,375000|4,320312|4,183594","false"
"/private/var/containers/Bundle/Application/4D01D32A-B666-4384-B213-31BBF61E54F1/CVTestsSUI.app/imagenet-hard-50-subset-2500__n02090721__ILSVRC2012_val_00005946.JPEG","images/n02090721/imagenet-hard-50-subset-2500__n02090721__ILSVRC2012_val_00005946.JPEG","170","Irish wolfhound","177","Scottish deerhound","6,226562","177|170|233|169|175","Scottish deerhound|Irish wolfhound|Bouvier des Flandres|borzoi|otterhound","6,226562|5,820312|3,673828|3,636719|3,611328","true"
"/private/var/containers/Bundle/Application/4D01D32A-B666-4384-B213-31BBF61E54F1/CVTestsSUI.app/imagenet-hard-50-subset-2500__n02090721__ILSVRC2012_val_00006627.JPEG","images/n02090721/imagenet-hard-50-subset-2500__n02090721__ILSVRC2012_val_00006627.JPEG","170","Irish wolfhound","222","kuvasz","4,324219","222|181|188|327|270","kuvasz|Bedlington terrier|wire-haired fox terrier|starfish|white wolf","4,324219|4,234375|3,414062|3,373047|3,175781","false"
"/private/var/containers/Bundle/Application/4D01D32A-B666-4384-B213-31BBF61E54F1/CVTestsSUI.app/imagenet-hard-50-subset-2500__n02090721__ILSVRC2012_val_00008739.JPEG","images/n02090721/imagenet-hard-50-subset-2500__n02090721__ILSVRC2012_val_00008739.JPEG","170","Irish wolfhound","177","Scottish deerhound","6,371094","177|170|233|198|197","Scottish deerhound|Irish wolfhound|Bouvier des Flandres|standard schnauzer|giant schnauzer","6,371094|5,734375|3,292969|2,957031|2,843750","true"
"/private/var/containers/Bundle/Application/4D01D32A-B666-4384-B213-31BBF61E54F1/CVTestsSUI.app/imagenet-hard-50-subset-2500__n02090721__ILSVRC2012_val_00011311.JPEG","images/n02090721/imagenet-hard-50-subset-2500__n02090721__ILSVRC2012_val_00011311.JPEG","170","Irish wolfhound","256","Newfoundland","7,105469","256|170|205|224|177","Newfoundland|Irish wolfhound|flat-coated retriever|groenendael|Scottish deerhound","7,105469|7,101562|6,593750|6,261719|5,937500","true"
"/private/var/containers/Bundle/Application/4D01D32A-B666-4384-B213-31BBF61E54F1/CVTestsSUI.app/imagenet-hard-50-subset-2500__n02090721__ILSVRC2012_val_00013817.JPEG","images/n02090721/imagenet-hard-50-subset-2500__n02090721__ILSVRC2012_val_00013817.JPEG","170","Irish wolfhound","177","Scottish deerhound","6,843750","177|170|176|169|267","Scottish deerhound|Irish wolfhound|Saluki|borzoi|standard poodle","6,843750|6,167969|3,351562|2,937500|2,847656","true"
"/private/var/containers/Bundle/Application/4D01D32A-B666-4384-B213-31BBF61E54F1/CVTestsSUI.app/imagenet-hard-50-subset-2500__n02090721__ILSVRC2012_val_00014293.JPEG","images/n02090721/imagenet-hard-50-subset-2500__n02090721__ILSVRC2012_val_00014293.JPEG","170","Irish wolfhound","208","Labrador retriever","4,824219","208|188|169|167|222","Labrador retriever|wire-haired fox terrier|borzoi|English foxhound|kuvasz","4,824219|4,742188|4,554688|4,464844|4,421875","false"
"/private/var/containers/Bundle/Application/4D01D32A-B666-4384-B213-31BBF61E54F1/CVTestsSUI.app/imagenet-hard-50-subset-2500__n02090721__ILSVRC2012_val_00015050.JPEG","images/n02090721/imagenet-hard-50-subset-2500__n02090721__ILSVRC2012_val_00015050.JPEG","170","Irish wolfhound","224","groenendael","7,304688","224|205|223|256|177","groenendael|flat-coated retriever|schipperke|Newfoundland|Scottish deerhound","7,304688|4,152344|3,820312|3,548828|3,236328","false"
"/private/var/containers/Bundle/Application/4D01D32A-B666-4384-B213-31BBF61E54F1/CVTestsSUI.app/imagenet-hard-50-subset-2500__n02090721__ILSVRC2012_val_00017327.JPEG","images/n02090721/imagenet-hard-50-subset-2500__n02090721__ILSVRC2012_val_00017327.JPEG","170","Irish wolfhound","202","soft-coated wheaten terrier","5,562500","202|192|189|266|184","soft-coated wheaten terrier|cairn|Lakeland terrier|miniature poodle|Irish terrier","5,562500|4,210938|4,093750|3,832031|3,662109","false"
"/private/var/containers/Bundle/Application/4D01D32A-B666-4384-B213-31BBF61E54F1/CVTestsSUI.app/imagenet-hard-50-subset-2500__n02090721__ILSVRC2012_val_00020375.JPEG","images/n02090721/imagenet-hard-50-subset-2500__n02090721__ILSVRC2012_val_00020375.JPEG","170","Irish wolfhound","177","Scottish deerhound","5,843750","177|170|176|172|169","Scottish deerhound|Irish wolfhound|Saluki|whippet|borzoi","5,843750|5,449219|4,457031|3,892578|3,128906","true"
"/private/var/containers/Bundle/Application/4D01D32A-B666-4384-B213-31BBF61E54F1/CVTestsSUI.app/imagenet-hard-50-subset-2500__n02090721__ILSVRC2012_val_00022071.JPEG","images/n02090721/imagenet-hard-50-subset-2500__n02090721__ILSVRC2012_val_00022071.JPEG","170","Irish wolfhound","221","Irish water spaniel","8,000000","221|267|206|266|183","Irish water spaniel|standard poodle|curly-coated retriever|miniature poodle|Kerry blue terrier","8,000000|4,750000|4,582031|3,808594|2,351562","false"
"/private/var/containers/Bundle/Application/4D01D32A-B666-4384-B213-31BBF61E54F1/CVTestsSUI.app/imagenet-hard-50-subset-2500__n02090721__ILSVRC2012_val_00026728.JPEG","images/n02090721/imagenet-hard-50-subset-2500__n02090721__ILSVRC2012_val_00026728.JPEG","170","Irish wolfhound","160","Afghan hound","6,246094","160|267|226|354|247","Afghan hound|standard poodle|briard|Arabian camel|Saint Bernard","6,246094|3,939453|3,878906|3,359375|3,306641","false"
"/private/var/containers/Bundle/Application/4D01D32A-B666-4384-B213-31BBF61E54F1/CVTestsSUI.app/imagenet-hard-50-subset-2500__n02090721__ILSVRC2012_val_00027682.JPEG","images/n02090721/imagenet-hard-50-subset-2500__n02090721__ILSVRC2012_val_00027682.JPEG","170","Irish wolfhound","267","standard poodle","5,304688","267|170|181|188|189","standard poodle|Irish wolfhound|Bedlington terrier|wire-haired fox terrier|Lakeland terrier","5,304688|4,722656|4,242188|4,203125|4,136719","true"
"/private/var/containers/Bundle/Application/4D01D32A-B666-4384-B213-31BBF61E54F1/CVTestsSUI.app/imagenet-hard-50-subset-2500__n02090721__ILSVRC2012_val_00030412.JPEG","images/n02090721/imagenet-hard-50-subset-2500__n02090721__ILSVRC2012_val_00030412.JPEG","170","Irish wolfhound","177","Scottish deerhound","5,757812","177|233|170|226|204","Scottish deerhound|Bouvier des Flandres|Irish wolfhound|briard|Lhasa","5,757812|4,722656|4,558594|4,175781|4,066406","true"
"/private/var/containers/Bundle/Application/4D01D32A-B666-4384-B213-31BBF61E54F1/CVTestsSUI.app/imagenet-hard-50-subset-2500__n02090721__ILSVRC2012_val_00042118.JPEG","images/n02090721/imagenet-hard-50-subset-2500__n02090721__ILSVRC2012_val_00042118.JPEG","170","Irish wolfhound","192","cairn","6,445312","192|226|186|199|203","cairn|briard|Norwich terrier|Scotch terrier|West Highland white terrier","6,445312|4,835938|4,382812|4,066406|4,023438","false"
"/private/var/containers/Bundle/Application/4D01D32A-B666-4384-B213-31BBF61E54F1/CVTestsSUI.app/imagenet-hard-50-subset-2500__n02090721__ILSVRC2012_val_00043205.JPEG","images/n02090721/imagenet-hard-50-subset-2500__n02090721__ILSVRC2012_val_00043205.JPEG","170","Irish wolfhound","177","Scottish deerhound","6,996094","177|170|197|256|233","Scottish deerhound|Irish wolfhound|giant schnauzer|Newfoundland|Bouvier des Flandres","6,996094|6,355469|4,195312|3,812500|3,781250","true"
"/private/var/containers/Bundle/Application/4D01D32A-B666-4384-B213-31BBF61E54F1/CVTestsSUI.app/imagenet-hard-50-subset-2500__n02090721__ILSVRC2012_val_00049015.JPEG","images/n02090721/imagenet-hard-50-subset-2500__n02090721__ILSVRC2012_val_00049015.JPEG","170","Irish wolfhound","169","borzoi","8,414062","169|222|176|173|170","borzoi|kuvasz|Saluki|Ibizan hound|Irish wolfhound","8,414062|5,917969|5,097656|4,832031|4,437500","true"
"/private/var/containers/Bundle/Application/4D01D32A-B666-4384-B213-31BBF61E54F1/CVTestsSUI.app/imagenet-hard-50-subset-2500__n02090721__ILSVRC2012_val_00049744.JPEG","images/n02090721/imagenet-hard-50-subset-2500__n02090721__ILSVRC2012_val_00049744.JPEG","170","Irish wolfhound","169","borzoi","11,062500","169|222|212|176|177","borzoi|kuvasz|English setter|Saluki|Scottish deerhound","11,062500|6,164062|5,730469|5,121094|4,132812","false"
"/private/var/containers/Bundle/Application/4D01D32A-B666-4384-B213-31BBF61E54F1/CVTestsSUI.app/imagenet-hard-50-subset-2500__n01530575__ILSVRC2012_val_00004006.JPEG","images/n01530575/imagenet-hard-50-subset-2500__n01530575__ILSVRC2012_val_00004006.JPEG","10","brambling","58","water snake","4,796875","58|858|110|6|53","water snake|tile roof|flatworm|stingray|ringneck snake","4,796875|4,609375|4,191406|3,644531|3,572266","false"
"/private/var/containers/Bundle/Application/4D01D32A-B666-4384-B213-31BBF61E54F1/CVTestsSUI.app/imagenet-hard-50-subset-2500__n01530575__ILSVRC2012_val_00013512.JPEG","images/n01530575/imagenet-hard-50-subset-2500__n01530575__ILSVRC2012_val_00013512.JPEG","10","brambling","13","junco","5,296875","13|12|15|16|85","junco|house finch|robin|bulbul|quail","5,296875|4,332031|3,603516|3,585938|3,574219","false"
"/private/var/containers/Bundle/Application/4D01D32A-B666-4384-B213-31BBF61E54F1/CVTestsSUI.app/imagenet-hard-50-subset-2500__n01530575__ILSVRC2012_val_00023766.JPEG","images/n01530575/imagenet-hard-50-subset-2500__n01530575__ILSVRC2012_val_00023766.JPEG","10","brambling","140","red-backed sandpiper","6,019531","140|10|143|139|99","red-backed sandpiper|brambling|oystercatcher|ruddy turnstone|goose","6,019531|5,199219|5,152344|5,109375|4,914062","true"
"/private/var/containers/Bundle/Application/4D01D32A-B666-4384-B213-31BBF61E54F1/CVTestsSUI.app/imagenet-hard-50-subset-2500__n01530575__ILSVRC2012_val_00034864.JPEG","images/n01530575/imagenet-hard-50-subset-2500__n01530575__ILSVRC2012_val_00034864.JPEG","10","brambling","82","ruffed grouse","6,046875","82|10|13|85|12","ruffed grouse|brambling|junco|quail|house finch","6,046875|5,386719|5,042969|4,941406|4,863281","true"
"/private/var/containers/Bundle/Application/4D01D32A-B666-4384-B213-31BBF61E54F1/CVTestsSUI.app/imagenet-hard-50-subset-2500__n01530575__ILSVRC2012_val_00035540.JPEG","images/n01530575/imagenet-hard-50-subset-2500__n01530575__ILSVRC2012_val_00035540.JPEG","10","brambling","13","junco","6,917969","13|10|20|15|140","junco|brambling|water ouzel|robin|red-backed sandpiper","6,917969|6,789062|4,746094|4,246094|3,867188","true"
"/private/var/containers/Bundle/Application/4D01D32A-B666-4384-B213-31BBF61E54F1/CVTestsSUI.app/imagenet-hard-50-subset-2500__n01530575__ILSVRC2012_val_00045172.JPEG","images/n01530575/imagenet-hard-50-subset-2500__n01530575__ILSVRC2012_val_00045172.JPEG","10","brambling","13","junco","4,921875","13|10|16|15|94","junco|brambling|bulbul|robin|hummingbird","4,921875|4,675781|4,414062|3,867188|2,738281","true"
"/private/var/containers/Bundle/Application/4D01D32A-B666-4384-B213-31BBF61E54F1/CVTestsSUI.app/imagenet-hard-50-subset-2500__n01530575__ILSVRC2012_val_00046833.JPEG","images/n01530575/imagenet-hard-50-subset-2500__n01530575__ILSVRC2012_val_00046833.JPEG","10","brambling","11","goldfinch","6,074219","11|10|17|682|97","goldfinch|brambling|jay|obelisk|drake","6,074219|4,503906|3,113281|2,960938|2,832031","true"
"/private/var/containers/Bundle/Application/4D01D32A-B666-4384-B213-31BBF61E54F1/CVTestsSUI.app/imagenet-hard-50-subset-2500__n01530575__ILSVRC2012_val_00047878.JPEG","images/n01530575/imagenet-hard-50-subset-2500__n01530575__ILSVRC2012_val_00047878.JPEG","10","brambling","60","night snake","4,550781","60|66|61|43|62","night snake|horned viper|boa constrictor|frilled lizard|rock python","4,550781|4,441406|4,269531|4,191406|4,160156","false"
"/private/var/containers/Bundle/Application/4D01D32A-B666-4384-B213-31BBF61E54F1/CVTestsSUI.app/imagenet-hard-50-subset-2500__n01531178__ILSVRC2012_val_00032359.JPEG","images/n01531178/imagenet-hard-50-subset-2500__n01531178__ILSVRC2012_val_00032359.JPEG","11","goldfinch","10","brambling","4,789062","10|11|92|19|13","brambling|goldfinch|bee eater|chickadee|junco","4,789062|4,226562|3,406250|2,816406|2,546875","true"
"/private/var/containers/Bundle/Application/4D01D32A-B666-4384-B213-31BBF61E54F1/CVTestsSUI.app/imagenet-hard-50-subset-2500__n01532829__ILSVRC2012_val_00004749.JPEG","images/n01532829/imagenet-hard-50-subset-2500__n01532829__ILSVRC2012_val_00004749.JPEG","12","house finch","16","bulbul","5,210938","16|12|15|13|81","bulbul|house finch|robin|junco|ptarmigan","5,210938|4,355469|3,060547|3,033203|2,943359","true"
"/private/var/containers/Bundle/Application/4D01D32A-B666-4384-B213-31BBF61E54F1/CVTestsSUI.app/imagenet-hard-50-subset-2500__n01532829__ILSVRC2012_val_00006597.JPEG","images/n01532829/imagenet-hard-50-subset-2500__n01532829__ILSVRC2012_val_00006597.JPEG","12","house finch","13","junco","5,167969","13|12|20|16|81","junco|house finch|water ouzel|bulbul|ptarmigan","5,167969|5,074219|3,533203|3,277344|3,041016","true"
"/private/var/containers/Bundle/Application/4D01D32A-B666-4384-B213-31BBF61E54F1/CVTestsSUI.app/imagenet-hard-50-subset-2500__n01532829__ILSVRC2012_val_00007129.JPEG","images/n01532829/imagenet-hard-50-subset-2500__n01532829__ILSVRC2012_val_00007129.JPEG","12","house finch","23","vulture","3,847656","23|21|94|12|141","vulture|kite|hummingbird|house finch|redshank","3,847656|3,734375|3,666016|3,343750|3,208984","true"
"/private/var/containers/Bundle/Application/4D01D32A-B666-4384-B213-31BBF61E54F1/CVTestsSUI.app/imagenet-hard-50-subset-2500__n01532829__ILSVRC2012_val_00013209.JPEG","images/n01532829/imagenet-hard-50-subset-2500__n01532829__ILSVRC2012_val_00013209.JPEG","12","house finch","16","bulbul","6,695312","16|11|95|92|13","bulbul|goldfinch|jacamar|bee eater|junco","6,695312|5,027344|4,066406|3,937500|3,759766","false"
"/private/var/containers/Bundle/Application/4D01D32A-B666-4384-B213-31BBF61E54F1/CVTestsSUI.app/imagenet-hard-50-subset-2500__n01532829__ILSVRC2012_val_00029709.JPEG","images/n01532829/imagenet-hard-50-subset-2500__n01532829__ILSVRC2012_val_00029709.JPEG","12","house finch","23","vulture","4,203125","23|141|140|12|21","vulture|redshank|red-backed sandpiper|house finch|kite","4,203125|4,085938|3,462891|3,119141|2,970703","true"
"/private/var/containers/Bundle/Application/4D01D32A-B666-4384-B213-31BBF61E54F1/CVTestsSUI.app/imagenet-hard-50-subset-2500__n01532829__ILSVRC2012_val_00045623.JPEG","images/n01532829/imagenet-hard-50-subset-2500__n01532829__ILSVRC2012_val_00045623.JPEG","12","house finch","19","chickadee","6,496094","19|12|10|13|15","chickadee|house finch|brambling|junco|robin","6,496094|6,402344|5,605469|5,449219|5,167969","true"
"/private/var/containers/Bundle/Application/4D01D32A-B666-4384-B213-31BBF61E54F1/CVTestsSUI.app/imagenet-hard-50-subset-2500__n01532829__ILSVRC2012_val_00048144.JPEG","images/n01532829/imagenet-hard-50-subset-2500__n01532829__ILSVRC2012_val_00048144.JPEG","12","house finch","10","brambling","4,890625","10|13|21|12|16","brambling|junco|kite|house finch|bulbul","4,890625|4,101562|4,074219|3,812500|3,355469","true"
"/private/var/containers/Bundle/Application/4D01D32A-B666-4384-B213-31BBF61E54F1/CVTestsSUI.app/imagenet-hard-50-subset-2500__n01537544__ILSVRC2012_val_00003279.JPEG","images/n01537544/imagenet-hard-50-subset-2500__n01537544__ILSVRC2012_val_00003279.JPEG","14","indigo bunting","11","goldfinch","5,304688","11|14|17|92|12","goldfinch|indigo bunting|jay|bee eater|house finch","5,304688|4,363281|3,291016|2,619141|2,511719","true"
"/private/var/containers/Bundle/Application/4D01D32A-B666-4384-B213-31BBF61E54F1/CVTestsSUI.app/imagenet-hard-50-subset-2500__n01537544__ILSVRC2012_val_00018676.JPEG","images/n01537544/imagenet-hard-50-subset-2500__n01537544__ILSVRC2012_val_00018676.JPEG","14","indigo bunting","84","peacock","6,230469","84|88|90|14|136","peacock|macaw|lorikeet|indigo bunting|European gallinule","6,230469|3,728516|3,660156|3,566406|3,521484","true"
"/private/var/containers/Bundle/Application/4D01D32A-B666-4384-B213-31BBF61E54F1/CVTestsSUI.app/imagenet-hard-50-subset-2500__n01537544__ILSVRC2012_val_00033196.JPEG","images/n01537544/imagenet-hard-50-subset-2500__n01537544__ILSVRC2012_val_00033196.JPEG","14","indigo bunting","84","peacock","5,140625","84|7|621|8|293","peacock|cock|lawn mower|hen|cheetah","5,140625|3,539062|3,464844|3,400391|3,267578","false"
"/private/var/containers/Bundle/Application/4D01D32A-B666-4384-B213-31BBF61E54F1/CVTestsSUI.app/imagenet-hard-50-subset-2500__n01537544__ILSVRC2012_val_00036431.JPEG","images/n01537544/imagenet-hard-50-subset-2500__n01537544__ILSVRC2012_val_00036431.JPEG","14","indigo bunting","18","magpie","6,593750","18|379|93|23|21","magpie|howler monkey|hornbill|vulture|kite","6,593750|5,808594|4,847656|4,785156|4,703125","false"
"/private/var/containers/Bundle/Application/4D01D32A-B666-4384-B213-31BBF61E54F1/CVTestsSUI.app/imagenet-hard-50-subset-2500__n01558993__ILSVRC2012_val_00007667.JPEG","images/n01558993/imagenet-hard-50-subset-2500__n01558993__ILSVRC2012_val_00007667.JPEG","15","robin","50","American alligator","4,308594","50|84|85|97|904","American alligator|peacock|quail|drake|window screen","4,308594|4,097656|3,810547|3,525391|3,523438","false"
"/private/var/containers/Bundle/Application/4D01D32A-B666-4384-B213-31BBF61E54F1/CVTestsSUI.app/imagenet-hard-50-subset-2500__n01558993__ILSVRC2012_val_00022186.JPEG","images/n01558993/imagenet-hard-50-subset-2500__n01558993__ILSVRC2012_val_00022186.JPEG","15","robin","16","bulbul","5,738281","16|85|21|13|15","bulbul|quail|kite|junco|robin","5,738281|5,539062|5,515625|5,410156|5,312500","true"
"/private/var/containers/Bundle/Application/4D01D32A-B666-4384-B213-31BBF61E54F1/CVTestsSUI.app/imagenet-hard-50-subset-2500__n01558993__ILSVRC2012_val_00029627.JPEG","images/n01558993/imagenet-hard-50-subset-2500__n01558993__ILSVRC2012_val_00029627.JPEG","15","robin","19","chickadee","5,769531","19|15|10|13|16","chickadee|robin|brambling|junco|bulbul","5,769531|5,324219|4,937500|4,500000|3,750000","true"
"/private/var/containers/Bundle/Application/4D01D32A-B666-4384-B213-31BBF61E54F1/CVTestsSUI.app/imagenet-hard-50-subset-2500__n01558993__ILSVRC2012_val_00031273.JPEG","images/n01558993/imagenet-hard-50-subset-2500__n01558993__ILSVRC2012_val_00031273.JPEG","15","robin","85","quail","6,535156","85|82|86|15|12","quail|ruffed grouse|partridge|robin|house finch","6,535156|5,214844|5,050781|5,019531|4,363281","true"
"/private/var/containers/Bundle/Application/4D01D32A-B666-4384-B213-31BBF61E54F1/CVTestsSUI.app/imagenet-hard-50-subset-2500__n01558993__ILSVRC2012_val_00045150.JPEG","images/n01558993/imagenet-hard-50-subset-2500__n01558993__ILSVRC2012_val_00045150.JPEG","15","robin","12","house finch","7,085938","12|10|15|92|14","house finch|brambling|robin|bee eater|indigo bunting","7,085938|6,250000|6,066406|5,687500|5,496094","true"
"/private/var/containers/Bundle/Application/4D01D32A-B666-4384-B213-31BBF61E54F1/CVTestsSUI.app/imagenet-hard-50-subset-2500__n01558993__ILSVRC2012_val_00045294.JPEG","images/n01558993/imagenet-hard-50-subset-2500__n01558993__ILSVRC2012_val_00045294.JPEG","15","robin","91","coucal","4,933594","91|15|92|42|387","coucal|robin|bee eater|agama|lesser panda","4,933594|4,675781|4,550781|3,886719|3,560547","true"
"/private/var/containers/Bundle/Application/4D01D32A-B666-4384-B213-31BBF61E54F1/CVTestsSUI.app/imagenet-hard-50-subset-2500__n01560419__ILSVRC2012_val_00001720.JPEG","images/n01560419/imagenet-hard-50-subset-2500__n01560419__ILSVRC2012_val_00001720.JPEG","16","bulbul","22","bald eagle","5,628906","22|82|18|23|12","bald eagle|ruffed grouse|magpie|vulture|house finch","5,628906|5,574219|5,039062|4,914062|4,855469","false"
"/private/var/containers/Bundle/Application/4D01D32A-B666-4384-B213-31BBF61E54F1/CVTestsSUI.app/imagenet-hard-50-subset-2500__n01560419__ILSVRC2012_val_00001751.JPEG","images/n01560419/imagenet-hard-50-subset-2500__n01560419__ILSVRC2012_val_00001751.JPEG","16","bulbul","94","hummingbird","5,269531","94|92|95|16|134","hummingbird|bee eater|jacamar|bulbul|crane","5,269531|4,792969|4,445312|3,140625|2,666016","true"
"/private/var/containers/Bundle/Application/4D01D32A-B666-4384-B213-31BBF61E54F1/CVTestsSUI.app/imagenet-hard-50-subset-2500__n01560419__ILSVRC2012_val_00007263.JPEG","images/n01560419/imagenet-hard-50-subset-2500__n01560419__ILSVRC2012_val_00007263.JPEG","16","bulbul","94","hummingbird","4,730469","94|89|90|91|11","hummingbird|sulphur-crested cockatoo|lorikeet|coucal|goldfinch","4,730469|4,511719|4,484375|3,867188|3,833984","false"
"/private/var/containers/Bundle/Application/4D01D32A-B666-4384-B213-31BBF61E54F1/CVTestsSUI.app/imagenet-hard-50-subset-2500__n01560419__ILSVRC2012_val_00011267.JPEG","images/n01560419/imagenet-hard-50-subset-2500__n01560419__ILSVRC2012_val_00011267.JPEG","16","bulbul","93","hornbill","4,867188","93|85|18|17|91","hornbill|quail|magpie|jay|coucal","4,867188|4,648438|4,605469|4,515625|4,488281","false"
"/private/var/containers/Bundle/Application/4D01D32A-B666-4384-B213-31BBF61E54F1/CVTestsSUI.app/imagenet-hard-50-subset-2500__n01560419__ILSVRC2012_val_00034720.JPEG","images/n01560419/imagenet-hard-50-subset-2500__n01560419__ILSVRC2012_val_00034720.JPEG","16","bulbul","91","coucal","5,011719","91|17|16|14|21","coucal|jay|bulbul|indigo bunting|kite","5,011719|4,316406|4,183594|3,759766|3,205078","true"
"/private/var/containers/Bundle/Application/4D01D32A-B666-4384-B213-31BBF61E54F1/CVTestsSUI.app/imagenet-hard-50-subset-2500__n01560419__ILSVRC2012_val_00041990.JPEG","images/n01560419/imagenet-hard-50-subset-2500__n01560419__ILSVRC2012_val_00041990.JPEG","16","bulbul","23","vulture","4,394531","23|13|16|14|94","vulture|junco|bulbul|indigo bunting|hummingbird","4,394531|4,078125|3,927734|3,484375|3,244141","true"
"/private/var/containers/Bundle/Application/4D01D32A-B666-4384-B213-31BBF61E54F1/CVTestsSUI.app/imagenet-hard-50-subset-2500__n01560419__ILSVRC2012_val_00044009.JPEG","images/n01560419/imagenet-hard-50-subset-2500__n01560419__ILSVRC2012_val_00044009.JPEG","16","bulbul","92","bee eater","5,378906","92|15|16|90|94","bee eater|robin|bulbul|lorikeet|hummingbird","5,378906|4,593750|4,390625|3,271484|3,214844","true"
"/private/var/containers/Bundle/Application/4D01D32A-B666-4384-B213-31BBF61E54F1/CVTestsSUI.app/imagenet-hard-50-subset-2500__n01580077__ILSVRC2012_val_00004317.JPEG","images/n01580077/imagenet-hard-50-subset-2500__n01580077__ILSVRC2012_val_00004317.JPEG","17","jay","98","red-breasted merganser","5,296875","98|97|99|143|20","red-breasted merganser|drake|goose|oystercatcher|water ouzel","5,296875|4,414062|4,382812|3,978516|3,937500","false"
"/private/var/containers/Bundle/Application/4D01D32A-B666-4384-B213-31BBF61E54F1/CVTestsSUI.app/imagenet-hard-50-subset-2500__n01580077__ILSVRC2012_val_00013753.JPEG","images/n01580077/imagenet-hard-50-subset-2500__n01580077__ILSVRC2012_val_00013753.JPEG","17","jay","10","brambling","5,324219","10|11|17|19|12","brambling|goldfinch|jay|chickadee|house finch","5,324219|3,867188|3,314453|3,232422|2,718750","true"
"/private/var/containers/Bundle/Application/4D01D32A-B666-4384-B213-31BBF61E54F1/CVTestsSUI.app/imagenet-hard-50-subset-2500__n01580077__ILSVRC2012_val_00015195.JPEG","images/n01580077/imagenet-hard-50-subset-2500__n01580077__ILSVRC2012_val_00015195.JPEG","17","jay","84","peacock","5,277344","84|17|85|136|82","peacock|jay|quail|European gallinule|ruffed grouse","5,277344|4,578125|4,335938|3,570312|3,185547","true"
"/private/var/containers/Bundle/Application/4D01D32A-B666-4384-B213-31BBF61E54F1/CVTestsSUI.app/imagenet-hard-50-subset-2500__n01580077__ILSVRC2012_val_00017024.JPEG","images/n01580077/imagenet-hard-50-subset-2500__n01580077__ILSVRC2012_val_00017024.JPEG","17","jay","94","hummingbird","5,011719","94|95|91|84|17","hummingbird|jacamar|coucal|peacock|jay","5,011719|4,910156|3,841797|3,751953|3,152344","true"
"/private/var/containers/Bundle/Application/4D01D32A-B666-4384-B213-31BBF61E54F1/CVTestsSUI.app/imagenet-hard-50-subset-2500__n01580077__ILSVRC2012_val_00020905.JPEG","images/n01580077/imagenet-hard-50-subset-2500__n01580077__ILSVRC2012_val_00020905.JPEG","17","jay","10","brambling","6,246094","10|12|13|15|91","brambling|house finch|junco|robin|coucal","6,246094|4,867188|4,714844|4,507812|3,046875","false"
"/private/var/containers/Bundle/Application/4D01D32A-B666-4384-B213-31BBF61E54F1/CVTestsSUI.app/imagenet-hard-50-subset-2500__n01580077__ILSVRC2012_val_00022106.JPEG","images/n01580077/imagenet-hard-50-subset-2500__n01580077__ILSVRC2012_val_00022106.JPEG","17","jay","18","magpie","6,113281","18|16|19|17|13","magpie|bulbul|chickadee|jay|junco","6,113281|5,785156|5,500000|3,679688|3,675781","true"
"/private/var/containers/Bundle/Application/4D01D32A-B666-4384-B213-31BBF61E54F1/CVTestsSUI.app/imagenet-hard-50-subset-2500__n01580077__ILSVRC2012_val_00026656.JPEG","images/n01580077/imagenet-hard-50-subset-2500__n01580077__ILSVRC2012_val_00026656.JPEG","17","jay","16","bulbul","5,796875","16|17|19|18|95","bulbul|jay|chickadee|magpie|jacamar","5,796875|5,574219|5,464844|3,968750|3,689453","true"
"/private/var/containers/Bundle/Application/4D01D32A-B666-4384-B213-31BBF61E54F1/CVTestsSUI.app/imagenet-hard-50-subset-2500__n01580077__ILSVRC2012_val_00040412.JPEG","images/n01580077/imagenet-hard-50-subset-2500__n01580077__ILSVRC2012_val_00040412.JPEG","17","jay","18","magpie","6,687500","18|17|16|14|19","magpie|jay|bulbul|indigo bunting|chickadee","6,687500|6,113281|3,728516|3,681641|3,658203","true"
"/private/var/containers/Bundle/Application/4D01D32A-B666-4384-B213-31BBF61E54F1/CVTestsSUI.app/imagenet-hard-50-subset-2500__n01582220__ILSVRC2012_val_00000476.JPEG","images/n01582220/imagenet-hard-50-subset-2500__n01582220__ILSVRC2012_val_00000476.JPEG","18","magpie","137","American coot","5,601562","137|18|143|136|99","American coot|magpie|oystercatcher|European gallinule|goose","5,601562|4,441406|4,035156|4,015625|3,742188","true"
"/private/var/containers/Bundle/Application/4D01D32A-B666-4384-B213-31BBF61E54F1/CVTestsSUI.app/imagenet-hard-50-subset-2500__n01582220__ILSVRC2012_val_00009981.JPEG","images/n01582220/imagenet-hard-50-subset-2500__n01582220__ILSVRC2012_val_00009981.JPEG","18","magpie","22","bald eagle","5,871094","22|21|18|23|89","bald eagle|kite|magpie|vulture|sulphur-crested cockatoo","5,871094|4,742188|4,121094|3,164062|3,076172","true"
"/private/var/containers/Bundle/Application/4D01D32A-B666-4384-B213-31BBF61E54F1/CVTestsSUI.app/imagenet-hard-50-subset-2500__n01582220__ILSVRC2012_val_00010501.JPEG","images/n01582220/imagenet-hard-50-subset-2500__n01582220__ILSVRC2012_val_00010501.JPEG","18","magpie","84","peacock","4,394531","84|18|340|144|99","peacock|magpie|zebra|pelican|goose","4,394531|3,902344|3,818359|3,464844|3,388672","true"
"/private/var/containers/Bundle/Application/4D01D32A-B666-4384-B213-31BBF61E54F1/CVTestsSUI.app/imagenet-hard-50-subset-2500__n01582220__ILSVRC2012_val_00029695.JPEG","images/n01582220/imagenet-hard-50-subset-2500__n01582220__ILSVRC2012_val_00029695.JPEG","18","magpie","127","white stork","4,984375","127|128|18|93|22","white stork|black stork|magpie|hornbill|bald eagle","4,984375|4,261719|4,238281|4,167969|3,578125","true"
"/private/var/containers/Bundle/Application/4D01D32A-B666-4384-B213-31BBF61E54F1/CVTestsSUI.app/imagenet-hard-50-subset-2500__n01582220__ILSVRC2012_val_00030017.JPEG","images/n01582220/imagenet-hard-50-subset-2500__n01582220__ILSVRC2012_val_00030017.JPEG","18","magpie","84","peacock","4,394531","84|18|136|17|137","peacock|magpie|European gallinule|jay|American coot","4,394531|4,386719|4,097656|3,841797|3,753906","true"
"/private/var/containers/Bundle/Application/4D01D32A-B666-4384-B213-31BBF61E54F1/CVTestsSUI.app/imagenet-hard-50-subset-2500__n01582220__ILSVRC2012_val_00035348.JPEG","images/n01582220/imagenet-hard-50-subset-2500__n01582220__ILSVRC2012_val_00035348.JPEG","18","magpie","611","jigsaw puzzle","9,531250","611|18|148|562|921","jigsaw puzzle|magpie|killer whale|fountain|book jacket","9,531250|7,335938|6,855469|5,429688|4,507812","true"
"/private/var/containers/Bundle/Application/4D01D32A-B666-4384-B213-31BBF61E54F1/CVTestsSUI.app/imagenet-hard-50-subset-2500__n01582220__ILSVRC2012_val_00037806.JPEG","images/n01582220/imagenet-hard-50-subset-2500__n01582220__ILSVRC2012_val_00037806.JPEG","18","magpie","22","bald eagle","4,554688","22|18|23|127|998","bald eagle|magpie|vulture|white stork|ear","4,554688|4,035156|3,593750|3,593750|3,521484","true"
"/private/var/containers/Bundle/Application/4D01D32A-B666-4384-B213-31BBF61E54F1/CVTestsSUI.app/imagenet-hard-50-subset-2500__n01582220__ILSVRC2012_val_00041051.JPEG","images/n01582220/imagenet-hard-50-subset-2500__n01582220__ILSVRC2012_val_00041051.JPEG","18","magpie","13","junco","4,703125","13|16|94|18|20","junco|bulbul|hummingbird|magpie|water ouzel","4,703125|4,218750|3,802734|3,515625|3,322266","true"
"/private/var/containers/Bundle/Application/4D01D32A-B666-4384-B213-31BBF61E54F1/CVTestsSUI.app/imagenet-hard-50-subset-2500__n01582220__ILSVRC2012_val_00041135.JPEG","images/n01582220/imagenet-hard-50-subset-2500__n01582220__ILSVRC2012_val_00041135.JPEG","18","magpie","272","coyote","4,898438","272|352|353|280|278","coyote|impala|gazelle|grey fox|kit fox","4,898438|4,605469|4,453125|4,371094|4,191406","false"
"/private/var/containers/Bundle/Application/4D01D32A-B666-4384-B213-31BBF61E54F1/CVTestsSUI.app/imagenet-hard-50-subset-2500__n01592084__ILSVRC2012_val_00043585.JPEG","images/n01592084/imagenet-hard-50-subset-2500__n01592084__ILSVRC2012_val_00043585.JPEG","19","chickadee","17","jay","5,191406","17|19|18|132|89","jay|chickadee|magpie|American egret|sulphur-crested cockatoo","5,191406|4,410156|4,312500|4,242188|4,117188","true"
"/private/var/containers/Bundle/Application/4D01D32A-B666-4384-B213-31BBF61E54F1/CVTestsSUI.app/imagenet-hard-50-subset-2500__n01601694__ILSVRC2012_val_00009597.JPEG","images/n01601694/imagenet-hard-50-subset-2500__n01601694__ILSVRC2012_val_00009597.JPEG","20","water ouzel","58","water snake","5,468750","58|50|49|360|20","water snake|American alligator|African crocodile|otter|water ouzel","5,468750|4,613281|3,898438|3,802734|3,798828","true"
"/private/var/containers/Bundle/Application/4D01D32A-B666-4384-B213-31BBF61E54F1/CVTestsSUI.app/imagenet-hard-50-subset-2500__n01601694__ILSVRC2012_val_00012797.JPEG","images/n01601694/imagenet-hard-50-subset-2500__n01601694__ILSVRC2012_val_00012797.JPEG","20","water ouzel","16","bulbul","3,609375","16|19|94|21|13","bulbul|chickadee|hummingbird|kite|junco","3,609375|2,730469|2,574219|2,535156|2,486328","false"
"/private/var/containers/Bundle/Application/4D01D32A-B666-4384-B213-31BBF61E54F1/CVTestsSUI.app/imagenet-hard-50-subset-2500__n01601694__ILSVRC2012_val_00014673.JPEG","images/n01601694/imagenet-hard-50-subset-2500__n01601694__ILSVRC2012_val_00014673.JPEG","20","water ouzel","114","slug","5,988281","114|995|20|988|113","slug|earthstar|water ouzel|acorn|snail","5,988281|5,273438|4,632812|4,105469|3,845703","true"
"/private/var/containers/Bundle/Application/4D01D32A-B666-4384-B213-31BBF61E54F1/CVTestsSUI.app/imagenet-hard-50-subset-2500__n01601694__ILSVRC2012_val_00021656.JPEG","images/n01601694/imagenet-hard-50-subset-2500__n01601694__ILSVRC2012_val_00021656.JPEG","20","water ouzel","139","ruddy turnstone","4,824219","139|20|140|141|143","ruddy turnstone|water ouzel|red-backed sandpiper|redshank|oystercatcher","4,824219|4,812500|4,636719|4,605469|4,585938","true"
"/private/var/containers/Bundle/Application/4D01D32A-B666-4384-B213-31BBF61E54F1/CVTestsSUI.app/imagenet-hard-50-subset-2500__n01601694__ILSVRC2012_val_00022972.JPEG","images/n01601694/imagenet-hard-50-subset-2500__n01601694__ILSVRC2012_val_00022972.JPEG","20","water ouzel","18","magpie","5,464844","18|13|20|19|145","magpie|junco|water ouzel|chickadee|king penguin","5,464844|5,039062|4,714844|4,507812|3,013672","true"
"/private/var/containers/Bundle/Application/4D01D32A-B666-4384-B213-31BBF61E54F1/CVTestsSUI.app/imagenet-hard-50-subset-2500__n01601694__ILSVRC2012_val_00026023.JPEG","images/n01601694/imagenet-hard-50-subset-2500__n01601694__ILSVRC2012_val_00026023.JPEG","20","water ouzel","95","jacamar","5,132812","95|91|14|90|15","jacamar|coucal|indigo bunting|lorikeet|robin","5,132812|4,796875|4,386719|3,828125|3,814453","false"
"/private/var/containers/Bundle/Application/4D01D32A-B666-4384-B213-31BBF61E54F1/CVTestsSUI.app/imagenet-hard-50-subset-2500__n01601694__ILSVRC2012_val_00030011.JPEG","images/n01601694/imagenet-hard-50-subset-2500__n01601694__ILSVRC2012_val_00030011.JPEG","20","water ouzel","137","American coot","5,214844","137|20|360|337|141","American coot|water ouzel|otter|beaver|redshank","5,214844|4,863281|4,402344|3,986328|3,917969","true"
"/private/var/containers/Bundle/Application/4D01D32A-B666-4384-B213-31BBF61E54F1/CVTestsSUI.app/imagenet-hard-50-subset-2500__n01601694__ILSVRC2012_val_00038159.JPEG","images/n01601694/imagenet-hard-50-subset-2500__n01601694__ILSVRC2012_val_00038159.JPEG","20","water ouzel","10","brambling","5,218750","10|15|42|19|13","brambling|robin|agama|chickadee|junco","5,218750|3,986328|2,720703|2,560547|2,501953","false"
"/private/var/containers/Bundle/Application/4D01D32A-B666-4384-B213-31BBF61E54F1/CVTestsSUI.app/imagenet-hard-50-subset-2500__n01601694__ILSVRC2012_val_00045873.JPEG","images/n01601694/imagenet-hard-50-subset-2500__n01601694__ILSVRC2012_val_00045873.JPEG","20","water ouzel","137","American coot","5,492188","137|20|360|136|337","American coot|water ouzel|otter|European gallinule|beaver","5,492188|4,695312|3,408203|3,363281|2,798828","true"
"/private/var/containers/Bundle/Application/4D01D32A-B666-4384-B213-31BBF61E54F1/CVTestsSUI.app/imagenet-hard-50-subset-2500__n01601694__ILSVRC2012_val_00049775.JPEG","images/n01601694/imagenet-hard-50-subset-2500__n01601694__ILSVRC2012_val_00049775.JPEG","20","water ouzel","94","hummingbird","4,371094","94|13|16|19|20","hummingbird|junco|bulbul|chickadee|water ouzel","4,371094|4,140625|4,101562|3,841797|3,429688","true"
"/private/var/containers/Bundle/Application/4D01D32A-B666-4384-B213-31BBF61E54F1/CVTestsSUI.app/imagenet-hard-50-subset-2500__n01608432__ILSVRC2012_val_00001488.JPEG","images/n01608432/imagenet-hard-50-subset-2500__n01608432__ILSVRC2012_val_00001488.JPEG","21","kite","23","vulture","4,585938","23|8|21|135|80","vulture|hen|kite|limpkin|black grouse","4,585938|3,927734|3,583984|3,304688|3,210938","true"
"/private/var/containers/Bundle/Application/4D01D32A-B666-4384-B213-31BBF61E54F1/CVTestsSUI.app/imagenet-hard-50-subset-2500__n01608432__ILSVRC2012_val_00002444.JPEG","images/n01608432/imagenet-hard-50-subset-2500__n01608432__ILSVRC2012_val_00002444.JPEG","21","kite","22","bald eagle","6,417969","22|21|23|16|99","bald eagle|kite|vulture|bulbul|goose","6,417969|4,867188|3,269531|3,089844|2,574219","true"
"/private/var/containers/Bundle/Application/4D01D32A-B666-4384-B213-31BBF61E54F1/CVTestsSUI.app/imagenet-hard-50-subset-2500__n01608432__ILSVRC2012_val_00006203.JPEG","images/n01608432/imagenet-hard-50-subset-2500__n01608432__ILSVRC2012_val_00006203.JPEG","21","kite","365","orangutan","3,996094","365|377|88|21|489","orangutan|marmoset|macaw|kite|chainlink fence","3,996094|3,988281|3,451172|3,185547|3,101562","true"
"/private/var/containers/Bundle/Application/4D01D32A-B666-4384-B213-31BBF61E54F1/CVTestsSUI.app/imagenet-hard-50-subset-2500__n01608432__ILSVRC2012_val_00013095.JPEG","images/n01608432/imagenet-hard-50-subset-2500__n01608432__ILSVRC2012_val_00013095.JPEG","21","kite","22","bald eagle","5,449219","22|93|375|23|15","bald eagle|hornbill|colobus|vulture|robin","5,449219|4,394531|4,246094|4,175781|3,910156","false"
"/private/var/containers/Bundle/Application/4D01D32A-B666-4384-B213-31BBF61E54F1/CVTestsSUI.app/imagenet-hard-50-subset-2500__n01608432__ILSVRC2012_val_00014196.JPEG","images/n01608432/imagenet-hard-50-subset-2500__n01608432__ILSVRC2012_val_00014196.JPEG","21","kite","18","magpie","4,101562","18|80|22|21|93","magpie|black grouse|bald eagle|kite|hornbill","4,101562|3,806641|3,531250|3,412109|3,160156","true"
"/private/var/containers/Bundle/Application/4D01D32A-B666-4384-B213-31BBF61E54F1/CVTestsSUI.app/imagenet-hard-50-subset-2500__n01608432__ILSVRC2012_val_00015746.JPEG","images/n01608432/imagenet-hard-50-subset-2500__n01608432__ILSVRC2012_val_00015746.JPEG","21","kite","22","bald eagle","5,816406","22|21|89|81|132","bald eagle|kite|sulphur-crested cockatoo|ptarmigan|American egret","5,816406|5,605469|4,406250|3,654297|3,238281","true"
"/private/var/containers/Bundle/Application/4D01D32A-B666-4384-B213-31BBF61E54F1/CVTestsSUI.app/imagenet-hard-50-subset-2500__n01608432__ILSVRC2012_val_00018796.JPEG","images/n01608432/imagenet-hard-50-subset-2500__n01608432__ILSVRC2012_val_00018796.JPEG","21","kite","22","bald eagle","6,433594","22|21|23|24|18","bald eagle|kite|vulture|great grey owl|magpie","6,433594|4,613281|3,550781|3,041016|2,841797","true"
"/private/var/containers/Bundle/Application/4D01D32A-B666-4384-B213-31BBF61E54F1/CVTestsSUI.app/imagenet-hard-50-subset-2500__n01608432__ILSVRC2012_val_00023128.JPEG","images/n01608432/imagenet-hard-50-subset-2500__n01608432__ILSVRC2012_val_00023128.JPEG","21","kite","345","ox","4,117188","345|23|22|346|348","ox|vulture|bald eagle|water buffalo|ram","4,117188|4,019531|4,003906|3,335938|3,222656","false"
"/private/var/containers/Bundle/Application/4D01D32A-B666-4384-B213-31BBF61E54F1/CVTestsSUI.app/imagenet-hard-50-subset-2500__n01608432__ILSVRC2012_val_00026444.JPEG","images/n01608432/imagenet-hard-50-subset-2500__n01608432__ILSVRC2012_val_00026444.JPEG","21","kite","16","bulbul","5,632812","16|364|91|21|82","bulbul|three-toed sloth|coucal|kite|ruffed grouse","5,632812|4,562500|4,375000|4,355469|3,873047","true"
"/private/var/containers/Bundle/Application/4D01D32A-B666-4384-B213-31BBF61E54F1/CVTestsSUI.app/imagenet-hard-50-subset-2500__n01608432__ILSVRC2012_val_00030292.JPEG","images/n01608432/imagenet-hard-50-subset-2500__n01608432__ILSVRC2012_val_00030292.JPEG","21","kite","140","red-backed sandpiper","5,003906","140|21|22|12|82","red-backed sandpiper|kite|bald eagle|house finch|ruffed grouse","5,003906|4,460938|4,191406|3,609375|3,466797","true"
"/private/var/containers/Bundle/Application/4D01D32A-B666-4384-B213-31BBF61E54F1/CVTestsSUI.app/imagenet-hard-50-subset-2500__n01608432__ILSVRC2012_val_00045690.JPEG","images/n01608432/imagenet-hard-50-subset-2500__n01608432__ILSVRC2012_val_00045690.JPEG","21","kite","138","bustard","5,437500","138|133|91|21|83","bustard|bittern|coucal|kite|prairie chicken","5,437500|3,966797|3,710938|3,285156|3,076172","true"
"/private/var/containers/Bundle/Application/4D01D32A-B666-4384-B213-31BBF61E54F1/CVTestsSUI.app/imagenet-hard-50-subset-2500__n01608432__ILSVRC2012_val_00047191.JPEG","images/n01608432/imagenet-hard-50-subset-2500__n01608432__ILSVRC2012_val_00047191.JPEG","21","kite","82","ruffed grouse","5,132812","82|8|83|67|7","ruffed grouse|hen|prairie chicken|diamondback|cock","5,132812|4,367188|4,246094|4,011719|3,972656","false"
"/private/var/containers/Bundle/Application/4D01D32A-B666-4384-B213-31BBF61E54F1/CVTestsSUI.app/imagenet-hard-50-subset-2500__n01614925__ILSVRC2012_val_00000128.JPEG","images/n01614925/imagenet-hard-50-subset-2500__n01614925__ILSVRC2012_val_00000128.JPEG","22","bald eagle","21","kite","5,867188","21|23|22|18|24","kite|vulture|bald eagle|magpie|great grey owl","5,867188|4,953125|4,585938|3,722656|3,667969","true"
"/private/var/containers/Bundle/Application/4D01D32A-B666-4384-B213-31BBF61E54F1/CVTestsSUI.app/imagenet-hard-50-subset-2500__n01616318__ILSVRC2012_val_00000018.JPEG","images/n01616318/imagenet-hard-50-subset-2500__n01616318__ILSVRC2012_val_00000018.JPEG","23","vulture","21","kite","5,007812","21|23|134|128|129","kite|vulture|crane|black stork|spoonbill","5,007812|4,925781|3,888672|3,859375|3,505859","true"
"/private/var/containers/Bundle/Application/4D01D32A-B666-4384-B213-31BBF61E54F1/CVTestsSUI.app/imagenet-hard-50-subset-2500__n01616318__ILSVRC2012_val_00014220.JPEG","images/n01616318/imagenet-hard-50-subset-2500__n01616318__ILSVRC2012_val_00014220.JPEG","23","vulture","22","bald eagle","6,121094","22|23|379|375|18","bald eagle|vulture|howler monkey|colobus|magpie","6,121094|5,835938|5,214844|4,550781|4,425781","true"
"/private/var/containers/Bundle/Application/4D01D32A-B666-4384-B213-31BBF61E54F1/CVTestsSUI.app/imagenet-hard-50-subset-2500__n01616318__ILSVRC2012_val_00022088.JPEG","images/n01616318/imagenet-hard-50-subset-2500__n01616318__ILSVRC2012_val_00022088.JPEG","23","vulture","330","wood rabbit","6,156250","330|331|82|104|8","wood rabbit|hare|ruffed grouse|wallaby|hen","6,156250|5,500000|4,707031|4,707031|3,939453","false"
"/private/var/containers/Bundle/Application/4D01D32A-B666-4384-B213-31BBF61E54F1/CVTestsSUI.app/imagenet-hard-50-subset-2500__n01616318__ILSVRC2012_val_00037259.JPEG","images/n01616318/imagenet-hard-50-subset-2500__n01616318__ILSVRC2012_val_00037259.JPEG","23","vulture","372","baboon","5,101562","372|23|291|343|958","baboon|vulture|lion|warthog|hay","5,101562|4,527344|3,898438|3,583984|3,580078","true"
"/private/var/containers/Bundle/Application/4D01D32A-B666-4384-B213-31BBF61E54F1/CVTestsSUI.app/imagenet-hard-50-subset-2500__n01616318__ILSVRC2012_val_00047350.JPEG","images/n01616318/imagenet-hard-50-subset-2500__n01616318__ILSVRC2012_val_00047350.JPEG","23","vulture","21","kite","5,585938","21|23|134|94|127","kite|vulture|crane|hummingbird|white stork","5,585938|5,023438|4,390625|3,714844|3,707031","true"
"/private/var/containers/Bundle/Application/4D01D32A-B666-4384-B213-31BBF61E54F1/CVTestsSUI.app/imagenet-hard-50-subset-2500__n01622779__ILSVRC2012_val_00003892.JPEG","images/n01622779/imagenet-hard-50-subset-2500__n01622779__ILSVRC2012_val_00003892.JPEG","24","great grey owl","135","limpkin","5,898438","135|21|22|24|23","limpkin|kite|bald eagle|great grey owl|vulture","5,898438|5,886719|5,468750|4,753906|4,546875","true"
"/private/var/containers/Bundle/Application/4D01D32A-B666-4384-B213-31BBF61E54F1/CVTestsSUI.app/imagenet-hard-50-subset-2500__n01622779__ILSVRC2012_val_00004345.JPEG","images/n01622779/imagenet-hard-50-subset-2500__n01622779__ILSVRC2012_val_00004345.JPEG","24","great grey owl","795","ski","4,304688","795|802|792|391|537","ski|snowmobile|shovel|coho|dogsled","4,304688|3,839844|3,681641|3,361328|3,205078","false"
"/private/var/containers/Bundle/Application/4D01D32A-B666-4384-B213-31BBF61E54F1/CVTestsSUI.app/imagenet-hard-50-subset-2500__n02701002__ILSVRC2012_val_00003703.JPEG","images/n02701002/imagenet-hard-50-subset-2500__n02701002__ILSVRC2012_val_00003703.JPEG","407","ambulance","581","grille","5,535156","581|511|436|555|817","grille|convertible|beach wagon|fire engine|sports car","5,535156|5,144531|5,105469|4,488281|4,175781","false"
"/private/var/containers/Bundle/Application/4D01D32A-B666-4384-B213-31BBF61E54F1/CVTestsSUI.app/imagenet-hard-50-subset-2500__n02701002__ILSVRC2012_val_00017171.JPEG","images/n02701002/imagenet-hard-50-subset-2500__n02701002__ILSVRC2012_val_00017171.JPEG","407","ambulance","734","police van","6,398438","734|407|654|656|757","police van|ambulance|minibus|minivan|recreational vehicle","6,398438|5,882812|5,066406|3,810547|3,166016","true"
"/private/var/containers/Bundle/Application/4D01D32A-B666-4384-B213-31BBF61E54F1/CVTestsSUI.app/imagenet-hard-50-subset-2500__n02701002__ILSVRC2012_val_00021146.JPEG","images/n02701002/imagenet-hard-50-subset-2500__n02701002__ILSVRC2012_val_00021146.JPEG","407","ambulance","734","police van","5,847656","734|407|654|656|468","police van|ambulance|minibus|minivan|cab","5,847656|4,929688|4,367188|3,712891|3,271484","true"
"/private/var/containers/Bundle/Application/4D01D32A-B666-4384-B213-31BBF61E54F1/CVTestsSUI.app/imagenet-hard-50-subset-2500__n02701002__ILSVRC2012_val_00024658.JPEG","images/n02701002/imagenet-hard-50-subset-2500__n02701002__ILSVRC2012_val_00024658.JPEG","407","ambulance","734","police van","6,750000","734|407|468|751|656","police van|ambulance|cab|racer|minivan","6,750000|5,433594|3,271484|3,216797|3,101562","true"
"/private/var/containers/Bundle/Application/4D01D32A-B666-4384-B213-31BBF61E54F1/CVTestsSUI.app/imagenet-hard-50-subset-2500__n02701002__ILSVRC2012_val_00043593.JPEG","images/n02701002/imagenet-hard-50-subset-2500__n02701002__ILSVRC2012_val_00043593.JPEG","407","ambulance","734","police van","5,078125","734|407|654|468|779","police van|ambulance|minibus|cab|school bus","5,078125|4,710938|3,416016|3,201172|2,755859","true"
"/private/var/containers/Bundle/Application/4D01D32A-B666-4384-B213-31BBF61E54F1/CVTestsSUI.app/imagenet-hard-50-subset-2500__n02701002__ILSVRC2012_val_00049302.JPEG","images/n02701002/imagenet-hard-50-subset-2500__n02701002__ILSVRC2012_val_00049302.JPEG","407","ambulance","555","fire engine","5,644531","555|661|864|757|436","fire engine|Model T|tow truck|recreational vehicle|beach wagon","5,644531|5,140625|3,148438|2,974609|2,695312","false"
"/private/var/containers/Bundle/Application/4D01D32A-B666-4384-B213-31BBF61E54F1/CVTestsSUI.app/imagenet-hard-50-subset-2500__n03345487__ILSVRC2012_val_00000764.JPEG","images/n03345487/imagenet-hard-50-subset-2500__n03345487__ILSVRC2012_val_00000764.JPEG","555","fire engine","867","trailer truck","5,324219","867|569|864|555|517","trailer truck|garbage truck|tow truck|fire engine|crane","5,324219|5,117188|4,785156|4,621094|4,125000","true"
"/private/var/containers/Bundle/Application/4D01D32A-B666-4384-B213-31BBF61E54F1/CVTestsSUI.app/imagenet-hard-50-subset-2500__n03345487__ILSVRC2012_val_00001491.JPEG","images/n03345487/imagenet-hard-50-subset-2500__n03345487__ILSVRC2012_val_00001491.JPEG","555","fire engine","874","trolleybus","4,753906","874|829|920|705|557","trolleybus|streetcar|traffic light|passenger car|flagpole","4,753906|4,382812|3,904297|3,423828|3,287109","false"
"/private/var/containers/Bundle/Application/4D01D32A-B666-4384-B213-31BBF61E54F1/CVTestsSUI.app/imagenet-hard-50-subset-2500__n03345487__ILSVRC2012_val_00023423.JPEG","images/n03345487/imagenet-hard-50-subset-2500__n03345487__ILSVRC2012_val_00023423.JPEG","555","fire engine","407","ambulance","5,722656","407|555|734|864|757","ambulance|fire engine|police van|tow truck|recreational vehicle","5,722656|4,683594|4,519531|3,500000|3,443359","true"
"/private/var/containers/Bundle/Application/4D01D32A-B666-4384-B213-31BBF61E54F1/CVTestsSUI.app/imagenet-hard-50-subset-2500__n03345487__ILSVRC2012_val_00024593.JPEG","images/n03345487/imagenet-hard-50-subset-2500__n03345487__ILSVRC2012_val_00024593.JPEG","555","fire engine","779","school bus","5,640625","779|555|874|705|547","school bus|fire engine|trolleybus|passenger car|electric locomotive","5,640625|5,480469|3,662109|3,439453|2,435547","true"
"/private/var/containers/Bundle/Application/4D01D32A-B666-4384-B213-31BBF61E54F1/CVTestsSUI.app/imagenet-hard-50-subset-2500__n03345487__ILSVRC2012_val_00025134.JPEG","images/n03345487/imagenet-hard-50-subset-2500__n03345487__ILSVRC2012_val_00025134.JPEG","555","fire engine","829","streetcar","5,175781","829|555|547|705|407","streetcar|fire engine|electric locomotive|passenger car|ambulance","5,175781|5,031250|4,640625|3,968750|3,943359","true"
"/private/var/containers/Bundle/Application/4D01D32A-B666-4384-B213-31BBF61E54F1/CVTestsSUI.app/imagenet-hard-50-subset-2500__n03345487__ILSVRC2012_val_00028536.JPEG","images/n03345487/imagenet-hard-50-subset-2500__n03345487__ILSVRC2012_val_00028536.JPEG","555","fire engine","560","football helmet","4,480469","560|440|907|543|745","football helmet|beer bottle|wine bottle|dumbbell|projector","4,480469|4,156250|3,464844|3,388672|3,351562","false"
"/private/var/containers/Bundle/Application/4D01D32A-B666-4384-B213-31BBF61E54F1/CVTestsSUI.app/imagenet-hard-50-subset-2500__n03345487__ILSVRC2012_val_00032745.JPEG","images/n03345487/imagenet-hard-50-subset-2500__n03345487__ILSVRC2012_val_00032745.JPEG","555","fire engine","654","minibus","4,839844","654|757|705|609|734","minibus|recreational vehicle|passenger car|jeep|police van","4,839844|4,578125|4,000000|3,943359|3,804688","false"
"/private/var/containers/Bundle/Application/4D01D32A-B666-4384-B213-31BBF61E54F1/CVTestsSUI.app/imagenet-hard-50-subset-2500__n03345487__ILSVRC2012_val_00037232.JPEG","images/n03345487/imagenet-hard-50-subset-2500__n03345487__ILSVRC2012_val_00037232.JPEG","555","fire engine","829","streetcar","6,058594","829|874|733|555|920","streetcar|trolleybus|pole|fire engine|traffic light","6,058594|6,027344|4,875000|4,750000|4,429688","true"
"/private/var/containers/Bundle/Application/4D01D32A-B666-4384-B213-31BBF61E54F1/CVTestsSUI.app/imagenet-hard-50-subset-2500__n03345487__ILSVRC2012_val_00047888.JPEG","images/n03345487/imagenet-hard-50-subset-2500__n03345487__ILSVRC2012_val_00047888.JPEG","555","fire engine","820","steam locomotive","7,160156","820|856|595|867|569","steam locomotive|thresher|harvester|trailer truck|garbage truck","7,160156|4,242188|3,560547|3,292969|3,015625","false"
"/private/var/containers/Bundle/Application/4D01D32A-B666-4384-B213-31BBF61E54F1/CVTestsSUI.app/imagenet-hard-50-subset-2500__n03345487__ILSVRC2012_val_00048156.JPEG","images/n03345487/imagenet-hard-50-subset-2500__n03345487__ILSVRC2012_val_00048156.JPEG","555","fire engine","830","stretcher","5,035156","830|652|880|421|555","stretcher|military uniform|unicycle|bannister|fire engine","5,035156|3,316406|3,304688|3,066406|2,837891","true"
"/private/var/containers/Bundle/Application/4D01D32A-B666-4384-B213-31BBF61E54F1/CVTestsSUI.app/imagenet-hard-50-subset-2500__n03417042__ILSVRC2012_val_00002210.JPEG","images/n03417042/imagenet-hard-50-subset-2500__n03417042__ILSVRC2012_val_00002210.JPEG","569","garbage truck","867","trailer truck","7,410156","867|569|864|675|561","trailer truck|garbage truck|tow truck|moving van|forklift","7,410156|7,144531|6,113281|5,972656|4,625000","true"
"/private/var/containers/Bundle/Application/4D01D32A-B666-4384-B213-31BBF61E54F1/CVTestsSUI.app/imagenet-hard-50-subset-2500__n03417042__ILSVRC2012_val_00019147.JPEG","images/n03417042/imagenet-hard-50-subset-2500__n03417042__ILSVRC2012_val_00019147.JPEG","569","garbage truck","867","trailer truck","7,324219","867|569|864|675|561","trailer truck|garbage truck|tow truck|moving van|forklift","7,324219|7,238281|4,125000|3,986328|3,488281","true"
"/private/var/containers/Bundle/Application/4D01D32A-B666-4384-B213-31BBF61E54F1/CVTestsSUI.app/imagenet-hard-50-subset-2500__n03417042__ILSVRC2012_val_00032800.JPEG","images/n03417042/imagenet-hard-50-subset-2500__n03417042__ILSVRC2012_val_00032800.JPEG","569","garbage truck","803","snowplow","6,511719","803|569|915|867|874","snowplow|garbage truck|yurt|trailer truck|trolleybus","6,511719|5,777344|4,382812|4,363281|4,238281","true"
"/private/var/containers/Bundle/Application/4D01D32A-B666-4384-B213-31BBF61E54F1/CVTestsSUI.app/imagenet-hard-50-subset-2500__n03417042__ILSVRC2012_val_00034001.JPEG","images/n03417042/imagenet-hard-50-subset-2500__n03417042__ILSVRC2012_val_00034001.JPEG","569","garbage truck","867","trailer truck","6,480469","867|569|675|757|864","trailer truck|garbage truck|moving van|recreational vehicle|tow truck","6,480469|6,328125|5,125000|3,894531|3,072266","true"
"/private/var/containers/Bundle/Application/4D01D32A-B666-4384-B213-31BBF61E54F1/CVTestsSUI.app/imagenet-hard-50-subset-2500__n03417042__ILSVRC2012_val_00037947.JPEG","images/n03417042/imagenet-hard-50-subset-2500__n03417042__ILSVRC2012_val_00037947.JPEG","569","garbage truck","468","cab","3,859375","468|717|609|436|864","cab|pickup|jeep|beach wagon|tow truck","3,859375|3,859375|3,724609|3,539062|3,537109","false"
"/private/var/containers/Bundle/Application/4D01D32A-B666-4384-B213-31BBF61E54F1/CVTestsSUI.app/imagenet-hard-50-subset-2500__n03417042__ILSVRC2012_val_00039069.JPEG","images/n03417042/imagenet-hard-50-subset-2500__n03417042__ILSVRC2012_val_00039069.JPEG","569","garbage truck","867","trailer truck","5,625000","867|569|595|866|820","trailer truck|garbage truck|harvester|tractor|steam locomotive","5,625000|5,371094|5,210938|4,175781|3,634766","true"
"/private/var/containers/Bundle/Application/4D01D32A-B666-4384-B213-31BBF61E54F1/CVTestsSUI.app/imagenet-hard-50-subset-2500__n03417042__ILSVRC2012_val_00042487.JPEG","images/n03417042/imagenet-hard-50-subset-2500__n03417042__ILSVRC2012_val_00042487.JPEG","569","garbage truck","561","forklift","4,472656","561|595|847|408|586","forklift|harvester|tank|amphibian|half track","4,472656|4,429688|4,152344|3,955078|3,748047","false"
"/private/var/containers/Bundle/Application/4D01D32A-B666-4384-B213-31BBF61E54F1/CVTestsSUI.app/imagenet-hard-50-subset-2500__n03417042__ILSVRC2012_val_00046913.JPEG","images/n03417042/imagenet-hard-50-subset-2500__n03417042__ILSVRC2012_val_00046913.JPEG","569","garbage truck","866","tractor","5,101562","866|730|595|856|609","tractor|plow|harvester|thresher|jeep","5,101562|5,058594|4,347656|3,972656|3,542969","false"
"/private/var/containers/Bundle/Application/4D01D32A-B666-4384-B213-31BBF61E54F1/CVTestsSUI.app/imagenet-hard-50-subset-2500__n03417042__ILSVRC2012_val_00047189.JPEG","images/n03417042/imagenet-hard-50-subset-2500__n03417042__ILSVRC2012_val_00047189.JPEG","569","garbage truck","867","trailer truck","5,808594","867|569|660|864|757","trailer truck|garbage truck|mobile home|tow truck|recreational vehicle","5,808594|5,542969|4,234375|4,218750|4,121094","true"
"/private/var/containers/Bundle/Application/4D01D32A-B666-4384-B213-31BBF61E54F1/CVTestsSUI.app/imagenet-hard-50-subset-2500__n03930630__ILSVRC2012_val_00007733.JPEG","images/n03930630/imagenet-hard-50-subset-2500__n03930630__ILSVRC2012_val_00007733.JPEG","717","pickup","757","recreational vehicle","5,000000","757|660|675|654|874","recreational vehicle|mobile home|moving van|minibus|trolleybus","5,000000|4,843750|4,691406|4,300781|4,152344","false"
"/private/var/containers/Bundle/Application/4D01D32A-B666-4384-B213-31BBF61E54F1/CVTestsSUI.app/imagenet-hard-50-subset-2500__n03930630__ILSVRC2012_val_00015879.JPEG","images/n03930630/imagenet-hard-50-subset-2500__n03930630__ILSVRC2012_val_00015879.JPEG","717","pickup","511","convertible","5,296875","511|817|436|468|581","convertible|sports car|beach wagon|cab|grille","5,296875|4,652344|4,531250|4,167969|4,031250","false"
"/private/var/containers/Bundle/Application/4D01D32A-B666-4384-B213-31BBF61E54F1/CVTestsSUI.app/imagenet-hard-50-subset-2500__n03930630__ILSVRC2012_val_00017360.JPEG","images/n03930630/imagenet-hard-50-subset-2500__n03930630__ILSVRC2012_val_00017360.JPEG","717","pickup","511","convertible","5,554688","511|436|581|817|717","convertible|beach wagon|grille|sports car|pickup","5,554688|5,324219|4,863281|4,296875|4,222656","true"
"/private/var/containers/Bundle/Application/4D01D32A-B666-4384-B213-31BBF61E54F1/CVTestsSUI.app/imagenet-hard-50-subset-2500__n03930630__ILSVRC2012_val_00017708.JPEG","images/n03930630/imagenet-hard-50-subset-2500__n03930630__ILSVRC2012_val_00017708.JPEG","717","pickup","660","mobile home","4,335938","660|718|705|888|867","mobile home|pier|passenger car|viaduct|trailer truck","4,335938|4,046875|3,894531|3,806641|3,757812","false"
"/private/var/containers/Bundle/Application/4D01D32A-B666-4384-B213-31BBF61E54F1/CVTestsSUI.app/imagenet-hard-50-subset-2500__n03930630__ILSVRC2012_val_00026079.JPEG","images/n03930630/imagenet-hard-50-subset-2500__n03930630__ILSVRC2012_val_00026079.JPEG","717","pickup","661","Model T","6,429688","661|621|717|864|866","Model T|lawn mower|pickup|tow truck|tractor","6,429688|4,039062|3,908203|3,337891|3,291016","true"
"/private/var/containers/Bundle/Application/4D01D32A-B666-4384-B213-31BBF61E54F1/CVTestsSUI.app/imagenet-hard-50-subset-2500__n03930630__ILSVRC2012_val_00026503.JPEG","images/n03930630/imagenet-hard-50-subset-2500__n03930630__ILSVRC2012_val_00026503.JPEG","717","pickup","661","Model T","5,531250","661|717|479|511|751","Model T|pickup|car wheel|convertible|racer","5,531250|3,859375|3,853516|3,693359|3,585938","true"
"/private/var/containers/Bundle/Application/4D01D32A-B666-4384-B213-31BBF61E54F1/CVTestsSUI.app/imagenet-hard-50-subset-2500__n03930630__ILSVRC2012_val_00027997.JPEG","images/n03930630/imagenet-hard-50-subset-2500__n03930630__ILSVRC2012_val_00027997.JPEG","717","pickup","586","half track","4,964844","586|866|864|661|717","half track|tractor|tow truck|Model T|pickup","4,964844|3,958984|3,865234|3,535156|3,189453","true"
"/private/var/containers/Bundle/Application/4D01D32A-B666-4384-B213-31BBF61E54F1/CVTestsSUI.app/imagenet-hard-50-subset-2500__n03930630__ILSVRC2012_val_00029046.JPEG","images/n03930630/imagenet-hard-50-subset-2500__n03930630__ILSVRC2012_val_00029046.JPEG","717","pickup","581","grille","6,152344","581|717|555|511|468","grille|pickup|fire engine|convertible|cab","6,152344|4,949219|4,714844|4,289062|4,117188","true"
"/private/var/containers/Bundle/Application/4D01D32A-B666-4384-B213-31BBF61E54F1/CVTestsSUI.app/imagenet-hard-50-subset-2500__n03930630__ILSVRC2012_val_00029772.JPEG","images/n03930630/imagenet-hard-50-subset-2500__n03930630__ILSVRC2012_val_00029772.JPEG","717","pickup","817","sports car","3,697266","817|479|581|436|511","sports car|car wheel|grille|beach wagon|convertible","3,697266|3,583984|3,500000|3,232422|3,175781","false"
"/private/var/containers/Bundle/Application/4D01D32A-B666-4384-B213-31BBF61E54F1/CVTestsSUI.app/imagenet-hard-50-subset-2500__n03930630__ILSVRC2012_val_00034975.JPEG","images/n03930630/imagenet-hard-50-subset-2500__n03930630__ILSVRC2012_val_00034975.JPEG","717","pickup","864","tow truck","5,746094","864|717|609|803|627","tow truck|pickup|jeep|snowplow|limousine","5,746094|5,500000|5,035156|4,554688|3,960938","true"
"/private/var/containers/Bundle/Application/4D01D32A-B666-4384-B213-31BBF61E54F1/CVTestsSUI.app/imagenet-hard-50-subset-2500__n03930630__ILSVRC2012_val_00039508.JPEG","images/n03930630/imagenet-hard-50-subset-2500__n03930630__ILSVRC2012_val_00039508.JPEG","717","pickup","581","grille","5,921875","581|717|511|479|817","grille|pickup|convertible|car wheel|sports car","5,921875|5,878906|4,937500|3,890625|3,835938","true"
"/private/var/containers/Bundle/Application/4D01D32A-B666-4384-B213-31BBF61E54F1/CVTestsSUI.app/imagenet-hard-50-subset-2500__n03930630__ILSVRC2012_val_00039963.JPEG","images/n03930630/imagenet-hard-50-subset-2500__n03930630__ILSVRC2012_val_00039963.JPEG","717","pickup","475","car mirror","3,804688","475|654|561|569|864","car mirror|minibus|forklift|garbage truck|tow truck","3,804688|3,703125|3,666016|3,648438|3,351562","false"
"/private/var/containers/Bundle/Application/4D01D32A-B666-4384-B213-31BBF61E54F1/CVTestsSUI.app/imagenet-hard-50-subset-2500__n03930630__ILSVRC2012_val_00044388.JPEG","images/n03930630/imagenet-hard-50-subset-2500__n03930630__ILSVRC2012_val_00044388.JPEG","717","pickup","609","jeep","6,128906","609|717|436|660|581","jeep|pickup|beach wagon|mobile home|grille","6,128906|4,468750|4,308594|3,402344|3,341797","true"
"/private/var/containers/Bundle/Application/4D01D32A-B666-4384-B213-31BBF61E54F1/CVTestsSUI.app/imagenet-hard-50-subset-2500__n03930630__ILSVRC2012_val_00045071.JPEG","images/n03930630/imagenet-hard-50-subset-2500__n03930630__ILSVRC2012_val_00045071.JPEG","717","pickup","609","jeep","3,927734","609|717|660|803|733","jeep|pickup|mobile home|snowplow|pole","3,927734|3,861328|3,410156|3,207031|3,199219","true"
"/private/var/containers/Bundle/Application/4D01D32A-B666-4384-B213-31BBF61E54F1/CVTestsSUI.app/imagenet-hard-50-subset-2500__n03930630__ILSVRC2012_val_00049525.JPEG","images/n03930630/imagenet-hard-50-subset-2500__n03930630__ILSVRC2012_val_00049525.JPEG","717","pickup","511","convertible","5,687500","511|717|436|817|479","convertible|pickup|beach wagon|sports car|car wheel","5,687500|5,019531|4,105469|3,650391|3,617188","true"
"/private/var/containers/Bundle/Application/4D01D32A-B666-4384-B213-31BBF61E54F1/CVTestsSUI.app/imagenet-hard-50-subset-2500__n03930630__ILSVRC2012_val_00049789.JPEG","images/n03930630/imagenet-hard-50-subset-2500__n03930630__ILSVRC2012_val_00049789.JPEG","717","pickup","864","tow truck","5,230469","864|609|717|586|661","tow truck|jeep|pickup|half track|Model T","5,230469|4,699219|4,550781|4,402344|3,587891","true"
"/private/var/containers/Bundle/Application/4D01D32A-B666-4384-B213-31BBF61E54F1/CVTestsSUI.app/imagenet-hard-50-subset-2500__n04461696__ILSVRC2012_val_00000671.JPEG","images/n04461696/imagenet-hard-50-subset-2500__n04461696__ILSVRC2012_val_00000671.JPEG","864","tow truck","555","fire engine","5,253906","555|864|717|867|407","fire engine|tow truck|pickup|trailer truck|ambulance","5,253906|4,812500|4,523438|4,335938|3,890625","true"
"/private/var/containers/Bundle/Application/4D01D32A-B666-4384-B213-31BBF61E54F1/CVTestsSUI.app/imagenet-hard-50-subset-2500__n04461696__ILSVRC2012_val_00007500.JPEG","images/n04461696/imagenet-hard-50-subset-2500__n04461696__ILSVRC2012_val_00007500.JPEG","864","tow truck","627","limousine","4,617188","627|864|609|717|581","limousine|tow truck|jeep|pickup|grille","4,617188|4,144531|4,117188|3,689453|3,677734","true"
"/private/var/containers/Bundle/Application/4D01D32A-B666-4384-B213-31BBF61E54F1/CVTestsSUI.app/imagenet-hard-50-subset-2500__n04461696__ILSVRC2012_val_00007770.JPEG","images/n04461696/imagenet-hard-50-subset-2500__n04461696__ILSVRC2012_val_00007770.JPEG","864","tow truck","569","garbage truck","4,984375","569|864|867|803|705","garbage truck|tow truck|trailer truck|snowplow|passenger car","4,984375|4,523438|4,152344|3,794922|2,876953","true"
"/private/var/containers/Bundle/Application/4D01D32A-B666-4384-B213-31BBF61E54F1/CVTestsSUI.app/imagenet-hard-50-subset-2500__n04461696__ILSVRC2012_val_00008483.JPEG","images/n04461696/imagenet-hard-50-subset-2500__n04461696__ILSVRC2012_val_00008483.JPEG","864","tow truck","867","trailer truck","7,078125","867|864|569|675|555","trailer truck|tow truck|garbage truck|moving van|fire engine","7,078125|6,621094|4,359375|3,648438|3,617188","true"
"/private/var/containers/Bundle/Application/4D01D32A-B666-4384-B213-31BBF61E54F1/CVTestsSUI.app/imagenet-hard-50-subset-2500__n04461696__ILSVRC2012_val_00013149.JPEG","images/n04461696/imagenet-hard-50-subset-2500__n04461696__ILSVRC2012_val_00013149.JPEG","864","tow truck","656","minivan","4,511719","656|734|407|436|864","minivan|police van|ambulance|beach wagon|tow truck","4,511719|4,234375|3,958984|3,910156|3,605469","true"
"/private/var/containers/Bundle/Application/4D01D32A-B666-4384-B213-31BBF61E54F1/CVTestsSUI.app/imagenet-hard-50-subset-2500__n04461696__ILSVRC2012_val_00014036.JPEG","images/n04461696/imagenet-hard-50-subset-2500__n04461696__ILSVRC2012_val_00014036.JPEG","864","tow truck","717","pickup","6,964844","717|864|581|555|609","pickup|tow truck|grille|fire engine|jeep","6,964844|5,621094|5,203125|3,910156|3,875000","true"
"/private/var/containers/Bundle/Application/4D01D32A-B666-4384-B213-31BBF61E54F1/CVTestsSUI.app/imagenet-hard-50-subset-2500__n04461696__ILSVRC2012_val_00016077.JPEG","images/n04461696/imagenet-hard-50-subset-2500__n04461696__ILSVRC2012_val_00016077.JPEG","864","tow truck","867","trailer truck","6,207031","867|864|555|757|569","trailer truck|tow truck|fire engine|recreational vehicle|garbage truck","6,207031|5,660156|4,171875|3,638672|3,417969","true"
"/private/var/containers/Bundle/Application/4D01D32A-B666-4384-B213-31BBF61E54F1/CVTestsSUI.app/imagenet-hard-50-subset-2500__n04461696__ILSVRC2012_val_00016835.JPEG","images/n04461696/imagenet-hard-50-subset-2500__n04461696__ILSVRC2012_val_00016835.JPEG","864","tow truck","654","minibus","4,925781","654|864|675|705|555","minibus|tow truck|moving van|passenger car|fire engine","4,925781|3,994141|3,880859|3,566406|3,435547","true"
"/private/var/containers/Bundle/Application/4D01D32A-B666-4384-B213-31BBF61E54F1/CVTestsSUI.app/imagenet-hard-50-subset-2500__n04461696__ILSVRC2012_val_00022323.JPEG","images/n04461696/imagenet-hard-50-subset-2500__n04461696__ILSVRC2012_val_00022323.JPEG","864","tow truck","656","minivan","5,695312","656|511|436|627|817","minivan|convertible|beach wagon|limousine|sports car","5,695312|5,343750|5,050781|4,480469|4,414062","false"
"/private/var/containers/Bundle/Application/4D01D32A-B666-4384-B213-31BBF61E54F1/CVTestsSUI.app/imagenet-hard-50-subset-2500__n04461696__ILSVRC2012_val_00025748.JPEG","images/n04461696/imagenet-hard-50-subset-2500__n04461696__ILSVRC2012_val_00025748.JPEG","864","tow truck","654","minibus","3,724609","654|705|555|864|779","minibus|passenger car|fire engine|tow truck|school bus","3,724609|3,546875|3,376953|3,212891|3,197266","true"
"/private/var/containers/Bundle/Application/4D01D32A-B666-4384-B213-31BBF61E54F1/CVTestsSUI.app/imagenet-hard-50-subset-2500__n04461696__ILSVRC2012_val_00026004.JPEG","images/n04461696/imagenet-hard-50-subset-2500__n04461696__ILSVRC2012_val_00026004.JPEG","864","tow truck","757","recreational vehicle","6,164062","757|660|609|654|803","recreational vehicle|mobile home|jeep|minibus|snowplow","6,164062|4,718750|4,507812|3,724609|3,435547","false"
"/private/var/containers/Bundle/Application/4D01D32A-B666-4384-B213-31BBF61E54F1/CVTestsSUI.app/imagenet-hard-50-subset-2500__n04461696__ILSVRC2012_val_00027416.JPEG","images/n04461696/imagenet-hard-50-subset-2500__n04461696__ILSVRC2012_val_00027416.JPEG","864","tow truck","555","fire engine","4,214844","555|864|803|595|867","fire engine|tow truck|snowplow|harvester|trailer truck","4,214844|3,978516|3,447266|3,300781|3,148438","true"
"/private/var/containers/Bundle/Application/4D01D32A-B666-4384-B213-31BBF61E54F1/CVTestsSUI.app/imagenet-hard-50-subset-2500__n04461696__ILSVRC2012_val_00027753.JPEG","images/n04461696/imagenet-hard-50-subset-2500__n04461696__ILSVRC2012_val_00027753.JPEG","864","tow truck","920","traffic light","4,171875","920|698|682|975|408","traffic light|palace|obelisk|lakeside|amphibian","4,171875|3,457031|3,312500|3,259766|2,974609","false"
"/private/var/containers/Bundle/Application/4D01D32A-B666-4384-B213-31BBF61E54F1/CVTestsSUI.app/imagenet-hard-50-subset-2500__n04461696__ILSVRC2012_val_00028004.JPEG","images/n04461696/imagenet-hard-50-subset-2500__n04461696__ILSVRC2012_val_00028004.JPEG","864","tow truck","717","pickup","7,230469","717|661|864|609|479","pickup|Model T|tow truck|jeep|car wheel","7,230469|6,773438|5,828125|3,978516|3,728516","true"
"/private/var/containers/Bundle/Application/4D01D32A-B666-4384-B213-31BBF61E54F1/CVTestsSUI.app/imagenet-hard-50-subset-2500__n04461696__ILSVRC2012_val_00031256.JPEG","images/n04461696/imagenet-hard-50-subset-2500__n04461696__ILSVRC2012_val_00031256.JPEG","864","tow truck","468","cab","5,808594","468|864|779|873|698","cab|tow truck|school bus|triumphal arch|palace","5,808594|4,453125|3,953125|3,859375|3,736328","true"
"/private/var/containers/Bundle/Application/4D01D32A-B666-4384-B213-31BBF61E54F1/CVTestsSUI.app/imagenet-hard-50-subset-2500__n04461696__ILSVRC2012_val_00039347.JPEG","images/n04461696/imagenet-hard-50-subset-2500__n04461696__ILSVRC2012_val_00039347.JPEG","864","tow truck","581","grille","6,199219","581|717|468|436|864","grille|pickup|cab|beach wagon|tow truck","6,199219|5,660156|5,605469|4,667969|4,152344","true"
"/private/var/containers/Bundle/Application/4D01D32A-B666-4384-B213-31BBF61E54F1/CVTestsSUI.app/imagenet-hard-50-subset-2500__n04461696__ILSVRC2012_val_00041027.JPEG","images/n04461696/imagenet-hard-50-subset-2500__n04461696__ILSVRC2012_val_00041027.JPEG","864","tow truck","803","snowplow","4,460938","803|864|555|595|717","snowplow|tow truck|fire engine|harvester|pickup","4,460938|4,417969|4,003906|3,205078|2,964844","true"
"/private/var/containers/Bundle/Application/4D01D32A-B666-4384-B213-31BBF61E54F1/CVTestsSUI.app/imagenet-hard-50-subset-2500__n04461696__ILSVRC2012_val_00045225.JPEG","images/n04461696/imagenet-hard-50-subset-2500__n04461696__ILSVRC2012_val_00045225.JPEG","864","tow truck","920","traffic light","6,480469","920|468|627|803|407","traffic light|cab|limousine|snowplow|ambulance","6,480469|6,085938|5,761719|4,578125|4,550781","false"
"/private/var/containers/Bundle/Application/4D01D32A-B666-4384-B213-31BBF61E54F1/CVTestsSUI.app/imagenet-hard-50-subset-2500__n04461696__ILSVRC2012_val_00046404.JPEG","images/n04461696/imagenet-hard-50-subset-2500__n04461696__ILSVRC2012_val_00046404.JPEG","864","tow truck","468","cab","5,660156","468|734|864|407|751","cab|police van|tow truck|ambulance|racer","5,660156|5,160156|4,769531|4,441406|4,210938","true"
"/private/var/containers/Bundle/Application/4D01D32A-B666-4384-B213-31BBF61E54F1/CVTestsSUI.app/imagenet-hard-50-subset-2500__n04461696__ILSVRC2012_val_00046880.JPEG","images/n04461696/imagenet-hard-50-subset-2500__n04461696__ILSVRC2012_val_00046880.JPEG","864","tow truck","511","convertible","5,535156","511|436|627|717|864","convertible|beach wagon|limousine|pickup|tow truck","5,535156|3,710938|3,662109|3,533203|3,044922","true"
"/private/var/containers/Bundle/Application/4D01D32A-B666-4384-B213-31BBF61E54F1/CVTestsSUI.app/imagenet-hard-50-subset-2500__n04461696__ILSVRC2012_val_00046973.JPEG","images/n04461696/imagenet-hard-50-subset-2500__n04461696__ILSVRC2012_val_00046973.JPEG","864","tow truck","627","limousine","4,308594","627|705|745|742|800","limousine|passenger car|projector|printer|slot","4,308594|3,384766|3,214844|3,125000|3,101562","false"
"/private/var/containers/Bundle/Application/4D01D32A-B666-4384-B213-31BBF61E54F1/CVTestsSUI.app/imagenet-hard-50-subset-2500__n04461696__ILSVRC2012_val_00047720.JPEG","images/n04461696/imagenet-hard-50-subset-2500__n04461696__ILSVRC2012_val_00047720.JPEG","864","tow truck","569","garbage truck","4,898438","569|864|621|595|866","garbage truck|tow truck|lawn mower|harvester|tractor","4,898438|4,898438|4,671875|4,601562|4,449219","true"
"/private/var/containers/Bundle/Application/4D01D32A-B666-4384-B213-31BBF61E54F1/CVTestsSUI.app/imagenet-hard-50-subset-2500__n04461696__ILSVRC2012_val_00048241.JPEG","images/n04461696/imagenet-hard-50-subset-2500__n04461696__ILSVRC2012_val_00048241.JPEG","864","tow truck","511","convertible","4,457031","511|479|609|864|817","convertible|car wheel|jeep|tow truck|sports car","4,457031|4,417969|4,121094|3,982422|3,814453","true"
"/private/var/containers/Bundle/Application/4D01D32A-B666-4384-B213-31BBF61E54F1/CVTestsSUI.app/imagenet-hard-50-subset-2500__n04461696__ILSVRC2012_val_00049076.JPEG","images/n04461696/imagenet-hard-50-subset-2500__n04461696__ILSVRC2012_val_00049076.JPEG","864","tow truck","555","fire engine","4,578125","555|864|595|609|511","fire engine|tow truck|harvester|jeep|convertible","4,578125|4,578125|4,164062|3,312500|3,015625","true"
"/private/var/containers/Bundle/Application/4D01D32A-B666-4384-B213-31BBF61E54F1/CVTestsSUI.app/imagenet-hard-50-subset-2500__n04467665__ILSVRC2012_val_00001797.JPEG","images/n04467665/imagenet-hard-50-subset-2500__n04467665__ILSVRC2012_val_00001797.JPEG","867","trailer truck","757","recreational vehicle","5,792969","757|867|864|717|660","recreational vehicle|trailer truck|tow truck|pickup|mobile home","5,792969|5,468750|4,777344|4,496094|4,281250","true"
"/private/var/containers/Bundle/Application/4D01D32A-B666-4384-B213-31BBF61E54F1/CVTestsSUI.app/imagenet-hard-50-subset-2500__n04467665__ILSVRC2012_val_00014857.JPEG","images/n04467665/imagenet-hard-50-subset-2500__n04467665__ILSVRC2012_val_00014857.JPEG","867","trailer truck","757","recreational vehicle","6,226562","757|660|675|654|867","recreational vehicle|mobile home|moving van|minibus|trailer truck","6,226562|4,792969|4,414062|4,035156|3,882812","true"
"/private/var/containers/Bundle/Application/4D01D32A-B666-4384-B213-31BBF61E54F1/CVTestsSUI.app/imagenet-hard-50-subset-2500__n04467665__ILSVRC2012_val_00015480.JPEG","images/n04467665/imagenet-hard-50-subset-2500__n04467665__ILSVRC2012_val_00015480.JPEG","867","trailer truck","483","castle","6,894531","483|698|437|497|663","castle|palace|beacon|church|monastery","6,894531|5,277344|4,281250|4,195312|3,757812","false"
"/private/var/containers/Bundle/Application/4D01D32A-B666-4384-B213-31BBF61E54F1/CVTestsSUI.app/imagenet-hard-50-subset-2500__n04467665__ILSVRC2012_val_00029961.JPEG","images/n04467665/imagenet-hard-50-subset-2500__n04467665__ILSVRC2012_val_00029961.JPEG","867","trailer truck","919","street sign","6,054688","919|920|733|867|704","street sign|traffic light|pole|trailer truck|parking meter","6,054688|5,027344|4,128906|4,023438|3,734375","true"
"/private/var/containers/Bundle/Application/4D01D32A-B666-4384-B213-31BBF61E54F1/CVTestsSUI.app/imagenet-hard-50-subset-2500__n04467665__ILSVRC2012_val_00030427.JPEG","images/n04467665/imagenet-hard-50-subset-2500__n04467665__ILSVRC2012_val_00030427.JPEG","867","trailer truck","460","breakwater","4,718750","460|920|833|867|536","breakwater|traffic light|submarine|trailer truck|dock","4,718750|4,406250|4,265625|3,259766|3,009766","true"
"/private/var/containers/Bundle/Application/4D01D32A-B666-4384-B213-31BBF61E54F1/CVTestsSUI.app/imagenet-hard-50-subset-2500__n04467665__ILSVRC2012_val_00030748.JPEG","images/n04467665/imagenet-hard-50-subset-2500__n04467665__ILSVRC2012_val_00030748.JPEG","867","trailer truck","864","tow truck","4,789062","864|867|555|751|803","tow truck|trailer truck|fire engine|racer|snowplow","4,789062|4,429688|4,109375|4,007812|3,462891","true"
"/private/var/containers/Bundle/Application/4D01D32A-B666-4384-B213-31BBF61E54F1/CVTestsSUI.app/imagenet-hard-50-subset-2500__n04467665__ILSVRC2012_val_00032742.JPEG","images/n04467665/imagenet-hard-50-subset-2500__n04467665__ILSVRC2012_val_00032742.JPEG","867","trailer truck","920","traffic light","5,046875","920|867|733|900|657","traffic light|trailer truck|pole|water tower|missile","5,046875|4,867188|4,054688|3,693359|3,650391","true"
"/private/var/containers/Bundle/Application/4D01D32A-B666-4384-B213-31BBF61E54F1/CVTestsSUI.app/imagenet-hard-50-subset-2500__n04467665__ILSVRC2012_val_00033485.JPEG","images/n04467665/imagenet-hard-50-subset-2500__n04467665__ILSVRC2012_val_00033485.JPEG","867","trailer truck","525","dam","6,839844","525|460|867|977|839","dam|breakwater|trailer truck|sandbar|suspension bridge","6,839844|6,437500|5,519531|4,121094|3,878906","true"
"/private/var/containers/Bundle/Application/4D01D32A-B666-4384-B213-31BBF61E54F1/CVTestsSUI.app/imagenet-hard-50-subset-2500__n04467665__ILSVRC2012_val_00035841.JPEG","images/n04467665/imagenet-hard-50-subset-2500__n04467665__ILSVRC2012_val_00035841.JPEG","867","trailer truck","839","suspension bridge","5,968750","839|718|460|536|510","suspension bridge|pier|breakwater|dock|container ship","5,968750|5,558594|5,347656|3,841797|3,763672","false"
"/private/var/containers/Bundle/Application/4D01D32A-B666-4384-B213-31BBF61E54F1/CVTestsSUI.app/imagenet-hard-50-subset-2500__n04467665__ILSVRC2012_val_00038561.JPEG","images/n04467665/imagenet-hard-50-subset-2500__n04467665__ILSVRC2012_val_00038561.JPEG","867","trailer truck","555","fire engine","5,421875","555|864|867|569|407","fire engine|tow truck|trailer truck|garbage truck|ambulance","5,421875|4,671875|4,113281|3,828125|3,767578","true"
"/private/var/containers/Bundle/Application/4D01D32A-B666-4384-B213-31BBF61E54F1/CVTestsSUI.app/imagenet-hard-50-subset-2500__n03769881__ILSVRC2012_val_00001207.JPEG","images/n03769881/imagenet-hard-50-subset-2500__n03769881__ILSVRC2012_val_00001207.JPEG","654","minibus","436","beach wagon","5,019531","436|654|656|407|581","beach wagon|minibus|minivan|ambulance|grille","5,019531|4,722656|4,425781|3,392578|3,373047","true"
"/private/var/containers/Bundle/Application/4D01D32A-B666-4384-B213-31BBF61E54F1/CVTestsSUI.app/imagenet-hard-50-subset-2500__n03769881__ILSVRC2012_val_00004866.JPEG","images/n03769881/imagenet-hard-50-subset-2500__n03769881__ILSVRC2012_val_00004866.JPEG","654","minibus","734","police van","5,582031","734|654|407|675|757","police van|minibus|ambulance|moving van|recreational vehicle","5,582031|5,562500|5,175781|4,792969|3,044922","true"
"/private/var/containers/Bundle/Application/4D01D32A-B666-4384-B213-31BBF61E54F1/CVTestsSUI.app/imagenet-hard-50-subset-2500__n03769881__ILSVRC2012_val_00012953.JPEG","images/n03769881/imagenet-hard-50-subset-2500__n03769881__ILSVRC2012_val_00012953.JPEG","654","minibus","675","moving van","6,640625","675|654|757|734|656","moving van|minibus|recreational vehicle|police van|minivan","6,640625|6,171875|6,054688|5,578125|4,777344","true"
"/private/var/containers/Bundle/Application/4D01D32A-B666-4384-B213-31BBF61E54F1/CVTestsSUI.app/imagenet-hard-50-subset-2500__n03769881__ILSVRC2012_val_00017651.JPEG","images/n03769881/imagenet-hard-50-subset-2500__n03769881__ILSVRC2012_val_00017651.JPEG","654","minibus","407","ambulance","4,210938","407|654|555|874|734","ambulance|minibus|fire engine|trolleybus|police van","4,210938|3,939453|3,818359|3,306641|3,115234","true"
"/private/var/containers/Bundle/Application/4D01D32A-B666-4384-B213-31BBF61E54F1/CVTestsSUI.app/imagenet-hard-50-subset-2500__n03769881__ILSVRC2012_val_00021324.JPEG","images/n03769881/imagenet-hard-50-subset-2500__n03769881__ILSVRC2012_val_00021324.JPEG","654","minibus","609","jeep","5,476562","609|654|717|734|656","jeep|minibus|pickup|police van|minivan","5,476562|5,066406|4,753906|4,503906|4,257812","true"
"/private/var/containers/Bundle/Application/4D01D32A-B666-4384-B213-31BBF61E54F1/CVTestsSUI.app/imagenet-hard-50-subset-2500__n03769881__ILSVRC2012_val_00024201.JPEG","images/n03769881/imagenet-hard-50-subset-2500__n03769881__ILSVRC2012_val_00024201.JPEG","654","minibus","874","trolleybus","4,292969","874|654|627|757|675","trolleybus|minibus|limousine|recreational vehicle|moving van","4,292969|4,281250|3,972656|3,781250|3,652344","true"
"/private/var/containers/Bundle/Application/4D01D32A-B666-4384-B213-31BBF61E54F1/CVTestsSUI.app/imagenet-hard-50-subset-2500__n03769881__ILSVRC2012_val_00024788.JPEG","images/n03769881/imagenet-hard-50-subset-2500__n03769881__ILSVRC2012_val_00024788.JPEG","654","minibus","468","cab","5,035156","468|654|656|575|436","cab|minibus|minivan|golfcart|beach wagon","5,035156|4,605469|4,339844|3,943359|3,898438","true"
"/private/var/containers/Bundle/Application/4D01D32A-B666-4384-B213-31BBF61E54F1/CVTestsSUI.app/imagenet-hard-50-subset-2500__n03769881__ILSVRC2012_val_00027080.JPEG","images/n03769881/imagenet-hard-50-subset-2500__n03769881__ILSVRC2012_val_00027080.JPEG","654","minibus","734","police van","5,191406","734|654|407|675|757","police van|minibus|ambulance|moving van|recreational vehicle","5,191406|5,062500|4,035156|3,587891|3,410156","true"
"/private/var/containers/Bundle/Application/4D01D32A-B666-4384-B213-31BBF61E54F1/CVTestsSUI.app/imagenet-hard-50-subset-2500__n03769881__ILSVRC2012_val_00027191.JPEG","images/n03769881/imagenet-hard-50-subset-2500__n03769881__ILSVRC2012_val_00027191.JPEG","654","minibus","734","police van","5,246094","734|654|757|675|407","police van|minibus|recreational vehicle|moving van|ambulance","5,246094|5,230469|4,898438|4,117188|3,988281","true"
"/private/var/containers/Bundle/Application/4D01D32A-B666-4384-B213-31BBF61E54F1/CVTestsSUI.app/imagenet-hard-50-subset-2500__n03769881__ILSVRC2012_val_00031610.JPEG","images/n03769881/imagenet-hard-50-subset-2500__n03769881__ILSVRC2012_val_00031610.JPEG","654","minibus","627","limousine","7,707031","627|654|656|757|982","limousine|minibus|minivan|recreational vehicle|groom","7,707031|6,503906|6,312500|5,167969|5,027344","true"
"/private/var/containers/Bundle/Application/4D01D32A-B666-4384-B213-31BBF61E54F1/CVTestsSUI.app/imagenet-hard-50-subset-2500__n03769881__ILSVRC2012_val_00032382.JPEG","images/n03769881/imagenet-hard-50-subset-2500__n03769881__ILSVRC2012_val_00032382.JPEG","654","minibus","483","castle","3,589844","483|734|663|654|407","castle|police van|monastery|minibus|ambulance","3,589844|3,560547|3,542969|3,427734|3,246094","true"
"/private/var/containers/Bundle/Application/4D01D32A-B666-4384-B213-31BBF61E54F1/CVTestsSUI.app/imagenet-hard-50-subset-2500__n03769881__ILSVRC2012_val_00035663.JPEG","images/n03769881/imagenet-hard-50-subset-2500__n03769881__ILSVRC2012_val_00035663.JPEG","654","minibus","656","minivan","5,402344","656|555|654|407|717","minivan|fire engine|minibus|ambulance|pickup","5,402344|4,253906|4,128906|3,990234|3,373047","true"
"/private/var/containers/Bundle/Application/4D01D32A-B666-4384-B213-31BBF61E54F1/CVTestsSUI.app/imagenet-hard-50-subset-2500__n03769881__ILSVRC2012_val_00037159.JPEG","images/n03769881/imagenet-hard-50-subset-2500__n03769881__ILSVRC2012_val_00037159.JPEG","654","minibus","407","ambulance","5,933594","407|757|654|675|734","ambulance|recreational vehicle|minibus|moving van|police van","5,933594|5,925781|5,500000|4,976562|4,902344","true"
"/private/var/containers/Bundle/Application/4D01D32A-B666-4384-B213-31BBF61E54F1/CVTestsSUI.app/imagenet-hard-50-subset-2500__n03769881__ILSVRC2012_val_00041906.JPEG","images/n03769881/imagenet-hard-50-subset-2500__n03769881__ILSVRC2012_val_00041906.JPEG","654","minibus","627","limousine","8,554688","627|654|982|578|757","limousine|minibus|groom|gown|recreational vehicle","8,554688|6,417969|5,695312|4,917969|4,890625","true"
"/private/var/containers/Bundle/Application/4D01D32A-B666-4384-B213-31BBF61E54F1/CVTestsSUI.app/imagenet-hard-50-subset-2500__n03769881__ILSVRC2012_val_00042007.JPEG","images/n03769881/imagenet-hard-50-subset-2500__n03769881__ILSVRC2012_val_00042007.JPEG","654","minibus","407","ambulance","5,589844","407|654|734|675|656","ambulance|minibus|police van|moving van|minivan","5,589844|4,832031|4,777344|4,187500|3,199219","true"
"/private/var/containers/Bundle/Application/4D01D32A-B666-4384-B213-31BBF61E54F1/CVTestsSUI.app/imagenet-hard-50-subset-2500__n03769881__ILSVRC2012_val_00043105.JPEG","images/n03769881/imagenet-hard-50-subset-2500__n03769881__ILSVRC2012_val_00043105.JPEG","654","minibus","734","police van","4,246094","734|407|751|479|656","police van|ambulance|racer|car wheel|minivan","4,246094|3,857422|3,755859|3,535156|3,488281","false"
"/private/var/containers/Bundle/Application/4D01D32A-B666-4384-B213-31BBF61E54F1/CVTestsSUI.app/imagenet-hard-50-subset-2500__n03769881__ILSVRC2012_val_00049177.JPEG","images/n03769881/imagenet-hard-50-subset-2500__n03769881__ILSVRC2012_val_00049177.JPEG","654","minibus","779","school bus","7,996094","779|874|757|705|654","school bus|trolleybus|recreational vehicle|passenger car|minibus","7,996094|3,968750|3,228516|3,105469|3,089844","true"
"/private/var/containers/Bundle/Application/4D01D32A-B666-4384-B213-31BBF61E54F1/CVTestsSUI.app/imagenet-hard-50-subset-2500__n04146614__ILSVRC2012_val_00013295.JPEG","images/n04146614/imagenet-hard-50-subset-2500__n04146614__ILSVRC2012_val_00013295.JPEG","779","school bus","829","streetcar","5,351562","829|874|705|654|779","streetcar|trolleybus|passenger car|minibus|school bus","5,351562|5,226562|4,441406|3,919922|3,054688","true"
"/private/var/containers/Bundle/Application/4D01D32A-B666-4384-B213-31BBF61E54F1/CVTestsSUI.app/imagenet-hard-50-subset-2500__n04146614__ILSVRC2012_val_00018568.JPEG","images/n04146614/imagenet-hard-50-subset-2500__n04146614__ILSVRC2012_val_00018568.JPEG","779","school bus","866","tractor","5,562500","866|867|595|779|856","tractor|trailer truck|harvester|school bus|thresher","5,562500|4,453125|4,410156|3,941406|3,933594","true"
"/private/var/containers/Bundle/Application/4D01D32A-B666-4384-B213-31BBF61E54F1/CVTestsSUI.app/imagenet-hard-50-subset-2500__n04146614__ILSVRC2012_val_00045384.JPEG","images/n04146614/imagenet-hard-50-subset-2500__n04146614__ILSVRC2012_val_00045384.JPEG","779","school bus","874","trolleybus","6,312500","874|705|779|757|829","trolleybus|passenger car|school bus|recreational vehicle|streetcar","6,312500|5,710938|5,152344|4,648438|4,585938","true"
"/private/var/containers/Bundle/Application/4D01D32A-B666-4384-B213-31BBF61E54F1/CVTestsSUI.app/imagenet-hard-50-subset-2500__n04146614__ILSVRC2012_val_00047962.JPEG","images/n04146614/imagenet-hard-50-subset-2500__n04146614__ILSVRC2012_val_00047962.JPEG","779","school bus","920","traffic light","6,769531","920|779|704|637|919","traffic light|school bus|parking meter|mailbox|street sign","6,769531|5,644531|5,441406|4,488281|4,445312","true"
"/private/var/containers/Bundle/Application/4D01D32A-B666-4384-B213-31BBF61E54F1/CVTestsSUI.app/imagenet-hard-50-subset-2500__n04487081__ILSVRC2012_val_00011711.JPEG","images/n04487081/imagenet-hard-50-subset-2500__n04487081__ILSVRC2012_val_00011711.JPEG","874","trolleybus","779","school bus","5,816406","779|874|705|654|829","school bus|trolleybus|passenger car|minibus|streetcar","5,816406|5,710938|4,304688|3,876953|2,691406","true"
"/private/var/containers/Bundle/Application/4D01D32A-B666-4384-B213-31BBF61E54F1/CVTestsSUI.app/imagenet-hard-50-subset-2500__n04487081__ILSVRC2012_val_00041413.JPEG","images/n04487081/imagenet-hard-50-subset-2500__n04487081__ILSVRC2012_val_00041413.JPEG","874","trolleybus","829","streetcar","4,972656","829|874|654|734|569","streetcar|trolleybus|minibus|police van|garbage truck","4,972656|4,734375|3,833984|3,662109|3,007812","true"
"/private/var/containers/Bundle/Application/4D01D32A-B666-4384-B213-31BBF61E54F1/CVTestsSUI.app/imagenet-hard-50-subset-2500__n04285008__ILSVRC2012_val_00003049.JPEG","images/n04285008/imagenet-hard-50-subset-2500__n04285008__ILSVRC2012_val_00003049.JPEG","817","sports car","751","racer","7,023438","751|468|817|734|479","racer|cab|sports car|police van|car wheel","7,023438|6,105469|5,234375|4,734375|3,630859","true"
"/private/var/containers/Bundle/Application/4D01D32A-B666-4384-B213-31BBF61E54F1/CVTestsSUI.app/imagenet-hard-50-subset-2500__n04285008__ILSVRC2012_val_00003478.JPEG","images/n04285008/imagenet-hard-50-subset-2500__n04285008__ILSVRC2012_val_00003478.JPEG","817","sports car","511","convertible","7,574219","511|817|751|627|479","convertible|sports car|racer|limousine|car wheel","7,574219|7,164062|4,824219|4,558594|4,496094","true"
"/private/var/containers/Bundle/Application/4D01D32A-B666-4384-B213-31BBF61E54F1/CVTestsSUI.app/imagenet-hard-50-subset-2500__n04285008__ILSVRC2012_val_00003896.JPEG","images/n04285008/imagenet-hard-50-subset-2500__n04285008__ILSVRC2012_val_00003896.JPEG","817","sports car","511","convertible","7,199219","511|817|751|479|581","convertible|sports car|racer|car wheel|grille","7,199219|6,851562|4,558594|4,363281|3,976562","true"
"/private/var/containers/Bundle/Application/4D01D32A-B666-4384-B213-31BBF61E54F1/CVTestsSUI.app/imagenet-hard-50-subset-2500__n04285008__ILSVRC2012_val_00004076.JPEG","images/n04285008/imagenet-hard-50-subset-2500__n04285008__ILSVRC2012_val_00004076.JPEG","817","sports car","511","convertible","5,796875","511|817|436|717|581","convertible|sports car|beach wagon|pickup|grille","5,796875|4,539062|4,378906|3,978516|3,679688","true"
"/private/var/containers/Bundle/Application/4D01D32A-B666-4384-B213-31BBF61E54F1/CVTestsSUI.app/imagenet-hard-50-subset-2500__n04285008__ILSVRC2012_val_00004868.JPEG","images/n04285008/imagenet-hard-50-subset-2500__n04285008__ILSVRC2012_val_00004868.JPEG","817","sports car","511","convertible","6,531250","511|817|479|581|436","convertible|sports car|car wheel|grille|beach wagon","6,531250|6,062500|4,585938|4,308594|3,992188","true"
"/private/var/containers/Bundle/Application/4D01D32A-B666-4384-B213-31BBF61E54F1/CVTestsSUI.app/imagenet-hard-50-subset-2500__n04285008__ILSVRC2012_val_00004970.JPEG","images/n04285008/imagenet-hard-50-subset-2500__n04285008__ILSVRC2012_val_00004970.JPEG","817","sports car","511","convertible","4,773438","511|817|581|479|468","convertible|sports car|grille|car wheel|cab","4,773438|4,656250|4,332031|4,164062|3,960938","true"
"/private/var/containers/Bundle/Application/4D01D32A-B666-4384-B213-31BBF61E54F1/CVTestsSUI.app/imagenet-hard-50-subset-2500__n04285008__ILSVRC2012_val_00007125.JPEG","images/n04285008/imagenet-hard-50-subset-2500__n04285008__ILSVRC2012_val_00007125.JPEG","817","sports car","751","racer","6,253906","751|817|581|511|479","racer|sports car|grille|convertible|car wheel","6,253906|6,179688|4,367188|3,910156|3,683594","true"
"/private/var/containers/Bundle/Application/4D01D32A-B666-4384-B213-31BBF61E54F1/CVTestsSUI.app/imagenet-hard-50-subset-2500__n04285008__ILSVRC2012_val_00007592.JPEG","images/n04285008/imagenet-hard-50-subset-2500__n04285008__ILSVRC2012_val_00007592.JPEG","817","sports car","511","convertible","5,503906","511|817|581|436|479","convertible|sports car|grille|beach wagon|car wheel","5,503906|4,875000|4,578125|3,783203|3,738281","true"
"/private/var/containers/Bundle/Application/4D01D32A-B666-4384-B213-31BBF61E54F1/CVTestsSUI.app/imagenet-hard-50-subset-2500__n04285008__ILSVRC2012_val_00009607.JPEG","images/n04285008/imagenet-hard-50-subset-2500__n04285008__ILSVRC2012_val_00009607.JPEG","817","sports car","751","racer","5,496094","751|555|864|817|511","racer|fire engine|tow truck|sports car|convertible","5,496094|4,304688|3,824219|3,820312|3,417969","true"
"/private/var/containers/Bundle/Application/4D01D32A-B666-4384-B213-31BBF61E54F1/CVTestsSUI.app/imagenet-hard-50-subset-2500__n04285008__ILSVRC2012_val_00010455.JPEG","images/n04285008/imagenet-hard-50-subset-2500__n04285008__ILSVRC2012_val_00010455.JPEG","817","sports car","511","convertible","6,062500","511|817|581|479|436","convertible|sports car|grille|car wheel|beach wagon","6,062500|5,679688|4,773438|4,535156|4,242188","true"
"/private/var/containers/Bundle/Application/4D01D32A-B666-4384-B213-31BBF61E54F1/CVTestsSUI.app/imagenet-hard-50-subset-2500__n04285008__ILSVRC2012_val_00010983.JPEG","images/n04285008/imagenet-hard-50-subset-2500__n04285008__ILSVRC2012_val_00010983.JPEG","817","sports car","661","Model T","5,234375","661|479|609|586|717","Model T|car wheel|jeep|half track|pickup","5,234375|3,404297|3,306641|3,236328|3,185547","false"
"/private/var/containers/Bundle/Application/4D01D32A-B666-4384-B213-31BBF61E54F1/CVTestsSUI.app/imagenet-hard-50-subset-2500__n04285008__ILSVRC2012_val_00012327.JPEG","images/n04285008/imagenet-hard-50-subset-2500__n04285008__ILSVRC2012_val_00012327.JPEG","817","sports car","511","convertible","4,902344","511|817|581|656|436","convertible|sports car|grille|minivan|beach wagon","4,902344|4,730469|4,574219|4,164062|4,148438","true"
"/private/var/containers/Bundle/Application/4D01D32A-B666-4384-B213-31BBF61E54F1/CVTestsSUI.app/imagenet-hard-50-subset-2500__n04285008__ILSVRC2012_val_00013805.JPEG","images/n04285008/imagenet-hard-50-subset-2500__n04285008__ILSVRC2012_val_00013805.JPEG","817","sports car","751","racer","5,003906","751|864|555|867|817","racer|tow truck|fire engine|trailer truck|sports car","5,003906|4,976562|4,843750|4,246094|3,968750","true"
"/private/var/containers/Bundle/Application/4D01D32A-B666-4384-B213-31BBF61E54F1/CVTestsSUI.app/imagenet-hard-50-subset-2500__n04285008__ILSVRC2012_val_00022270.JPEG","images/n04285008/imagenet-hard-50-subset-2500__n04285008__ILSVRC2012_val_00022270.JPEG","817","sports car","751","racer","7,460938","751|817|468|479|734","racer|sports car|cab|car wheel|police van","7,460938|6,097656|4,707031|3,931641|3,140625","true"
"/private/var/containers/Bundle/Application/4D01D32A-B666-4384-B213-31BBF61E54F1/CVTestsSUI.app/imagenet-hard-50-subset-2500__n04285008__ILSVRC2012_val_00025004.JPEG","images/n04285008/imagenet-hard-50-subset-2500__n04285008__ILSVRC2012_val_00025004.JPEG","817","sports car","751","racer","5,789062","751|518|817|573|670","racer|crash helmet|sports car|go-kart|motor scooter","5,789062|5,617188|4,824219|4,695312|4,625000","true"
"/private/var/containers/Bundle/Application/4D01D32A-B666-4384-B213-31BBF61E54F1/CVTestsSUI.app/imagenet-hard-50-subset-2500__n04285008__ILSVRC2012_val_00025465.JPEG","images/n04285008/imagenet-hard-50-subset-2500__n04285008__ILSVRC2012_val_00025465.JPEG","817","sports car","511","convertible","6,480469","511|817|581|436|479","convertible|sports car|grille|beach wagon|car wheel","6,480469|6,171875|4,503906|4,480469|4,234375","true"
"/private/var/containers/Bundle/Application/4D01D32A-B666-4384-B213-31BBF61E54F1/CVTestsSUI.app/imagenet-hard-50-subset-2500__n04285008__ILSVRC2012_val_00029021.JPEG","images/n04285008/imagenet-hard-50-subset-2500__n04285008__ILSVRC2012_val_00029021.JPEG","817","sports car","751","racer","6,730469","751|817|573|864|586","racer|sports car|go-kart|tow truck|half track","6,730469|5,644531|4,652344|4,605469|3,628906","true"
"/private/var/containers/Bundle/Application/4D01D32A-B666-4384-B213-31BBF61E54F1/CVTestsSUI.app/imagenet-hard-50-subset-2500__n04285008__ILSVRC2012_val_00032944.JPEG","images/n04285008/imagenet-hard-50-subset-2500__n04285008__ILSVRC2012_val_00032944.JPEG","817","sports car","511","convertible","6,507812","511|817|479|436|581","convertible|sports car|car wheel|beach wagon|grille","6,507812|6,406250|4,851562|3,931641|3,482422","true"
"/private/var/containers/Bundle/Application/4D01D32A-B666-4384-B213-31BBF61E54F1/CVTestsSUI.app/imagenet-hard-50-subset-2500__n04285008__ILSVRC2012_val_00033293.JPEG","images/n04285008/imagenet-hard-50-subset-2500__n04285008__ILSVRC2012_val_00033293.JPEG","817","sports car","511","convertible","4,421875","511|436|468|751|817","convertible|beach wagon|cab|racer|sports car","4,421875|4,160156|4,050781|3,839844|3,687500","true"
"/private/var/containers/Bundle/Application/4D01D32A-B666-4384-B213-31BBF61E54F1/CVTestsSUI.app/imagenet-hard-50-subset-2500__n04285008__ILSVRC2012_val_00035309.JPEG","images/n04285008/imagenet-hard-50-subset-2500__n04285008__ILSVRC2012_val_00035309.JPEG","817","sports car","656","minivan","4,972656","656|511|817|627|581","minivan|convertible|sports car|limousine|grille","4,972656|4,441406|4,421875|4,386719|4,070312","true"
"/private/var/containers/Bundle/Application/4D01D32A-B666-4384-B213-31BBF61E54F1/CVTestsSUI.app/imagenet-hard-50-subset-2500__n04285008__ILSVRC2012_val_00038344.JPEG","images/n04285008/imagenet-hard-50-subset-2500__n04285008__ILSVRC2012_val_00038344.JPEG","817","sports car","436","beach wagon","4,765625","436|817|468|751|656","beach wagon|sports car|cab|racer|minivan","4,765625|4,570312|4,359375|4,039062|3,966797","true"
"/private/var/containers/Bundle/Application/4D01D32A-B666-4384-B213-31BBF61E54F1/CVTestsSUI.app/imagenet-hard-50-subset-2500__n04285008__ILSVRC2012_val_00038894.JPEG","images/n04285008/imagenet-hard-50-subset-2500__n04285008__ILSVRC2012_val_00038894.JPEG","817","sports car","751","racer","5,031250","751|734|817|407|518","racer|police van|sports car|ambulance|crash helmet","5,031250|5,015625|4,093750|4,042969|3,937500","true"
"/private/var/containers/Bundle/Application/4D01D32A-B666-4384-B213-31BBF61E54F1/CVTestsSUI.app/imagenet-hard-50-subset-2500__n04285008__ILSVRC2012_val_00041064.JPEG","images/n04285008/imagenet-hard-50-subset-2500__n04285008__ILSVRC2012_val_00041064.JPEG","817","sports car","511","convertible","6,597656","511|817|479|581|436","convertible|sports car|car wheel|grille|beach wagon","6,597656|6,324219|4,898438|4,246094|4,156250","true"
"/private/var/containers/Bundle/Application/4D01D32A-B666-4384-B213-31BBF61E54F1/CVTestsSUI.app/imagenet-hard-50-subset-2500__n04285008__ILSVRC2012_val_00043297.JPEG","images/n04285008/imagenet-hard-50-subset-2500__n04285008__ILSVRC2012_val_00043297.JPEG","817","sports car","751","racer","7,843750","751|817|573|479|518","racer|sports car|go-kart|car wheel|crash helmet","7,843750|7,480469|4,410156|4,191406|3,921875","true"
"/private/var/containers/Bundle/Application/4D01D32A-B666-4384-B213-31BBF61E54F1/CVTestsSUI.app/imagenet-hard-50-subset-2500__n04285008__ILSVRC2012_val_00047893.JPEG","images/n04285008/imagenet-hard-50-subset-2500__n04285008__ILSVRC2012_val_00047893.JPEG","817","sports car","751","racer","7,273438","751|817|864|479|573","racer|sports car|tow truck|car wheel|go-kart","7,273438|6,121094|4,207031|3,833984|3,308594","true"
"/private/var/containers/Bundle/Application/4D01D32A-B666-4384-B213-31BBF61E54F1/CVTestsSUI.app/imagenet-hard-50-subset-2500__n04037443__ILSVRC2012_val_00010565.JPEG","images/n04037443/imagenet-hard-50-subset-2500__n04037443__ILSVRC2012_val_00010565.JPEG","751","racer","557","flagpole","4,820312","557|751|880|733|920","flagpole|racer|unicycle|pole|traffic light","4,820312|4,765625|4,160156|4,042969|4,039062","true"
"/private/var/containers/Bundle/Application/4D01D32A-B666-4384-B213-31BBF61E54F1/CVTestsSUI.app/imagenet-hard-50-subset-2500__n04037443__ILSVRC2012_val_00012769.JPEG","images/n04037443/imagenet-hard-50-subset-2500__n04037443__ILSVRC2012_val_00012769.JPEG","751","racer","920","traffic light","5,332031","920|781|919|510|874","traffic light|scoreboard|street sign|container ship|trolleybus","5,332031|4,570312|3,494141|3,015625|2,808594","false"
"/private/var/containers/Bundle/Application/4D01D32A-B666-4384-B213-31BBF61E54F1/CVTestsSUI.app/imagenet-hard-50-subset-2500__n04037443__ILSVRC2012_val_00014191.JPEG","images/n04037443/imagenet-hard-50-subset-2500__n04037443__ILSVRC2012_val_00014191.JPEG","751","racer","581","grille","5,605469","581|751|424|753|781","grille|racer|barbershop|radiator|scoreboard","5,605469|5,453125|4,257812|4,101562|3,794922","true"
"/private/var/containers/Bundle/Application/4D01D32A-B666-4384-B213-31BBF61E54F1/CVTestsSUI.app/imagenet-hard-50-subset-2500__n04037443__ILSVRC2012_val_00015688.JPEG","images/n04037443/imagenet-hard-50-subset-2500__n04037443__ILSVRC2012_val_00015688.JPEG","751","racer","864","tow truck","4,812500","864|803|609|751|408","tow truck|snowplow|jeep|racer|amphibian","4,812500|4,578125|4,355469|3,962891|3,560547","true"
"/private/var/containers/Bundle/Application/4D01D32A-B666-4384-B213-31BBF61E54F1/CVTestsSUI.app/imagenet-hard-50-subset-2500__n04037443__ILSVRC2012_val_00017979.JPEG","images/n04037443/imagenet-hard-50-subset-2500__n04037443__ILSVRC2012_val_00017979.JPEG","751","racer","864","tow truck","6,023438","864|751|817|511|479","tow truck|racer|sports car|convertible|car wheel","6,023438|5,972656|5,125000|4,210938|4,019531","true"
"/private/var/containers/Bundle/Application/4D01D32A-B666-4384-B213-31BBF61E54F1/CVTestsSUI.app/imagenet-hard-50-subset-2500__n04037443__ILSVRC2012_val_00019802.JPEG","images/n04037443/imagenet-hard-50-subset-2500__n04037443__ILSVRC2012_val_00019802.JPEG","751","racer","500","cliff dwelling","4,328125","500|751|354|671|977","cliff dwelling|racer|Arabian camel|mountain bike|sandbar","4,328125|3,892578|3,591797|3,537109|3,443359","true"
"/private/var/containers/Bundle/Application/4D01D32A-B666-4384-B213-31BBF61E54F1/CVTestsSUI.app/imagenet-hard-50-subset-2500__n04037443__ILSVRC2012_val_00019812.JPEG","images/n04037443/imagenet-hard-50-subset-2500__n04037443__ILSVRC2012_val_00019812.JPEG","751","racer","468","cab","6,136719","468|751|817|581|656","cab|racer|sports car|grille|minivan","6,136719|5,480469|4,894531|3,992188|3,507812","true"
"/private/var/containers/Bundle/Application/4D01D32A-B666-4384-B213-31BBF61E54F1/CVTestsSUI.app/imagenet-hard-50-subset-2500__n04037443__ILSVRC2012_val_00022017.JPEG","images/n04037443/imagenet-hard-50-subset-2500__n04037443__ILSVRC2012_val_00022017.JPEG","751","racer","817","sports car","5,339844","817|751|479|468|518","sports car|racer|car wheel|cab|crash helmet","5,339844|5,203125|4,117188|3,117188|2,246094","true"
"/private/var/containers/Bundle/Application/4D01D32A-B666-4384-B213-31BBF61E54F1/CVTestsSUI.app/imagenet-hard-50-subset-2500__n04037443__ILSVRC2012_val_00023273.JPEG","images/n04037443/imagenet-hard-50-subset-2500__n04037443__ILSVRC2012_val_00023273.JPEG","751","racer","573","go-kart","7,378906","573|751|450|802|817","go-kart|racer|bobsled|snowmobile|sports car","7,378906|4,531250|3,195312|2,857422|2,826172","true"
"/private/var/containers/Bundle/Application/4D01D32A-B666-4384-B213-31BBF61E54F1/CVTestsSUI.app/imagenet-hard-50-subset-2500__n04037443__ILSVRC2012_val_00025858.JPEG","images/n04037443/imagenet-hard-50-subset-2500__n04037443__ILSVRC2012_val_00025858.JPEG","751","racer","895","warplane","6,625000","895|908|404|812|814","warplane|wing|airliner|space shuttle|speedboat","6,625000|5,746094|4,941406|4,101562|4,035156","false"
"/private/var/containers/Bundle/Application/4D01D32A-B666-4384-B213-31BBF61E54F1/CVTestsSUI.app/imagenet-hard-50-subset-2500__n04037443__ILSVRC2012_val_00026480.JPEG","images/n04037443/imagenet-hard-50-subset-2500__n04037443__ILSVRC2012_val_00026480.JPEG","751","racer","573","go-kart","4,996094","573|751|621|802|575","go-kart|racer|lawn mower|snowmobile|golfcart","4,996094|4,863281|3,402344|3,265625|3,056641","true"
"/private/var/containers/Bundle/Application/4D01D32A-B666-4384-B213-31BBF61E54F1/CVTestsSUI.app/imagenet-hard-50-subset-2500__n04037443__ILSVRC2012_val_00026947.JPEG","images/n04037443/imagenet-hard-50-subset-2500__n04037443__ILSVRC2012_val_00026947.JPEG","751","racer","489","chainlink fence","4,074219","489|807|822|403|791","chainlink fence|solar dish|steel drum|aircraft carrier|shopping cart","4,074219|3,494141|3,480469|3,351562|3,341797","false"
"/private/var/containers/Bundle/Application/4D01D32A-B666-4384-B213-31BBF61E54F1/CVTestsSUI.app/imagenet-hard-50-subset-2500__n04037443__ILSVRC2012_val_00027891.JPEG","images/n04037443/imagenet-hard-50-subset-2500__n04037443__ILSVRC2012_val_00027891.JPEG","751","racer","817","sports car","5,054688","817|751|511|479|717","sports car|racer|convertible|car wheel|pickup","5,054688|4,714844|4,363281|3,656250|3,220703","true"
"/private/var/containers/Bundle/Application/4D01D32A-B666-4384-B213-31BBF61E54F1/CVTestsSUI.app/imagenet-hard-50-subset-2500__n04037443__ILSVRC2012_val_00028209.JPEG","images/n04037443/imagenet-hard-50-subset-2500__n04037443__ILSVRC2012_val_00028209.JPEG","751","racer","555","fire engine","5,425781","555|864|609|867|803","fire engine|tow truck|jeep|trailer truck|snowplow","5,425781|5,062500|4,941406|3,884766|3,851562","false"
"/private/var/containers/Bundle/Application/4D01D32A-B666-4384-B213-31BBF61E54F1/CVTestsSUI.app/imagenet-hard-50-subset-2500__n04037443__ILSVRC2012_val_00037055.JPEG","images/n04037443/imagenet-hard-50-subset-2500__n04037443__ILSVRC2012_val_00037055.JPEG","751","racer","980","volcano","4,683594","980|755|970|976|649","volcano|radio telescope|alp|promontory|megalith","4,683594|3,662109|3,617188|3,548828|3,494141","false"
"/private/var/containers/Bundle/Application/4D01D32A-B666-4384-B213-31BBF61E54F1/CVTestsSUI.app/imagenet-hard-50-subset-2500__n04037443__ILSVRC2012_val_00038994.JPEG","images/n04037443/imagenet-hard-50-subset-2500__n04037443__ILSVRC2012_val_00038994.JPEG","751","racer","874","trolleybus","4,820312","874|751|757|654|656","trolleybus|racer|recreational vehicle|minibus|minivan","4,820312|4,562500|4,492188|3,699219|3,630859","true"
"/private/var/containers/Bundle/Application/4D01D32A-B666-4384-B213-31BBF61E54F1/CVTestsSUI.app/imagenet-hard-50-subset-2500__n04037443__ILSVRC2012_val_00043710.JPEG","images/n04037443/imagenet-hard-50-subset-2500__n04037443__ILSVRC2012_val_00043710.JPEG","751","racer","581","grille","6,378906","581|511|436|717|609","grille|convertible|beach wagon|pickup|jeep","6,378906|3,939453|3,687500|2,998047|2,972656","false"
"/private/var/containers/Bundle/Application/4D01D32A-B666-4384-B213-31BBF61E54F1/CVTestsSUI.app/imagenet-hard-50-subset-2500__n04037443__ILSVRC2012_val_00048516.JPEG","images/n04037443/imagenet-hard-50-subset-2500__n04037443__ILSVRC2012_val_00048516.JPEG","751","racer","817","sports car","5,554688","817|581|479|436|468","sports car|grille|car wheel|beach wagon|cab","5,554688|5,144531|4,796875|4,742188|4,742188","false"
"/private/var/containers/Bundle/Application/4D01D32A-B666-4384-B213-31BBF61E54F1/CVTestsSUI.app/imagenet-hard-50-subset-2500__n02930766__ILSVRC2012_val_00001093.JPEG","images/n02930766/imagenet-hard-50-subset-2500__n02930766__ILSVRC2012_val_00001093.JPEG","468","cab","779","school bus","6,210938","779|468|864|803|867","school bus|cab|tow truck|snowplow|trailer truck","6,210938|5,667969|3,591797|3,507812|3,376953","true"
"/private/var/containers/Bundle/Application/4D01D32A-B666-4384-B213-31BBF61E54F1/CVTestsSUI.app/imagenet-hard-50-subset-2500__n02930766__ILSVRC2012_val_00003112.JPEG","images/n02930766/imagenet-hard-50-subset-2500__n02930766__ILSVRC2012_val_00003112.JPEG","468","cab","717","pickup","5,175781","717|436|468|656|864","pickup|beach wagon|cab|minivan|tow truck","5,175781|5,054688|4,449219|3,572266|3,501953","true"
"/private/var/containers/Bundle/Application/4D01D32A-B666-4384-B213-31BBF61E54F1/CVTestsSUI.app/imagenet-hard-50-subset-2500__n02930766__ILSVRC2012_val_00003886.JPEG","images/n02930766/imagenet-hard-50-subset-2500__n02930766__ILSVRC2012_val_00003886.JPEG","468","cab","656","minivan","5,738281","656|654|609|436|468","minivan|minibus|jeep|beach wagon|cab","5,738281|5,550781|4,535156|4,414062|4,195312","true"
"/private/var/containers/Bundle/Application/4D01D32A-B666-4384-B213-31BBF61E54F1/CVTestsSUI.app/imagenet-hard-50-subset-2500__n02930766__ILSVRC2012_val_00006258.JPEG","images/n02930766/imagenet-hard-50-subset-2500__n02930766__ILSVRC2012_val_00006258.JPEG","468","cab","907","wine bottle","4,367188","907|446|563|922|921","wine bottle|binder|fountain pen|menu|book jacket","4,367188|4,039062|3,996094|3,642578|3,541016","false"
"/private/var/containers/Bundle/Application/4D01D32A-B666-4384-B213-31BBF61E54F1/CVTestsSUI.app/imagenet-hard-50-subset-2500__n02930766__ILSVRC2012_val_00018744.JPEG","images/n02930766/imagenet-hard-50-subset-2500__n02930766__ILSVRC2012_val_00018744.JPEG","468","cab","873","triumphal arch","4,824219","873|920|468|682|442","triumphal arch|traffic light|cab|obelisk|bell cote","4,824219|4,765625|4,371094|4,183594|4,097656","true"
"/private/var/containers/Bundle/Application/4D01D32A-B666-4384-B213-31BBF61E54F1/CVTestsSUI.app/imagenet-hard-50-subset-2500__n02930766__ILSVRC2012_val_00019725.JPEG","images/n02930766/imagenet-hard-50-subset-2500__n02930766__ILSVRC2012_val_00019725.JPEG","468","cab","485","CD player","4,398438","485|685|754|848|482","CD player|odometer|radio|tape player|cassette player","4,398438|4,074219|4,046875|3,947266|3,853516","false"
"/private/var/containers/Bundle/Application/4D01D32A-B666-4384-B213-31BBF61E54F1/CVTestsSUI.app/imagenet-hard-50-subset-2500__n02930766__ILSVRC2012_val_00021775.JPEG","images/n02930766/imagenet-hard-50-subset-2500__n02930766__ILSVRC2012_val_00021775.JPEG","468","cab","932","pretzel","4,214844","932|934|415|868|930","pretzel|hotdog|bakery|tray|French loaf","4,214844|4,035156|3,312500|3,302734|3,251953","false"
"/private/var/containers/Bundle/Application/4D01D32A-B666-4384-B213-31BBF61E54F1/CVTestsSUI.app/imagenet-hard-50-subset-2500__n02930766__ILSVRC2012_val_00025244.JPEG","images/n02930766/imagenet-hard-50-subset-2500__n02930766__ILSVRC2012_val_00025244.JPEG","468","cab","581","grille","7,539062","581|468|511|717|436","grille|cab|convertible|pickup|beach wagon","7,539062|7,066406|5,863281|5,714844|5,152344","true"
"/private/var/containers/Bundle/Application/4D01D32A-B666-4384-B213-31BBF61E54F1/CVTestsSUI.app/imagenet-hard-50-subset-2500__n02930766__ILSVRC2012_val_00031878.JPEG","images/n02930766/imagenet-hard-50-subset-2500__n02930766__ILSVRC2012_val_00031878.JPEG","468","cab","581","grille","6,812500","581|511|661|468|717","grille|convertible|Model T|cab|pickup","6,812500|4,421875|4,046875|3,847656|3,378906","true"
"/private/var/containers/Bundle/Application/4D01D32A-B666-4384-B213-31BBF61E54F1/CVTestsSUI.app/imagenet-hard-50-subset-2500__n02930766__ILSVRC2012_val_00035012.JPEG","images/n02930766/imagenet-hard-50-subset-2500__n02930766__ILSVRC2012_val_00035012.JPEG","468","cab","717","pickup","5,078125","717|511|656|581|436","pickup|convertible|minivan|grille|beach wagon","5,078125|4,894531|4,886719|4,683594|4,214844","false"
"/private/var/containers/Bundle/Application/4D01D32A-B666-4384-B213-31BBF61E54F1/CVTestsSUI.app/imagenet-hard-50-subset-2500__n02930766__ILSVRC2012_val_00038811.JPEG","images/n02930766/imagenet-hard-50-subset-2500__n02930766__ILSVRC2012_val_00038811.JPEG","468","cab","705","passenger car","6,156250","705|565|781|466|547","passenger car|freight car|scoreboard|bullet train|electric locomotive","6,156250|4,535156|4,371094|4,128906|3,986328","false"
"/private/var/containers/Bundle/Application/4D01D32A-B666-4384-B213-31BBF61E54F1/CVTestsSUI.app/imagenet-hard-50-subset-2500__n02930766__ILSVRC2012_val_00039097.JPEG","images/n02930766/imagenet-hard-50-subset-2500__n02930766__ILSVRC2012_val_00039097.JPEG","468","cab","717","pickup","5,914062","717|581|479|468|661","pickup|grille|car wheel|cab|Model T","5,914062|4,109375|4,042969|4,027344|3,367188","true"
"/private/var/containers/Bundle/Application/4D01D32A-B666-4384-B213-31BBF61E54F1/CVTestsSUI.app/imagenet-hard-50-subset-2500__n02930766__ILSVRC2012_val_00039250.JPEG","images/n02930766/imagenet-hard-50-subset-2500__n02930766__ILSVRC2012_val_00039250.JPEG","468","cab","581","grille","6,347656","581|661|717|511|468","grille|Model T|pickup|convertible|cab","6,347656|5,246094|5,050781|4,839844|4,578125","true"
"/private/var/containers/Bundle/Application/4D01D32A-B666-4384-B213-31BBF61E54F1/CVTestsSUI.app/imagenet-hard-50-subset-2500__n02930766__ILSVRC2012_val_00041873.JPEG","images/n02930766/imagenet-hard-50-subset-2500__n02930766__ILSVRC2012_val_00041873.JPEG","468","cab","436","beach wagon","6,046875","436|468|627|656|734","beach wagon|cab|limousine|minivan|police van","6,046875|4,417969|4,160156|3,814453|3,382812","true"
"/private/var/containers/Bundle/Application/4D01D32A-B666-4384-B213-31BBF61E54F1/CVTestsSUI.app/imagenet-hard-50-subset-2500__n02930766__ILSVRC2012_val_00041920.JPEG","images/n02930766/imagenet-hard-50-subset-2500__n02930766__ILSVRC2012_val_00041920.JPEG","468","cab","734","police van","5,691406","734|436|468|656|407","police van|beach wagon|cab|minivan|ambulance","5,691406|5,351562|5,218750|4,507812|3,564453","true"
"/private/var/containers/Bundle/Application/4D01D32A-B666-4384-B213-31BBF61E54F1/CVTestsSUI.app/imagenet-hard-50-subset-2500__n02814533__ILSVRC2012_val_00005774.JPEG","images/n02814533/imagenet-hard-50-subset-2500__n02814533__ILSVRC2012_val_00005774.JPEG","436","beach wagon","656","minivan","6,140625","656|436|479|581|627","minivan|beach wagon|car wheel|grille|limousine","6,140625|5,656250|3,933594|3,693359|3,480469","true"
"/private/var/containers/Bundle/Application/4D01D32A-B666-4384-B213-31BBF61E54F1/CVTestsSUI.app/imagenet-hard-50-subset-2500__n02814533__ILSVRC2012_val_00006220.JPEG","images/n02814533/imagenet-hard-50-subset-2500__n02814533__ILSVRC2012_val_00006220.JPEG","436","beach wagon","817","sports car","4,898438","817|511|581|436|479","sports car|convertible|grille|beach wagon|car wheel","4,898438|4,816406|4,269531|3,769531|3,328125","true"
"/private/var/containers/Bundle/Application/4D01D32A-B666-4384-B213-31BBF61E54F1/CVTestsSUI.app/imagenet-hard-50-subset-2500__n02814533__ILSVRC2012_val_00011630.JPEG","images/n02814533/imagenet-hard-50-subset-2500__n02814533__ILSVRC2012_val_00011630.JPEG","436","beach wagon","701","parachute","5,179688","701|730|981|830|518","parachute|plow|ballplayer|stretcher|crash helmet","5,179688|3,509766|3,503906|3,345703|3,109375","false"
"/private/var/containers/Bundle/Application/4D01D32A-B666-4384-B213-31BBF61E54F1/CVTestsSUI.app/imagenet-hard-50-subset-2500__n02814533__ILSVRC2012_val_00014447.JPEG","images/n02814533/imagenet-hard-50-subset-2500__n02814533__ILSVRC2012_val_00014447.JPEG","436","beach wagon","479","car wheel","7,867188","479|535|759|581|818","car wheel|disk brake|reflex camera|grille|spotlight","7,867188|3,742188|3,181641|2,341797|2,275391","false"
"/private/var/containers/Bundle/Application/4D01D32A-B666-4384-B213-31BBF61E54F1/CVTestsSUI.app/imagenet-hard-50-subset-2500__n02814533__ILSVRC2012_val_00014541.JPEG","images/n02814533/imagenet-hard-50-subset-2500__n02814533__ILSVRC2012_val_00014541.JPEG","436","beach wagon","581","grille","6,410156","581|511|436|817|656","grille|convertible|beach wagon|sports car|minivan","6,410156|5,230469|4,855469|4,671875|4,585938","true"
"/private/var/containers/Bundle/Application/4D01D32A-B666-4384-B213-31BBF61E54F1/CVTestsSUI.app/imagenet-hard-50-subset-2500__n02814533__ILSVRC2012_val_00014732.JPEG","images/n02814533/imagenet-hard-50-subset-2500__n02814533__ILSVRC2012_val_00014732.JPEG","436","beach wagon","511","convertible","5,082031","511|436|817|468|717","convertible|beach wagon|sports car|cab|pickup","5,082031|4,636719|4,296875|4,105469|3,845703","true"
"/private/var/containers/Bundle/Application/4D01D32A-B666-4384-B213-31BBF61E54F1/CVTestsSUI.app/imagenet-hard-50-subset-2500__n02814533__ILSVRC2012_val_00015200.JPEG","images/n02814533/imagenet-hard-50-subset-2500__n02814533__ILSVRC2012_val_00015200.JPEG","436","beach wagon","656","minivan","6,335938","656|436|468|581|569","minivan|beach wagon|cab|grille|garbage truck","6,335938|5,042969|4,539062|4,445312|4,187500","true"
"/private/var/containers/Bundle/Application/4D01D32A-B666-4384-B213-31BBF61E54F1/CVTestsSUI.app/imagenet-hard-50-subset-2500__n02814533__ILSVRC2012_val_00021487.JPEG","images/n02814533/imagenet-hard-50-subset-2500__n02814533__ILSVRC2012_val_00021487.JPEG","436","beach wagon","581","grille","6,062500","581|511|717|436|468","grille|convertible|pickup|beach wagon|cab","6,062500|4,031250|3,480469|3,371094|3,275391","true"
"/private/var/containers/Bundle/Application/4D01D32A-B666-4384-B213-31BBF61E54F1/CVTestsSUI.app/imagenet-hard-50-subset-2500__n02814533__ILSVRC2012_val_00023221.JPEG","images/n02814533/imagenet-hard-50-subset-2500__n02814533__ILSVRC2012_val_00023221.JPEG","436","beach wagon","468","cab","6,449219","468|656|436|627|717","cab|minivan|beach wagon|limousine|pickup","6,449219|6,101562|5,328125|5,113281|5,007812","true"
"/private/var/containers/Bundle/Application/4D01D32A-B666-4384-B213-31BBF61E54F1/CVTestsSUI.app/imagenet-hard-50-subset-2500__n02814533__ILSVRC2012_val_00027049.JPEG","images/n02814533/imagenet-hard-50-subset-2500__n02814533__ILSVRC2012_val_00027049.JPEG","436","beach wagon","920","traffic light","3,597656","920|656|468|511|817","traffic light|minivan|cab|convertible|sports car","3,597656|3,498047|3,285156|3,224609|3,158203","false"
"/private/var/containers/Bundle/Application/4D01D32A-B666-4384-B213-31BBF61E54F1/CVTestsSUI.app/imagenet-hard-50-subset-2500__n02814533__ILSVRC2012_val_00029057.JPEG","images/n02814533/imagenet-hard-50-subset-2500__n02814533__ILSVRC2012_val_00029057.JPEG","436","beach wagon","468","cab","4,585938","468|436|817|656|479","cab|beach wagon|sports car|minivan|car wheel","4,585938|4,496094|4,082031|4,019531|3,947266","true"
"/private/var/containers/Bundle/Application/4D01D32A-B666-4384-B213-31BBF61E54F1/CVTestsSUI.app/imagenet-hard-50-subset-2500__n02814533__ILSVRC2012_val_00030834.JPEG","images/n02814533/imagenet-hard-50-subset-2500__n02814533__ILSVRC2012_val_00030834.JPEG","436","beach wagon","468","cab","4,800781","468|436|654|717|656","cab|beach wagon|minibus|pickup|minivan","4,800781|4,144531|3,921875|3,855469|3,578125","true"
"/private/var/containers/Bundle/Application/4D01D32A-B666-4384-B213-31BBF61E54F1/CVTestsSUI.app/imagenet-hard-50-subset-2500__n02814533__ILSVRC2012_val_00031765.JPEG","images/n02814533/imagenet-hard-50-subset-2500__n02814533__ILSVRC2012_val_00031765.JPEG","436","beach wagon","687","organ","5,035156","687|520|743|729|421","organ|crib|prison|plate rack|bannister","5,035156|4,371094|4,164062|3,917969|3,771484","false"
"/private/var/containers/Bundle/Application/4D01D32A-B666-4384-B213-31BBF61E54F1/CVTestsSUI.app/imagenet-hard-50-subset-2500__n02814533__ILSVRC2012_val_00031828.JPEG","images/n02814533/imagenet-hard-50-subset-2500__n02814533__ILSVRC2012_val_00031828.JPEG","436","beach wagon","627","limousine","4,964844","627|656|468|436|581","limousine|minivan|cab|beach wagon|grille","4,964844|4,632812|4,460938|4,417969|3,968750","true"
"/private/var/containers/Bundle/Application/4D01D32A-B666-4384-B213-31BBF61E54F1/CVTestsSUI.app/imagenet-hard-50-subset-2500__n02814533__ILSVRC2012_val_00038055.JPEG","images/n02814533/imagenet-hard-50-subset-2500__n02814533__ILSVRC2012_val_00038055.JPEG","436","beach wagon","511","convertible","5,750000","511|436|581|717|468","convertible|beach wagon|grille|pickup|cab","5,750000|5,710938|5,121094|3,984375|3,798828","true"
"/private/var/containers/Bundle/Application/4D01D32A-B666-4384-B213-31BBF61E54F1/CVTestsSUI.app/imagenet-hard-50-subset-2500__n02814533__ILSVRC2012_val_00041979.JPEG","images/n02814533/imagenet-hard-50-subset-2500__n02814533__ILSVRC2012_val_00041979.JPEG","436","beach wagon","581","grille","5,480469","581|436|817|656|511","grille|beach wagon|sports car|minivan|convertible","5,480469|5,171875|5,046875|4,863281|4,710938","true"
"/private/var/containers/Bundle/Application/4D01D32A-B666-4384-B213-31BBF61E54F1/CVTestsSUI.app/imagenet-hard-50-subset-2500__n02814533__ILSVRC2012_val_00042597.JPEG","images/n02814533/imagenet-hard-50-subset-2500__n02814533__ILSVRC2012_val_00042597.JPEG","436","beach wagon","734","police van","7,445312","734|468|656|407|751","police van|cab|minivan|ambulance|racer","7,445312|4,867188|3,707031|3,416016|3,171875","false"
"/private/var/containers/Bundle/Application/4D01D32A-B666-4384-B213-31BBF61E54F1/CVTestsSUI.app/imagenet-hard-50-subset-2500__n02814533__ILSVRC2012_val_00048556.JPEG","images/n02814533/imagenet-hard-50-subset-2500__n02814533__ILSVRC2012_val_00048556.JPEG","436","beach wagon","468","cab","4,789062","468|656|436|864|817","cab|minivan|beach wagon|tow truck|sports car","4,789062|4,171875|3,830078|3,771484|3,740234","true"
"/private/var/containers/Bundle/Application/4D01D32A-B666-4384-B213-31BBF61E54F1/CVTestsSUI.app/imagenet-hard-50-subset-2500__n03594945__ILSVRC2012_val_00000659.JPEG","images/n03594945/imagenet-hard-50-subset-2500__n03594945__ILSVRC2012_val_00000659.JPEG","609","jeep","803","snowplow","4,660156","803|555|920|864|468","snowplow|fire engine|traffic light|tow truck|cab","4,660156|4,519531|4,093750|3,781250|3,736328","false"
"/private/var/containers/Bundle/Application/4D01D32A-B666-4384-B213-31BBF61E54F1/CVTestsSUI.app/imagenet-hard-50-subset-2500__n03594945__ILSVRC2012_val_00003945.JPEG","images/n03594945/imagenet-hard-50-subset-2500__n03594945__ILSVRC2012_val_00003945.JPEG","609","jeep","864","tow truck","4,035156","864|586|609|866|757","tow truck|half track|jeep|tractor|recreational vehicle","4,035156|3,863281|3,796875|3,710938|3,042969","true"
"/private/var/containers/Bundle/Application/4D01D32A-B666-4384-B213-31BBF61E54F1/CVTestsSUI.app/imagenet-hard-50-subset-2500__n03594945__ILSVRC2012_val_00004439.JPEG","images/n03594945/imagenet-hard-50-subset-2500__n03594945__ILSVRC2012_val_00004439.JPEG","609","jeep","586","half track","5,316406","586|864|609|847|408","half track|tow truck|jeep|tank|amphibian","5,316406|4,644531|4,609375|4,589844|4,535156","true"
"/private/var/containers/Bundle/Application/4D01D32A-B666-4384-B213-31BBF61E54F1/CVTestsSUI.app/imagenet-hard-50-subset-2500__n03594945__ILSVRC2012_val_00005147.JPEG","images/n03594945/imagenet-hard-50-subset-2500__n03594945__ILSVRC2012_val_00005147.JPEG","609","jeep","425","barn","5,972656","425|497|449|879|915","barn|church|boathouse|umbrella|yurt","5,972656|5,085938|5,050781|4,742188|4,699219","false"
"/private/var/containers/Bundle/Application/4D01D32A-B666-4384-B213-31BBF61E54F1/CVTestsSUI.app/imagenet-hard-50-subset-2500__n03594945__ILSVRC2012_val_00006530.JPEG","images/n03594945/imagenet-hard-50-subset-2500__n03594945__ILSVRC2012_val_00006530.JPEG","609","jeep","575","golfcart","4,746094","575|609|569|867|864","golfcart|jeep|garbage truck|trailer truck|tow truck","4,746094|4,343750|3,472656|3,164062|3,103516","true"
"/private/var/containers/Bundle/Application/4D01D32A-B666-4384-B213-31BBF61E54F1/CVTestsSUI.app/imagenet-hard-50-subset-2500__n03594945__ILSVRC2012_val_00008382.JPEG","images/n03594945/imagenet-hard-50-subset-2500__n03594945__ILSVRC2012_val_00008382.JPEG","609","jeep","555","fire engine","6,687500","555|609|864|867|717","fire engine|jeep|tow truck|trailer truck|pickup","6,687500|5,929688|3,714844|3,623047|3,070312","true"
"/private/var/containers/Bundle/Application/4D01D32A-B666-4384-B213-31BBF61E54F1/CVTestsSUI.app/imagenet-hard-50-subset-2500__n03594945__ILSVRC2012_val_00008383.JPEG","images/n03594945/imagenet-hard-50-subset-2500__n03594945__ILSVRC2012_val_00008383.JPEG","609","jeep","654","minibus","5,281250","654|581|734|468|609","minibus|grille|police van|cab|jeep","5,281250|5,210938|4,945312|4,808594|4,777344","true"
"/private/var/containers/Bundle/Application/4D01D32A-B666-4384-B213-31BBF61E54F1/CVTestsSUI.app/imagenet-hard-50-subset-2500__n03594945__ILSVRC2012_val_00009983.JPEG","images/n03594945/imagenet-hard-50-subset-2500__n03594945__ILSVRC2012_val_00009983.JPEG","609","jeep","734","police van","4,656250","734|654|751|656|575","police van|minibus|racer|minivan|golfcart","4,656250|4,640625|4,542969|4,375000|3,943359","false"
"/private/var/containers/Bundle/Application/4D01D32A-B666-4384-B213-31BBF61E54F1/CVTestsSUI.app/imagenet-hard-50-subset-2500__n03594945__ILSVRC2012_val_00013517.JPEG","images/n03594945/imagenet-hard-50-subset-2500__n03594945__ILSVRC2012_val_00013517.JPEG","609","jeep","779","school bus","4,769531","779|609|803|654|569","school bus|jeep|snowplow|minibus|garbage truck","4,769531|4,187500|4,031250|3,791016|3,507812","true"
"/private/var/containers/Bundle/Application/4D01D32A-B666-4384-B213-31BBF61E54F1/CVTestsSUI.app/imagenet-hard-50-subset-2500__n03594945__ILSVRC2012_val_00013993.JPEG","images/n03594945/imagenet-hard-50-subset-2500__n03594945__ILSVRC2012_val_00013993.JPEG","609","jeep","656","minivan","4,824219","656|609|627|717|436","minivan|jeep|limousine|pickup|beach wagon","4,824219|4,644531|4,570312|4,359375|4,097656","true"
"/private/var/containers/Bundle/Application/4D01D32A-B666-4384-B213-31BBF61E54F1/CVTestsSUI.app/imagenet-hard-50-subset-2500__n03594945__ILSVRC2012_val_00014841.JPEG","images/n03594945/imagenet-hard-50-subset-2500__n03594945__ILSVRC2012_val_00014841.JPEG","609","jeep","913","wreck","5,812500","913|408|833|569|847","wreck|amphibian|submarine|garbage truck|tank","5,812500|4,972656|4,488281|3,464844|3,408203","false"
"/private/var/containers/Bundle/Application/4D01D32A-B666-4384-B213-31BBF61E54F1/CVTestsSUI.app/imagenet-hard-50-subset-2500__n03594945__ILSVRC2012_val_00016456.JPEG","images/n03594945/imagenet-hard-50-subset-2500__n03594945__ILSVRC2012_val_00016456.JPEG","609","jeep","562","fountain","5,203125","562|408|814|554|974","fountain|amphibian|speedboat|fireboat|geyser","5,203125|4,593750|4,449219|4,218750|3,695312","false"
"/private/var/containers/Bundle/Application/4D01D32A-B666-4384-B213-31BBF61E54F1/CVTestsSUI.app/imagenet-hard-50-subset-2500__n03594945__ILSVRC2012_val_00018474.JPEG","images/n03594945/imagenet-hard-50-subset-2500__n03594945__ILSVRC2012_val_00018474.JPEG","609","jeep","819","stage","4,640625","819|890|862|602|456","stage|volleyball|torch|horizontal bar|bow","4,640625|4,015625|3,865234|3,410156|3,365234","false"
"/private/var/containers/Bundle/Application/4D01D32A-B666-4384-B213-31BBF61E54F1/CVTestsSUI.app/imagenet-hard-50-subset-2500__n03594945__ILSVRC2012_val_00020829.JPEG","images/n03594945/imagenet-hard-50-subset-2500__n03594945__ILSVRC2012_val_00020829.JPEG","609","jeep","436","beach wagon","5,359375","436|656|609|479|717","beach wagon|minivan|jeep|car wheel|pickup","5,359375|5,128906|5,125000|3,730469|3,601562","true"
"/private/var/containers/Bundle/Application/4D01D32A-B666-4384-B213-31BBF61E54F1/CVTestsSUI.app/imagenet-hard-50-subset-2500__n03594945__ILSVRC2012_val_00028405.JPEG","images/n03594945/imagenet-hard-50-subset-2500__n03594945__ILSVRC2012_val_00028405.JPEG","609","jeep","407","ambulance","5,710938","407|734|609|569|675","ambulance|police van|jeep|garbage truck|moving van","5,710938|5,613281|4,382812|4,242188|3,978516","true"
"/private/var/containers/Bundle/Application/4D01D32A-B666-4384-B213-31BBF61E54F1/CVTestsSUI.app/imagenet-hard-50-subset-2500__n03594945__ILSVRC2012_val_00033299.JPEG","images/n03594945/imagenet-hard-50-subset-2500__n03594945__ILSVRC2012_val_00033299.JPEG","609","jeep","555","fire engine","6,554688","555|609|864|717|654","fire engine|jeep|tow truck|pickup|minibus","6,554688|5,753906|4,355469|3,332031|3,097656","true"
"/private/var/containers/Bundle/Application/4D01D32A-B666-4384-B213-31BBF61E54F1/CVTestsSUI.app/imagenet-hard-50-subset-2500__n03594945__ILSVRC2012_val_00035162.JPEG","images/n03594945/imagenet-hard-50-subset-2500__n03594945__ILSVRC2012_val_00035162.JPEG","609","jeep","500","cliff dwelling","4,917969","500|609|665|670|972","cliff dwelling|jeep|moped|motor scooter|cliff","4,917969|3,818359|3,564453|3,525391|3,494141","true"
"/private/var/containers/Bundle/Application/4D01D32A-B666-4384-B213-31BBF61E54F1/CVTestsSUI.app/imagenet-hard-50-subset-2500__n03594945__ILSVRC2012_val_00047575.JPEG","images/n03594945/imagenet-hard-50-subset-2500__n03594945__ILSVRC2012_val_00047575.JPEG","609","jeep","717","pickup","5,914062","717|511|609|581|436","pickup|convertible|jeep|grille|beach wagon","5,914062|5,539062|5,312500|4,828125|4,488281","true"
"/private/var/containers/Bundle/Application/4D01D32A-B666-4384-B213-31BBF61E54F1/CVTestsSUI.app/imagenet-hard-50-subset-2500__n03670208__ILSVRC2012_val_00000185.JPEG","images/n03670208/imagenet-hard-50-subset-2500__n03670208__ILSVRC2012_val_00000185.JPEG","627","limousine","654","minibus","6,191406","654|656|757|627|785","minibus|minivan|recreational vehicle|limousine|seat belt","6,191406|5,765625|5,726562|5,218750|5,074219","true"
"/private/var/containers/Bundle/Application/4D01D32A-B666-4384-B213-31BBF61E54F1/CVTestsSUI.app/imagenet-hard-50-subset-2500__n03670208__ILSVRC2012_val_00000976.JPEG","images/n03670208/imagenet-hard-50-subset-2500__n03670208__ILSVRC2012_val_00000976.JPEG","627","limousine","785","seat belt","7,582031","785|627|652|797|515","seat belt|limousine|military uniform|sleeping bag|cowboy hat","7,582031|5,921875|3,892578|3,351562|3,300781","true"
"/private/var/containers/Bundle/Application/4D01D32A-B666-4384-B213-31BBF61E54F1/CVTestsSUI.app/imagenet-hard-50-subset-2500__n03670208__ILSVRC2012_val_00004036.JPEG","images/n03670208/imagenet-hard-50-subset-2500__n03670208__ILSVRC2012_val_00004036.JPEG","627","limousine","982","groom","5,425781","982|617|887|457|627","groom|lab coat|vestment|bow tie|limousine","5,425781|5,257812|4,281250|4,097656|3,675781","true"
"/private/var/containers/Bundle/Application/4D01D32A-B666-4384-B213-31BBF61E54F1/CVTestsSUI.app/imagenet-hard-50-subset-2500__n03670208__ILSVRC2012_val_00006746.JPEG","images/n03670208/imagenet-hard-50-subset-2500__n03670208__ILSVRC2012_val_00006746.JPEG","627","limousine","654","minibus","6,089844","654|627|705|466|785","minibus|limousine|passenger car|bullet train|seat belt","6,089844|5,828125|5,195312|5,054688|4,949219","true"
"/private/var/containers/Bundle/Application/4D01D32A-B666-4384-B213-31BBF61E54F1/CVTestsSUI.app/imagenet-hard-50-subset-2500__n03670208__ILSVRC2012_val_00007113.JPEG","images/n03670208/imagenet-hard-50-subset-2500__n03670208__ILSVRC2012_val_00007113.JPEG","627","limousine","511","convertible","5,960938","511|817|479|627|751","convertible|sports car|car wheel|limousine|racer","5,960938|5,726562|5,203125|4,562500|4,363281","true"
"/private/var/containers/Bundle/Application/4D01D32A-B666-4384-B213-31BBF61E54F1/CVTestsSUI.app/imagenet-hard-50-subset-2500__n03670208__ILSVRC2012_val_00013054.JPEG","images/n03670208/imagenet-hard-50-subset-2500__n03670208__ILSVRC2012_val_00013054.JPEG","627","limousine","581","grille","5,449219","581|468|511|817|751","grille|cab|convertible|sports car|racer","5,449219|5,179688|5,160156|4,957031|4,902344","false"
"/private/var/containers/Bundle/Application/4D01D32A-B666-4384-B213-31BBF61E54F1/CVTestsSUI.app/imagenet-hard-50-subset-2500__n03670208__ILSVRC2012_val_00016523.JPEG","images/n03670208/imagenet-hard-50-subset-2500__n03670208__ILSVRC2012_val_00016523.JPEG","627","limousine","785","seat belt","3,675781","785|882|511|627|581","seat belt|vacuum|convertible|limousine|grille","3,675781|3,492188|3,349609|3,195312|3,060547","true"
"/private/var/containers/Bundle/Application/4D01D32A-B666-4384-B213-31BBF61E54F1/CVTestsSUI.app/imagenet-hard-50-subset-2500__n03670208__ILSVRC2012_val_00024440.JPEG","images/n03670208/imagenet-hard-50-subset-2500__n03670208__ILSVRC2012_val_00024440.JPEG","627","limousine","468","cab","4,406250","468|581|656|627|498","cab|grille|minivan|limousine|cinema","4,406250|4,066406|3,958984|3,833984|3,449219","true"
"/private/var/containers/Bundle/Application/4D01D32A-B666-4384-B213-31BBF61E54F1/CVTestsSUI.app/imagenet-hard-50-subset-2500__n03670208__ILSVRC2012_val_00033993.JPEG","images/n03670208/imagenet-hard-50-subset-2500__n03670208__ILSVRC2012_val_00033993.JPEG","627","limousine","751","racer","6,128906","751|817|468|627|518","racer|sports car|cab|limousine|crash helmet","6,128906|4,910156|4,832031|4,449219|4,355469","true"
"/private/var/containers/Bundle/Application/4D01D32A-B666-4384-B213-31BBF61E54F1/CVTestsSUI.app/imagenet-hard-50-subset-2500__n03670208__ILSVRC2012_val_00034651.JPEG","images/n03670208/imagenet-hard-50-subset-2500__n03670208__ILSVRC2012_val_00034651.JPEG","627","limousine","785","seat belt","5,675781","785|627|685|656|613","seat belt|limousine|odometer|minivan|joystick","5,675781|4,214844|4,207031|3,310547|3,035156","true"
"/private/var/containers/Bundle/Application/4D01D32A-B666-4384-B213-31BBF61E54F1/CVTestsSUI.app/imagenet-hard-50-subset-2500__n03670208__ILSVRC2012_val_00034659.JPEG","images/n03670208/imagenet-hard-50-subset-2500__n03670208__ILSVRC2012_val_00034659.JPEG","627","limousine","581","grille","5,171875","581|656|627|436|654","grille|minivan|limousine|beach wagon|minibus","5,171875|4,664062|4,300781|3,236328|3,117188","true"
"/private/var/containers/Bundle/Application/4D01D32A-B666-4384-B213-31BBF61E54F1/CVTestsSUI.app/imagenet-hard-50-subset-2500__n03670208__ILSVRC2012_val_00035788.JPEG","images/n03670208/imagenet-hard-50-subset-2500__n03670208__ILSVRC2012_val_00035788.JPEG","627","limousine","436","beach wagon","3,759766","436|627|705|654|511","beach wagon|limousine|passenger car|minibus|convertible","3,759766|3,593750|3,435547|3,251953|3,097656","true"
"/private/var/containers/Bundle/Application/4D01D32A-B666-4384-B213-31BBF61E54F1/CVTestsSUI.app/imagenet-hard-50-subset-2500__n03670208__ILSVRC2012_val_00038679.JPEG","images/n03670208/imagenet-hard-50-subset-2500__n03670208__ILSVRC2012_val_00038679.JPEG","627","limousine","468","cab","4,464844","468|436|656|627|581","cab|beach wagon|minivan|limousine|grille","4,464844|4,425781|4,300781|4,242188|4,128906","true"
"/private/var/containers/Bundle/Application/4D01D32A-B666-4384-B213-31BBF61E54F1/CVTestsSUI.app/imagenet-hard-50-subset-2500__n03670208__ILSVRC2012_val_00042844.JPEG","images/n03670208/imagenet-hard-50-subset-2500__n03670208__ILSVRC2012_val_00042844.JPEG","627","limousine","581","grille","5,167969","581|511|479|436|717","grille|convertible|car wheel|beach wagon|pickup","5,167969|5,132812|4,820312|4,523438|4,425781","false"
"/private/var/containers/Bundle/Application/4D01D32A-B666-4384-B213-31BBF61E54F1/CVTestsSUI.app/imagenet-hard-50-subset-2500__n03670208__ILSVRC2012_val_00044056.JPEG","images/n03670208/imagenet-hard-50-subset-2500__n03670208__ILSVRC2012_val_00044056.JPEG","627","limousine","734","police van","4,402344","734|705|654|609|468","police van|passenger car|minibus|jeep|cab","4,402344|4,078125|3,992188|3,708984|3,681641","false"
"/private/var/containers/Bundle/Application/4D01D32A-B666-4384-B213-31BBF61E54F1/CVTestsSUI.app/imagenet-hard-50-subset-2500__n03670208__ILSVRC2012_val_00044197.JPEG","images/n03670208/imagenet-hard-50-subset-2500__n03670208__ILSVRC2012_val_00044197.JPEG","627","limousine","656","minivan","5,820312","656|581|627|468|436","minivan|grille|limousine|cab|beach wagon","5,820312|5,222656|4,636719|4,566406|4,546875","true"
"/private/var/containers/Bundle/Application/4D01D32A-B666-4384-B213-31BBF61E54F1/CVTestsSUI.app/imagenet-hard-50-subset-2500__n03670208__ILSVRC2012_val_00046007.JPEG","images/n03670208/imagenet-hard-50-subset-2500__n03670208__ILSVRC2012_val_00046007.JPEG","627","limousine","803","snowplow","4,804688","803|537|802|408|795","snowplow|dogsled|snowmobile|amphibian|ski","4,804688|4,605469|4,261719|4,007812|3,751953","false"
"/private/var/containers/Bundle/Application/4D01D32A-B666-4384-B213-31BBF61E54F1/CVTestsSUI.app/imagenet-hard-50-subset-2500__n03670208__ILSVRC2012_val_00049113.JPEG","images/n03670208/imagenet-hard-50-subset-2500__n03670208__ILSVRC2012_val_00049113.JPEG","627","limousine","751","racer","4,386719","751|468|734|817|656","racer|cab|police van|sports car|minivan","4,386719|4,019531|3,373047|3,308594|2,960938","false"