"imagePath","imageId","groundTruthIndex","groundTruthLabel","predictedTop1Index","predictedTop1Label","predictedTop1Score","top5Indices","top5Labels","top5Scores","isTop5Correct"
"/private/var/containers/Bundle/Application/4D01D32A-B666-4384-B213-31BBF61E54F1/CVTestsSUI.app/imagenet-hard-50-subset-2500__n02085620__ILSVRC2012_val_00002921.JPEG","images/n02085620/imagenet-hard-50-subset-2500__n02085620__ILSVRC2012_val_00002921.JPEG","151","Chihuahua","253","basenji","4,670660","253|104|227|284|225","basenji|wallaby|kelpie|Siamese cat|malinois","4,670660|4,589718|4,310461|4,105033|4,023416","false"
"/private/var/containers/Bundle/Application/4D01D32A-B666-4384-B213-31BBF61E54F1/CVTestsSUI.app/imagenet-hard-50-subset-2500__n02085620__ILSVRC2012_val_00006079.JPEG","images/n02085620/imagenet-hard-50-subset-2500__n02085620__ILSVRC2012_val_00006079.JPEG","151","Chihuahua","435","bathtub","8,477512","435|876|896|804|794","bathtub|tub|washbasin|soap dispenser|shower curtain","8,477512|8,391672|5,388583|4,555298|4,254353","false"
"/private/var/containers/Bundle/Application/4D01D32A-B666-4384-B213-31BBF61E54F1/CVTestsSUI.app/imagenet-hard-50-subset-2500__n02085620__ILSVRC2012_val_00006892.JPEG","images/n02085620/imagenet-hard-50-subset-2500__n02085620__ILSVRC2012_val_00006892.JPEG","151","Chihuahua","237","miniature pinscher","6,681383","237|151|223|227|158","miniature pinscher|Chihuahua|schipperke|kelpie|toy terrier","6,681383|6,361658|5,390984|4,685972|4,370945","true"
"/private/var/containers/Bundle/Application/4D01D32A-B666-4384-B213-31BBF61E54F1/CVTestsSUI.app/imagenet-hard-50-subset-2500__n02085620__ILSVRC2012_val_00011639.JPEG","images/n02085620/imagenet-hard-50-subset-2500__n02085620__ILSVRC2012_val_00011639.JPEG","151","Chihuahua","236","Doberman","4,640570","236|234|163|165|242","Doberman|Rottweiler|bloodhound|black-and-tan coonhound|boxer","4,640570|4,484181|4,333558|4,272062|3,983282","false"
"/private/var/containers/Bundle/Application/4D01D32A-B666-4384-B213-31BBF61E54F1/CVTestsSUI.app/imagenet-hard-50-subset-2500__n02085620__ILSVRC2012_val_00011900.JPEG","images/n02085620/imagenet-hard-50-subset-2500__n02085620__ILSVRC2012_val_00011900.JPEG","151","Chihuahua","171","Italian greyhound","5,361090","171|172|180|245|284","Italian greyhound|whippet|American Staffordshire terrier|French bulldog|Siamese cat","5,361090|4,854315|4,770358|4,021927|3,827407","false"
"/private/var/containers/Bundle/Application/4D01D32A-B666-4384-B213-31BBF61E54F1/CVTestsSUI.app/imagenet-hard-50-subset-2500__n02085620__ILSVRC2012_val_00014409.JPEG","images/n02085620/imagenet-hard-50-subset-2500__n02085620__ILSVRC2012_val_00014409.JPEG","151","Chihuahua","162","beagle","5,401742","162|166|253|263|167","beagle|Walker hound|basenji|Pembroke|English foxhound","5,401742|3,608449|3,599265|3,354941|3,065734","false"
"/private/var/containers/Bundle/Application/4D01D32A-B666-4384-B213-31BBF61E54F1/CVTestsSUI.app/imagenet-hard-50-subset-2500__n02085620__ILSVRC2012_val_00016688.JPEG","images/n02085620/imagenet-hard-50-subset-2500__n02085620__ILSVRC2012_val_00016688.JPEG","151","Chihuahua","259","Pomeranian","6,723449","259|157|154|283|151","Pomeranian|papillon|Pekinese|Persian cat|Chihuahua","6,723449|4,502298|4,353210|4,210552|3,905819","true"
"/private/var/containers/Bundle/Application/4D01D32A-B666-4384-B213-31BBF61E54F1/CVTestsSUI.app/imagenet-hard-50-subset-2500__n02085620__ILSVRC2012_val_00016757.JPEG","images/n02085620/imagenet-hard-50-subset-2500__n02085620__ILSVRC2012_val_00016757.JPEG","151","Chihuahua","157","papillon","7,449956","157|151|158|230|263","papillon|Chihuahua|toy terrier|Shetland sheepdog|Pembroke","7,449956|5,821849|4,976403|3,876753|3,634765","true"
"/private/var/containers/Bundle/Application/4D01D32A-B666-4384-B213-31BBF61E54F1/CVTestsSUI.app/imagenet-hard-50-subset-2500__n02085620__ILSVRC2012_val_00017702.JPEG","images/n02085620/imagenet-hard-50-subset-2500__n02085620__ILSVRC2012_val_00017702.JPEG","151","Chihuahua","232","Border collie","5,435841","232|217|205|176|231","Border collie|English springer|flat-coated retriever|Saluki|collie","5,435841|4,626193|4,282666|3,989723|3,908606","false"
"/private/var/containers/Bundle/Application/4D01D32A-B666-4384-B213-31BBF61E54F1/CVTestsSUI.app/imagenet-hard-50-subset-2500__n02085620__ILSVRC2012_val_00018882.JPEG","images/n02085620/imagenet-hard-50-subset-2500__n02085620__ILSVRC2012_val_00018882.JPEG","151","Chihuahua","259","Pomeranian","5,262529","259|157|154|151|152","Pomeranian|papillon|Pekinese|Chihuahua|Japanese spaniel","5,262529|4,794981|4,760000|4,673741|3,338673","true"
"/private/var/containers/Bundle/Application/4D01D32A-B666-4384-B213-31BBF61E54F1/CVTestsSUI.app/imagenet-hard-50-subset-2500__n02085620__ILSVRC2012_val_00019402.JPEG","images/n02085620/imagenet-hard-50-subset-2500__n02085620__ILSVRC2012_val_00019402.JPEG","151","Chihuahua","186","Norwich terrier","5,982776","186|192|193|182|203","Norwich terrier|cairn|Australian terrier|Border terrier|West Highland white terrier","5,982776|5,525099|4,178976|4,108362|3,947756","false"
"/private/var/containers/Bundle/Application/4D01D32A-B666-4384-B213-31BBF61E54F1/CVTestsSUI.app/imagenet-hard-50-subset-2500__n02085620__ILSVRC2012_val_00020016.JPEG","images/n02085620/imagenet-hard-50-subset-2500__n02085620__ILSVRC2012_val_00020016.JPEG","151","Chihuahua","876","tub","7,381083","876|435|151|896|804","tub|bathtub|Chihuahua|washbasin|soap dispenser","7,381083|6,866427|5,703488|5,359476|5,035474","true"
"/private/var/containers/Bundle/Application/4D01D32A-B666-4384-B213-31BBF61E54F1/CVTestsSUI.app/imagenet-hard-50-subset-2500__n02085620__ILSVRC2012_val_00022609.JPEG","images/n02085620/imagenet-hard-50-subset-2500__n02085620__ILSVRC2012_val_00022609.JPEG","151","Chihuahua","195","Boston bull","6,945417","195|245|151|158|264","Boston bull|French bulldog|Chihuahua|toy terrier|Cardigan","6,945417|6,657489|5,138955|3,919854|2,863456","true"
"/private/var/containers/Bundle/Application/4D01D32A-B666-4384-B213-31BBF61E54F1/CVTestsSUI.app/imagenet-hard-50-subset-2500__n02085620__ILSVRC2012_val_00023749.JPEG","images/n02085620/imagenet-hard-50-subset-2500__n02085620__ILSVRC2012_val_00023749.JPEG","151","Chihuahua","158","toy terrier","5,775076","158|151|237|245|195","toy terrier|Chihuahua|miniature pinscher|French bulldog|Boston bull","5,775076|5,628517|5,317228|4,280413|3,973301","true"
"/private/var/containers/Bundle/Application/4D01D32A-B666-4384-B213-31BBF61E54F1/CVTestsSUI.app/imagenet-hard-50-subset-2500__n02085620__ILSVRC2012_val_00023886.JPEG","images/n02085620/imagenet-hard-50-subset-2500__n02085620__ILSVRC2012_val_00023886.JPEG","151","Chihuahua","225","malinois","4,255739","225|235|263|174|182","malinois|German shepherd|Pembroke|Norwegian elkhound|Border terrier","4,255739|4,222172|3,837682|3,735815|3,635698","false"
"/private/var/containers/Bundle/Application/4D01D32A-B666-4384-B213-31BBF61E54F1/CVTestsSUI.app/imagenet-hard-50-subset-2500__n02085620__ILSVRC2012_val_00024590.JPEG","images/n02085620/imagenet-hard-50-subset-2500__n02085620__ILSVRC2012_val_00024590.JPEG","151","Chihuahua","157","papillon","6,377087","157|151|259|158|187","papillon|Chihuahua|Pomeranian|toy terrier|Yorkshire terrier","6,377087|5,713637|5,514437|4,414809|4,163603","true"
"/private/var/containers/Bundle/Application/4D01D32A-B666-4384-B213-31BBF61E54F1/CVTestsSUI.app/imagenet-hard-50-subset-2500__n02085620__ILSVRC2012_val_00027452.JPEG","images/n02085620/imagenet-hard-50-subset-2500__n02085620__ILSVRC2012_val_00027452.JPEG","151","Chihuahua","231","collie","4,524911","231|230|160|257|255","collie|Shetland sheepdog|Afghan hound|Great Pyrenees|Leonberg","4,524911|4,399255|3,545676|3,515732|3,353774","false"
"/private/var/containers/Bundle/Application/4D01D32A-B666-4384-B213-31BBF61E54F1/CVTestsSUI.app/imagenet-hard-50-subset-2500__n02085620__ILSVRC2012_val_00028943.JPEG","images/n02085620/imagenet-hard-50-subset-2500__n02085620__ILSVRC2012_val_00028943.JPEG","151","Chihuahua","185","Norfolk terrier","3,150278","185|259|182|158|151","Norfolk terrier|Pomeranian|Border terrier|toy terrier|Chihuahua","3,150278|3,110077|2,991999|2,960093|2,958646","true"
"/private/var/containers/Bundle/Application/4D01D32A-B666-4384-B213-31BBF61E54F1/CVTestsSUI.app/imagenet-hard-50-subset-2500__n02085620__ILSVRC2012_val_00030519.JPEG","images/n02085620/imagenet-hard-50-subset-2500__n02085620__ILSVRC2012_val_00030519.JPEG","151","Chihuahua","245","French bulldog","6,079988","245|151|195|154|284","French bulldog|Chihuahua|Boston bull|Pekinese|Siamese cat","6,079988|6,061604|4,024162|3,367627|3,125738","true"
"/private/var/containers/Bundle/Application/4D01D32A-B666-4384-B213-31BBF61E54F1/CVTestsSUI.app/imagenet-hard-50-subset-2500__n02085620__ILSVRC2012_val_00031597.JPEG","images/n02085620/imagenet-hard-50-subset-2500__n02085620__ILSVRC2012_val_00031597.JPEG","151","Chihuahua","237","miniature pinscher","7,191406","237|158|151|227|171","miniature pinscher|toy terrier|Chihuahua|kelpie|Italian greyhound","7,191406|7,139641|6,793562|3,862299|3,223041","true"
"/private/var/containers/Bundle/Application/4D01D32A-B666-4384-B213-31BBF61E54F1/CVTestsSUI.app/imagenet-hard-50-subset-2500__n02085620__ILSVRC2012_val_00036150.JPEG","images/n02085620/imagenet-hard-50-subset-2500__n02085620__ILSVRC2012_val_00036150.JPEG","151","Chihuahua","237","miniature pinscher","6,062510","237|151|158|227|223","miniature pinscher|Chihuahua|toy terrier|kelpie|schipperke","6,062510|6,059517|5,728694|3,784910|3,672104","true"
"/private/var/containers/Bundle/Application/4D01D32A-B666-4384-B213-31BBF61E54F1/CVTestsSUI.app/imagenet-hard-50-subset-2500__n02085620__ILSVRC2012_val_00037791.JPEG","images/n02085620/imagenet-hard-50-subset-2500__n02085620__ILSVRC2012_val_00037791.JPEG","151","Chihuahua","155","Shih-Tzu","5,725759","155|157|156|154|151","Shih-Tzu|papillon|Blenheim spaniel|Pekinese|Chihuahua","5,725759|5,595442|4,728411|4,694791|4,004263","true"
"/private/var/containers/Bundle/Application/4D01D32A-B666-4384-B213-31BBF61E54F1/CVTestsSUI.app/imagenet-hard-50-subset-2500__n02085620__ILSVRC2012_val_00039439.JPEG","images/n02085620/imagenet-hard-50-subset-2500__n02085620__ILSVRC2012_val_00039439.JPEG","151","Chihuahua","263","Pembroke","5,828112","263|151|264|158|157","Pembroke|Chihuahua|Cardigan|toy terrier|papillon","5,828112|5,760031|4,374530|4,148155|2,658430","true"
"/private/var/containers/Bundle/Application/4D01D32A-B666-4384-B213-31BBF61E54F1/CVTestsSUI.app/imagenet-hard-50-subset-2500__n02085782__ILSVRC2012_val_00004671.JPEG","images/n02085782/imagenet-hard-50-subset-2500__n02085782__ILSVRC2012_val_00004671.JPEG","152","Japanese spaniel","156","Blenheim spaniel","5,769727","156|152|157|155|239","Blenheim spaniel|Japanese spaniel|papillon|Shih-Tzu|Bernese mountain dog","5,769727|5,131354|5,067447|2,806845|2,378249","true"
"/private/var/containers/Bundle/Application/4D01D32A-B666-4384-B213-31BBF61E54F1/CVTestsSUI.app/imagenet-hard-50-subset-2500__n02085782__ILSVRC2012_val_00006146.JPEG","images/n02085782/imagenet-hard-50-subset-2500__n02085782__ILSVRC2012_val_00006146.JPEG","152","Japanese spaniel","155","Shih-Tzu","6,372147","155|204|157|200|152","Shih-Tzu|Lhasa|papillon|Tibetan terrier|Japanese spaniel","6,372147|5,058208|4,241537|4,235635|4,235620","true"
"/private/var/containers/Bundle/Application/4D01D32A-B666-4384-B213-31BBF61E54F1/CVTestsSUI.app/imagenet-hard-50-subset-2500__n02085782__ILSVRC2012_val_00010516.JPEG","images/n02085782/imagenet-hard-50-subset-2500__n02085782__ILSVRC2012_val_00010516.JPEG","152","Japanese spaniel","217","English springer","5,256506","217|216|212|219|156","English springer|clumber|English setter|cocker spaniel|Blenheim spaniel","5,256506|4,603334|4,367625|4,061081|3,878894","false"
"/private/var/containers/Bundle/Application/4D01D32A-B666-4384-B213-31BBF61E54F1/CVTestsSUI.app/imagenet-hard-50-subset-2500__n02085782__ILSVRC2012_val_00012298.JPEG","images/n02085782/imagenet-hard-50-subset-2500__n02085782__ILSVRC2012_val_00012298.JPEG","152","Japanese spaniel","156","Blenheim spaniel","6,849512","156|152|218|220|215","Blenheim spaniel|Japanese spaniel|Welsh springer spaniel|Sussex spaniel|Brittany spaniel","6,849512|4,452281|3,986325|3,588844|3,586440","true"
"/private/var/containers/Bundle/Application/4D01D32A-B666-4384-B213-31BBF61E54F1/CVTestsSUI.app/imagenet-hard-50-subset-2500__n02085782__ILSVRC2012_val_00018296.JPEG","images/n02085782/imagenet-hard-50-subset-2500__n02085782__ILSVRC2012_val_00018296.JPEG","152","Japanese spaniel","154","Pekinese","5,346142","154|152|157|151|259","Pekinese|Japanese spaniel|papillon|Chihuahua|Pomeranian","5,346142|5,167790|3,515348|3,130374|2,701728","true"
"/private/var/containers/Bundle/Application/4D01D32A-B666-4384-B213-31BBF61E54F1/CVTestsSUI.app/imagenet-hard-50-subset-2500__n02085782__ILSVRC2012_val_00021896.JPEG","images/n02085782/imagenet-hard-50-subset-2500__n02085782__ILSVRC2012_val_00021896.JPEG","152","Japanese spaniel","154","Pekinese","5,121201","154|244|214|262|380","Pekinese|Tibetan mastiff|Gordon setter|Brabancon griffon|titi","5,121201|4,682054|4,186447|4,141614|3,666774","false"
"/private/var/containers/Bundle/Application/4D01D32A-B666-4384-B213-31BBF61E54F1/CVTestsSUI.app/imagenet-hard-50-subset-2500__n02085782__ILSVRC2012_val_00022438.JPEG","images/n02085782/imagenet-hard-50-subset-2500__n02085782__ILSVRC2012_val_00022438.JPEG","152","Japanese spaniel","157","papillon","6,812393","157|232|152|231|217","papillon|Border collie|Japanese spaniel|collie|English springer","6,812393|6,060837|5,742668|4,756664|3,766942","true"
"/private/var/containers/Bundle/Application/4D01D32A-B666-4384-B213-31BBF61E54F1/CVTestsSUI.app/imagenet-hard-50-subset-2500__n02085782__ILSVRC2012_val_00025437.JPEG","images/n02085782/imagenet-hard-50-subset-2500__n02085782__ILSVRC2012_val_00025437.JPEG","152","Japanese spaniel","200","Tibetan terrier","5,660908","200|152|229|155|232","Tibetan terrier|Japanese spaniel|Old English sheepdog|Shih-Tzu|Border collie","5,660908|4,935490|4,613509|4,606028|4,310968","true"
"/private/var/containers/Bundle/Application/4D01D32A-B666-4384-B213-31BBF61E54F1/CVTestsSUI.app/imagenet-hard-50-subset-2500__n02085782__ILSVRC2012_val_00026017.JPEG","images/n02085782/imagenet-hard-50-subset-2500__n02085782__ILSVRC2012_val_00026017.JPEG","152","Japanese spaniel","154","Pekinese","6,327529","154|152|155|157|156","Pekinese|Japanese spaniel|Shih-Tzu|papillon|Blenheim spaniel","6,327529|6,303565|4,384914|4,219666|3,254251","true"
"/private/var/containers/Bundle/Application/4D01D32A-B666-4384-B213-31BBF61E54F1/CVTestsSUI.app/imagenet-hard-50-subset-2500__n02085782__ILSVRC2012_val_00028706.JPEG","images/n02085782/imagenet-hard-50-subset-2500__n02085782__ILSVRC2012_val_00028706.JPEG","152","Japanese spaniel","338","guinea pig","3,241601","338|152|361|157|331","guinea pig|Japanese spaniel|skunk|papillon|hare","3,241601|3,158834|2,942685|2,621657|2,471835","true"
"/private/var/containers/Bundle/Application/4D01D32A-B666-4384-B213-31BBF61E54F1/CVTestsSUI.app/imagenet-hard-50-subset-2500__n02085782__ILSVRC2012_val_00029262.JPEG","images/n02085782/imagenet-hard-50-subset-2500__n02085782__ILSVRC2012_val_00029262.JPEG","152","Japanese spaniel","157","papillon","6,519065","157|152|154|259|151","papillon|Japanese spaniel|Pekinese|Pomeranian|Chihuahua","6,519065|5,498504|4,453689|4,034346|3,441916","true"
"/private/var/containers/Bundle/Application/4D01D32A-B666-4384-B213-31BBF61E54F1/CVTestsSUI.app/imagenet-hard-50-subset-2500__n02085782__ILSVRC2012_val_00033200.JPEG","images/n02085782/imagenet-hard-50-subset-2500__n02085782__ILSVRC2012_val_00033200.JPEG","152","Japanese spaniel","200","Tibetan terrier","5,937257","200|152|155|204|232","Tibetan terrier|Japanese spaniel|Shih-Tzu|Lhasa|Border collie","5,937257|5,854703|5,817638|4,947475|4,326282","true"
"/private/var/containers/Bundle/Application/4D01D32A-B666-4384-B213-31BBF61E54F1/CVTestsSUI.app/imagenet-hard-50-subset-2500__n02085782__ILSVRC2012_val_00033476.JPEG","images/n02085782/imagenet-hard-50-subset-2500__n02085782__ILSVRC2012_val_00033476.JPEG","152","Japanese spaniel","156","Blenheim spaniel","8,210922","156|152|157|219|218","Blenheim spaniel|Japanese spaniel|papillon|cocker spaniel|Welsh springer spaniel","8,210922|5,165691|4,491603|3,544494|3,287510","true"
"/private/var/containers/Bundle/Application/4D01D32A-B666-4384-B213-31BBF61E54F1/CVTestsSUI.app/imagenet-hard-50-subset-2500__n02085782__ILSVRC2012_val_00034040.JPEG","images/n02085782/imagenet-hard-50-subset-2500__n02085782__ILSVRC2012_val_00034040.JPEG","152","Japanese spaniel","232","Border collie","5,843756","232|157|152|231|200","Border collie|papillon|Japanese spaniel|collie|Tibetan terrier","5,843756|5,588351|4,965284|4,514717|3,648745","true"
"/private/var/containers/Bundle/Application/4D01D32A-B666-4384-B213-31BBF61E54F1/CVTestsSUI.app/imagenet-hard-50-subset-2500__n02085782__ILSVRC2012_val_00036267.JPEG","images/n02085782/imagenet-hard-50-subset-2500__n02085782__ILSVRC2012_val_00036267.JPEG","152","Japanese spaniel","157","papillon","7,081524","157|230|152|259|156","papillon|Shetland sheepdog|Japanese spaniel|Pomeranian|Blenheim spaniel","7,081524|3,877069|3,743033|2,903200|2,685580","true"
"/private/var/containers/Bundle/Application/4D01D32A-B666-4384-B213-31BBF61E54F1/CVTestsSUI.app/imagenet-hard-50-subset-2500__n02085782__ILSVRC2012_val_00037960.JPEG","images/n02085782/imagenet-hard-50-subset-2500__n02085782__ILSVRC2012_val_00037960.JPEG","152","Japanese spaniel","155","Shih-Tzu","5,027316","155|152|154|156|283","Shih-Tzu|Japanese spaniel|Pekinese|Blenheim spaniel|Persian cat","5,027316|4,859587|4,726860|3,270555|3,267964","true"
"/private/var/containers/Bundle/Application/4D01D32A-B666-4384-B213-31BBF61E54F1/CVTestsSUI.app/imagenet-hard-50-subset-2500__n02085782__ILSVRC2012_val_00043776.JPEG","images/n02085782/imagenet-hard-50-subset-2500__n02085782__ILSVRC2012_val_00043776.JPEG","152","Japanese spaniel","154","Pekinese","5,865879","154|259|152|157|231","Pekinese|Pomeranian|Japanese spaniel|papillon|collie","5,865879|4,094521|3,901908|3,160517|3,006802","true"
"/private/var/containers/Bundle/Application/4D01D32A-B666-4384-B213-31BBF61E54F1/CVTestsSUI.app/imagenet-hard-50-subset-2500__n02085782__ILSVRC2012_val_00047276.JPEG","images/n02085782/imagenet-hard-50-subset-2500__n02085782__ILSVRC2012_val_00047276.JPEG","152","Japanese spaniel","157","papillon","6,394548","157|152|200|232|204","papillon|Japanese spaniel|Tibetan terrier|Border collie|Lhasa","6,394548|6,235530|4,971797|3,570873|3,485821","true"
"/private/var/containers/Bundle/Application/4D01D32A-B666-4384-B213-31BBF61E54F1/CVTestsSUI.app/imagenet-hard-50-subset-2500__n02085936__ILSVRC2012_val_00010238.JPEG","images/n02085936/imagenet-hard-50-subset-2500__n02085936__ILSVRC2012_val_00010238.JPEG","153","Maltese dog","204","Lhasa","6,762247","204|153|155|200|187","Lhasa|Maltese dog|Shih-Tzu|Tibetan terrier|Yorkshire terrier","6,762247|6,308524|5,272882|4,120901|3,338943","true"
"/private/var/containers/Bundle/Application/4D01D32A-B666-4384-B213-31BBF61E54F1/CVTestsSUI.app/imagenet-hard-50-subset-2500__n02085936__ILSVRC2012_val_00015300.JPEG","images/n02085936/imagenet-hard-50-subset-2500__n02085936__ILSVRC2012_val_00015300.JPEG","153","Maltese dog","805","soccer ball","3,780087","805|229|852|153|203","soccer ball|Old English sheepdog|tennis ball|Maltese dog|West Highland white terrier","3,780087|3,706414|3,675368|3,354380|3,171059","true"
"/private/var/containers/Bundle/Application/4D01D32A-B666-4384-B213-31BBF61E54F1/CVTestsSUI.app/imagenet-hard-50-subset-2500__n02085936__ILSVRC2012_val_00018264.JPEG","images/n02085936/imagenet-hard-50-subset-2500__n02085936__ILSVRC2012_val_00018264.JPEG","153","Maltese dog","332","Angora","6,557629","332|153|229|204|283","Angora|Maltese dog|Old English sheepdog|Lhasa|Persian cat","6,557629|6,500734|5,178025|4,777263|4,676762","true"
"/private/var/containers/Bundle/Application/4D01D32A-B666-4384-B213-31BBF61E54F1/CVTestsSUI.app/imagenet-hard-50-subset-2500__n02085936__ILSVRC2012_val_00030893.JPEG","images/n02085936/imagenet-hard-50-subset-2500__n02085936__ILSVRC2012_val_00030893.JPEG","153","Maltese dog","265","toy poodle","5,365265","265|153|266|202|398","toy poodle|Maltese dog|miniature poodle|soft-coated wheaten terrier|abacus","5,365265|4,781009|4,477837|3,667851|3,603681","true"
"/private/var/containers/Bundle/Application/4D01D32A-B666-4384-B213-31BBF61E54F1/CVTestsSUI.app/imagenet-hard-50-subset-2500__n02085936__ILSVRC2012_val_00033310.JPEG","images/n02085936/imagenet-hard-50-subset-2500__n02085936__ILSVRC2012_val_00033310.JPEG","153","Maltese dog","267","standard poodle","5,711592","267|181|266|265|825","standard poodle|Bedlington terrier|miniature poodle|toy poodle|stone wall","5,711592|5,471843|5,183857|4,338527|3,891035","false"
"/private/var/containers/Bundle/Application/4D01D32A-B666-4384-B213-31BBF61E54F1/CVTestsSUI.app/imagenet-hard-50-subset-2500__n02085936__ILSVRC2012_val_00034259.JPEG","images/n02085936/imagenet-hard-50-subset-2500__n02085936__ILSVRC2012_val_00034259.JPEG","153","Maltese dog","204","Lhasa","4,984637","204|200|202|265|185","Lhasa|Tibetan terrier|soft-coated wheaten terrier|toy poodle|Norfolk terrier","4,984637|4,893843|4,603657|4,225259|4,203519","false"
"/private/var/containers/Bundle/Application/4D01D32A-B666-4384-B213-31BBF61E54F1/CVTestsSUI.app/imagenet-hard-50-subset-2500__n02085936__ILSVRC2012_val_00039146.JPEG","images/n02085936/imagenet-hard-50-subset-2500__n02085936__ILSVRC2012_val_00039146.JPEG","153","Maltese dog","203","West Highland white terrier","6,464935","203|153|265|266|229","West Highland white terrier|Maltese dog|toy poodle|miniature poodle|Old English sheepdog","6,464935|5,484501|4,915760|4,310026|4,222030","true"
"/private/var/containers/Bundle/Application/4D01D32A-B666-4384-B213-31BBF61E54F1/CVTestsSUI.app/imagenet-hard-50-subset-2500__n02085936__ILSVRC2012_val_00039695.JPEG","images/n02085936/imagenet-hard-50-subset-2500__n02085936__ILSVRC2012_val_00039695.JPEG","153","Maltese dog","257","Great Pyrenees","6,079100","257|153|207|203|204","Great Pyrenees|Maltese dog|golden retriever|West Highland white terrier|Lhasa","6,079100|5,351620|5,058846|4,939560|3,785153","true"
"/private/var/containers/Bundle/Application/4D01D32A-B666-4384-B213-31BBF61E54F1/CVTestsSUI.app/imagenet-hard-50-subset-2500__n02085936__ILSVRC2012_val_00041918.JPEG","images/n02085936/imagenet-hard-50-subset-2500__n02085936__ILSVRC2012_val_00041918.JPEG","153","Maltese dog","229","Old English sheepdog","4,574298","229|190|203|202|188","Old English sheepdog|Sealyham terrier|West Highland white terrier|soft-coated wheaten terrier|wire-haired fox terrier","4,574298|4,447012|3,308964|3,049845|3,008140","false"
"/private/var/containers/Bundle/Application/4D01D32A-B666-4384-B213-31BBF61E54F1/CVTestsSUI.app/imagenet-hard-50-subset-2500__n02086079__ILSVRC2012_val_00004065.JPEG","images/n02086079/imagenet-hard-50-subset-2500__n02086079__ILSVRC2012_val_00004065.JPEG","154","Pekinese","207","golden retriever","6,484317","207|154|185|259|204","golden retriever|Pekinese|Norfolk terrier|Pomeranian|Lhasa","6,484317|6,250097|5,196039|4,704046|4,462248","true"
"/private/var/containers/Bundle/Application/4D01D32A-B666-4384-B213-31BBF61E54F1/CVTestsSUI.app/imagenet-hard-50-subset-2500__n02086079__ILSVRC2012_val_00007057.JPEG","images/n02086079/imagenet-hard-50-subset-2500__n02086079__ILSVRC2012_val_00007057.JPEG","154","Pekinese","151","Chihuahua","5,490821","151|154|259|263|245","Chihuahua|Pekinese|Pomeranian|Pembroke|French bulldog","5,490821|4,741089|4,326035|3,889182|3,416499","true"
"/private/var/containers/Bundle/Application/4D01D32A-B666-4384-B213-31BBF61E54F1/CVTestsSUI.app/imagenet-hard-50-subset-2500__n02086079__ILSVRC2012_val_00007111.JPEG","images/n02086079/imagenet-hard-50-subset-2500__n02086079__ILSVRC2012_val_00007111.JPEG","154","Pekinese","152","Japanese spaniel","5,423551","152|154|157|156|155","Japanese spaniel|Pekinese|papillon|Blenheim spaniel|Shih-Tzu","5,423551|4,130752|3,964787|2,906943|2,668058","true"
"/private/var/containers/Bundle/Application/4D01D32A-B666-4384-B213-31BBF61E54F1/CVTestsSUI.app/imagenet-hard-50-subset-2500__n02086079__ILSVRC2012_val_00009105.JPEG","images/n02086079/imagenet-hard-50-subset-2500__n02086079__ILSVRC2012_val_00009105.JPEG","154","Pekinese","157","papillon","8,069173","157|232|230|231|151","papillon|Border collie|Shetland sheepdog|collie|Chihuahua","8,069173|5,959052|4,984200|4,938662|4,315139","false"
"/private/var/containers/Bundle/Application/4D01D32A-B666-4384-B213-31BBF61E54F1/CVTestsSUI.app/imagenet-hard-50-subset-2500__n02086079__ILSVRC2012_val_00009250.JPEG","images/n02086079/imagenet-hard-50-subset-2500__n02086079__ILSVRC2012_val_00009250.JPEG","154","Pekinese","201","silky terrier","6,125640","201|187|193|185|155","silky terrier|Yorkshire terrier|Australian terrier|Norfolk terrier|Shih-Tzu","6,125640|5,729108|5,170952|4,583704|3,495323","false"
"/private/var/containers/Bundle/Application/4D01D32A-B666-4384-B213-31BBF61E54F1/CVTestsSUI.app/imagenet-hard-50-subset-2500__n02086079__ILSVRC2012_val_00031157.JPEG","images/n02086079/imagenet-hard-50-subset-2500__n02086079__ILSVRC2012_val_00031157.JPEG","154","Pekinese","155","Shih-Tzu","6,254101","155|204|154|200|262","Shih-Tzu|Lhasa|Pekinese|Tibetan terrier|Brabancon griffon","6,254101|5,844549|5,320120|4,106639|2,898568","true"
"/private/var/containers/Bundle/Application/4D01D32A-B666-4384-B213-31BBF61E54F1/CVTestsSUI.app/imagenet-hard-50-subset-2500__n02086079__ILSVRC2012_val_00038786.JPEG","images/n02086079/imagenet-hard-50-subset-2500__n02086079__ILSVRC2012_val_00038786.JPEG","154","Pekinese","155","Shih-Tzu","5,974426","155|204|154|283|157","Shih-Tzu|Lhasa|Pekinese|Persian cat|papillon","5,974426|5,101868|4,821697|2,972774|2,916238","true"
"/private/var/containers/Bundle/Application/4D01D32A-B666-4384-B213-31BBF61E54F1/CVTestsSUI.app/imagenet-hard-50-subset-2500__n02086079__ILSVRC2012_val_00041109.JPEG","images/n02086079/imagenet-hard-50-subset-2500__n02086079__ILSVRC2012_val_00041109.JPEG","154","Pekinese","265","toy poodle","3,043180","265|259|154|266|206","toy poodle|Pomeranian|Pekinese|miniature poodle|curly-coated retriever","3,043180|2,958390|2,655011|2,626770|2,344097","true"
"/private/var/containers/Bundle/Application/4D01D32A-B666-4384-B213-31BBF61E54F1/CVTestsSUI.app/imagenet-hard-50-subset-2500__n02086079__ILSVRC2012_val_00044854.JPEG","images/n02086079/imagenet-hard-50-subset-2500__n02086079__ILSVRC2012_val_00044854.JPEG","154","Pekinese","201","silky terrier","7,841702","201|204|155|187|200","silky terrier|Lhasa|Shih-Tzu|Yorkshire terrier|Tibetan terrier","7,841702|6,274637|6,076046|5,888330|5,775414","false"
"/private/var/containers/Bundle/Application/4D01D32A-B666-4384-B213-31BBF61E54F1/CVTestsSUI.app/imagenet-hard-50-subset-2500__n02086240__ILSVRC2012_val_00010550.JPEG","images/n02086240/imagenet-hard-50-subset-2500__n02086240__ILSVRC2012_val_00010550.JPEG","155","Shih-Tzu","157","papillon","5,167820","157|151|232|230|158","papillon|Chihuahua|Border collie|Shetland sheepdog|toy terrier","5,167820|3,677676|3,483426|3,390026|3,328904","false"
"/private/var/containers/Bundle/Application/4D01D32A-B666-4384-B213-31BBF61E54F1/CVTestsSUI.app/imagenet-hard-50-subset-2500__n02086240__ILSVRC2012_val_00015738.JPEG","images/n02086240/imagenet-hard-50-subset-2500__n02086240__ILSVRC2012_val_00015738.JPEG","155","Shih-Tzu","219","cocker spaniel","5,895069","219|212|216|204|154","cocker spaniel|English setter|clumber|Lhasa|Pekinese","5,895069|4,636417|4,404060|4,316405|3,173678","false"
"/private/var/containers/Bundle/Application/4D01D32A-B666-4384-B213-31BBF61E54F1/CVTestsSUI.app/imagenet-hard-50-subset-2500__n02086240__ILSVRC2012_val_00018392.JPEG","images/n02086240/imagenet-hard-50-subset-2500__n02086240__ILSVRC2012_val_00018392.JPEG","155","Shih-Tzu","154","Pekinese","6,164161","154|155|153|204|265","Pekinese|Shih-Tzu|Maltese dog|Lhasa|toy poodle","6,164161|4,916449|4,613938|3,939830|3,636112","true"
"/private/var/containers/Bundle/Application/4D01D32A-B666-4384-B213-31BBF61E54F1/CVTestsSUI.app/imagenet-hard-50-subset-2500__n02086240__ILSVRC2012_val_00023653.JPEG","images/n02086240/imagenet-hard-50-subset-2500__n02086240__ILSVRC2012_val_00023653.JPEG","155","Shih-Tzu","252","affenpinscher","6,858713","252|204|262|192|155","affenpinscher|Lhasa|Brabancon griffon|cairn|Shih-Tzu","6,858713|4,401716|4,285137|3,944653|3,879856","true"
"/private/var/containers/Bundle/Application/4D01D32A-B666-4384-B213-31BBF61E54F1/CVTestsSUI.app/imagenet-hard-50-subset-2500__n02086240__ILSVRC2012_val_00024776.JPEG","images/n02086240/imagenet-hard-50-subset-2500__n02086240__ILSVRC2012_val_00024776.JPEG","155","Shih-Tzu","204","Lhasa","4,958076","204|201|155|192|226","Lhasa|silky terrier|Shih-Tzu|cairn|briard","4,958076|4,241158|3,996295|3,908471|3,879261","true"
"/private/var/containers/Bundle/Application/4D01D32A-B666-4384-B213-31BBF61E54F1/CVTestsSUI.app/imagenet-hard-50-subset-2500__n02086240__ILSVRC2012_val_00026070.JPEG","images/n02086240/imagenet-hard-50-subset-2500__n02086240__ILSVRC2012_val_00026070.JPEG","155","Shih-Tzu","153","Maltese dog","6,287496","153|204|155|154|200","Maltese dog|Lhasa|Shih-Tzu|Pekinese|Tibetan terrier","6,287496|6,250467|5,967210|4,079268|3,129839","true"
"/private/var/containers/Bundle/Application/4D01D32A-B666-4384-B213-31BBF61E54F1/CVTestsSUI.app/imagenet-hard-50-subset-2500__n02086240__ILSVRC2012_val_00026911.JPEG","images/n02086240/imagenet-hard-50-subset-2500__n02086240__ILSVRC2012_val_00026911.JPEG","155","Shih-Tzu","154","Pekinese","6,389009","154|155|204|153|259","Pekinese|Shih-Tzu|Lhasa|Maltese dog|Pomeranian","6,389009|5,868907|5,745405|4,609012|3,614181","true"
"/private/var/containers/Bundle/Application/4D01D32A-B666-4384-B213-31BBF61E54F1/CVTestsSUI.app/imagenet-hard-50-subset-2500__n02086240__ILSVRC2012_val_00027703.JPEG","images/n02086240/imagenet-hard-50-subset-2500__n02086240__ILSVRC2012_val_00027703.JPEG","155","Shih-Tzu","231","collie","3,537075","231|230|155|200|193","collie|Shetland sheepdog|Shih-Tzu|Tibetan terrier|Australian terrier","3,537075|3,379643|2,881150|2,689574|2,413332","true"
"/private/var/containers/Bundle/Application/4D01D32A-B666-4384-B213-31BBF61E54F1/CVTestsSUI.app/imagenet-hard-50-subset-2500__n02086240__ILSVRC2012_val_00029700.JPEG","images/n02086240/imagenet-hard-50-subset-2500__n02086240__ILSVRC2012_val_00029700.JPEG","155","Shih-Tzu","200","Tibetan terrier","6,464864","200|204|226|155|160","Tibetan terrier|Lhasa|briard|Shih-Tzu|Afghan hound","6,464864|6,121714|6,105856|5,586463|4,159121","true"
"/private/var/containers/Bundle/Application/4D01D32A-B666-4384-B213-31BBF61E54F1/CVTestsSUI.app/imagenet-hard-50-subset-2500__n02086240__ILSVRC2012_val_00031419.JPEG","images/n02086240/imagenet-hard-50-subset-2500__n02086240__ILSVRC2012_val_00031419.JPEG","155","Shih-Tzu","204","Lhasa","5,991427","204|155|192|200|196","Lhasa|Shih-Tzu|cairn|Tibetan terrier|miniature schnauzer","5,991427|5,851898|4,980101|4,684344|4,274466","true"
"/private/var/containers/Bundle/Application/4D01D32A-B666-4384-B213-31BBF61E54F1/CVTestsSUI.app/imagenet-hard-50-subset-2500__n02086240__ILSVRC2012_val_00035293.JPEG","images/n02086240/imagenet-hard-50-subset-2500__n02086240__ILSVRC2012_val_00035293.JPEG","155","Shih-Tzu","205","flat-coated retriever","4,223290","205|182|219|256|214","flat-coated retriever|Border terrier|cocker spaniel|Newfoundland|Gordon setter","4,223290|3,849315|3,643401|3,447380|3,066519","false"
"/private/var/containers/Bundle/Application/4D01D32A-B666-4384-B213-31BBF61E54F1/CVTestsSUI.app/imagenet-hard-50-subset-2500__n02086240__ILSVRC2012_val_00036888.JPEG","images/n02086240/imagenet-hard-50-subset-2500__n02086240__ILSVRC2012_val_00036888.JPEG","155","Shih-Tzu","204","Lhasa","6,501912","204|155|202|200|153","Lhasa|Shih-Tzu|soft-coated wheaten terrier|Tibetan terrier|Maltese dog","6,501912|6,222314|4,889519|4,416680|3,700825","true"
"/private/var/containers/Bundle/Application/4D01D32A-B666-4384-B213-31BBF61E54F1/CVTestsSUI.app/imagenet-hard-50-subset-2500__n02086240__ILSVRC2012_val_00040043.JPEG","images/n02086240/imagenet-hard-50-subset-2500__n02086240__ILSVRC2012_val_00040043.JPEG","155","Shih-Tzu","154","Pekinese","6,706411","154|155|204|259|152","Pekinese|Shih-Tzu|Lhasa|Pomeranian|Japanese spaniel","6,706411|5,778613|5,241845|4,209787|3,581744","true"
"/private/var/containers/Bundle/Application/4D01D32A-B666-4384-B213-31BBF61E54F1/CVTestsSUI.app/imagenet-hard-50-subset-2500__n02086240__ILSVRC2012_val_00044224.JPEG","images/n02086240/imagenet-hard-50-subset-2500__n02086240__ILSVRC2012_val_00044224.JPEG","155","Shih-Tzu","200","Tibetan terrier","5,337709","200|201|204|153|155","Tibetan terrier|silky terrier|Lhasa|Maltese dog|Shih-Tzu","5,337709|4,443962|4,137506|3,257535|3,217304","true"
"/private/var/containers/Bundle/Application/4D01D32A-B666-4384-B213-31BBF61E54F1/CVTestsSUI.app/imagenet-hard-50-subset-2500__n02086646__ILSVRC2012_val_00001848.JPEG","images/n02086646/imagenet-hard-50-subset-2500__n02086646__ILSVRC2012_val_00001848.JPEG","156","Blenheim spaniel","215","Brittany spaniel","5,682330","215|218|247|156|217","Brittany spaniel|Welsh springer spaniel|Saint Bernard|Blenheim spaniel|English springer","5,682330|5,436653|5,241922|4,848815|4,391257","true"
"/private/var/containers/Bundle/Application/4D01D32A-B666-4384-B213-31BBF61E54F1/CVTestsSUI.app/imagenet-hard-50-subset-2500__n02086646__ILSVRC2012_val_00030642.JPEG","images/n02086646/imagenet-hard-50-subset-2500__n02086646__ILSVRC2012_val_00030642.JPEG","156","Blenheim spaniel","231","collie","6,028135","231|230|260|259|157","collie|Shetland sheepdog|chow|Pomeranian|papillon","6,028135|5,892723|3,056656|2,462562|2,458940","false"
"/private/var/containers/Bundle/Application/4D01D32A-B666-4384-B213-31BBF61E54F1/CVTestsSUI.app/imagenet-hard-50-subset-2500__n02086910__ILSVRC2012_val_00022099.JPEG","images/n02086910/imagenet-hard-50-subset-2500__n02086910__ILSVRC2012_val_00022099.JPEG","157","papillon","200","Tibetan terrier","5,937257","200|152|155|204|232","Tibetan terrier|Japanese spaniel|Shih-Tzu|Lhasa|Border collie","5,937257|5,854703|5,817638|4,947475|4,326282","false"
"/private/var/containers/Bundle/Application/4D01D32A-B666-4384-B213-31BBF61E54F1/CVTestsSUI.app/imagenet-hard-50-subset-2500__n02086910__ILSVRC2012_val_00033944.JPEG","images/n02086910/imagenet-hard-50-subset-2500__n02086910__ILSVRC2012_val_00033944.JPEG","157","papillon","226","briard","5,661179","226|217|218|160|219","briard|English springer|Welsh springer spaniel|Afghan hound|cocker spaniel","5,661179|5,323165|5,037759|4,782343|4,339021","false"
"/private/var/containers/Bundle/Application/4D01D32A-B666-4384-B213-31BBF61E54F1/CVTestsSUI.app/imagenet-hard-50-subset-2500__n02086910__ILSVRC2012_val_00040564.JPEG","images/n02086910/imagenet-hard-50-subset-2500__n02086910__ILSVRC2012_val_00040564.JPEG","157","papillon","219","cocker spaniel","5,553870","219|151|156|157|154","cocker spaniel|Chihuahua|Blenheim spaniel|papillon|Pekinese","5,553870|4,545033|4,101082|4,091638|3,992995","true"
"/private/var/containers/Bundle/Application/4D01D32A-B666-4384-B213-31BBF61E54F1/CVTestsSUI.app/imagenet-hard-50-subset-2500__n02087046__ILSVRC2012_val_00001371.JPEG","images/n02087046/imagenet-hard-50-subset-2500__n02087046__ILSVRC2012_val_00001371.JPEG","158","toy terrier","253","basenji","4,589279","253|158|171|151|188","basenji|toy terrier|Italian greyhound|Chihuahua|wire-haired fox terrier","4,589279|4,576533|3,983714|3,471194|3,386723","true"
"/private/var/containers/Bundle/Application/4D01D32A-B666-4384-B213-31BBF61E54F1/CVTestsSUI.app/imagenet-hard-50-subset-2500__n02087046__ILSVRC2012_val_00002521.JPEG","images/n02087046/imagenet-hard-50-subset-2500__n02087046__ILSVRC2012_val_00002521.JPEG","158","toy terrier","151","Chihuahua","6,049732","151|158|171|172|245","Chihuahua|toy terrier|Italian greyhound|whippet|French bulldog","6,049732|5,761907|4,023438|3,570398|3,490206","true"
"/private/var/containers/Bundle/Application/4D01D32A-B666-4384-B213-31BBF61E54F1/CVTestsSUI.app/imagenet-hard-50-subset-2500__n02087046__ILSVRC2012_val_00004325.JPEG","images/n02087046/imagenet-hard-50-subset-2500__n02087046__ILSVRC2012_val_00004325.JPEG","158","toy terrier","237","miniature pinscher","5,477775","237|158|236|268|227","miniature pinscher|toy terrier|Doberman|Mexican hairless|kelpie","5,477775|4,559475|4,543326|4,073432|3,560463","true"
"/private/var/containers/Bundle/Application/4D01D32A-B666-4384-B213-31BBF61E54F1/CVTestsSUI.app/imagenet-hard-50-subset-2500__n02087046__ILSVRC2012_val_00004717.JPEG","images/n02087046/imagenet-hard-50-subset-2500__n02087046__ILSVRC2012_val_00004717.JPEG","158","toy terrier","151","Chihuahua","5,358076","151|263|253|158|259","Chihuahua|Pembroke|basenji|toy terrier|Pomeranian","5,358076|4,837379|4,829437|4,420875|4,081283","true"
"/private/var/containers/Bundle/Application/4D01D32A-B666-4384-B213-31BBF61E54F1/CVTestsSUI.app/imagenet-hard-50-subset-2500__n02087046__ILSVRC2012_val_00005639.JPEG","images/n02087046/imagenet-hard-50-subset-2500__n02087046__ILSVRC2012_val_00005639.JPEG","158","toy terrier","151","Chihuahua","7,112481","151|268|171|237|158","Chihuahua|Mexican hairless|Italian greyhound|miniature pinscher|toy terrier","7,112481|6,912853|6,474429|5,852372|5,628290","true"
"/private/var/containers/Bundle/Application/4D01D32A-B666-4384-B213-31BBF61E54F1/CVTestsSUI.app/imagenet-hard-50-subset-2500__n02087046__ILSVRC2012_val_00006544.JPEG","images/n02087046/imagenet-hard-50-subset-2500__n02087046__ILSVRC2012_val_00006544.JPEG","158","toy terrier","237","miniature pinscher","5,701864","237|158|151|240|241","miniature pinscher|toy terrier|Chihuahua|Appenzeller|EntleBucher","5,701864|5,647562|4,962771|4,557864|4,362478","true"
"/private/var/containers/Bundle/Application/4D01D32A-B666-4384-B213-31BBF61E54F1/CVTestsSUI.app/imagenet-hard-50-subset-2500__n02087046__ILSVRC2012_val_00007511.JPEG","images/n02087046/imagenet-hard-50-subset-2500__n02087046__ILSVRC2012_val_00007511.JPEG","158","toy terrier","180","American Staffordshire terrier","5,420285","180|179|158|173|242","American Staffordshire terrier|Staffordshire bullterrier|toy terrier|Ibizan hound|boxer","5,420285|4,519708|3,930406|3,512066|3,259581","true"
"/private/var/containers/Bundle/Application/4D01D32A-B666-4384-B213-31BBF61E54F1/CVTestsSUI.app/imagenet-hard-50-subset-2500__n02087046__ILSVRC2012_val_00011748.JPEG","images/n02087046/imagenet-hard-50-subset-2500__n02087046__ILSVRC2012_val_00011748.JPEG","158","toy terrier","223","schipperke","4,344330","223|199|227|205|262","schipperke|Scotch terrier|kelpie|flat-coated retriever|Brabancon griffon","4,344330|4,022548|3,446531|3,294876|3,146754","false"
"/private/var/containers/Bundle/Application/4D01D32A-B666-4384-B213-31BBF61E54F1/CVTestsSUI.app/imagenet-hard-50-subset-2500__n02087046__ILSVRC2012_val_00015701.JPEG","images/n02087046/imagenet-hard-50-subset-2500__n02087046__ILSVRC2012_val_00015701.JPEG","158","toy terrier","237","miniature pinscher","4,578562","237|236|158|227|268","miniature pinscher|Doberman|toy terrier|kelpie|Mexican hairless","4,578562|3,844178|3,609522|3,013816|2,474714","true"
"/private/var/containers/Bundle/Application/4D01D32A-B666-4384-B213-31BBF61E54F1/CVTestsSUI.app/imagenet-hard-50-subset-2500__n02087046__ILSVRC2012_val_00017869.JPEG","images/n02087046/imagenet-hard-50-subset-2500__n02087046__ILSVRC2012_val_00017869.JPEG","158","toy terrier","253","basenji","6,750560","253|158|151|171|173","basenji|toy terrier|Chihuahua|Italian greyhound|Ibizan hound","6,750560|6,249474|5,055943|4,406341|4,251268","true"
"/private/var/containers/Bundle/Application/4D01D32A-B666-4384-B213-31BBF61E54F1/CVTestsSUI.app/imagenet-hard-50-subset-2500__n02087046__ILSVRC2012_val_00019261.JPEG","images/n02087046/imagenet-hard-50-subset-2500__n02087046__ILSVRC2012_val_00019261.JPEG","158","toy terrier","195","Boston bull","5,652188","195|245|158|171|151","Boston bull|French bulldog|toy terrier|Italian greyhound|Chihuahua","5,652188|3,913222|3,853884|3,753502|3,442906","true"
"/private/var/containers/Bundle/Application/4D01D32A-B666-4384-B213-31BBF61E54F1/CVTestsSUI.app/imagenet-hard-50-subset-2500__n02087046__ILSVRC2012_val_00019566.JPEG","images/n02087046/imagenet-hard-50-subset-2500__n02087046__ILSVRC2012_val_00019566.JPEG","158","toy terrier","227","kelpie","5,254212","227|237|151|158|234","kelpie|miniature pinscher|Chihuahua|toy terrier|Rottweiler","5,254212|5,143219|4,417643|4,338583|4,078751","true"
"/private/var/containers/Bundle/Application/4D01D32A-B666-4384-B213-31BBF61E54F1/CVTestsSUI.app/imagenet-hard-50-subset-2500__n02087046__ILSVRC2012_val_00020484.JPEG","images/n02087046/imagenet-hard-50-subset-2500__n02087046__ILSVRC2012_val_00020484.JPEG","158","toy terrier","263","Pembroke","5,967386","263|264|158|253|151","Pembroke|Cardigan|toy terrier|basenji|Chihuahua","5,967386|5,406400|5,146577|4,192683|3,690852","true"
"/private/var/containers/Bundle/Application/4D01D32A-B666-4384-B213-31BBF61E54F1/CVTestsSUI.app/imagenet-hard-50-subset-2500__n02087046__ILSVRC2012_val_00022182.JPEG","images/n02087046/imagenet-hard-50-subset-2500__n02087046__ILSVRC2012_val_00022182.JPEG","158","toy terrier","151","Chihuahua","3,460630","151|158|210|173|245","Chihuahua|toy terrier|German short-haired pointer|Ibizan hound|French bulldog","3,460630|3,206476|2,954105|2,910349|2,739417","true"
"/private/var/containers/Bundle/Application/4D01D32A-B666-4384-B213-31BBF61E54F1/CVTestsSUI.app/imagenet-hard-50-subset-2500__n02087046__ILSVRC2012_val_00022434.JPEG","images/n02087046/imagenet-hard-50-subset-2500__n02087046__ILSVRC2012_val_00022434.JPEG","158","toy terrier","237","miniature pinscher","5,573737","237|236|158|227|268","miniature pinscher|Doberman|toy terrier|kelpie|Mexican hairless","5,573737|5,322412|4,265787|3,067131|2,971874","true"
"/private/var/containers/Bundle/Application/4D01D32A-B666-4384-B213-31BBF61E54F1/CVTestsSUI.app/imagenet-hard-50-subset-2500__n02087046__ILSVRC2012_val_00025550.JPEG","images/n02087046/imagenet-hard-50-subset-2500__n02087046__ILSVRC2012_val_00025550.JPEG","158","toy terrier","151","Chihuahua","6,695519","151|158|245|171|253","Chihuahua|toy terrier|French bulldog|Italian greyhound|basenji","6,695519|5,932917|5,054493|4,490456|4,112652","true"
"/private/var/containers/Bundle/Application/4D01D32A-B666-4384-B213-31BBF61E54F1/CVTestsSUI.app/imagenet-hard-50-subset-2500__n02087046__ILSVRC2012_val_00033726.JPEG","images/n02087046/imagenet-hard-50-subset-2500__n02087046__ILSVRC2012_val_00033726.JPEG","158","toy terrier","195","Boston bull","7,025373","195|245|158|151|171","Boston bull|French bulldog|toy terrier|Chihuahua|Italian greyhound","7,025373|5,844027|4,289708|3,988973|3,936688","true"
"/private/var/containers/Bundle/Application/4D01D32A-B666-4384-B213-31BBF61E54F1/CVTestsSUI.app/imagenet-hard-50-subset-2500__n02087046__ILSVRC2012_val_00036751.JPEG","images/n02087046/imagenet-hard-50-subset-2500__n02087046__ILSVRC2012_val_00036751.JPEG","158","toy terrier","182","Border terrier","5,394665","182|192|185|188|193","Border terrier|cairn|Norfolk terrier|wire-haired fox terrier|Australian terrier","5,394665|4,923760|3,752600|3,428557|3,348105","false"
"/private/var/containers/Bundle/Application/4D01D32A-B666-4384-B213-31BBF61E54F1/CVTestsSUI.app/imagenet-hard-50-subset-2500__n02087046__ILSVRC2012_val_00037669.JPEG","images/n02087046/imagenet-hard-50-subset-2500__n02087046__ILSVRC2012_val_00037669.JPEG","158","toy terrier","227","kelpie","5,018046","227|151|158|237|234","kelpie|Chihuahua|toy terrier|miniature pinscher|Rottweiler","5,018046|4,751072|4,738955|4,147078|3,198741","true"
"/private/var/containers/Bundle/Application/4D01D32A-B666-4384-B213-31BBF61E54F1/CVTestsSUI.app/imagenet-hard-50-subset-2500__n02087046__ILSVRC2012_val_00038974.JPEG","images/n02087046/imagenet-hard-50-subset-2500__n02087046__ILSVRC2012_val_00038974.JPEG","158","toy terrier","151","Chihuahua","6,500731","151|173|253|273|263","Chihuahua|Ibizan hound|basenji|dingo|Pembroke","6,500731|5,985751|5,440956|4,088050|4,066730","false"
"/private/var/containers/Bundle/Application/4D01D32A-B666-4384-B213-31BBF61E54F1/CVTestsSUI.app/imagenet-hard-50-subset-2500__n02087046__ILSVRC2012_val_00039622.JPEG","images/n02087046/imagenet-hard-50-subset-2500__n02087046__ILSVRC2012_val_00039622.JPEG","158","toy terrier","237","miniature pinscher","6,008097","237|158|236|165|227","miniature pinscher|toy terrier|Doberman|black-and-tan coonhound|kelpie","6,008097|5,684585|5,211311|3,639613|3,630151","true"
"/private/var/containers/Bundle/Application/4D01D32A-B666-4384-B213-31BBF61E54F1/CVTestsSUI.app/imagenet-hard-50-subset-2500__n02087046__ILSVRC2012_val_00040431.JPEG","images/n02087046/imagenet-hard-50-subset-2500__n02087046__ILSVRC2012_val_00040431.JPEG","158","toy terrier","151","Chihuahua","5,435558","151|253|158|237|273","Chihuahua|basenji|toy terrier|miniature pinscher|dingo","5,435558|4,708551|4,675138|3,865794|3,818590","true"
"/private/var/containers/Bundle/Application/4D01D32A-B666-4384-B213-31BBF61E54F1/CVTestsSUI.app/imagenet-hard-50-subset-2500__n02087046__ILSVRC2012_val_00041444.JPEG","images/n02087046/imagenet-hard-50-subset-2500__n02087046__ILSVRC2012_val_00041444.JPEG","158","toy terrier","237","miniature pinscher","8,032189","237|236|158|234|227","miniature pinscher|Doberman|toy terrier|Rottweiler|kelpie","8,032189|5,989859|4,860617|4,844865|4,437767","true"
"/private/var/containers/Bundle/Application/4D01D32A-B666-4384-B213-31BBF61E54F1/CVTestsSUI.app/imagenet-hard-50-subset-2500__n02087046__ILSVRC2012_val_00042449.JPEG","images/n02087046/imagenet-hard-50-subset-2500__n02087046__ILSVRC2012_val_00042449.JPEG","158","toy terrier","237","miniature pinscher","7,926271","237|236|158|227|165","miniature pinscher|Doberman|toy terrier|kelpie|black-and-tan coonhound","7,926271|7,887263|5,208560|4,735271|4,255574","true"
"/private/var/containers/Bundle/Application/4D01D32A-B666-4384-B213-31BBF61E54F1/CVTestsSUI.app/imagenet-hard-50-subset-2500__n02087046__ILSVRC2012_val_00044441.JPEG","images/n02087046/imagenet-hard-50-subset-2500__n02087046__ILSVRC2012_val_00044441.JPEG","158","toy terrier","237","miniature pinscher","5,922527","237|158|236|227|268","miniature pinscher|toy terrier|Doberman|kelpie|Mexican hairless","5,922527|5,006827|4,701379|3,722011|3,622619","true"
"/private/var/containers/Bundle/Application/4D01D32A-B666-4384-B213-31BBF61E54F1/CVTestsSUI.app/imagenet-hard-50-subset-2500__n02087394__ILSVRC2012_val_00000948.JPEG","images/n02087394/imagenet-hard-50-subset-2500__n02087394__ILSVRC2012_val_00000948.JPEG","159","Rhodesian ridgeback","211","vizsla","6,363576","211|159|178|173|209","vizsla|Rhodesian ridgeback|Weimaraner|Ibizan hound|Chesapeake Bay retriever","6,363576|5,549509|4,491594|4,093376|3,903116","true"
"/private/var/containers/Bundle/Application/4D01D32A-B666-4384-B213-31BBF61E54F1/CVTestsSUI.app/imagenet-hard-50-subset-2500__n02087394__ILSVRC2012_val_00003837.JPEG","images/n02087394/imagenet-hard-50-subset-2500__n02087394__ILSVRC2012_val_00003837.JPEG","159","Rhodesian ridgeback","243","bull mastiff","5,404455","243|163|242|159|168","bull mastiff|bloodhound|boxer|Rhodesian ridgeback|redbone","5,404455|4,826947|4,585752|4,368193|3,987152","true"
"/private/var/containers/Bundle/Application/4D01D32A-B666-4384-B213-31BBF61E54F1/CVTestsSUI.app/imagenet-hard-50-subset-2500__n02087394__ILSVRC2012_val_00004074.JPEG","images/n02087394/imagenet-hard-50-subset-2500__n02087394__ILSVRC2012_val_00004074.JPEG","159","Rhodesian ridgeback","242","boxer","5,870111","242|159|243|180|246","boxer|Rhodesian ridgeback|bull mastiff|American Staffordshire terrier|Great Dane","5,870111|5,402235|5,158637|4,094972|3,756679","true"
"/private/var/containers/Bundle/Application/4D01D32A-B666-4384-B213-31BBF61E54F1/CVTestsSUI.app/imagenet-hard-50-subset-2500__n02087394__ILSVRC2012_val_00005215.JPEG","images/n02087394/imagenet-hard-50-subset-2500__n02087394__ILSVRC2012_val_00005215.JPEG","159","Rhodesian ridgeback","168","redbone","6,157664","168|159|242|211|253","redbone|Rhodesian ridgeback|boxer|vizsla|basenji","6,157664|6,079651|4,537099|4,207040|4,093542","true"
"/private/var/containers/Bundle/Application/4D01D32A-B666-4384-B213-31BBF61E54F1/CVTestsSUI.app/imagenet-hard-50-subset-2500__n02087394__ILSVRC2012_val_00008104.JPEG","images/n02087394/imagenet-hard-50-subset-2500__n02087394__ILSVRC2012_val_00008104.JPEG","159","Rhodesian ridgeback","173","Ibizan hound","3,308226","173|242|172|247|159","Ibizan hound|boxer|whippet|Saint Bernard|Rhodesian ridgeback","3,308226|3,281873|3,126032|2,866311|2,820187","true"
"/private/var/containers/Bundle/Application/4D01D32A-B666-4384-B213-31BBF61E54F1/CVTestsSUI.app/imagenet-hard-50-subset-2500__n02087394__ILSVRC2012_val_00009470.JPEG","images/n02087394/imagenet-hard-50-subset-2500__n02087394__ILSVRC2012_val_00009470.JPEG","159","Rhodesian ridgeback","211","vizsla","7,238799","211|159|168|243|209","vizsla|Rhodesian ridgeback|redbone|bull mastiff|Chesapeake Bay retriever","7,238799|6,953383|5,706241|5,363615|5,103477","true"
"/private/var/containers/Bundle/Application/4D01D32A-B666-4384-B213-31BBF61E54F1/CVTestsSUI.app/imagenet-hard-50-subset-2500__n02087394__ILSVRC2012_val_00010057.JPEG","images/n02087394/imagenet-hard-50-subset-2500__n02087394__ILSVRC2012_val_00010057.JPEG","159","Rhodesian ridgeback","211","vizsla","5,752241","211|168|159|209|242","vizsla|redbone|Rhodesian ridgeback|Chesapeake Bay retriever|boxer","5,752241|5,550872|5,386322|4,648708|3,641819","true"
"/private/var/containers/Bundle/Application/4D01D32A-B666-4384-B213-31BBF61E54F1/CVTestsSUI.app/imagenet-hard-50-subset-2500__n02087394__ILSVRC2012_val_00018629.JPEG","images/n02087394/imagenet-hard-50-subset-2500__n02087394__ILSVRC2012_val_00018629.JPEG","159","Rhodesian ridgeback","242","boxer","5,952465","242|159|211|168|180","boxer|Rhodesian ridgeback|vizsla|redbone|American Staffordshire terrier","5,952465|5,913280|5,887226|5,560462|5,063629","true"
"/private/var/containers/Bundle/Application/4D01D32A-B666-4384-B213-31BBF61E54F1/CVTestsSUI.app/imagenet-hard-50-subset-2500__n02087394__ILSVRC2012_val_00018933.JPEG","images/n02087394/imagenet-hard-50-subset-2500__n02087394__ILSVRC2012_val_00018933.JPEG","159","Rhodesian ridgeback","163","bloodhound","7,712841","163|159|168|243|242","bloodhound|Rhodesian ridgeback|redbone|bull mastiff|boxer","7,712841|7,225638|6,696553|6,679592|6,234085","true"
"/private/var/containers/Bundle/Application/4D01D32A-B666-4384-B213-31BBF61E54F1/CVTestsSUI.app/imagenet-hard-50-subset-2500__n02087394__ILSVRC2012_val_00027290.JPEG","images/n02087394/imagenet-hard-50-subset-2500__n02087394__ILSVRC2012_val_00027290.JPEG","159","Rhodesian ridgeback","168","redbone","4,818640","168|159|163|211|178","redbone|Rhodesian ridgeback|bloodhound|vizsla|Weimaraner","4,818640|4,603580|3,464732|3,211502|3,200719","true"
"/private/var/containers/Bundle/Application/4D01D32A-B666-4384-B213-31BBF61E54F1/CVTestsSUI.app/imagenet-hard-50-subset-2500__n02087394__ILSVRC2012_val_00035341.JPEG","images/n02087394/imagenet-hard-50-subset-2500__n02087394__ILSVRC2012_val_00035341.JPEG","159","Rhodesian ridgeback","211","vizsla","5,564914","211|159|168|163|209","vizsla|Rhodesian ridgeback|redbone|bloodhound|Chesapeake Bay retriever","5,564914|5,340588|5,215325|5,113110|4,700615","true"
"/private/var/containers/Bundle/Application/4D01D32A-B666-4384-B213-31BBF61E54F1/CVTestsSUI.app/imagenet-hard-50-subset-2500__n02087394__ILSVRC2012_val_00036907.JPEG","images/n02087394/imagenet-hard-50-subset-2500__n02087394__ILSVRC2012_val_00036907.JPEG","159","Rhodesian ridgeback","242","boxer","5,542943","242|243|159|180|179","boxer|bull mastiff|Rhodesian ridgeback|American Staffordshire terrier|Staffordshire bullterrier","5,542943|5,319895|5,079927|4,279218|3,821198","true"
"/private/var/containers/Bundle/Application/4D01D32A-B666-4384-B213-31BBF61E54F1/CVTestsSUI.app/imagenet-hard-50-subset-2500__n02087394__ILSVRC2012_val_00037577.JPEG","images/n02087394/imagenet-hard-50-subset-2500__n02087394__ILSVRC2012_val_00037577.JPEG","159","Rhodesian ridgeback","253","basenji","4,034420","253|180|242|173|172","basenji|American Staffordshire terrier|boxer|Ibizan hound|whippet","4,034420|3,690412|3,365154|3,045470|2,991016","false"
"/private/var/containers/Bundle/Application/4D01D32A-B666-4384-B213-31BBF61E54F1/CVTestsSUI.app/imagenet-hard-50-subset-2500__n02088094__ILSVRC2012_val_00006698.JPEG","images/n02088094/imagenet-hard-50-subset-2500__n02088094__ILSVRC2012_val_00006698.JPEG","160","Afghan hound","226","briard","6,614597","226|160|200|201|187","briard|Afghan hound|Tibetan terrier|silky terrier|Yorkshire terrier","6,614597|6,603726|4,602149|4,054645|3,890668","true"
"/private/var/containers/Bundle/Application/4D01D32A-B666-4384-B213-31BBF61E54F1/CVTestsSUI.app/imagenet-hard-50-subset-2500__n02088094__ILSVRC2012_val_00009294.JPEG","images/n02088094/imagenet-hard-50-subset-2500__n02088094__ILSVRC2012_val_00009294.JPEG","160","Afghan hound","177","Scottish deerhound","7,574050","177|170|169|160|176","Scottish deerhound|Irish wolfhound|borzoi|Afghan hound|Saluki","7,574050|6,436352|5,889861|5,738418|3,572407","true"
"/private/var/containers/Bundle/Application/4D01D32A-B666-4384-B213-31BBF61E54F1/CVTestsSUI.app/imagenet-hard-50-subset-2500__n02088094__ILSVRC2012_val_00021532.JPEG","images/n02088094/imagenet-hard-50-subset-2500__n02088094__ILSVRC2012_val_00021532.JPEG","160","Afghan hound","256","Newfoundland","6,213910","256|160|226|224|233","Newfoundland|Afghan hound|briard|groenendael|Bouvier des Flandres","6,213910|6,207967|4,531864|4,378854|3,812684","true"
"/private/var/containers/Bundle/Application/4D01D32A-B666-4384-B213-31BBF61E54F1/CVTestsSUI.app/imagenet-hard-50-subset-2500__n02088094__ILSVRC2012_val_00032668.JPEG","images/n02088094/imagenet-hard-50-subset-2500__n02088094__ILSVRC2012_val_00032668.JPEG","160","Afghan hound","226","briard","5,065131","226|193|160|185|186","briard|Australian terrier|Afghan hound|Norfolk terrier|Norwich terrier","5,065131|4,308292|3,546895|3,373258|3,363744","true"
"/private/var/containers/Bundle/Application/4D01D32A-B666-4384-B213-31BBF61E54F1/CVTestsSUI.app/imagenet-hard-50-subset-2500__n02088094__ILSVRC2012_val_00044215.JPEG","images/n02088094/imagenet-hard-50-subset-2500__n02088094__ILSVRC2012_val_00044215.JPEG","160","Afghan hound","224","groenendael","4,762939","224|256|244|230|232","groenendael|Newfoundland|Tibetan mastiff|Shetland sheepdog|Border collie","4,762939|4,408524|4,275810|4,221004|3,968971","false"
"/private/var/containers/Bundle/Application/4D01D32A-B666-4384-B213-31BBF61E54F1/CVTestsSUI.app/imagenet-hard-50-subset-2500__n02088238__ILSVRC2012_val_00000838.JPEG","images/n02088238/imagenet-hard-50-subset-2500__n02088238__ILSVRC2012_val_00000838.JPEG","161","basset","162","beagle","6,745130","162|166|161|785|171","beagle|Walker hound|basset|seat belt|Italian greyhound","6,745130|6,506067|5,149920|4,617765|4,470963","true"
"/private/var/containers/Bundle/Application/4D01D32A-B666-4384-B213-31BBF61E54F1/CVTestsSUI.app/imagenet-hard-50-subset-2500__n02088238__ILSVRC2012_val_00002111.JPEG","images/n02088238/imagenet-hard-50-subset-2500__n02088238__ILSVRC2012_val_00002111.JPEG","161","basset","615","knee pad","5,754604","615|208|179|223|171","knee pad|Labrador retriever|Staffordshire bullterrier|schipperke|Italian greyhound","5,754604|4,864552|4,448547|4,354388|4,286758","false"
"/private/var/containers/Bundle/Application/4D01D32A-B666-4384-B213-31BBF61E54F1/CVTestsSUI.app/imagenet-hard-50-subset-2500__n02088238__ILSVRC2012_val_00013260.JPEG","images/n02088238/imagenet-hard-50-subset-2500__n02088238__ILSVRC2012_val_00013260.JPEG","161","basset","218","Welsh springer spaniel","5,669719","218|215|161|213|162","Welsh springer spaniel|Brittany spaniel|basset|Irish setter|beagle","5,669719|4,676139|3,710123|3,344836|2,977502","true"
"/private/var/containers/Bundle/Application/4D01D32A-B666-4384-B213-31BBF61E54F1/CVTestsSUI.app/imagenet-hard-50-subset-2500__n02088238__ILSVRC2012_val_00014030.JPEG","images/n02088238/imagenet-hard-50-subset-2500__n02088238__ILSVRC2012_val_00014030.JPEG","161","basset","168","redbone","6,825955","168|159|211|237|180","redbone|Rhodesian ridgeback|vizsla|miniature pinscher|American Staffordshire terrier","6,825955|5,096447|4,409258|3,979077|2,840876","false"
"/private/var/containers/Bundle/Application/4D01D32A-B666-4384-B213-31BBF61E54F1/CVTestsSUI.app/imagenet-hard-50-subset-2500__n02088238__ILSVRC2012_val_00027114.JPEG","images/n02088238/imagenet-hard-50-subset-2500__n02088238__ILSVRC2012_val_00027114.JPEG","161","basset","162","beagle","7,674819","162|166|195|253|158","beagle|Walker hound|Boston bull|basenji|toy terrier","7,674819|7,280597|5,813385|5,800785|5,397463","false"
"/private/var/containers/Bundle/Application/4D01D32A-B666-4384-B213-31BBF61E54F1/CVTestsSUI.app/imagenet-hard-50-subset-2500__n02088238__ILSVRC2012_val_00030429.JPEG","images/n02088238/imagenet-hard-50-subset-2500__n02088238__ILSVRC2012_val_00030429.JPEG","161","basset","162","beagle","8,376171","162|161|166|163|167","beagle|basset|Walker hound|bloodhound|English foxhound","8,376171|8,032724|5,660063|5,009534|4,994731","true"
"/private/var/containers/Bundle/Application/4D01D32A-B666-4384-B213-31BBF61E54F1/CVTestsSUI.app/imagenet-hard-50-subset-2500__n02088238__ILSVRC2012_val_00033003.JPEG","images/n02088238/imagenet-hard-50-subset-2500__n02088238__ILSVRC2012_val_00033003.JPEG","161","basset","162","beagle","5,748029","162|161|168|166|167","beagle|basset|redbone|Walker hound|English foxhound","5,748029|5,547016|5,113537|4,421292|3,893433","true"
"/private/var/containers/Bundle/Application/4D01D32A-B666-4384-B213-31BBF61E54F1/CVTestsSUI.app/imagenet-hard-50-subset-2500__n02088238__ILSVRC2012_val_00035117.JPEG","images/n02088238/imagenet-hard-50-subset-2500__n02088238__ILSVRC2012_val_00035117.JPEG","161","basset","162","beagle","6,195246","162|257|166|250|248","beagle|Great Pyrenees|Walker hound|Siberian husky|Eskimo dog","6,195246|4,296290|4,245936|3,903367|3,576332","false"
"/private/var/containers/Bundle/Application/4D01D32A-B666-4384-B213-31BBF61E54F1/CVTestsSUI.app/imagenet-hard-50-subset-2500__n02088238__ILSVRC2012_val_00049931.JPEG","images/n02088238/imagenet-hard-50-subset-2500__n02088238__ILSVRC2012_val_00049931.JPEG","161","basset","207","golden retriever","6,767511","207|212|219|208|161","golden retriever|English setter|cocker spaniel|Labrador retriever|basset","6,767511|5,814246|4,694074|4,452343|4,423716","true"
"/private/var/containers/Bundle/Application/4D01D32A-B666-4384-B213-31BBF61E54F1/CVTestsSUI.app/imagenet-hard-50-subset-2500__n02088364__ILSVRC2012_val_00013381.JPEG","images/n02088364/imagenet-hard-50-subset-2500__n02088364__ILSVRC2012_val_00013381.JPEG","162","beagle","168","redbone","5,349078","168|162|166|161|159","redbone|beagle|Walker hound|basset|Rhodesian ridgeback","5,349078|5,238379|5,192319|4,985662|4,331470","true"
"/private/var/containers/Bundle/Application/4D01D32A-B666-4384-B213-31BBF61E54F1/CVTestsSUI.app/imagenet-hard-50-subset-2500__n02088364__ILSVRC2012_val_00019283.JPEG","images/n02088364/imagenet-hard-50-subset-2500__n02088364__ILSVRC2012_val_00019283.JPEG","162","beagle","161","basset","7,114661","161|162|166|218|164","basset|beagle|Walker hound|Welsh springer spaniel|bluetick","7,114661|6,151754|4,148522|3,839247|3,372178","true"
"/private/var/containers/Bundle/Application/4D01D32A-B666-4384-B213-31BBF61E54F1/CVTestsSUI.app/imagenet-hard-50-subset-2500__n02088364__ILSVRC2012_val_00025613.JPEG","images/n02088364/imagenet-hard-50-subset-2500__n02088364__ILSVRC2012_val_00025613.JPEG","162","beagle","161","basset","5,924029","161|162|166|167|218","basset|beagle|Walker hound|English foxhound|Welsh springer spaniel","5,924029|5,867441|5,294539|4,511086|4,290160","true"
"/private/var/containers/Bundle/Application/4D01D32A-B666-4384-B213-31BBF61E54F1/CVTestsSUI.app/imagenet-hard-50-subset-2500__n02088364__ILSVRC2012_val_00028001.JPEG","images/n02088364/imagenet-hard-50-subset-2500__n02088364__ILSVRC2012_val_00028001.JPEG","162","beagle","166","Walker hound","6,373428","166|162|164|161|167","Walker hound|beagle|bluetick|basset|English foxhound","6,373428|6,049723|5,633211|5,421687|5,220502","true"
"/private/var/containers/Bundle/Application/4D01D32A-B666-4384-B213-31BBF61E54F1/CVTestsSUI.app/imagenet-hard-50-subset-2500__n02088364__ILSVRC2012_val_00034041.JPEG","images/n02088364/imagenet-hard-50-subset-2500__n02088364__ILSVRC2012_val_00034041.JPEG","162","beagle","572","goblet","3,529563","572|643|461|604|452","goblet|mask|breastplate|hourglass|bonnet","3,529563|2,762554|2,721371|2,703659|2,401883","false"
"/private/var/containers/Bundle/Application/4D01D32A-B666-4384-B213-31BBF61E54F1/CVTestsSUI.app/imagenet-hard-50-subset-2500__n02088364__ILSVRC2012_val_00035320.JPEG","images/n02088364/imagenet-hard-50-subset-2500__n02088364__ILSVRC2012_val_00035320.JPEG","162","beagle","208","Labrador retriever","5,651585","208|162|207|263|176","Labrador retriever|beagle|golden retriever|Pembroke|Saluki","5,651585|5,475577|4,315284|4,083230|3,817479","true"
"/private/var/containers/Bundle/Application/4D01D32A-B666-4384-B213-31BBF61E54F1/CVTestsSUI.app/imagenet-hard-50-subset-2500__n02088364__ILSVRC2012_val_00044978.JPEG","images/n02088364/imagenet-hard-50-subset-2500__n02088364__ILSVRC2012_val_00044978.JPEG","162","beagle","161","basset","5,442017","161|162|163|166|180","basset|beagle|bloodhound|Walker hound|American Staffordshire terrier","5,442017|5,378345|3,979528|3,350816|2,914811","true"
"/private/var/containers/Bundle/Application/4D01D32A-B666-4384-B213-31BBF61E54F1/CVTestsSUI.app/imagenet-hard-50-subset-2500__n02088364__ILSVRC2012_val_00049354.JPEG","images/n02088364/imagenet-hard-50-subset-2500__n02088364__ILSVRC2012_val_00049354.JPEG","162","beagle","161","basset","5,018501","161|162|215|166|173","basset|beagle|Brittany spaniel|Walker hound|Ibizan hound","5,018501|4,912721|4,844012|4,679735|3,852829","true"
"/private/var/containers/Bundle/Application/4D01D32A-B666-4384-B213-31BBF61E54F1/CVTestsSUI.app/imagenet-hard-50-subset-2500__n02088466__ILSVRC2012_val_00000909.JPEG","images/n02088466/imagenet-hard-50-subset-2500__n02088466__ILSVRC2012_val_00000909.JPEG","163","bloodhound","165","black-and-tan coonhound","4,654949","165|163|234|162|237","black-and-tan coonhound|bloodhound|Rottweiler|beagle|miniature pinscher","4,654949|4,442707|3,917244|3,698600|3,124703","true"
"/private/var/containers/Bundle/Application/4D01D32A-B666-4384-B213-31BBF61E54F1/CVTestsSUI.app/imagenet-hard-50-subset-2500__n02088466__ILSVRC2012_val_00002503.JPEG","images/n02088466/imagenet-hard-50-subset-2500__n02088466__ILSVRC2012_val_00002503.JPEG","163","bloodhound","168","redbone","4,759216","168|237|242|236|211","redbone|miniature pinscher|boxer|Doberman|vizsla","4,759216|4,702612|4,697583|4,542705|4,539346","false"
"/private/var/containers/Bundle/Application/4D01D32A-B666-4384-B213-31BBF61E54F1/CVTestsSUI.app/imagenet-hard-50-subset-2500__n02088466__ILSVRC2012_val_00006895.JPEG","images/n02088466/imagenet-hard-50-subset-2500__n02088466__ILSVRC2012_val_00006895.JPEG","163","bloodhound","159","Rhodesian ridgeback","4,914168","159|168|163|211|225","Rhodesian ridgeback|redbone|bloodhound|vizsla|malinois","4,914168|4,805068|4,732119|4,696240|4,158534","true"
"/private/var/containers/Bundle/Application/4D01D32A-B666-4384-B213-31BBF61E54F1/CVTestsSUI.app/imagenet-hard-50-subset-2500__n02088466__ILSVRC2012_val_00008375.JPEG","images/n02088466/imagenet-hard-50-subset-2500__n02088466__ILSVRC2012_val_00008375.JPEG","163","bloodhound","241","EntleBucher","4,930738","241|240|162|238|164","EntleBucher|Appenzeller|beagle|Greater Swiss Mountain dog|bluetick","4,930738|4,635124|4,249267|3,937074|3,534643","false"
"/private/var/containers/Bundle/Application/4D01D32A-B666-4384-B213-31BBF61E54F1/CVTestsSUI.app/imagenet-hard-50-subset-2500__n02088466__ILSVRC2012_val_00010842.JPEG","images/n02088466/imagenet-hard-50-subset-2500__n02088466__ILSVRC2012_val_00010842.JPEG","163","bloodhound","234","Rottweiler","6,230606","234|165|236|238|208","Rottweiler|black-and-tan coonhound|Doberman|Greater Swiss Mountain dog|Labrador retriever","6,230606|4,626160|4,060897|3,991106|3,926163","false"
"/private/var/containers/Bundle/Application/4D01D32A-B666-4384-B213-31BBF61E54F1/CVTestsSUI.app/imagenet-hard-50-subset-2500__n02088466__ILSVRC2012_val_00013080.JPEG","images/n02088466/imagenet-hard-50-subset-2500__n02088466__ILSVRC2012_val_00013080.JPEG","163","bloodhound","242","boxer","5,037537","242|236|168|159|163","boxer|Doberman|redbone|Rhodesian ridgeback|bloodhound","5,037537|4,544092|4,527427|4,288042|4,063877","true"
"/private/var/containers/Bundle/Application/4D01D32A-B666-4384-B213-31BBF61E54F1/CVTestsSUI.app/imagenet-hard-50-subset-2500__n02088466__ILSVRC2012_val_00013651.JPEG","images/n02088466/imagenet-hard-50-subset-2500__n02088466__ILSVRC2012_val_00013651.JPEG","163","bloodhound","161","basset","7,118083","161|163|166|176|167","basset|bloodhound|Walker hound|Saluki|English foxhound","7,118083|5,743628|4,445581|4,054300|3,812941","true"
"/private/var/containers/Bundle/Application/4D01D32A-B666-4384-B213-31BBF61E54F1/CVTestsSUI.app/imagenet-hard-50-subset-2500__n02088466__ILSVRC2012_val_00014580.JPEG","images/n02088466/imagenet-hard-50-subset-2500__n02088466__ILSVRC2012_val_00014580.JPEG","163","bloodhound","242","boxer","4,940717","242|179|180|243|162","boxer|Staffordshire bullterrier|American Staffordshire terrier|bull mastiff|beagle","4,940717|3,821772|3,704379|3,202086|3,152629","false"
"/private/var/containers/Bundle/Application/4D01D32A-B666-4384-B213-31BBF61E54F1/CVTestsSUI.app/imagenet-hard-50-subset-2500__n02088466__ILSVRC2012_val_00014631.JPEG","images/n02088466/imagenet-hard-50-subset-2500__n02088466__ILSVRC2012_val_00014631.JPEG","163","bloodhound","225","malinois","5,808983","225|163|159|243|242","malinois|bloodhound|Rhodesian ridgeback|bull mastiff|boxer","5,808983|5,755256|5,519572|5,498637|5,340886","true"
"/private/var/containers/Bundle/Application/4D01D32A-B666-4384-B213-31BBF61E54F1/CVTestsSUI.app/imagenet-hard-50-subset-2500__n02088466__ILSVRC2012_val_00015244.JPEG","images/n02088466/imagenet-hard-50-subset-2500__n02088466__ILSVRC2012_val_00015244.JPEG","163","bloodhound","161","basset","6,079118","161|163|166|168|242","basset|bloodhound|Walker hound|redbone|boxer","6,079118|5,161376|4,451465|4,226786|3,604479","true"
"/private/var/containers/Bundle/Application/4D01D32A-B666-4384-B213-31BBF61E54F1/CVTestsSUI.app/imagenet-hard-50-subset-2500__n02088466__ILSVRC2012_val_00017226.JPEG","images/n02088466/imagenet-hard-50-subset-2500__n02088466__ILSVRC2012_val_00017226.JPEG","163","bloodhound","159","Rhodesian ridgeback","5,730408","159|209|168|208|184","Rhodesian ridgeback|Chesapeake Bay retriever|redbone|Labrador retriever|Irish terrier","5,730408|5,192844|4,925588|4,681255|4,319337","false"
"/private/var/containers/Bundle/Application/4D01D32A-B666-4384-B213-31BBF61E54F1/CVTestsSUI.app/imagenet-hard-50-subset-2500__n02088466__ILSVRC2012_val_00017511.JPEG","images/n02088466/imagenet-hard-50-subset-2500__n02088466__ILSVRC2012_val_00017511.JPEG","163","bloodhound","161","basset","5,966504","161|211|166|210|173","basset|vizsla|Walker hound|German short-haired pointer|Ibizan hound","5,966504|4,219587|3,997160|3,745457|3,673681","false"
"/private/var/containers/Bundle/Application/4D01D32A-B666-4384-B213-31BBF61E54F1/CVTestsSUI.app/imagenet-hard-50-subset-2500__n02088466__ILSVRC2012_val_00018835.JPEG","images/n02088466/imagenet-hard-50-subset-2500__n02088466__ILSVRC2012_val_00018835.JPEG","163","bloodhound","167","English foxhound","6,391150","167|173|166|176|162","English foxhound|Ibizan hound|Walker hound|Saluki|beagle","6,391150|5,591525|5,561419|5,252272|4,542291","false"
"/private/var/containers/Bundle/Application/4D01D32A-B666-4384-B213-31BBF61E54F1/CVTestsSUI.app/imagenet-hard-50-subset-2500__n02088466__ILSVRC2012_val_00019241.JPEG","images/n02088466/imagenet-hard-50-subset-2500__n02088466__ILSVRC2012_val_00019241.JPEG","163","bloodhound","161","basset","8,204464","161|162|164|166|163","basset|beagle|bluetick|Walker hound|bloodhound","8,204464|6,573188|6,119672|5,684794|4,254253","true"
"/private/var/containers/Bundle/Application/4D01D32A-B666-4384-B213-31BBF61E54F1/CVTestsSUI.app/imagenet-hard-50-subset-2500__n02088466__ILSVRC2012_val_00020047.JPEG","images/n02088466/imagenet-hard-50-subset-2500__n02088466__ILSVRC2012_val_00020047.JPEG","163","bloodhound","159","Rhodesian ridgeback","5,539276","159|168|180|179|243","Rhodesian ridgeback|redbone|American Staffordshire terrier|Staffordshire bullterrier|bull mastiff","5,539276|5,178176|4,588405|4,122634|3,979194","false"
"/private/var/containers/Bundle/Application/4D01D32A-B666-4384-B213-31BBF61E54F1/CVTestsSUI.app/imagenet-hard-50-subset-2500__n02088466__ILSVRC2012_val_00024046.JPEG","images/n02088466/imagenet-hard-50-subset-2500__n02088466__ILSVRC2012_val_00024046.JPEG","163","bloodhound","161","basset","9,658249","161|163|166|162|164","basset|bloodhound|Walker hound|beagle|bluetick","9,658249|5,530130|5,511472|5,273737|4,212239","true"
"/private/var/containers/Bundle/Application/4D01D32A-B666-4384-B213-31BBF61E54F1/CVTestsSUI.app/imagenet-hard-50-subset-2500__n02088466__ILSVRC2012_val_00024090.JPEG","images/n02088466/imagenet-hard-50-subset-2500__n02088466__ILSVRC2012_val_00024090.JPEG","163","bloodhound","162","beagle","5,494625","162|161|264|171|164","beagle|basset|Cardigan|Italian greyhound|bluetick","5,494625|4,848231|4,235614|3,817163|3,795237","false"
"/private/var/containers/Bundle/Application/4D01D32A-B666-4384-B213-31BBF61E54F1/CVTestsSUI.app/imagenet-hard-50-subset-2500__n02088466__ILSVRC2012_val_00024505.JPEG","images/n02088466/imagenet-hard-50-subset-2500__n02088466__ILSVRC2012_val_00024505.JPEG","163","bloodhound","168","redbone","5,812231","168|159|211|163|178","redbone|Rhodesian ridgeback|vizsla|bloodhound|Weimaraner","5,812231|5,320180|4,161218|3,788734|3,424504","true"
"/private/var/containers/Bundle/Application/4D01D32A-B666-4384-B213-31BBF61E54F1/CVTestsSUI.app/imagenet-hard-50-subset-2500__n02088466__ILSVRC2012_val_00028118.JPEG","images/n02088466/imagenet-hard-50-subset-2500__n02088466__ILSVRC2012_val_00028118.JPEG","163","bloodhound","281","tabby","4,778822","281|282|285|283|700","tabby|tiger cat|Egyptian cat|Persian cat|paper towel","4,778822|4,307851|3,922356|3,117362|2,908081","false"
"/private/var/containers/Bundle/Application/4D01D32A-B666-4384-B213-31BBF61E54F1/CVTestsSUI.app/imagenet-hard-50-subset-2500__n02088466__ILSVRC2012_val_00029326.JPEG","images/n02088466/imagenet-hard-50-subset-2500__n02088466__ILSVRC2012_val_00029326.JPEG","163","bloodhound","159","Rhodesian ridgeback","4,539262","159|211|168|227|213","Rhodesian ridgeback|vizsla|redbone|kelpie|Irish setter","4,539262|4,389549|4,239694|3,049908|2,740968","false"
"/private/var/containers/Bundle/Application/4D01D32A-B666-4384-B213-31BBF61E54F1/CVTestsSUI.app/imagenet-hard-50-subset-2500__n02088466__ILSVRC2012_val_00031603.JPEG","images/n02088466/imagenet-hard-50-subset-2500__n02088466__ILSVRC2012_val_00031603.JPEG","163","bloodhound","245","French bulldog","4,874653","245|208|254|243|180","French bulldog|Labrador retriever|pug|bull mastiff|American Staffordshire terrier","4,874653|4,758296|4,416241|4,317599|4,188453","false"
"/private/var/containers/Bundle/Application/4D01D32A-B666-4384-B213-31BBF61E54F1/CVTestsSUI.app/imagenet-hard-50-subset-2500__n02088466__ILSVRC2012_val_00032365.JPEG","images/n02088466/imagenet-hard-50-subset-2500__n02088466__ILSVRC2012_val_00032365.JPEG","163","bloodhound","167","English foxhound","5,912406","167|166|162|161|238","English foxhound|Walker hound|beagle|basset|Greater Swiss Mountain dog","5,912406|5,817804|4,385070|4,150876|3,738254","false"
"/private/var/containers/Bundle/Application/4D01D32A-B666-4384-B213-31BBF61E54F1/CVTestsSUI.app/imagenet-hard-50-subset-2500__n02088466__ILSVRC2012_val_00036523.JPEG","images/n02088466/imagenet-hard-50-subset-2500__n02088466__ILSVRC2012_val_00036523.JPEG","163","bloodhound","161","basset","6,407146","161|163|162|166|167","basset|bloodhound|beagle|Walker hound|English foxhound","6,407146|5,980978|4,036739|3,722392|2,720696","true"
"/private/var/containers/Bundle/Application/4D01D32A-B666-4384-B213-31BBF61E54F1/CVTestsSUI.app/imagenet-hard-50-subset-2500__n02088466__ILSVRC2012_val_00038054.JPEG","images/n02088466/imagenet-hard-50-subset-2500__n02088466__ILSVRC2012_val_00038054.JPEG","163","bloodhound","273","dingo","4,037725","273|260|253|180|225","dingo|chow|basenji|American Staffordshire terrier|malinois","4,037725|3,254645|3,226015|3,222312|2,843957","false"
"/private/var/containers/Bundle/Application/4D01D32A-B666-4384-B213-31BBF61E54F1/CVTestsSUI.app/imagenet-hard-50-subset-2500__n02088466__ILSVRC2012_val_00039900.JPEG","images/n02088466/imagenet-hard-50-subset-2500__n02088466__ILSVRC2012_val_00039900.JPEG","163","bloodhound","385","Indian elephant","3,676910","385|208|876|435|386","Indian elephant|Labrador retriever|tub|bathtub|African elephant","3,676910|3,587500|3,404954|3,381264|3,365104","false"
"/private/var/containers/Bundle/Application/4D01D32A-B666-4384-B213-31BBF61E54F1/CVTestsSUI.app/imagenet-hard-50-subset-2500__n02088466__ILSVRC2012_val_00042692.JPEG","images/n02088466/imagenet-hard-50-subset-2500__n02088466__ILSVRC2012_val_00042692.JPEG","163","bloodhound","209","Chesapeake Bay retriever","4,868567","209|208|178|243|385","Chesapeake Bay retriever|Labrador retriever|Weimaraner|bull mastiff|Indian elephant","4,868567|3,891437|3,670197|3,600811|3,494370","false"
"/private/var/containers/Bundle/Application/4D01D32A-B666-4384-B213-31BBF61E54F1/CVTestsSUI.app/imagenet-hard-50-subset-2500__n02088466__ILSVRC2012_val_00044554.JPEG","images/n02088466/imagenet-hard-50-subset-2500__n02088466__ILSVRC2012_val_00044554.JPEG","163","bloodhound","211","vizsla","5,915887","211|163|168|159|243","vizsla|bloodhound|redbone|Rhodesian ridgeback|bull mastiff","5,915887|5,676704|5,061374|4,433802|4,425916","true"
"/private/var/containers/Bundle/Application/4D01D32A-B666-4384-B213-31BBF61E54F1/CVTestsSUI.app/imagenet-hard-50-subset-2500__n02088466__ILSVRC2012_val_00044716.JPEG","images/n02088466/imagenet-hard-50-subset-2500__n02088466__ILSVRC2012_val_00044716.JPEG","163","bloodhound","208","Labrador retriever","5,027315","208|205|164|210|219","Labrador retriever|flat-coated retriever|bluetick|German short-haired pointer|cocker spaniel","5,027315|4,735464|4,277629|4,029163|3,788429","false"
"/private/var/containers/Bundle/Application/4D01D32A-B666-4384-B213-31BBF61E54F1/CVTestsSUI.app/imagenet-hard-50-subset-2500__n02088466__ILSVRC2012_val_00049762.JPEG","images/n02088466/imagenet-hard-50-subset-2500__n02088466__ILSVRC2012_val_00049762.JPEG","163","bloodhound","161","basset","4,899732","161|168|162|163|211","basset|redbone|beagle|bloodhound|vizsla","4,899732|4,449968|4,328425|4,184279|3,820216","true"
"/private/var/containers/Bundle/Application/4D01D32A-B666-4384-B213-31BBF61E54F1/CVTestsSUI.app/imagenet-hard-50-subset-2500__n02088632__ILSVRC2012_val_00017281.JPEG","images/n02088632/imagenet-hard-50-subset-2500__n02088632__ILSVRC2012_val_00017281.JPEG","164","bluetick","166","Walker hound","6,831882","166|167|164|162|163","Walker hound|English foxhound|bluetick|beagle|bloodhound","6,831882|6,245172|6,213017|5,659171|4,685130","true"
"/private/var/containers/Bundle/Application/4D01D32A-B666-4384-B213-31BBF61E54F1/CVTestsSUI.app/imagenet-hard-50-subset-2500__n02088632__ILSVRC2012_val_00031347.JPEG","images/n02088632/imagenet-hard-50-subset-2500__n02088632__ILSVRC2012_val_00031347.JPEG","164","bluetick","168","redbone","4,789228","168|164|166|159|162","redbone|bluetick|Walker hound|Rhodesian ridgeback|beagle","4,789228|4,691767|3,984948|3,965567|3,710461","true"
"/private/var/containers/Bundle/Application/4D01D32A-B666-4384-B213-31BBF61E54F1/CVTestsSUI.app/imagenet-hard-50-subset-2500__n02088632__ILSVRC2012_val_00032000.JPEG","images/n02088632/imagenet-hard-50-subset-2500__n02088632__ILSVRC2012_val_00032000.JPEG","164","bluetick","242","boxer","4,307615","242|179|180|171|246","boxer|Staffordshire bullterrier|American Staffordshire terrier|Italian greyhound|Great Dane","4,307615|4,102640|4,073786|3,506387|3,092104","false"
"/private/var/containers/Bundle/Application/4D01D32A-B666-4384-B213-31BBF61E54F1/CVTestsSUI.app/imagenet-hard-50-subset-2500__n02088632__ILSVRC2012_val_00045887.JPEG","images/n02088632/imagenet-hard-50-subset-2500__n02088632__ILSVRC2012_val_00045887.JPEG","164","bluetick","241","EntleBucher","5,207559","241|164|238|234|240","EntleBucher|bluetick|Greater Swiss Mountain dog|Rottweiler|Appenzeller","5,207559|4,793216|4,421497|3,987951|3,626278","true"
"/private/var/containers/Bundle/Application/4D01D32A-B666-4384-B213-31BBF61E54F1/CVTestsSUI.app/imagenet-hard-50-subset-2500__n02088632__ILSVRC2012_val_00046158.JPEG","images/n02088632/imagenet-hard-50-subset-2500__n02088632__ILSVRC2012_val_00046158.JPEG","164","bluetick","162","beagle","5,978035","162|164|166|161|241","beagle|bluetick|Walker hound|basset|EntleBucher","5,978035|5,062970|4,936465|4,904697|4,014085","true"
"/private/var/containers/Bundle/Application/4D01D32A-B666-4384-B213-31BBF61E54F1/CVTestsSUI.app/imagenet-hard-50-subset-2500__n02088632__ILSVRC2012_val_00046273.JPEG","images/n02088632/imagenet-hard-50-subset-2500__n02088632__ILSVRC2012_val_00046273.JPEG","164","bluetick","151","Chihuahua","4,565208","151|158|171|217|195","Chihuahua|toy terrier|Italian greyhound|English springer|Boston bull","4,565208|3,800478|3,716803|3,532178|3,360083","false"
"/private/var/containers/Bundle/Application/4D01D32A-B666-4384-B213-31BBF61E54F1/CVTestsSUI.app/imagenet-hard-50-subset-2500__n02088632__ILSVRC2012_val_00049516.JPEG","images/n02088632/imagenet-hard-50-subset-2500__n02088632__ILSVRC2012_val_00049516.JPEG","164","bluetick","176","Saluki","6,208193","176|248|250|166|169","Saluki|Eskimo dog|Siberian husky|Walker hound|borzoi","6,208193|4,884361|4,790976|3,943825|3,864581","false"
"/private/var/containers/Bundle/Application/4D01D32A-B666-4384-B213-31BBF61E54F1/CVTestsSUI.app/imagenet-hard-50-subset-2500__n02088632__ILSVRC2012_val_00049779.JPEG","images/n02088632/imagenet-hard-50-subset-2500__n02088632__ILSVRC2012_val_00049779.JPEG","164","bluetick","151","Chihuahua","3,971097","151|164|195|434|240","Chihuahua|bluetick|Boston bull|bath towel|Appenzeller","3,971097|3,797795|3,719191|3,639610|3,487074","true"
"/private/var/containers/Bundle/Application/4D01D32A-B666-4384-B213-31BBF61E54F1/CVTestsSUI.app/imagenet-hard-50-subset-2500__n02089078__ILSVRC2012_val_00000327.JPEG","images/n02089078/imagenet-hard-50-subset-2500__n02089078__ILSVRC2012_val_00000327.JPEG","165","black-and-tan coonhound","234","Rottweiler","5,017676","234|236|237|240|165","Rottweiler|Doberman|miniature pinscher|Appenzeller|black-and-tan coonhound","5,017676|4,612820|4,125525|3,782741|3,674410","true"
"/private/var/containers/Bundle/Application/4D01D32A-B666-4384-B213-31BBF61E54F1/CVTestsSUI.app/imagenet-hard-50-subset-2500__n02089078__ILSVRC2012_val_00002398.JPEG","images/n02089078/imagenet-hard-50-subset-2500__n02089078__ILSVRC2012_val_00002398.JPEG","165","black-and-tan coonhound","237","miniature pinscher","5,049100","237|236|234|165|214","miniature pinscher|Doberman|Rottweiler|black-and-tan coonhound|Gordon setter","5,049100|4,927117|4,628612|3,892649|2,819955","true"
"/private/var/containers/Bundle/Application/4D01D32A-B666-4384-B213-31BBF61E54F1/CVTestsSUI.app/imagenet-hard-50-subset-2500__n02089078__ILSVRC2012_val_00006401.JPEG","images/n02089078/imagenet-hard-50-subset-2500__n02089078__ILSVRC2012_val_00006401.JPEG","165","black-and-tan coonhound","162","beagle","5,175575","162|167|166|165|164","beagle|English foxhound|Walker hound|black-and-tan coonhound|bluetick","5,175575|4,394217|4,312196|4,257543|4,033755","true"
"/private/var/containers/Bundle/Application/4D01D32A-B666-4384-B213-31BBF61E54F1/CVTestsSUI.app/imagenet-hard-50-subset-2500__n02089078__ILSVRC2012_val_00006415.JPEG","images/n02089078/imagenet-hard-50-subset-2500__n02089078__ILSVRC2012_val_00006415.JPEG","165","black-and-tan coonhound","234","Rottweiler","5,237129","234|241|165|164|238","Rottweiler|EntleBucher|black-and-tan coonhound|bluetick|Greater Swiss Mountain dog","5,237129|5,057447|4,969943|4,814536|4,775471","true"
"/private/var/containers/Bundle/Application/4D01D32A-B666-4384-B213-31BBF61E54F1/CVTestsSUI.app/imagenet-hard-50-subset-2500__n02089078__ILSVRC2012_val_00008152.JPEG","images/n02089078/imagenet-hard-50-subset-2500__n02089078__ILSVRC2012_val_00008152.JPEG","165","black-and-tan coonhound","236","Doberman","6,072134","236|165|237|168|234","Doberman|black-and-tan coonhound|miniature pinscher|redbone|Rottweiler","6,072134|5,289670|5,269989|4,076126|3,984177","true"
"/private/var/containers/Bundle/Application/4D01D32A-B666-4384-B213-31BBF61E54F1/CVTestsSUI.app/imagenet-hard-50-subset-2500__n02089078__ILSVRC2012_val_00009405.JPEG","images/n02089078/imagenet-hard-50-subset-2500__n02089078__ILSVRC2012_val_00009405.JPEG","165","black-and-tan coonhound","236","Doberman","4,850682","236|234|165|237|240","Doberman|Rottweiler|black-and-tan coonhound|miniature pinscher|Appenzeller","4,850682|4,750730|4,545212|3,189340|2,334571","true"
"/private/var/containers/Bundle/Application/4D01D32A-B666-4384-B213-31BBF61E54F1/CVTestsSUI.app/imagenet-hard-50-subset-2500__n02089078__ILSVRC2012_val_00012055.JPEG","images/n02089078/imagenet-hard-50-subset-2500__n02089078__ILSVRC2012_val_00012055.JPEG","165","black-and-tan coonhound","236","Doberman","6,070690","236|237|234|165|159","Doberman|miniature pinscher|Rottweiler|black-and-tan coonhound|Rhodesian ridgeback","6,070690|4,637738|4,299048|4,036953|4,024450","true"
"/private/var/containers/Bundle/Application/4D01D32A-B666-4384-B213-31BBF61E54F1/CVTestsSUI.app/imagenet-hard-50-subset-2500__n02089078__ILSVRC2012_val_00012293.JPEG","images/n02089078/imagenet-hard-50-subset-2500__n02089078__ILSVRC2012_val_00012293.JPEG","165","black-and-tan coonhound","179","Staffordshire bullterrier","5,770820","179|246|197|180|236","Staffordshire bullterrier|Great Dane|giant schnauzer|American Staffordshire terrier|Doberman","5,770820|5,607502|5,076424|5,038190|4,992183","false"
"/private/var/containers/Bundle/Application/4D01D32A-B666-4384-B213-31BBF61E54F1/CVTestsSUI.app/imagenet-hard-50-subset-2500__n02089078__ILSVRC2012_val_00019462.JPEG","images/n02089078/imagenet-hard-50-subset-2500__n02089078__ILSVRC2012_val_00019462.JPEG","165","black-and-tan coonhound","236","Doberman","5,485187","236|165|237|234|164","Doberman|black-and-tan coonhound|miniature pinscher|Rottweiler|bluetick","5,485187|4,973490|4,451244|4,225779|3,679279","true"
"/private/var/containers/Bundle/Application/4D01D32A-B666-4384-B213-31BBF61E54F1/CVTestsSUI.app/imagenet-hard-50-subset-2500__n02089078__ILSVRC2012_val_00021831.JPEG","images/n02089078/imagenet-hard-50-subset-2500__n02089078__ILSVRC2012_val_00021831.JPEG","165","black-and-tan coonhound","234","Rottweiler","6,817438","234|236|165|237|214","Rottweiler|Doberman|black-and-tan coonhound|miniature pinscher|Gordon setter","6,817438|6,486202|5,480564|4,930883|3,350502","true"
"/private/var/containers/Bundle/Application/4D01D32A-B666-4384-B213-31BBF61E54F1/CVTestsSUI.app/imagenet-hard-50-subset-2500__n02089078__ILSVRC2012_val_00023966.JPEG","images/n02089078/imagenet-hard-50-subset-2500__n02089078__ILSVRC2012_val_00023966.JPEG","165","black-and-tan coonhound","236","Doberman","6,243639","236|234|238|165|237","Doberman|Rottweiler|Greater Swiss Mountain dog|black-and-tan coonhound|miniature pinscher","6,243639|5,807425|4,804714|4,705102|4,531193","true"
"/private/var/containers/Bundle/Application/4D01D32A-B666-4384-B213-31BBF61E54F1/CVTestsSUI.app/imagenet-hard-50-subset-2500__n02089078__ILSVRC2012_val_00025165.JPEG","images/n02089078/imagenet-hard-50-subset-2500__n02089078__ILSVRC2012_val_00025165.JPEG","165","black-and-tan coonhound","241","EntleBucher","5,417068","241|238|234|227|240","EntleBucher|Greater Swiss Mountain dog|Rottweiler|kelpie|Appenzeller","5,417068|5,151302|5,082204|4,968805|4,664845","false"
"/private/var/containers/Bundle/Application/4D01D32A-B666-4384-B213-31BBF61E54F1/CVTestsSUI.app/imagenet-hard-50-subset-2500__n02089078__ILSVRC2012_val_00025466.JPEG","images/n02089078/imagenet-hard-50-subset-2500__n02089078__ILSVRC2012_val_00025466.JPEG","165","black-and-tan coonhound","164","bluetick","5,406933","164|165|234|241|244","bluetick|black-and-tan coonhound|Rottweiler|EntleBucher|Tibetan mastiff","5,406933|4,979313|4,826393|4,182646|4,131611","true"
"/private/var/containers/Bundle/Application/4D01D32A-B666-4384-B213-31BBF61E54F1/CVTestsSUI.app/imagenet-hard-50-subset-2500__n02089078__ILSVRC2012_val_00029836.JPEG","images/n02089078/imagenet-hard-50-subset-2500__n02089078__ILSVRC2012_val_00029836.JPEG","165","black-and-tan coonhound","236","Doberman","5,365556","236|237|227|235|225","Doberman|miniature pinscher|kelpie|German shepherd|malinois","5,365556|5,223697|4,591671|4,419320|4,388251","false"
"/private/var/containers/Bundle/Application/4D01D32A-B666-4384-B213-31BBF61E54F1/CVTestsSUI.app/imagenet-hard-50-subset-2500__n02089078__ILSVRC2012_val_00029973.JPEG","images/n02089078/imagenet-hard-50-subset-2500__n02089078__ILSVRC2012_val_00029973.JPEG","165","black-and-tan coonhound","234","Rottweiler","5,084837","234|165|236|237|214","Rottweiler|black-and-tan coonhound|Doberman|miniature pinscher|Gordon setter","5,084837|4,972901|4,944237|3,612282|2,683254","true"
"/private/var/containers/Bundle/Application/4D01D32A-B666-4384-B213-31BBF61E54F1/CVTestsSUI.app/imagenet-hard-50-subset-2500__n02089078__ILSVRC2012_val_00030002.JPEG","images/n02089078/imagenet-hard-50-subset-2500__n02089078__ILSVRC2012_val_00030002.JPEG","165","black-and-tan coonhound","234","Rottweiler","5,850216","234|214|236|164|165","Rottweiler|Gordon setter|Doberman|bluetick|black-and-tan coonhound","5,850216|4,303360|3,712388|3,392868|3,231530","true"
"/private/var/containers/Bundle/Application/4D01D32A-B666-4384-B213-31BBF61E54F1/CVTestsSUI.app/imagenet-hard-50-subset-2500__n02089078__ILSVRC2012_val_00030928.JPEG","images/n02089078/imagenet-hard-50-subset-2500__n02089078__ILSVRC2012_val_00030928.JPEG","165","black-and-tan coonhound","240","Appenzeller","3,989982","240|180|241|238|253","Appenzeller|American Staffordshire terrier|EntleBucher|Greater Swiss Mountain dog|basenji","3,989982|3,869122|3,817513|3,689990|3,428642","false"
"/private/var/containers/Bundle/Application/4D01D32A-B666-4384-B213-31BBF61E54F1/CVTestsSUI.app/imagenet-hard-50-subset-2500__n02089078__ILSVRC2012_val_00031040.JPEG","images/n02089078/imagenet-hard-50-subset-2500__n02089078__ILSVRC2012_val_00031040.JPEG","165","black-and-tan coonhound","234","Rottweiler","5,779977","234|165|236|238|208","Rottweiler|black-and-tan coonhound|Doberman|Greater Swiss Mountain dog|Labrador retriever","5,779977|5,105567|5,090959|4,666230|4,376556","true"
"/private/var/containers/Bundle/Application/4D01D32A-B666-4384-B213-31BBF61E54F1/CVTestsSUI.app/imagenet-hard-50-subset-2500__n02089078__ILSVRC2012_val_00031699.JPEG","images/n02089078/imagenet-hard-50-subset-2500__n02089078__ILSVRC2012_val_00031699.JPEG","165","black-and-tan coonhound","164","bluetick","4,923070","164|238|166|195|242","bluetick|Greater Swiss Mountain dog|Walker hound|Boston bull|boxer","4,923070|4,899012|4,809134|4,631554|4,533888","false"
"/private/var/containers/Bundle/Application/4D01D32A-B666-4384-B213-31BBF61E54F1/CVTestsSUI.app/imagenet-hard-50-subset-2500__n02089078__ILSVRC2012_val_00033531.JPEG","images/n02089078/imagenet-hard-50-subset-2500__n02089078__ILSVRC2012_val_00033531.JPEG","165","black-and-tan coonhound","234","Rottweiler","4,527103","234|163|179|165|236","Rottweiler|bloodhound|Staffordshire bullterrier|black-and-tan coonhound|Doberman","4,527103|4,333347|3,872979|3,588263|3,561041","true"
"/private/var/containers/Bundle/Application/4D01D32A-B666-4384-B213-31BBF61E54F1/CVTestsSUI.app/imagenet-hard-50-subset-2500__n02089078__ILSVRC2012_val_00034171.JPEG","images/n02089078/imagenet-hard-50-subset-2500__n02089078__ILSVRC2012_val_00034171.JPEG","165","black-and-tan coonhound","236","Doberman","7,635015","236|234|165|237|214","Doberman|Rottweiler|black-and-tan coonhound|miniature pinscher|Gordon setter","7,635015|6,723423|5,542099|5,219728|3,440073","true"
"/private/var/containers/Bundle/Application/4D01D32A-B666-4384-B213-31BBF61E54F1/CVTestsSUI.app/imagenet-hard-50-subset-2500__n02089078__ILSVRC2012_val_00037559.JPEG","images/n02089078/imagenet-hard-50-subset-2500__n02089078__ILSVRC2012_val_00037559.JPEG","165","black-and-tan coonhound","159","Rhodesian ridgeback","4,255268","159|236|165|162|208","Rhodesian ridgeback|Doberman|black-and-tan coonhound|beagle|Labrador retriever","4,255268|3,966310|3,938490|3,739966|3,728076","true"
"/private/var/containers/Bundle/Application/4D01D32A-B666-4384-B213-31BBF61E54F1/CVTestsSUI.app/imagenet-hard-50-subset-2500__n02089078__ILSVRC2012_val_00037609.JPEG","images/n02089078/imagenet-hard-50-subset-2500__n02089078__ILSVRC2012_val_00037609.JPEG","165","black-and-tan coonhound","234","Rottweiler","7,049885","234|208|238|240|676","Rottweiler|Labrador retriever|Greater Swiss Mountain dog|Appenzeller|muzzle","7,049885|5,249621|5,099206|4,842795|4,519488","false"
"/private/var/containers/Bundle/Application/4D01D32A-B666-4384-B213-31BBF61E54F1/CVTestsSUI.app/imagenet-hard-50-subset-2500__n02089078__ILSVRC2012_val_00039934.JPEG","images/n02089078/imagenet-hard-50-subset-2500__n02089078__ILSVRC2012_val_00039934.JPEG","165","black-and-tan coonhound","234","Rottweiler","5,511631","234|165|237|236|163","Rottweiler|black-and-tan coonhound|miniature pinscher|Doberman|bloodhound","5,511631|5,060256|4,816540|4,118233|3,391672","true"
"/private/var/containers/Bundle/Application/4D01D32A-B666-4384-B213-31BBF61E54F1/CVTestsSUI.app/imagenet-hard-50-subset-2500__n02089078__ILSVRC2012_val_00041629.JPEG","images/n02089078/imagenet-hard-50-subset-2500__n02089078__ILSVRC2012_val_00041629.JPEG","165","black-and-tan coonhound","239","Bernese mountain dog","5,463284","239|214|244|240|256","Bernese mountain dog|Gordon setter|Tibetan mastiff|Appenzeller|Newfoundland","5,463284|4,926326|3,762111|3,284049|3,274804","false"
"/private/var/containers/Bundle/Application/4D01D32A-B666-4384-B213-31BBF61E54F1/CVTestsSUI.app/imagenet-hard-50-subset-2500__n02089078__ILSVRC2012_val_00041810.JPEG","images/n02089078/imagenet-hard-50-subset-2500__n02089078__ILSVRC2012_val_00041810.JPEG","165","black-and-tan coonhound","163","bloodhound","5,056684","163|730|234|238|227","bloodhound|plow|Rottweiler|Greater Swiss Mountain dog|kelpie","5,056684|4,845855|4,625859|4,039846|3,753065","false"
"/private/var/containers/Bundle/Application/4D01D32A-B666-4384-B213-31BBF61E54F1/CVTestsSUI.app/imagenet-hard-50-subset-2500__n02089078__ILSVRC2012_val_00043206.JPEG","images/n02089078/imagenet-hard-50-subset-2500__n02089078__ILSVRC2012_val_00043206.JPEG","165","black-and-tan coonhound","237","miniature pinscher","6,090670","237|165|236|234|163","miniature pinscher|black-and-tan coonhound|Doberman|Rottweiler|bloodhound","6,090670|5,213767|5,084548|3,967417|3,772007","true"
"/private/var/containers/Bundle/Application/4D01D32A-B666-4384-B213-31BBF61E54F1/CVTestsSUI.app/imagenet-hard-50-subset-2500__n02089078__ILSVRC2012_val_00045901.JPEG","images/n02089078/imagenet-hard-50-subset-2500__n02089078__ILSVRC2012_val_00045901.JPEG","165","black-and-tan coonhound","236","Doberman","5,690733","236|158|237|165|227","Doberman|toy terrier|miniature pinscher|black-and-tan coonhound|kelpie","5,690733|4,948884|4,718641|3,785893|3,081977","true"
"/private/var/containers/Bundle/Application/4D01D32A-B666-4384-B213-31BBF61E54F1/CVTestsSUI.app/imagenet-hard-50-subset-2500__n02089078__ILSVRC2012_val_00047543.JPEG","images/n02089078/imagenet-hard-50-subset-2500__n02089078__ILSVRC2012_val_00047543.JPEG","165","black-and-tan coonhound","234","Rottweiler","5,626864","234|237|165|236|163","Rottweiler|miniature pinscher|black-and-tan coonhound|Doberman|bloodhound","5,626864|5,085800|5,022783|4,553526|3,728731","true"
"/private/var/containers/Bundle/Application/4D01D32A-B666-4384-B213-31BBF61E54F1/CVTestsSUI.app/imagenet-hard-50-subset-2500__n02089078__ILSVRC2012_val_00049198.JPEG","images/n02089078/imagenet-hard-50-subset-2500__n02089078__ILSVRC2012_val_00049198.JPEG","165","black-and-tan coonhound","234","Rottweiler","4,883872","234|165|214|236|237","Rottweiler|black-and-tan coonhound|Gordon setter|Doberman|miniature pinscher","4,883872|4,512265|4,377947|4,000714|3,265855","true"
"/private/var/containers/Bundle/Application/4D01D32A-B666-4384-B213-31BBF61E54F1/CVTestsSUI.app/imagenet-hard-50-subset-2500__n02089078__ILSVRC2012_val_00049229.JPEG","images/n02089078/imagenet-hard-50-subset-2500__n02089078__ILSVRC2012_val_00049229.JPEG","165","black-and-tan coonhound","238","Greater Swiss Mountain dog","5,857216","238|166|241|240|164","Greater Swiss Mountain dog|Walker hound|EntleBucher|Appenzeller|bluetick","5,857216|5,702859|5,234807|4,809526|4,522730","false"
"/private/var/containers/Bundle/Application/4D01D32A-B666-4384-B213-31BBF61E54F1/CVTestsSUI.app/imagenet-hard-50-subset-2500__n02089867__ILSVRC2012_val_00001538.JPEG","images/n02089867/imagenet-hard-50-subset-2500__n02089867__ILSVRC2012_val_00001538.JPEG","166","Walker hound","240","Appenzeller","4,943070","240|238|166|241|162","Appenzeller|Greater Swiss Mountain dog|Walker hound|EntleBucher|beagle","4,943070|4,732826|4,496171|4,282650|4,012498","true"
"/private/var/containers/Bundle/Application/4D01D32A-B666-4384-B213-31BBF61E54F1/CVTestsSUI.app/imagenet-hard-50-subset-2500__n02089867__ILSVRC2012_val_00002373.JPEG","images/n02089867/imagenet-hard-50-subset-2500__n02089867__ILSVRC2012_val_00002373.JPEG","166","Walker hound","215","Brittany spaniel","5,210724","215|166|167|247|210","Brittany spaniel|Walker hound|English foxhound|Saint Bernard|German short-haired pointer","5,210724|5,095266|4,606583|4,355465|3,367731","true"
"/private/var/containers/Bundle/Application/4D01D32A-B666-4384-B213-31BBF61E54F1/CVTestsSUI.app/imagenet-hard-50-subset-2500__n02089867__ILSVRC2012_val_00002656.JPEG","images/n02089867/imagenet-hard-50-subset-2500__n02089867__ILSVRC2012_val_00002656.JPEG","166","Walker hound","162","beagle","6,125289","162|166|161|167|253","beagle|Walker hound|basset|English foxhound|basenji","6,125289|5,766111|4,750963|3,781365|3,106705","true"
"/private/var/containers/Bundle/Application/4D01D32A-B666-4384-B213-31BBF61E54F1/CVTestsSUI.app/imagenet-hard-50-subset-2500__n02089867__ILSVRC2012_val_00004148.JPEG","images/n02089867/imagenet-hard-50-subset-2500__n02089867__ILSVRC2012_val_00004148.JPEG","166","Walker hound","171","Italian greyhound","4,840798","171|158|166|180|195","Italian greyhound|toy terrier|Walker hound|American Staffordshire terrier|Boston bull","4,840798|4,338505|4,283991|4,129109|4,019475","true"
"/private/var/containers/Bundle/Application/4D01D32A-B666-4384-B213-31BBF61E54F1/CVTestsSUI.app/imagenet-hard-50-subset-2500__n02089867__ILSVRC2012_val_00007945.JPEG","images/n02089867/imagenet-hard-50-subset-2500__n02089867__ILSVRC2012_val_00007945.JPEG","166","Walker hound","161","basset","8,132420","161|166|164|163|167","basset|Walker hound|bluetick|bloodhound|English foxhound","8,132420|7,155755|6,134268|5,075316|4,893459","true"
"/private/var/containers/Bundle/Application/4D01D32A-B666-4384-B213-31BBF61E54F1/CVTestsSUI.app/imagenet-hard-50-subset-2500__n02089867__ILSVRC2012_val_00008536.JPEG","images/n02089867/imagenet-hard-50-subset-2500__n02089867__ILSVRC2012_val_00008536.JPEG","166","Walker hound","162","beagle","7,411949","162|166|167|161|253","beagle|Walker hound|English foxhound|basset|basenji","7,411949|6,391402|6,024023|5,171969|3,620054","true"
"/private/var/containers/Bundle/Application/4D01D32A-B666-4384-B213-31BBF61E54F1/CVTestsSUI.app/imagenet-hard-50-subset-2500__n02089867__ILSVRC2012_val_00009220.JPEG","images/n02089867/imagenet-hard-50-subset-2500__n02089867__ILSVRC2012_val_00009220.JPEG","166","Walker hound","162","beagle","8,131060","162|161|166|167|164","beagle|basset|Walker hound|English foxhound|bluetick","8,131060|6,960425|5,985983|4,804810|3,451078","true"
"/private/var/containers/Bundle/Application/4D01D32A-B666-4384-B213-31BBF61E54F1/CVTestsSUI.app/imagenet-hard-50-subset-2500__n02089867__ILSVRC2012_val_00010249.JPEG","images/n02089867/imagenet-hard-50-subset-2500__n02089867__ILSVRC2012_val_00010249.JPEG","166","Walker hound","162","beagle","7,014836","162|166|167|161|253","beagle|Walker hound|English foxhound|basset|basenji","7,014836|6,873254|5,465195|5,089760|3,303868","true"
"/private/var/containers/Bundle/Application/4D01D32A-B666-4384-B213-31BBF61E54F1/CVTestsSUI.app/imagenet-hard-50-subset-2500__n02089867__ILSVRC2012_val_00010626.JPEG","images/n02089867/imagenet-hard-50-subset-2500__n02089867__ILSVRC2012_val_00010626.JPEG","166","Walker hound","162","beagle","6,538651","162|166|167|161|247","beagle|Walker hound|English foxhound|basset|Saint Bernard","6,538651|5,711740|5,039448|3,751732|3,284189","true"
"/private/var/containers/Bundle/Application/4D01D32A-B666-4384-B213-31BBF61E54F1/CVTestsSUI.app/imagenet-hard-50-subset-2500__n02089867__ILSVRC2012_val_00010950.JPEG","images/n02089867/imagenet-hard-50-subset-2500__n02089867__ILSVRC2012_val_00010950.JPEG","166","Walker hound","795","ski","5,285515","795|792|247|166|802","ski|shovel|Saint Bernard|Walker hound|snowmobile","5,285515|3,963345|3,362858|3,236240|2,949896","true"
"/private/var/containers/Bundle/Application/4D01D32A-B666-4384-B213-31BBF61E54F1/CVTestsSUI.app/imagenet-hard-50-subset-2500__n02089867__ILSVRC2012_val_00011792.JPEG","images/n02089867/imagenet-hard-50-subset-2500__n02089867__ILSVRC2012_val_00011792.JPEG","166","Walker hound","215","Brittany spaniel","4,754760","215|167|166|162|173","Brittany spaniel|English foxhound|Walker hound|beagle|Ibizan hound","4,754760|4,746161|4,661064|4,470717|4,430168","true"
"/private/var/containers/Bundle/Application/4D01D32A-B666-4384-B213-31BBF61E54F1/CVTestsSUI.app/imagenet-hard-50-subset-2500__n02089867__ILSVRC2012_val_00014045.JPEG","images/n02089867/imagenet-hard-50-subset-2500__n02089867__ILSVRC2012_val_00014045.JPEG","166","Walker hound","195","Boston bull","3,814591","195|166|246|247|254","Boston bull|Walker hound|Great Dane|Saint Bernard|pug","3,814591|3,584285|3,523695|2,953202|2,953194","true"
"/private/var/containers/Bundle/Application/4D01D32A-B666-4384-B213-31BBF61E54F1/CVTestsSUI.app/imagenet-hard-50-subset-2500__n02089867__ILSVRC2012_val_00021357.JPEG","images/n02089867/imagenet-hard-50-subset-2500__n02089867__ILSVRC2012_val_00021357.JPEG","166","Walker hound","162","beagle","6,873600","162|166|161|167|158","beagle|Walker hound|basset|English foxhound|toy terrier","6,873600|6,238692|4,523281|4,231449|3,704826","true"
"/private/var/containers/Bundle/Application/4D01D32A-B666-4384-B213-31BBF61E54F1/CVTestsSUI.app/imagenet-hard-50-subset-2500__n02089867__ILSVRC2012_val_00022913.JPEG","images/n02089867/imagenet-hard-50-subset-2500__n02089867__ILSVRC2012_val_00022913.JPEG","166","Walker hound","161","basset","6,310246","161|166|162|164|163","basset|Walker hound|beagle|bluetick|bloodhound","6,310246|6,040659|5,941928|5,289423|4,410931","true"
"/private/var/containers/Bundle/Application/4D01D32A-B666-4384-B213-31BBF61E54F1/CVTestsSUI.app/imagenet-hard-50-subset-2500__n02089867__ILSVRC2012_val_00025562.JPEG","images/n02089867/imagenet-hard-50-subset-2500__n02089867__ILSVRC2012_val_00025562.JPEG","166","Walker hound","162","beagle","7,762908","162|161|166|167|253","beagle|basset|Walker hound|English foxhound|basenji","7,762908|6,217258|6,144783|5,226591|5,202292","true"
"/private/var/containers/Bundle/Application/4D01D32A-B666-4384-B213-31BBF61E54F1/CVTestsSUI.app/imagenet-hard-50-subset-2500__n02089867__ILSVRC2012_val_00025773.JPEG","images/n02089867/imagenet-hard-50-subset-2500__n02089867__ILSVRC2012_val_00025773.JPEG","166","Walker hound","161","basset","6,125768","161|166|164|162|168","basset|Walker hound|bluetick|beagle|redbone","6,125768|5,340329|5,060977|4,875920|4,519442","true"
"/private/var/containers/Bundle/Application/4D01D32A-B666-4384-B213-31BBF61E54F1/CVTestsSUI.app/imagenet-hard-50-subset-2500__n02089867__ILSVRC2012_val_00030025.JPEG","images/n02089867/imagenet-hard-50-subset-2500__n02089867__ILSVRC2012_val_00030025.JPEG","166","Walker hound","161","basset","6,459289","161|162|166|164|167","basset|beagle|Walker hound|bluetick|English foxhound","6,459289|6,192164|5,788106|5,280322|4,888626","true"
"/private/var/containers/Bundle/Application/4D01D32A-B666-4384-B213-31BBF61E54F1/CVTestsSUI.app/imagenet-hard-50-subset-2500__n02089867__ILSVRC2012_val_00031834.JPEG","images/n02089867/imagenet-hard-50-subset-2500__n02089867__ILSVRC2012_val_00031834.JPEG","166","Walker hound","162","beagle","6,980464","162|166|161|180|242","beagle|Walker hound|basset|American Staffordshire terrier|boxer","6,980464|6,155083|5,422066|4,829931|4,507970","true"
"/private/var/containers/Bundle/Application/4D01D32A-B666-4384-B213-31BBF61E54F1/CVTestsSUI.app/imagenet-hard-50-subset-2500__n02089867__ILSVRC2012_val_00033233.JPEG","images/n02089867/imagenet-hard-50-subset-2500__n02089867__ILSVRC2012_val_00033233.JPEG","166","Walker hound","162","beagle","6,066317","162|166|167|161|164","beagle|Walker hound|English foxhound|basset|bluetick","6,066317|5,716234|4,382763|3,898482|3,203668","true"
"/private/var/containers/Bundle/Application/4D01D32A-B666-4384-B213-31BBF61E54F1/CVTestsSUI.app/imagenet-hard-50-subset-2500__n02089867__ILSVRC2012_val_00034382.JPEG","images/n02089867/imagenet-hard-50-subset-2500__n02089867__ILSVRC2012_val_00034382.JPEG","166","Walker hound","161","basset","8,061805","161|162|166|163|176","basset|beagle|Walker hound|bloodhound|Saluki","8,061805|5,474490|4,372857|4,079428|3,922441","true"
"/private/var/containers/Bundle/Application/4D01D32A-B666-4384-B213-31BBF61E54F1/CVTestsSUI.app/imagenet-hard-50-subset-2500__n02089867__ILSVRC2012_val_00035767.JPEG","images/n02089867/imagenet-hard-50-subset-2500__n02089867__ILSVRC2012_val_00035767.JPEG","166","Walker hound","162","beagle","7,412616","162|166|167|161|263","beagle|Walker hound|English foxhound|basset|Pembroke","7,412616|5,774663|4,797040|4,770858|2,908182","true"
"/private/var/containers/Bundle/Application/4D01D32A-B666-4384-B213-31BBF61E54F1/CVTestsSUI.app/imagenet-hard-50-subset-2500__n02089867__ILSVRC2012_val_00039247.JPEG","images/n02089867/imagenet-hard-50-subset-2500__n02089867__ILSVRC2012_val_00039247.JPEG","166","Walker hound","162","beagle","6,645589","162|166|161|167|164","beagle|Walker hound|basset|English foxhound|bluetick","6,645589|6,354082|5,094743|4,271545|4,205737","true"
"/private/var/containers/Bundle/Application/4D01D32A-B666-4384-B213-31BBF61E54F1/CVTestsSUI.app/imagenet-hard-50-subset-2500__n02089867__ILSVRC2012_val_00044513.JPEG","images/n02089867/imagenet-hard-50-subset-2500__n02089867__ILSVRC2012_val_00044513.JPEG","166","Walker hound","162","beagle","6,311450","162|166|167|164|161","beagle|Walker hound|English foxhound|bluetick|basset","6,311450|5,732388|5,017528|3,018489|2,975329","true"
"/private/var/containers/Bundle/Application/4D01D32A-B666-4384-B213-31BBF61E54F1/CVTestsSUI.app/imagenet-hard-50-subset-2500__n02089867__ILSVRC2012_val_00046021.JPEG","images/n02089867/imagenet-hard-50-subset-2500__n02089867__ILSVRC2012_val_00046021.JPEG","166","Walker hound","172","whippet","6,495539","172|173|180|242|171","whippet|Ibizan hound|American Staffordshire terrier|boxer|Italian greyhound","6,495539|5,912733|5,199876|4,975186|4,675700","false"
"/private/var/containers/Bundle/Application/4D01D32A-B666-4384-B213-31BBF61E54F1/CVTestsSUI.app/imagenet-hard-50-subset-2500__n02089867__ILSVRC2012_val_00048592.JPEG","images/n02089867/imagenet-hard-50-subset-2500__n02089867__ILSVRC2012_val_00048592.JPEG","166","Walker hound","162","beagle","6,562786","162|166|167|161|164","beagle|Walker hound|English foxhound|basset|bluetick","6,562786|5,934029|4,439511|4,153692|3,973846","true"
"/private/var/containers/Bundle/Application/4D01D32A-B666-4384-B213-31BBF61E54F1/CVTestsSUI.app/imagenet-hard-50-subset-2500__n02089867__ILSVRC2012_val_00049809.JPEG","images/n02089867/imagenet-hard-50-subset-2500__n02089867__ILSVRC2012_val_00049809.JPEG","166","Walker hound","162","beagle","5,084288","162|166|167|158|182","beagle|Walker hound|English foxhound|toy terrier|Border terrier","5,084288|4,711058|3,509848|3,066935|2,657174","true"
"/private/var/containers/Bundle/Application/4D01D32A-B666-4384-B213-31BBF61E54F1/CVTestsSUI.app/imagenet-hard-50-subset-2500__n02089973__ILSVRC2012_val_00000028.JPEG","images/n02089973/imagenet-hard-50-subset-2500__n02089973__ILSVRC2012_val_00000028.JPEG","167","English foxhound","166","Walker hound","4,338897","166|162|253|180|167","Walker hound|beagle|basenji|American Staffordshire terrier|English foxhound","4,338897|3,962844|3,729776|3,659995|3,535962","true"
"/private/var/containers/Bundle/Application/4D01D32A-B666-4384-B213-31BBF61E54F1/CVTestsSUI.app/imagenet-hard-50-subset-2500__n02089973__ILSVRC2012_val_00000048.JPEG","images/n02089973/imagenet-hard-50-subset-2500__n02089973__ILSVRC2012_val_00000048.JPEG","167","English foxhound","162","beagle","5,186579","162|166|253|161|167","beagle|Walker hound|basenji|basset|English foxhound","5,186579|4,571464|4,137679|3,948218|3,629788","true"
"/private/var/containers/Bundle/Application/4D01D32A-B666-4384-B213-31BBF61E54F1/CVTestsSUI.app/imagenet-hard-50-subset-2500__n02089973__ILSVRC2012_val_00000237.JPEG","images/n02089973/imagenet-hard-50-subset-2500__n02089973__ILSVRC2012_val_00000237.JPEG","167","English foxhound","166","Walker hound","5,270878","166|167|212|210|161","Walker hound|English foxhound|English setter|German short-haired pointer|basset","5,270878|5,226291|4,349525|4,128774|4,048678","true"
"/private/var/containers/Bundle/Application/4D01D32A-B666-4384-B213-31BBF61E54F1/CVTestsSUI.app/imagenet-hard-50-subset-2500__n02089973__ILSVRC2012_val_00001128.JPEG","images/n02089973/imagenet-hard-50-subset-2500__n02089973__ILSVRC2012_val_00001128.JPEG","167","English foxhound","166","Walker hound","6,139882","166|167|162|161|164","Walker hound|English foxhound|beagle|basset|bluetick","6,139882|5,713269|4,787442|4,030263|3,351553","true"
"/private/var/containers/Bundle/Application/4D01D32A-B666-4384-B213-31BBF61E54F1/CVTestsSUI.app/imagenet-hard-50-subset-2500__n02089973__ILSVRC2012_val_00001696.JPEG","images/n02089973/imagenet-hard-50-subset-2500__n02089973__ILSVRC2012_val_00001696.JPEG","167","English foxhound","537","dogsled","4,920067","537|167|166|176|253","dogsled|English foxhound|Walker hound|Saluki|basenji","4,920067|4,670309|3,481847|3,425847|3,411331","true"
"/private/var/containers/Bundle/Application/4D01D32A-B666-4384-B213-31BBF61E54F1/CVTestsSUI.app/imagenet-hard-50-subset-2500__n02089973__ILSVRC2012_val_00001777.JPEG","images/n02089973/imagenet-hard-50-subset-2500__n02089973__ILSVRC2012_val_00001777.JPEG","167","English foxhound","166","Walker hound","6,256257","166|161|167|162|164","Walker hound|basset|English foxhound|beagle|bluetick","6,256257|5,821587|5,391741|4,422163|3,272014","true"
"/private/var/containers/Bundle/Application/4D01D32A-B666-4384-B213-31BBF61E54F1/CVTestsSUI.app/imagenet-hard-50-subset-2500__n02089973__ILSVRC2012_val_00003671.JPEG","images/n02089973/imagenet-hard-50-subset-2500__n02089973__ILSVRC2012_val_00003671.JPEG","167","English foxhound","162","beagle","6,354382","162|166|167|208|238","beagle|Walker hound|English foxhound|Labrador retriever|Greater Swiss Mountain dog","6,354382|5,198431|4,458723|4,034585|3,896812","true"
"/private/var/containers/Bundle/Application/4D01D32A-B666-4384-B213-31BBF61E54F1/CVTestsSUI.app/imagenet-hard-50-subset-2500__n02089973__ILSVRC2012_val_00004774.JPEG","images/n02089973/imagenet-hard-50-subset-2500__n02089973__ILSVRC2012_val_00004774.JPEG","167","English foxhound","162","beagle","5,225437","162|263|247|264|253","beagle|Pembroke|Saint Bernard|Cardigan|basenji","5,225437|4,983011|4,408101|4,250691|4,015575","false"
"/private/var/containers/Bundle/Application/4D01D32A-B666-4384-B213-31BBF61E54F1/CVTestsSUI.app/imagenet-hard-50-subset-2500__n02089973__ILSVRC2012_val_00004795.JPEG","images/n02089973/imagenet-hard-50-subset-2500__n02089973__ILSVRC2012_val_00004795.JPEG","167","English foxhound","166","Walker hound","5,187451","166|162|167|161|159","Walker hound|beagle|English foxhound|basset|Rhodesian ridgeback","5,187451|4,589042|4,503057|4,268882|3,701380","true"
"/private/var/containers/Bundle/Application/4D01D32A-B666-4384-B213-31BBF61E54F1/CVTestsSUI.app/imagenet-hard-50-subset-2500__n02089973__ILSVRC2012_val_00005943.JPEG","images/n02089973/imagenet-hard-50-subset-2500__n02089973__ILSVRC2012_val_00005943.JPEG","167","English foxhound","162","beagle","7,259146","162|166|161|253|171","beagle|Walker hound|basset|basenji|Italian greyhound","7,259146|5,972247|5,740000|5,225601|4,444735","false"
"/private/var/containers/Bundle/Application/4D01D32A-B666-4384-B213-31BBF61E54F1/CVTestsSUI.app/imagenet-hard-50-subset-2500__n02089973__ILSVRC2012_val_00006505.JPEG","images/n02089973/imagenet-hard-50-subset-2500__n02089973__ILSVRC2012_val_00006505.JPEG","167","English foxhound","215","Brittany spaniel","5,784741","215|162|166|211|238","Brittany spaniel|beagle|Walker hound|vizsla|Greater Swiss Mountain dog","5,784741|4,555672|3,201320|3,170281|2,801789","false"
"/private/var/containers/Bundle/Application/4D01D32A-B666-4384-B213-31BBF61E54F1/CVTestsSUI.app/imagenet-hard-50-subset-2500__n02089973__ILSVRC2012_val_00006815.JPEG","images/n02089973/imagenet-hard-50-subset-2500__n02089973__ILSVRC2012_val_00006815.JPEG","167","English foxhound","162","beagle","5,160756","162|156|167|166|157","beagle|Blenheim spaniel|English foxhound|Walker hound|papillon","5,160756|4,141204|3,478035|3,139068|3,034230","true"
"/private/var/containers/Bundle/Application/4D01D32A-B666-4384-B213-31BBF61E54F1/CVTestsSUI.app/imagenet-hard-50-subset-2500__n02089973__ILSVRC2012_val_00007850.JPEG","images/n02089973/imagenet-hard-50-subset-2500__n02089973__ILSVRC2012_val_00007850.JPEG","167","English foxhound","172","whippet","4,350566","172|167|166|246|180","whippet|English foxhound|Walker hound|Great Dane|American Staffordshire terrier","4,350566|4,187468|3,582379|3,499583|3,452502","true"
"/private/var/containers/Bundle/Application/4D01D32A-B666-4384-B213-31BBF61E54F1/CVTestsSUI.app/imagenet-hard-50-subset-2500__n02089973__ILSVRC2012_val_00010168.JPEG","images/n02089973/imagenet-hard-50-subset-2500__n02089973__ILSVRC2012_val_00010168.JPEG","167","English foxhound","162","beagle","5,583573","162|167|166|169|176","beagle|English foxhound|Walker hound|borzoi|Saluki","5,583573|5,546744|5,308945|4,205447|3,366880","true"
"/private/var/containers/Bundle/Application/4D01D32A-B666-4384-B213-31BBF61E54F1/CVTestsSUI.app/imagenet-hard-50-subset-2500__n02089973__ILSVRC2012_val_00011342.JPEG","images/n02089973/imagenet-hard-50-subset-2500__n02089973__ILSVRC2012_val_00011342.JPEG","167","English foxhound","161","basset","5,635418","161|543|162|166|447","basset|dumbbell|beagle|Walker hound|binoculars","5,635418|4,606804|4,404496|4,220091|3,233327","false"
"/private/var/containers/Bundle/Application/4D01D32A-B666-4384-B213-31BBF61E54F1/CVTestsSUI.app/imagenet-hard-50-subset-2500__n02089973__ILSVRC2012_val_00011586.JPEG","images/n02089973/imagenet-hard-50-subset-2500__n02089973__ILSVRC2012_val_00011586.JPEG","167","English foxhound","215","Brittany spaniel","4,874112","215|167|166|162|173","Brittany spaniel|English foxhound|Walker hound|beagle|Ibizan hound","4,874112|4,513758|4,442715|3,562310|3,522454","true"
"/private/var/containers/Bundle/Application/4D01D32A-B666-4384-B213-31BBF61E54F1/CVTestsSUI.app/imagenet-hard-50-subset-2500__n02089973__ILSVRC2012_val_00012875.JPEG","images/n02089973/imagenet-hard-50-subset-2500__n02089973__ILSVRC2012_val_00012875.JPEG","167","English foxhound","162","beagle","5,978013","162|166|167|161|215","beagle|Walker hound|English foxhound|basset|Brittany spaniel","5,978013|5,458992|5,256504|4,497306|3,695745","true"
"/private/var/containers/Bundle/Application/4D01D32A-B666-4384-B213-31BBF61E54F1/CVTestsSUI.app/imagenet-hard-50-subset-2500__n02089973__ILSVRC2012_val_00018202.JPEG","images/n02089973/imagenet-hard-50-subset-2500__n02089973__ILSVRC2012_val_00018202.JPEG","167","English foxhound","166","Walker hound","4,141089","166|167|172|162|161","Walker hound|English foxhound|whippet|beagle|basset","4,141089|3,992536|3,571543|3,329990|3,197384","true"
"/private/var/containers/Bundle/Application/4D01D32A-B666-4384-B213-31BBF61E54F1/CVTestsSUI.app/imagenet-hard-50-subset-2500__n02089973__ILSVRC2012_val_00020403.JPEG","images/n02089973/imagenet-hard-50-subset-2500__n02089973__ILSVRC2012_val_00020403.JPEG","167","English foxhound","162","beagle","5,539540","162|166|167|242|180","beagle|Walker hound|English foxhound|boxer|American Staffordshire terrier","5,539540|5,475376|4,957955|3,371041|2,944072","true"
"/private/var/containers/Bundle/Application/4D01D32A-B666-4384-B213-31BBF61E54F1/CVTestsSUI.app/imagenet-hard-50-subset-2500__n02089973__ILSVRC2012_val_00025914.JPEG","images/n02089973/imagenet-hard-50-subset-2500__n02089973__ILSVRC2012_val_00025914.JPEG","167","English foxhound","162","beagle","6,253943","162|166|167|161|247","beagle|Walker hound|English foxhound|basset|Saint Bernard","6,253943|5,756578|5,510851|3,807342|3,144392","true"
"/private/var/containers/Bundle/Application/4D01D32A-B666-4384-B213-31BBF61E54F1/CVTestsSUI.app/imagenet-hard-50-subset-2500__n02089973__ILSVRC2012_val_00029164.JPEG","images/n02089973/imagenet-hard-50-subset-2500__n02089973__ILSVRC2012_val_00029164.JPEG","167","English foxhound","162","beagle","4,751536","162|161|168|166|171","beagle|basset|redbone|Walker hound|Italian greyhound","4,751536|3,900503|3,866646|3,788026|3,513719","false"
"/private/var/containers/Bundle/Application/4D01D32A-B666-4384-B213-31BBF61E54F1/CVTestsSUI.app/imagenet-hard-50-subset-2500__n02089973__ILSVRC2012_val_00031859.JPEG","images/n02089973/imagenet-hard-50-subset-2500__n02089973__ILSVRC2012_val_00031859.JPEG","167","English foxhound","227","kelpie","4,584172","227|246|176|171|173","kelpie|Great Dane|Saluki|Italian greyhound|Ibizan hound","4,584172|4,500688|4,036378|3,941743|3,830835","false"
"/private/var/containers/Bundle/Application/4D01D32A-B666-4384-B213-31BBF61E54F1/CVTestsSUI.app/imagenet-hard-50-subset-2500__n02089973__ILSVRC2012_val_00033378.JPEG","images/n02089973/imagenet-hard-50-subset-2500__n02089973__ILSVRC2012_val_00033378.JPEG","167","English foxhound","166","Walker hound","4,843876","166|162|167|242|208","Walker hound|beagle|English foxhound|boxer|Labrador retriever","4,843876|4,657833|4,494613|4,418778|4,264295","true"
"/private/var/containers/Bundle/Application/4D01D32A-B666-4384-B213-31BBF61E54F1/CVTestsSUI.app/imagenet-hard-50-subset-2500__n02089973__ILSVRC2012_val_00033611.JPEG","images/n02089973/imagenet-hard-50-subset-2500__n02089973__ILSVRC2012_val_00033611.JPEG","167","English foxhound","166","Walker hound","4,479536","166|162|208|167|245","Walker hound|beagle|Labrador retriever|English foxhound|French bulldog","4,479536|4,370825|3,819073|3,607571|3,214216","true"
"/private/var/containers/Bundle/Application/4D01D32A-B666-4384-B213-31BBF61E54F1/CVTestsSUI.app/imagenet-hard-50-subset-2500__n02089973__ILSVRC2012_val_00033633.JPEG","images/n02089973/imagenet-hard-50-subset-2500__n02089973__ILSVRC2012_val_00033633.JPEG","167","English foxhound","162","beagle","6,734916","162|166|167|161|215","beagle|Walker hound|English foxhound|basset|Brittany spaniel","6,734916|4,632373|4,369371|3,834905|3,146814","true"
"/private/var/containers/Bundle/Application/4D01D32A-B666-4384-B213-31BBF61E54F1/CVTestsSUI.app/imagenet-hard-50-subset-2500__n02089973__ILSVRC2012_val_00033666.JPEG","images/n02089973/imagenet-hard-50-subset-2500__n02089973__ILSVRC2012_val_00033666.JPEG","167","English foxhound","166","Walker hound","4,448794","166|162|241|240|159","Walker hound|beagle|EntleBucher|Appenzeller|Rhodesian ridgeback","4,448794|3,867056|3,551235|3,484461|3,292136","false"
"/private/var/containers/Bundle/Application/4D01D32A-B666-4384-B213-31BBF61E54F1/CVTestsSUI.app/imagenet-hard-50-subset-2500__n02089973__ILSVRC2012_val_00033862.JPEG","images/n02089973/imagenet-hard-50-subset-2500__n02089973__ILSVRC2012_val_00033862.JPEG","167","English foxhound","215","Brittany spaniel","4,702970","215|210|167|166|246","Brittany spaniel|German short-haired pointer|English foxhound|Walker hound|Great Dane","4,702970|4,648875|4,615328|4,223934|3,547096","true"
"/private/var/containers/Bundle/Application/4D01D32A-B666-4384-B213-31BBF61E54F1/CVTestsSUI.app/imagenet-hard-50-subset-2500__n02089973__ILSVRC2012_val_00034690.JPEG","images/n02089973/imagenet-hard-50-subset-2500__n02089973__ILSVRC2012_val_00034690.JPEG","167","English foxhound","166","Walker hound","8,054795","166|162|167|161|164","Walker hound|beagle|English foxhound|basset|bluetick","8,054795|6,879436|6,849892|4,921916|4,135273","true"
"/private/var/containers/Bundle/Application/4D01D32A-B666-4384-B213-31BBF61E54F1/CVTestsSUI.app/imagenet-hard-50-subset-2500__n02089973__ILSVRC2012_val_00036191.JPEG","images/n02089973/imagenet-hard-50-subset-2500__n02089973__ILSVRC2012_val_00036191.JPEG","167","English foxhound","168","redbone","4,668836","168|162|159|208|207","redbone|beagle|Rhodesian ridgeback|Labrador retriever|golden retriever","4,668836|3,675637|3,330770|3,154431|3,026707","false"
"/private/var/containers/Bundle/Application/4D01D32A-B666-4384-B213-31BBF61E54F1/CVTestsSUI.app/imagenet-hard-50-subset-2500__n02089973__ILSVRC2012_val_00036728.JPEG","images/n02089973/imagenet-hard-50-subset-2500__n02089973__ILSVRC2012_val_00036728.JPEG","167","English foxhound","162","beagle","7,477758","162|167|166|161|163","beagle|English foxhound|Walker hound|basset|bloodhound","7,477758|6,782361|6,462051|5,207224|3,650539","true"
"/private/var/containers/Bundle/Application/4D01D32A-B666-4384-B213-31BBF61E54F1/CVTestsSUI.app/imagenet-hard-50-subset-2500__n02089973__ILSVRC2012_val_00036938.JPEG","images/n02089973/imagenet-hard-50-subset-2500__n02089973__ILSVRC2012_val_00036938.JPEG","167","English foxhound","162","beagle","6,943071","162|167|166|168|161","beagle|English foxhound|Walker hound|redbone|basset","6,943071|4,664962|4,542882|4,314074|3,289293","true"
"/private/var/containers/Bundle/Application/4D01D32A-B666-4384-B213-31BBF61E54F1/CVTestsSUI.app/imagenet-hard-50-subset-2500__n02089973__ILSVRC2012_val_00037826.JPEG","images/n02089973/imagenet-hard-50-subset-2500__n02089973__ILSVRC2012_val_00037826.JPEG","167","English foxhound","242","boxer","4,490767","242|162|180|245|179","boxer|beagle|American Staffordshire terrier|French bulldog|Staffordshire bullterrier","4,490767|4,375609|4,137576|3,757999|3,654109","false"
"/private/var/containers/Bundle/Application/4D01D32A-B666-4384-B213-31BBF61E54F1/CVTestsSUI.app/imagenet-hard-50-subset-2500__n02089973__ILSVRC2012_val_00038676.JPEG","images/n02089973/imagenet-hard-50-subset-2500__n02089973__ILSVRC2012_val_00038676.JPEG","167","English foxhound","166","Walker hound","7,953742","166|167|161|162|218","Walker hound|English foxhound|basset|beagle|Welsh springer spaniel","7,953742|7,448347|6,465222|6,249494|3,859870","true"
"/private/var/containers/Bundle/Application/4D01D32A-B666-4384-B213-31BBF61E54F1/CVTestsSUI.app/imagenet-hard-50-subset-2500__n02089973__ILSVRC2012_val_00038944.JPEG","images/n02089973/imagenet-hard-50-subset-2500__n02089973__ILSVRC2012_val_00038944.JPEG","167","English foxhound","159","Rhodesian ridgeback","4,823432","159|166|168|167|162","Rhodesian ridgeback|Walker hound|redbone|English foxhound|beagle","4,823432|4,628493|4,364347|4,001575|3,778689","true"
"/private/var/containers/Bundle/Application/4D01D32A-B666-4384-B213-31BBF61E54F1/CVTestsSUI.app/imagenet-hard-50-subset-2500__n02089973__ILSVRC2012_val_00039528.JPEG","images/n02089973/imagenet-hard-50-subset-2500__n02089973__ILSVRC2012_val_00039528.JPEG","167","English foxhound","159","Rhodesian ridgeback","5,422303","159|168|167|166|208","Rhodesian ridgeback|redbone|English foxhound|Walker hound|Labrador retriever","5,422303|4,673985|3,951587|3,907327|3,591800","true"
"/private/var/containers/Bundle/Application/4D01D32A-B666-4384-B213-31BBF61E54F1/CVTestsSUI.app/imagenet-hard-50-subset-2500__n02089973__ILSVRC2012_val_00040069.JPEG","images/n02089973/imagenet-hard-50-subset-2500__n02089973__ILSVRC2012_val_00040069.JPEG","167","English foxhound","164","bluetick","5,979307","164|167|166|210|162","bluetick|English foxhound|Walker hound|German short-haired pointer|beagle","5,979307|5,155256|4,484190|3,746362|3,583780","true"
"/private/var/containers/Bundle/Application/4D01D32A-B666-4384-B213-31BBF61E54F1/CVTestsSUI.app/imagenet-hard-50-subset-2500__n02089973__ILSVRC2012_val_00042318.JPEG","images/n02089973/imagenet-hard-50-subset-2500__n02089973__ILSVRC2012_val_00042318.JPEG","167","English foxhound","166","Walker hound","5,700678","166|162|242|180|167","Walker hound|beagle|boxer|American Staffordshire terrier|English foxhound","5,700678|5,095200|4,753416|4,746482|4,653648","true"
"/private/var/containers/Bundle/Application/4D01D32A-B666-4384-B213-31BBF61E54F1/CVTestsSUI.app/imagenet-hard-50-subset-2500__n02089973__ILSVRC2012_val_00043341.JPEG","images/n02089973/imagenet-hard-50-subset-2500__n02089973__ILSVRC2012_val_00043341.JPEG","167","English foxhound","166","Walker hound","4,517677","166|161|167|162|163","Walker hound|basset|English foxhound|beagle|bloodhound","4,517677|4,401387|4,263158|4,183913|3,967633","true"
"/private/var/containers/Bundle/Application/4D01D32A-B666-4384-B213-31BBF61E54F1/CVTestsSUI.app/imagenet-hard-50-subset-2500__n02089973__ILSVRC2012_val_00043610.JPEG","images/n02089973/imagenet-hard-50-subset-2500__n02089973__ILSVRC2012_val_00043610.JPEG","167","English foxhound","162","beagle","5,459553","162|166|167|253|215","beagle|Walker hound|English foxhound|basenji|Brittany spaniel","5,459553|5,423771|4,682735|4,342614|3,346046","true"
"/private/var/containers/Bundle/Application/4D01D32A-B666-4384-B213-31BBF61E54F1/CVTestsSUI.app/imagenet-hard-50-subset-2500__n02089973__ILSVRC2012_val_00045799.JPEG","images/n02089973/imagenet-hard-50-subset-2500__n02089973__ILSVRC2012_val_00045799.JPEG","167","English foxhound","166","Walker hound","6,853847","166|167|246|162|215","Walker hound|English foxhound|Great Dane|beagle|Brittany spaniel","6,853847|6,212588|4,601040|4,448536|4,055754","true"
"/private/var/containers/Bundle/Application/4D01D32A-B666-4384-B213-31BBF61E54F1/CVTestsSUI.app/imagenet-hard-50-subset-2500__n02089973__ILSVRC2012_val_00046454.JPEG","images/n02089973/imagenet-hard-50-subset-2500__n02089973__ILSVRC2012_val_00046454.JPEG","167","English foxhound","166","Walker hound","5,827209","166|167|162|172|173","Walker hound|English foxhound|beagle|whippet|Ibizan hound","5,827209|5,468796|3,717562|3,323884|3,138784","true"
"/private/var/containers/Bundle/Application/4D01D32A-B666-4384-B213-31BBF61E54F1/CVTestsSUI.app/imagenet-hard-50-subset-2500__n02089973__ILSVRC2012_val_00048188.JPEG","images/n02089973/imagenet-hard-50-subset-2500__n02089973__ILSVRC2012_val_00048188.JPEG","167","English foxhound","180","American Staffordshire terrier","3,591556","180|179|162|242|172","American Staffordshire terrier|Staffordshire bullterrier|beagle|boxer|whippet","3,591556|3,587985|3,379184|2,731359|2,583114","false"
"/private/var/containers/Bundle/Application/4D01D32A-B666-4384-B213-31BBF61E54F1/CVTestsSUI.app/imagenet-hard-50-subset-2500__n02090379__ILSVRC2012_val_00001267.JPEG","images/n02090379/imagenet-hard-50-subset-2500__n02090379__ILSVRC2012_val_00001267.JPEG","168","redbone","237","miniature pinscher","5,205739","237|168|253|268|211","miniature pinscher|redbone|basenji|Mexican hairless|vizsla","5,205739|5,018682|4,493690|4,433774|4,328912","true"
"/private/var/containers/Bundle/Application/4D01D32A-B666-4384-B213-31BBF61E54F1/CVTestsSUI.app/imagenet-hard-50-subset-2500__n02090379__ILSVRC2012_val_00002933.JPEG","images/n02090379/imagenet-hard-50-subset-2500__n02090379__ILSVRC2012_val_00002933.JPEG","168","redbone","225","malinois","3,737084","225|291|180|243|385","malinois|lion|American Staffordshire terrier|bull mastiff|Indian elephant","3,737084|3,444899|3,353664|3,265227|3,126791","false"
"/private/var/containers/Bundle/Application/4D01D32A-B666-4384-B213-31BBF61E54F1/CVTestsSUI.app/imagenet-hard-50-subset-2500__n02090379__ILSVRC2012_val_00011798.JPEG","images/n02090379/imagenet-hard-50-subset-2500__n02090379__ILSVRC2012_val_00011798.JPEG","168","redbone","213","Irish setter","5,377828","213|211|168|209|163","Irish setter|vizsla|redbone|Chesapeake Bay retriever|bloodhound","5,377828|4,667996|4,638624|4,356070|4,188643","true"
"/private/var/containers/Bundle/Application/4D01D32A-B666-4384-B213-31BBF61E54F1/CVTestsSUI.app/imagenet-hard-50-subset-2500__n02090379__ILSVRC2012_val_00020739.JPEG","images/n02090379/imagenet-hard-50-subset-2500__n02090379__ILSVRC2012_val_00020739.JPEG","168","redbone","171","Italian greyhound","6,246007","171|168|237|159|268","Italian greyhound|redbone|miniature pinscher|Rhodesian ridgeback|Mexican hairless","6,246007|6,222342|5,539518|5,229691|3,880689","true"
"/private/var/containers/Bundle/Application/4D01D32A-B666-4384-B213-31BBF61E54F1/CVTestsSUI.app/imagenet-hard-50-subset-2500__n02090379__ILSVRC2012_val_00021575.JPEG","images/n02090379/imagenet-hard-50-subset-2500__n02090379__ILSVRC2012_val_00021575.JPEG","168","redbone","211","vizsla","5,595273","211|168|159|178|213","vizsla|redbone|Rhodesian ridgeback|Weimaraner|Irish setter","5,595273|5,240081|4,300540|3,473434|3,153132","true"
"/private/var/containers/Bundle/Application/4D01D32A-B666-4384-B213-31BBF61E54F1/CVTestsSUI.app/imagenet-hard-50-subset-2500__n02090379__ILSVRC2012_val_00030696.JPEG","images/n02090379/imagenet-hard-50-subset-2500__n02090379__ILSVRC2012_val_00030696.JPEG","168","redbone","159","Rhodesian ridgeback","5,907862","159|168|242|211|243","Rhodesian ridgeback|redbone|boxer|vizsla|bull mastiff","5,907862|4,775282|4,617789|3,486561|3,351451","true"
"/private/var/containers/Bundle/Application/4D01D32A-B666-4384-B213-31BBF61E54F1/CVTestsSUI.app/imagenet-hard-50-subset-2500__n02090379__ILSVRC2012_val_00031821.JPEG","images/n02090379/imagenet-hard-50-subset-2500__n02090379__ILSVRC2012_val_00031821.JPEG","168","redbone","159","Rhodesian ridgeback","5,962221","159|168|180|179|237","Rhodesian ridgeback|redbone|American Staffordshire terrier|Staffordshire bullterrier|miniature pinscher","5,962221|4,260210|3,686363|3,639342|3,154191","true"
"/private/var/containers/Bundle/Application/4D01D32A-B666-4384-B213-31BBF61E54F1/CVTestsSUI.app/imagenet-hard-50-subset-2500__n02090379__ILSVRC2012_val_00032746.JPEG","images/n02090379/imagenet-hard-50-subset-2500__n02090379__ILSVRC2012_val_00032746.JPEG","168","redbone","180","American Staffordshire terrier","6,437440","180|179|227|237|151","American Staffordshire terrier|Staffordshire bullterrier|kelpie|miniature pinscher|Chihuahua","6,437440|5,459233|5,052877|4,066083|3,783789","false"
"/private/var/containers/Bundle/Application/4D01D32A-B666-4384-B213-31BBF61E54F1/CVTestsSUI.app/imagenet-hard-50-subset-2500__n02090379__ILSVRC2012_val_00035689.JPEG","images/n02090379/imagenet-hard-50-subset-2500__n02090379__ILSVRC2012_val_00035689.JPEG","168","redbone","180","American Staffordshire terrier","4,712724","180|159|179|168|184","American Staffordshire terrier|Rhodesian ridgeback|Staffordshire bullterrier|redbone|Irish terrier","4,712724|4,558851|4,531534|3,536591|3,228133","true"
"/private/var/containers/Bundle/Application/4D01D32A-B666-4384-B213-31BBF61E54F1/CVTestsSUI.app/imagenet-hard-50-subset-2500__n02090379__ILSVRC2012_val_00038737.JPEG","images/n02090379/imagenet-hard-50-subset-2500__n02090379__ILSVRC2012_val_00038737.JPEG","168","redbone","207","golden retriever","4,040005","207|168|208|159|162","golden retriever|redbone|Labrador retriever|Rhodesian ridgeback|beagle","4,040005|3,948274|3,708565|3,579374|3,334648","true"
"/private/var/containers/Bundle/Application/4D01D32A-B666-4384-B213-31BBF61E54F1/CVTestsSUI.app/imagenet-hard-50-subset-2500__n02090379__ILSVRC2012_val_00042442.JPEG","images/n02090379/imagenet-hard-50-subset-2500__n02090379__ILSVRC2012_val_00042442.JPEG","168","redbone","159","Rhodesian ridgeback","7,080773","159|168|180|179|163","Rhodesian ridgeback|redbone|American Staffordshire terrier|Staffordshire bullterrier|bloodhound","7,080773|6,421188|5,020177|4,822176|4,613255","true"
"/private/var/containers/Bundle/Application/4D01D32A-B666-4384-B213-31BBF61E54F1/CVTestsSUI.app/imagenet-hard-50-subset-2500__n02090379__ILSVRC2012_val_00043888.JPEG","images/n02090379/imagenet-hard-50-subset-2500__n02090379__ILSVRC2012_val_00043888.JPEG","168","redbone","211","vizsla","5,938446","211|168|159|209|243","vizsla|redbone|Rhodesian ridgeback|Chesapeake Bay retriever|bull mastiff","5,938446|4,977178|4,939600|4,849648|3,077242","true"
"/private/var/containers/Bundle/Application/4D01D32A-B666-4384-B213-31BBF61E54F1/CVTestsSUI.app/imagenet-hard-50-subset-2500__n02090379__ILSVRC2012_val_00044444.JPEG","images/n02090379/imagenet-hard-50-subset-2500__n02090379__ILSVRC2012_val_00044444.JPEG","168","redbone","159","Rhodesian ridgeback","4,417949","159|168|162|208|180","Rhodesian ridgeback|redbone|beagle|Labrador retriever|American Staffordshire terrier","4,417949|4,031754|3,646170|3,538315|3,157948","true"
"/private/var/containers/Bundle/Application/4D01D32A-B666-4384-B213-31BBF61E54F1/CVTestsSUI.app/imagenet-hard-50-subset-2500__n02090622__ILSVRC2012_val_00013804.JPEG","images/n02090622/imagenet-hard-50-subset-2500__n02090622__ILSVRC2012_val_00013804.JPEG","169","borzoi","258","Samoyed","5,056261","258|270|248|250|169","Samoyed|white wolf|Eskimo dog|Siberian husky|borzoi","5,056261|4,765851|4,245041|3,620489|3,493218","true"
"/private/var/containers/Bundle/Application/4D01D32A-B666-4384-B213-31BBF61E54F1/CVTestsSUI.app/imagenet-hard-50-subset-2500__n02090622__ILSVRC2012_val_00020810.JPEG","images/n02090622/imagenet-hard-50-subset-2500__n02090622__ILSVRC2012_val_00020810.JPEG","169","borzoi","208","Labrador retriever","4,419081","208|169|257|248|222","Labrador retriever|borzoi|Great Pyrenees|Eskimo dog|kuvasz","4,419081|3,710054|3,323857|3,214413|3,101450","true"
"/private/var/containers/Bundle/Application/4D01D32A-B666-4384-B213-31BBF61E54F1/CVTestsSUI.app/imagenet-hard-50-subset-2500__n02090622__ILSVRC2012_val_00038397.JPEG","images/n02090622/imagenet-hard-50-subset-2500__n02090622__ILSVRC2012_val_00038397.JPEG","169","borzoi","212","English setter","5,903945","212|169|257|222|258","English setter|borzoi|Great Pyrenees|kuvasz|Samoyed","5,903945|5,161845|4,928201|4,252414|3,834528","true"
"/private/var/containers/Bundle/Application/4D01D32A-B666-4384-B213-31BBF61E54F1/CVTestsSUI.app/imagenet-hard-50-subset-2500__n02090622__ILSVRC2012_val_00046420.JPEG","images/n02090622/imagenet-hard-50-subset-2500__n02090622__ILSVRC2012_val_00046420.JPEG","169","borzoi","257","Great Pyrenees","5,690244","257|222|208|207|248","Great Pyrenees|kuvasz|Labrador retriever|golden retriever|Eskimo dog","5,690244|4,578406|3,897088|3,895977|3,727124","false"
"/private/var/containers/Bundle/Application/4D01D32A-B666-4384-B213-31BBF61E54F1/CVTestsSUI.app/imagenet-hard-50-subset-2500__n02090721__ILSVRC2012_val_00001765.JPEG","images/n02090721/imagenet-hard-50-subset-2500__n02090721__ILSVRC2012_val_00001765.JPEG","170","Irish wolfhound","172","whippet","6,552927","172|246|176|177|178","whippet|Great Dane|Saluki|Scottish deerhound|Weimaraner","6,552927|6,543198|5,383881|4,333725|4,166164","false"
"/private/var/containers/Bundle/Application/4D01D32A-B666-4384-B213-31BBF61E54F1/CVTestsSUI.app/imagenet-hard-50-subset-2500__n02090721__ILSVRC2012_val_00005946.JPEG","images/n02090721/imagenet-hard-50-subset-2500__n02090721__ILSVRC2012_val_00005946.JPEG","170","Irish wolfhound","177","Scottish deerhound","6,217957","177|170|233|169|175","Scottish deerhound|Irish wolfhound|Bouvier des Flandres|borzoi|otterhound","6,217957|5,820278|3,673297|3,640039|3,606797","true"
"/private/var/containers/Bundle/Application/4D01D32A-B666-4384-B213-31BBF61E54F1/CVTestsSUI.app/imagenet-hard-50-subset-2500__n02090721__ILSVRC2012_val_00006627.JPEG","images/n02090721/imagenet-hard-50-subset-2500__n02090721__ILSVRC2012_val_00006627.JPEG","170","Irish wolfhound","222","kuvasz","4,337986","222|181|188|327|270","kuvasz|Bedlington terrier|wire-haired fox terrier|starfish|white wolf","4,337986|4,255336|3,434619|3,369926|3,168705","false"
"/private/var/containers/Bundle/Application/4D01D32A-B666-4384-B213-31BBF61E54F1/CVTestsSUI.app/imagenet-hard-50-subset-2500__n02090721__ILSVRC2012_val_00008739.JPEG","images/n02090721/imagenet-hard-50-subset-2500__n02090721__ILSVRC2012_val_00008739.JPEG","170","Irish wolfhound","177","Scottish deerhound","6,355893","177|170|233|198|197","Scottish deerhound|Irish wolfhound|Bouvier des Flandres|standard schnauzer|giant schnauzer","6,355893|5,728464|3,293018|2,950533|2,832092","true"
"/private/var/containers/Bundle/Application/4D01D32A-B666-4384-B213-31BBF61E54F1/CVTestsSUI.app/imagenet-hard-50-subset-2500__n02090721__ILSVRC2012_val_00011311.JPEG","images/n02090721/imagenet-hard-50-subset-2500__n02090721__ILSVRC2012_val_00011311.JPEG","170","Irish wolfhound","256","Newfoundland","7,095694","256|170|205|224|197","Newfoundland|Irish wolfhound|flat-coated retriever|groenendael|giant schnauzer","7,095694|7,083059|6,590276|6,243796|5,941181","true"
"/private/var/containers/Bundle/Application/4D01D32A-B666-4384-B213-31BBF61E54F1/CVTestsSUI.app/imagenet-hard-50-subset-2500__n02090721__ILSVRC2012_val_00013817.JPEG","images/n02090721/imagenet-hard-50-subset-2500__n02090721__ILSVRC2012_val_00013817.JPEG","170","Irish wolfhound","177","Scottish deerhound","6,845695","177|170|176|169|267","Scottish deerhound|Irish wolfhound|Saluki|borzoi|standard poodle","6,845695|6,169165|3,354022|2,935560|2,853858","true"
"/private/var/containers/Bundle/Application/4D01D32A-B666-4384-B213-31BBF61E54F1/CVTestsSUI.app/imagenet-hard-50-subset-2500__n02090721__ILSVRC2012_val_00014293.JPEG","images/n02090721/imagenet-hard-50-subset-2500__n02090721__ILSVRC2012_val_00014293.JPEG","170","Irish wolfhound","208","Labrador retriever","4,817532","208|188|169|167|222","Labrador retriever|wire-haired fox terrier|borzoi|English foxhound|kuvasz","4,817532|4,749307|4,557205|4,463098|4,432687","false"
"/private/var/containers/Bundle/Application/4D01D32A-B666-4384-B213-31BBF61E54F1/CVTestsSUI.app/imagenet-hard-50-subset-2500__n02090721__ILSVRC2012_val_00015050.JPEG","images/n02090721/imagenet-hard-50-subset-2500__n02090721__ILSVRC2012_val_00015050.JPEG","170","Irish wolfhound","224","groenendael","7,295797","224|205|223|256|177","groenendael|flat-coated retriever|schipperke|Newfoundland|Scottish deerhound","7,295797|4,136798|3,808447|3,546675|3,237228","false"
"/private/var/containers/Bundle/Application/4D01D32A-B666-4384-B213-31BBF61E54F1/CVTestsSUI.app/imagenet-hard-50-subset-2500__n02090721__ILSVRC2012_val_00017327.JPEG","images/n02090721/imagenet-hard-50-subset-2500__n02090721__ILSVRC2012_val_00017327.JPEG","170","Irish wolfhound","202","soft-coated wheaten terrier","5,566351","202|192|189|266|184","soft-coated wheaten terrier|cairn|Lakeland terrier|miniature poodle|Irish terrier","5,566351|4,210771|4,088852|3,826829|3,652774","false"
"/private/var/containers/Bundle/Application/4D01D32A-B666-4384-B213-31BBF61E54F1/CVTestsSUI.app/imagenet-hard-50-subset-2500__n02090721__ILSVRC2012_val_00020375.JPEG","images/n02090721/imagenet-hard-50-subset-2500__n02090721__ILSVRC2012_val_00020375.JPEG","170","Irish wolfhound","177","Scottish deerhound","5,839747","177|170|176|172|169","Scottish deerhound|Irish wolfhound|Saluki|whippet|borzoi","5,839747|5,447841|4,457561|3,887918|3,129090","true"
"/private/var/containers/Bundle/Application/4D01D32A-B666-4384-B213-31BBF61E54F1/CVTestsSUI.app/imagenet-hard-50-subset-2500__n02090721__ILSVRC2012_val_00022071.JPEG","images/n02090721/imagenet-hard-50-subset-2500__n02090721__ILSVRC2012_val_00022071.JPEG","170","Irish wolfhound","221","Irish water spaniel","8,000618","221|267|206|266|183","Irish water spaniel|standard poodle|curly-coated retriever|miniature poodle|Kerry blue terrier","8,000618|4,744219|4,578786|3,803485|2,345404","false"
"/private/var/containers/Bundle/Application/4D01D32A-B666-4384-B213-31BBF61E54F1/CVTestsSUI.app/imagenet-hard-50-subset-2500__n02090721__ILSVRC2012_val_00026728.JPEG","images/n02090721/imagenet-hard-50-subset-2500__n02090721__ILSVRC2012_val_00026728.JPEG","170","Irish wolfhound","160","Afghan hound","6,242744","160|267|226|354|247","Afghan hound|standard poodle|briard|Arabian camel|Saint Bernard","6,242744|3,943694|3,876161|3,377753|3,319888","false"
"/private/var/containers/Bundle/Application/4D01D32A-B666-4384-B213-31BBF61E54F1/CVTestsSUI.app/imagenet-hard-50-subset-2500__n02090721__ILSVRC2012_val_00027682.JPEG","images/n02090721/imagenet-hard-50-subset-2500__n02090721__ILSVRC2012_val_00027682.JPEG","170","Irish wolfhound","267","standard poodle","5,311681","267|170|181|188|189","standard poodle|Irish wolfhound|Bedlington terrier|wire-haired fox terrier|Lakeland terrier","5,311681|4,717212|4,270412|4,212852|4,143510","true"
"/private/var/containers/Bundle/Application/4D01D32A-B666-4384-B213-31BBF61E54F1/CVTestsSUI.app/imagenet-hard-50-subset-2500__n02090721__ILSVRC2012_val_00030412.JPEG","images/n02090721/imagenet-hard-50-subset-2500__n02090721__ILSVRC2012_val_00030412.JPEG","170","Irish wolfhound","177","Scottish deerhound","5,756405","177|233|170|226|204","Scottish deerhound|Bouvier des Flandres|Irish wolfhound|briard|Lhasa","5,756405|4,724446|4,551894|4,167518|4,067344","true"
"/private/var/containers/Bundle/Application/4D01D32A-B666-4384-B213-31BBF61E54F1/CVTestsSUI.app/imagenet-hard-50-subset-2500__n02090721__ILSVRC2012_val_00042118.JPEG","images/n02090721/imagenet-hard-50-subset-2500__n02090721__ILSVRC2012_val_00042118.JPEG","170","Irish wolfhound","192","cairn","6,443003","192|226|186|199|203","cairn|briard|Norwich terrier|Scotch terrier|West Highland white terrier","6,443003|4,841799|4,382730|4,063982|4,013629","false"
"/private/var/containers/Bundle/Application/4D01D32A-B666-4384-B213-31BBF61E54F1/CVTestsSUI.app/imagenet-hard-50-subset-2500__n02090721__ILSVRC2012_val_00043205.JPEG","images/n02090721/imagenet-hard-50-subset-2500__n02090721__ILSVRC2012_val_00043205.JPEG","170","Irish wolfhound","177","Scottish deerhound","6,990637","177|170|197|256|233","Scottish deerhound|Irish wolfhound|giant schnauzer|Newfoundland|Bouvier des Flandres","6,990637|6,359964|4,206179|3,814499|3,785160","true"
"/private/var/containers/Bundle/Application/4D01D32A-B666-4384-B213-31BBF61E54F1/CVTestsSUI.app/imagenet-hard-50-subset-2500__n02090721__ILSVRC2012_val_00049015.JPEG","images/n02090721/imagenet-hard-50-subset-2500__n02090721__ILSVRC2012_val_00049015.JPEG","170","Irish wolfhound","169","borzoi","8,407037","169|222|176|173|170","borzoi|kuvasz|Saluki|Ibizan hound|Irish wolfhound","8,407037|5,914950|5,098591|4,828691|4,432372","true"
"/private/var/containers/Bundle/Application/4D01D32A-B666-4384-B213-31BBF61E54F1/CVTestsSUI.app/imagenet-hard-50-subset-2500__n02090721__ILSVRC2012_val_00049744.JPEG","images/n02090721/imagenet-hard-50-subset-2500__n02090721__ILSVRC2012_val_00049744.JPEG","170","Irish wolfhound","169","borzoi","11,039564","169|222|212|176|177","borzoi|kuvasz|English setter|Saluki|Scottish deerhound","11,039564|6,147616|5,735035|5,111800|4,118707","false"
"/private/var/containers/Bundle/Application/4D01D32A-B666-4384-B213-31BBF61E54F1/CVTestsSUI.app/imagenet-hard-50-subset-2500__n01530575__ILSVRC2012_val_00004006.JPEG","images/n01530575/imagenet-hard-50-subset-2500__n01530575__ILSVRC2012_val_00004006.JPEG","10","brambling","58","water snake","4,781494","58|858|110|6|53","water snake|tile roof|flatworm|stingray|ringneck snake","4,781494|4,597327|4,186147|3,648426|3,547256","false"
"/private/var/containers/Bundle/Application/4D01D32A-B666-4384-B213-31BBF61E54F1/CVTestsSUI.app/imagenet-hard-50-subset-2500__n01530575__ILSVRC2012_val_00013512.JPEG","images/n01530575/imagenet-hard-50-subset-2500__n01530575__ILSVRC2012_val_00013512.JPEG","10","brambling","13","junco","5,304002","13|12|15|16|85","junco|house finch|robin|bulbul|quail","5,304002|4,340135|3,616138|3,598287|3,573488","false"
"/private/var/containers/Bundle/Application/4D01D32A-B666-4384-B213-31BBF61E54F1/CVTestsSUI.app/imagenet-hard-50-subset-2500__n01530575__ILSVRC2012_val_00023766.JPEG","images/n01530575/imagenet-hard-50-subset-2500__n01530575__ILSVRC2012_val_00023766.JPEG","10","brambling","140","red-backed sandpiper","6,021690","140|10|143|139|99","red-backed sandpiper|brambling|oystercatcher|ruddy turnstone|goose","6,021690|5,208809|5,151788|5,113583|4,917988","true"
"/private/var/containers/Bundle/Application/4D01D32A-B666-4384-B213-31BBF61E54F1/CVTestsSUI.app/imagenet-hard-50-subset-2500__n01530575__ILSVRC2012_val_00034864.JPEG","images/n01530575/imagenet-hard-50-subset-2500__n01530575__ILSVRC2012_val_00034864.JPEG","10","brambling","82","ruffed grouse","6,059504","82|10|13|85|12","ruffed grouse|brambling|junco|quail|house finch","6,059504|5,378386|5,063587|4,945763|4,859950","true"
"/private/var/containers/Bundle/Application/4D01D32A-B666-4384-B213-31BBF61E54F1/CVTestsSUI.app/imagenet-hard-50-subset-2500__n01530575__ILSVRC2012_val_00035540.JPEG","images/n01530575/imagenet-hard-50-subset-2500__n01530575__ILSVRC2012_val_00035540.JPEG","10","brambling","13","junco","6,938264","13|10|20|15|140","junco|brambling|water ouzel|robin|red-backed sandpiper","6,938264|6,806765|4,744629|4,244009|3,877716","true"
"/private/var/containers/Bundle/Application/4D01D32A-B666-4384-B213-31BBF61E54F1/CVTestsSUI.app/imagenet-hard-50-subset-2500__n01530575__ILSVRC2012_val_00045172.JPEG","images/n01530575/imagenet-hard-50-subset-2500__n01530575__ILSVRC2012_val_00045172.JPEG","10","brambling","13","junco","4,919411","13|10|16|15|94","junco|brambling|bulbul|robin|hummingbird","4,919411|4,667087|4,419499|3,863830|2,737541","true"
"/private/var/containers/Bundle/Application/4D01D32A-B666-4384-B213-31BBF61E54F1/CVTestsSUI.app/imagenet-hard-50-subset-2500__n01530575__ILSVRC2012_val_00046833.JPEG","images/n01530575/imagenet-hard-50-subset-2500__n01530575__ILSVRC2012_val_00046833.JPEG","10","brambling","11","goldfinch","6,064991","11|10|17|682|97","goldfinch|brambling|jay|obelisk|drake","6,064991|4,507564|3,122738|2,956303|2,831450","true"
"/private/var/containers/Bundle/Application/4D01D32A-B666-4384-B213-31BBF61E54F1/CVTestsSUI.app/imagenet-hard-50-subset-2500__n01530575__ILSVRC2012_val_00047878.JPEG","images/n01530575/imagenet-hard-50-subset-2500__n01530575__ILSVRC2012_val_00047878.JPEG","10","brambling","60","night snake","4,547832","60|66|61|43|62","night snake|horned viper|boa constrictor|frilled lizard|rock python","4,547832|4,435845|4,254268|4,169396|4,160157","false"
"/private/var/containers/Bundle/Application/4D01D32A-B666-4384-B213-31BBF61E54F1/CVTestsSUI.app/imagenet-hard-50-subset-2500__n01531178__ILSVRC2012_val_00032359.JPEG","images/n01531178/imagenet-hard-50-subset-2500__n01531178__ILSVRC2012_val_00032359.JPEG","11","goldfinch","10","brambling","4,797112","10|11|92|19|13","brambling|goldfinch|bee eater|chickadee|junco","4,797112|4,213645|3,392827|2,813838|2,549369","true"
"/private/var/containers/Bundle/Application/4D01D32A-B666-4384-B213-31BBF61E54F1/CVTestsSUI.app/imagenet-hard-50-subset-2500__n01532829__ILSVRC2012_val_00004749.JPEG","images/n01532829/imagenet-hard-50-subset-2500__n01532829__ILSVRC2012_val_00004749.JPEG","12","house finch","16","bulbul","5,207663","16|12|15|13|81","bulbul|house finch|robin|junco|ptarmigan","5,207663|4,353116|3,071739|3,029652|2,944981","true"
"/private/var/containers/Bundle/Application/4D01D32A-B666-4384-B213-31BBF61E54F1/CVTestsSUI.app/imagenet-hard-50-subset-2500__n01532829__ILSVRC2012_val_00006597.JPEG","images/n01532829/imagenet-hard-50-subset-2500__n01532829__ILSVRC2012_val_00006597.JPEG","12","house finch","13","junco","5,169257","13|12|20|16|81","junco|house finch|water ouzel|bulbul|ptarmigan","5,169257|5,097855|3,527201|3,270622|3,037212","true"
"/private/var/containers/Bundle/Application/4D01D32A-B666-4384-B213-31BBF61E54F1/CVTestsSUI.app/imagenet-hard-50-subset-2500__n01532829__ILSVRC2012_val_00007129.JPEG","images/n01532829/imagenet-hard-50-subset-2500__n01532829__ILSVRC2012_val_00007129.JPEG","12","house finch","23","vulture","3,843402","23|21|94|12|141","vulture|kite|hummingbird|house finch|redshank","3,843402|3,732404|3,648057|3,333620|3,194942","true"
"/private/var/containers/Bundle/Application/4D01D32A-B666-4384-B213-31BBF61E54F1/CVTestsSUI.app/imagenet-hard-50-subset-2500__n01532829__ILSVRC2012_val_00013209.JPEG","images/n01532829/imagenet-hard-50-subset-2500__n01532829__ILSVRC2012_val_00013209.JPEG","12","house finch","16","bulbul","6,677870","16|11|95|92|13","bulbul|goldfinch|jacamar|bee eater|junco","6,677870|5,011150|4,067864|3,928408|3,763793","false"
"/private/var/containers/Bundle/Application/4D01D32A-B666-4384-B213-31BBF61E54F1/CVTestsSUI.app/imagenet-hard-50-subset-2500__n01532829__ILSVRC2012_val_00029709.JPEG","images/n01532829/imagenet-hard-50-subset-2500__n01532829__ILSVRC2012_val_00029709.JPEG","12","house finch","23","vulture","4,214083","23|141|140|12|21","vulture|redshank|red-backed sandpiper|house finch|kite","4,214083|4,079559|3,462729|3,127893|2,976076","true"
"/private/var/containers/Bundle/Application/4D01D32A-B666-4384-B213-31BBF61E54F1/CVTestsSUI.app/imagenet-hard-50-subset-2500__n01532829__ILSVRC2012_val_00045623.JPEG","images/n01532829/imagenet-hard-50-subset-2500__n01532829__ILSVRC2012_val_00045623.JPEG","12","house finch","19","chickadee","6,483408","19|12|10|13|15","chickadee|house finch|brambling|junco|robin","6,483408|6,395990|5,611261|5,447440|5,166556","true"
"/private/var/containers/Bundle/Application/4D01D32A-B666-4384-B213-31BBF61E54F1/CVTestsSUI.app/imagenet-hard-50-subset-2500__n01532829__ILSVRC2012_val_00048144.JPEG","images/n01532829/imagenet-hard-50-subset-2500__n01532829__ILSVRC2012_val_00048144.JPEG","12","house finch","10","brambling","4,891038","10|13|21|12|16","brambling|junco|kite|house finch|bulbul","4,891038|4,086944|4,073808|3,812988|3,351093","true"
"/private/var/containers/Bundle/Application/4D01D32A-B666-4384-B213-31BBF61E54F1/CVTestsSUI.app/imagenet-hard-50-subset-2500__n01537544__ILSVRC2012_val_00003279.JPEG","images/n01537544/imagenet-hard-50-subset-2500__n01537544__ILSVRC2012_val_00003279.JPEG","14","indigo bunting","11","goldfinch","5,302192","11|14|17|92|12","goldfinch|indigo bunting|jay|bee eater|house finch","5,302192|4,361534|3,287669|2,624231|2,513994","true"
"/private/var/containers/Bundle/Application/4D01D32A-B666-4384-B213-31BBF61E54F1/CVTestsSUI.app/imagenet-hard-50-subset-2500__n01537544__ILSVRC2012_val_00018676.JPEG","images/n01537544/imagenet-hard-50-subset-2500__n01537544__ILSVRC2012_val_00018676.JPEG","14","indigo bunting","84","peacock","6,239567","84|88|90|14|136","peacock|macaw|lorikeet|indigo bunting|European gallinule","6,239567|3,736621|3,667679|3,574457|3,517201","true"
"/private/var/containers/Bundle/Application/4D01D32A-B666-4384-B213-31BBF61E54F1/CVTestsSUI.app/imagenet-hard-50-subset-2500__n01537544__ILSVRC2012_val_00033196.JPEG","images/n01537544/imagenet-hard-50-subset-2500__n01537544__ILSVRC2012_val_00033196.JPEG","14","indigo bunting","84","peacock","5,145620","84|7|621|8|293","peacock|cock|lawn mower|hen|cheetah","5,145620|3,537352|3,454343|3,397479|3,265589","false"
"/private/var/containers/Bundle/Application/4D01D32A-B666-4384-B213-31BBF61E54F1/CVTestsSUI.app/imagenet-hard-50-subset-2500__n01537544__ILSVRC2012_val_00036431.JPEG","images/n01537544/imagenet-hard-50-subset-2500__n01537544__ILSVRC2012_val_00036431.JPEG","14","indigo bunting","18","magpie","6,605736","18|379|93|23|21","magpie|howler monkey|hornbill|vulture|kite","6,605736|5,818592|4,856061|4,804219|4,713015","false"
"/private/var/containers/Bundle/Application/4D01D32A-B666-4384-B213-31BBF61E54F1/CVTestsSUI.app/imagenet-hard-50-subset-2500__n01558993__ILSVRC2012_val_00007667.JPEG","images/n01558993/imagenet-hard-50-subset-2500__n01558993__ILSVRC2012_val_00007667.JPEG","15","robin","50","American alligator","4,294225","50|84|85|97|904","American alligator|peacock|quail|drake|window screen","4,294225|4,094631|3,822511|3,533160|3,507540","false"
"/private/var/containers/Bundle/Application/4D01D32A-B666-4384-B213-31BBF61E54F1/CVTestsSUI.app/imagenet-hard-50-subset-2500__n01558993__ILSVRC2012_val_00022186.JPEG","images/n01558993/imagenet-hard-50-subset-2500__n01558993__ILSVRC2012_val_00022186.JPEG","15","robin","16","bulbul","5,743955","16|85|21|13|15","bulbul|quail|kite|junco|robin","5,743955|5,537052|5,514248|5,423498|5,319160","true"
"/private/var/containers/Bundle/Application/4D01D32A-B666-4384-B213-31BBF61E54F1/CVTestsSUI.app/imagenet-hard-50-subset-2500__n01558993__ILSVRC2012_val_00029627.JPEG","images/n01558993/imagenet-hard-50-subset-2500__n01558993__ILSVRC2012_val_00029627.JPEG","15","robin","19","chickadee","5,764913","19|15|10|13|16","chickadee|robin|brambling|junco|bulbul","5,764913|5,331857|4,935677|4,498460|3,738798","true"
"/private/var/containers/Bundle/Application/4D01D32A-B666-4384-B213-31BBF61E54F1/CVTestsSUI.app/imagenet-hard-50-subset-2500__n01558993__ILSVRC2012_val_00031273.JPEG","images/n01558993/imagenet-hard-50-subset-2500__n01558993__ILSVRC2012_val_00031273.JPEG","15","robin","85","quail","6,528950","85|82|86|15|12","quail|ruffed grouse|partridge|robin|house finch","6,528950|5,218462|5,055589|5,027599|4,366656","true"
"/private/var/containers/Bundle/Application/4D01D32A-B666-4384-B213-31BBF61E54F1/CVTestsSUI.app/imagenet-hard-50-subset-2500__n01558993__ILSVRC2012_val_00045150.JPEG","images/n01558993/imagenet-hard-50-subset-2500__n01558993__ILSVRC2012_val_00045150.JPEG","15","robin","12","house finch","7,104480","12|10|15|92|14","house finch|brambling|robin|bee eater|indigo bunting","7,104480|6,261365|6,083715|5,689357|5,504083","true"
"/private/var/containers/Bundle/Application/4D01D32A-B666-4384-B213-31BBF61E54F1/CVTestsSUI.app/imagenet-hard-50-subset-2500__n01558993__ILSVRC2012_val_00045294.JPEG","images/n01558993/imagenet-hard-50-subset-2500__n01558993__ILSVRC2012_val_00045294.JPEG","15","robin","91","coucal","4,945950","91|15|92|42|387","coucal|robin|bee eater|agama|lesser panda","4,945950|4,694606|4,551396|3,903061|3,565177","true"
"/private/var/containers/Bundle/Application/4D01D32A-B666-4384-B213-31BBF61E54F1/CVTestsSUI.app/imagenet-hard-50-subset-2500__n01560419__ILSVRC2012_val_00001720.JPEG","images/n01560419/imagenet-hard-50-subset-2500__n01560419__ILSVRC2012_val_00001720.JPEG","16","bulbul","22","bald eagle","5,641687","22|82|18|23|12","bald eagle|ruffed grouse|magpie|vulture|house finch","5,641687|5,591815|5,049347|4,927818|4,855382","false"
"/private/var/containers/Bundle/Application/4D01D32A-B666-4384-B213-31BBF61E54F1/CVTestsSUI.app/imagenet-hard-50-subset-2500__n01560419__ILSVRC2012_val_00001751.JPEG","images/n01560419/imagenet-hard-50-subset-2500__n01560419__ILSVRC2012_val_00001751.JPEG","16","bulbul","94","hummingbird","5,269730","94|92|95|16|134","hummingbird|bee eater|jacamar|bulbul|crane","5,269730|4,806034|4,447790|3,150875|2,669161","true"
"/private/var/containers/Bundle/Application/4D01D32A-B666-4384-B213-31BBF61E54F1/CVTestsSUI.app/imagenet-hard-50-subset-2500__n01560419__ILSVRC2012_val_00007263.JPEG","images/n01560419/imagenet-hard-50-subset-2500__n01560419__ILSVRC2012_val_00007263.JPEG","16","bulbul","94","hummingbird","4,740500","94|89|90|91|11","hummingbird|sulphur-crested cockatoo|lorikeet|coucal|goldfinch","4,740500|4,518344|4,508245|3,887970|3,838685","false"
"/private/var/containers/Bundle/Application/4D01D32A-B666-4384-B213-31BBF61E54F1/CVTestsSUI.app/imagenet-hard-50-subset-2500__n01560419__ILSVRC2012_val_00011267.JPEG","images/n01560419/imagenet-hard-50-subset-2500__n01560419__ILSVRC2012_val_00011267.JPEG","16","bulbul","93","hornbill","4,863017","93|85|18|17|91","hornbill|quail|magpie|jay|coucal","4,863017|4,654011|4,608362|4,515163|4,493340","false"
"/private/var/containers/Bundle/Application/4D01D32A-B666-4384-B213-31BBF61E54F1/CVTestsSUI.app/imagenet-hard-50-subset-2500__n01560419__ILSVRC2012_val_00034720.JPEG","images/n01560419/imagenet-hard-50-subset-2500__n01560419__ILSVRC2012_val_00034720.JPEG","16","bulbul","91","coucal","5,025347","91|17|16|14|21","coucal|jay|bulbul|indigo bunting|kite","5,025347|4,318928|4,193464|3,758525|3,211477","true"
"/private/var/containers/Bundle/Application/4D01D32A-B666-4384-B213-31BBF61E54F1/CVTestsSUI.app/imagenet-hard-50-subset-2500__n01560419__ILSVRC2012_val_00041990.JPEG","images/n01560419/imagenet-hard-50-subset-2500__n01560419__ILSVRC2012_val_00041990.JPEG","16","bulbul","23","vulture","4,390292","23|13|16|14|94","vulture|junco|bulbul|indigo bunting|hummingbird","4,390292|4,071756|3,927136|3,484517|3,242201","true"
"/private/var/containers/Bundle/Application/4D01D32A-B666-4384-B213-31BBF61E54F1/CVTestsSUI.app/imagenet-hard-50-subset-2500__n01560419__ILSVRC2012_val_00044009.JPEG","images/n01560419/imagenet-hard-50-subset-2500__n01560419__ILSVRC2012_val_00044009.JPEG","16","bulbul","92","bee eater","5,345740","92|15|16|90|94","bee eater|robin|bulbul|lorikeet|hummingbird","5,345740|4,616793|4,371150|3,260973|3,218304","true"
"/private/var/containers/Bundle/Application/4D01D32A-B666-4384-B213-31BBF61E54F1/CVTestsSUI.app/imagenet-hard-50-subset-2500__n01580077__ILSVRC2012_val_00004317.JPEG","images/n01580077/imagenet-hard-50-subset-2500__n01580077__ILSVRC2012_val_00004317.JPEG","17","jay","98","red-breasted merganser","5,278285","98|97|99|143|20","red-breasted merganser|drake|goose|oystercatcher|water ouzel","5,278285|4,410492|4,375668|3,977373|3,924257","false"
"/private/var/containers/Bundle/Application/4D01D32A-B666-4384-B213-31BBF61E54F1/CVTestsSUI.app/imagenet-hard-50-subset-2500__n01580077__ILSVRC2012_val_00013753.JPEG","images/n01580077/imagenet-hard-50-subset-2500__n01580077__ILSVRC2012_val_00013753.JPEG","17","jay","10","brambling","5,318815","10|11|17|19|12","brambling|goldfinch|jay|chickadee|house finch","5,318815|3,864429|3,311970|3,227735|2,717893","true"
"/private/var/containers/Bundle/Application/4D01D32A-B666-4384-B213-31BBF61E54F1/CVTestsSUI.app/imagenet-hard-50-subset-2500__n01580077__ILSVRC2012_val_00015195.JPEG","images/n01580077/imagenet-hard-50-subset-2500__n01580077__ILSVRC2012_val_00015195.JPEG","17","jay","84","peacock","5,283806","84|17|85|136|82","peacock|jay|quail|European gallinule|ruffed grouse","5,283806|4,591744|4,347868|3,577347|3,194989","true"
"/private/var/containers/Bundle/Application/4D01D32A-B666-4384-B213-31BBF61E54F1/CVTestsSUI.app/imagenet-hard-50-subset-2500__n01580077__ILSVRC2012_val_00017024.JPEG","images/n01580077/imagenet-hard-50-subset-2500__n01580077__ILSVRC2012_val_00017024.JPEG","17","jay","94","hummingbird","5,002086","94|95|91|84|17","hummingbird|jacamar|coucal|peacock|jay","5,002086|4,897676|3,845626|3,768338|3,171871","true"
"/private/var/containers/Bundle/Application/4D01D32A-B666-4384-B213-31BBF61E54F1/CVTestsSUI.app/imagenet-hard-50-subset-2500__n01580077__ILSVRC2012_val_00020905.JPEG","images/n01580077/imagenet-hard-50-subset-2500__n01580077__ILSVRC2012_val_00020905.JPEG","17","jay","10","brambling","6,243961","10|12|13|15|91","brambling|house finch|junco|robin|coucal","6,243961|4,872589|4,723430|4,497285|3,043427","false"
"/private/var/containers/Bundle/Application/4D01D32A-B666-4384-B213-31BBF61E54F1/CVTestsSUI.app/imagenet-hard-50-subset-2500__n01580077__ILSVRC2012_val_00022106.JPEG","images/n01580077/imagenet-hard-50-subset-2500__n01580077__ILSVRC2012_val_00022106.JPEG","17","jay","18","magpie","6,120868","18|16|19|13|17","magpie|bulbul|chickadee|junco|jay","6,120868|5,794212|5,505514|3,689946|3,686656","true"
"/private/var/containers/Bundle/Application/4D01D32A-B666-4384-B213-31BBF61E54F1/CVTestsSUI.app/imagenet-hard-50-subset-2500__n01580077__ILSVRC2012_val_00026656.JPEG","images/n01580077/imagenet-hard-50-subset-2500__n01580077__ILSVRC2012_val_00026656.JPEG","17","jay","16","bulbul","5,799369","16|17|19|18|95","bulbul|jay|chickadee|magpie|jacamar","5,799369|5,575404|5,468230|3,972096|3,690910","true"
"/private/var/containers/Bundle/Application/4D01D32A-B666-4384-B213-31BBF61E54F1/CVTestsSUI.app/imagenet-hard-50-subset-2500__n01580077__ILSVRC2012_val_00040412.JPEG","images/n01580077/imagenet-hard-50-subset-2500__n01580077__ILSVRC2012_val_00040412.JPEG","17","jay","18","magpie","6,690152","18|17|16|14|19","magpie|jay|bulbul|indigo bunting|chickadee","6,690152|6,144205|3,729131|3,698394|3,666335","true"
"/private/var/containers/Bundle/Application/4D01D32A-B666-4384-B213-31BBF61E54F1/CVTestsSUI.app/imagenet-hard-50-subset-2500__n01582220__ILSVRC2012_val_00000476.JPEG","images/n01582220/imagenet-hard-50-subset-2500__n01582220__ILSVRC2012_val_00000476.JPEG","18","magpie","137","American coot","5,608554","137|18|143|136|99","American coot|magpie|oystercatcher|European gallinule|goose","5,608554|4,459337|4,031653|4,019756|3,748435","true"
"/private/var/containers/Bundle/Application/4D01D32A-B666-4384-B213-31BBF61E54F1/CVTestsSUI.app/imagenet-hard-50-subset-2500__n01582220__ILSVRC2012_val_00009981.JPEG","images/n01582220/imagenet-hard-50-subset-2500__n01582220__ILSVRC2012_val_00009981.JPEG","18","magpie","22","bald eagle","5,883843","22|21|18|23|89","bald eagle|kite|magpie|vulture|sulphur-crested cockatoo","5,883843|4,741446|4,126513|3,168054|3,064874","true"
"/private/var/containers/Bundle/Application/4D01D32A-B666-4384-B213-31BBF61E54F1/CVTestsSUI.app/imagenet-hard-50-subset-2500__n01582220__ILSVRC2012_val_00010501.JPEG","images/n01582220/imagenet-hard-50-subset-2500__n01582220__ILSVRC2012_val_00010501.JPEG","18","magpie","84","peacock","4,401170","84|18|340|144|99","peacock|magpie|zebra|pelican|goose","4,401170|3,898841|3,819942|3,459584|3,395352","true"
"/private/var/containers/Bundle/Application/4D01D32A-B666-4384-B213-31BBF61E54F1/CVTestsSUI.app/imagenet-hard-50-subset-2500__n01582220__ILSVRC2012_val_00029695.JPEG","images/n01582220/imagenet-hard-50-subset-2500__n01582220__ILSVRC2012_val_00029695.JPEG","18","magpie","127","white stork","4,978702","127|128|18|93|22","white stork|black stork|magpie|hornbill|bald eagle","4,978702|4,258039|4,245659|4,163996|3,571109","true"
"/private/var/containers/Bundle/Application/4D01D32A-B666-4384-B213-31BBF61E54F1/CVTestsSUI.app/imagenet-hard-50-subset-2500__n01582220__ILSVRC2012_val_00035348.JPEG","images/n01582220/imagenet-hard-50-subset-2500__n01582220__ILSVRC2012_val_00035348.JPEG","18","magpie","611","jigsaw puzzle","9,526004","611|18|148|562|921","jigsaw puzzle|magpie|killer whale|fountain|book jacket","9,526004|7,331006|6,830042|5,418591|4,506139","true"
"/private/var/containers/Bundle/Application/4D01D32A-B666-4384-B213-31BBF61E54F1/CVTestsSUI.app/imagenet-hard-50-subset-2500__n01582220__ILSVRC2012_val_00037806.JPEG","images/n01582220/imagenet-hard-50-subset-2500__n01582220__ILSVRC2012_val_00037806.JPEG","18","magpie","22","bald eagle","4,554647","22|18|127|23|998","bald eagle|magpie|white stork|vulture|ear","4,554647|4,024354|3,585821|3,583551|3,513127","true"
"/private/var/containers/Bundle/Application/4D01D32A-B666-4384-B213-31BBF61E54F1/CVTestsSUI.app/imagenet-hard-50-subset-2500__n01582220__ILSVRC2012_val_00041051.JPEG","images/n01582220/imagenet-hard-50-subset-2500__n01582220__ILSVRC2012_val_00041051.JPEG","18","magpie","13","junco","4,690783","13|16|94|18|20","junco|bulbul|hummingbird|magpie|water ouzel","4,690783|4,216524|3,798755|3,517736|3,325945","true"
"/private/var/containers/Bundle/Application/4D01D32A-B666-4384-B213-31BBF61E54F1/CVTestsSUI.app/imagenet-hard-50-subset-2500__n01582220__ILSVRC2012_val_00041135.JPEG","images/n01582220/imagenet-hard-50-subset-2500__n01582220__ILSVRC2012_val_00041135.JPEG","18","magpie","272","coyote","4,888647","272|352|353|280|278","coyote|impala|gazelle|grey fox|kit fox","4,888647|4,623638|4,469903|4,371198|4,188919","false"
"/private/var/containers/Bundle/Application/4D01D32A-B666-4384-B213-31BBF61E54F1/CVTestsSUI.app/imagenet-hard-50-subset-2500__n01592084__ILSVRC2012_val_00043585.JPEG","images/n01592084/imagenet-hard-50-subset-2500__n01592084__ILSVRC2012_val_00043585.JPEG","19","chickadee","17","jay","5,232358","17|19|18|132|89","jay|chickadee|magpie|American egret|sulphur-crested cockatoo","5,232358|4,443855|4,313463|4,216294|4,128451","true"
"/private/var/containers/Bundle/Application/4D01D32A-B666-4384-B213-31BBF61E54F1/CVTestsSUI.app/imagenet-hard-50-subset-2500__n01601694__ILSVRC2012_val_00009597.JPEG","images/n01601694/imagenet-hard-50-subset-2500__n01601694__ILSVRC2012_val_00009597.JPEG","20","water ouzel","58","water snake","5,477019","58|50|49|360|20","water snake|American alligator|African crocodile|otter|water ouzel","5,477019|4,610456|3,893677|3,807979|3,798538","true"
"/private/var/containers/Bundle/Application/4D01D32A-B666-4384-B213-31BBF61E54F1/CVTestsSUI.app/imagenet-hard-50-subset-2500__n01601694__ILSVRC2012_val_00012797.JPEG","images/n01601694/imagenet-hard-50-subset-2500__n01601694__ILSVRC2012_val_00012797.JPEG","20","water ouzel","16","bulbul","3,591268","16|19|94|21|13","bulbul|chickadee|hummingbird|kite|junco","3,591268|2,710090|2,563829|2,533235|2,469309","false"
"/private/var/containers/Bundle/Application/4D01D32A-B666-4384-B213-31BBF61E54F1/CVTestsSUI.app/imagenet-hard-50-subset-2500__n01601694__ILSVRC2012_val_00014673.JPEG","images/n01601694/imagenet-hard-50-subset-2500__n01601694__ILSVRC2012_val_00014673.JPEG","20","water ouzel","114","slug","5,997410","114|995|20|988|113","slug|earthstar|water ouzel|acorn|snail","5,997410|5,272262|4,644393|4,095962|3,841805","true"
"/private/var/containers/Bundle/Application/4D01D32A-B666-4384-B213-31BBF61E54F1/CVTestsSUI.app/imagenet-hard-50-subset-2500__n01601694__ILSVRC2012_val_00021656.JPEG","images/n01601694/imagenet-hard-50-subset-2500__n01601694__ILSVRC2012_val_00021656.JPEG","20","water ouzel","139","ruddy turnstone","4,825131","139|20|140|141|143","ruddy turnstone|water ouzel|red-backed sandpiper|redshank|oystercatcher","4,825131|4,818742|4,646122|4,604069|4,580163","true"
"/private/var/containers/Bundle/Application/4D01D32A-B666-4384-B213-31BBF61E54F1/CVTestsSUI.app/imagenet-hard-50-subset-2500__n01601694__ILSVRC2012_val_00022972.JPEG","images/n01601694/imagenet-hard-50-subset-2500__n01601694__ILSVRC2012_val_00022972.JPEG","20","water ouzel","18","magpie","5,458992","18|13|20|19|145","magpie|junco|water ouzel|chickadee|king penguin","5,458992|5,040781|4,726842|4,513366|3,000867","true"
"/private/var/containers/Bundle/Application/4D01D32A-B666-4384-B213-31BBF61E54F1/CVTestsSUI.app/imagenet-hard-50-subset-2500__n01601694__ILSVRC2012_val_00026023.JPEG","images/n01601694/imagenet-hard-50-subset-2500__n01601694__ILSVRC2012_val_00026023.JPEG","20","water ouzel","95","jacamar","5,136931","95|91|14|90|15","jacamar|coucal|indigo bunting|lorikeet|robin","5,136931|4,811775|4,404850|3,837443|3,813820","false"
"/private/var/containers/Bundle/Application/4D01D32A-B666-4384-B213-31BBF61E54F1/CVTestsSUI.app/imagenet-hard-50-subset-2500__n01601694__ILSVRC2012_val_00030011.JPEG","images/n01601694/imagenet-hard-50-subset-2500__n01601694__ILSVRC2012_val_00030011.JPEG","20","water ouzel","137","American coot","5,214818","137|20|360|337|141","American coot|water ouzel|otter|beaver|redshank","5,214818|4,855924|4,406387|3,985811|3,906676","true"
"/private/var/containers/Bundle/Application/4D01D32A-B666-4384-B213-31BBF61E54F1/CVTestsSUI.app/imagenet-hard-50-subset-2500__n01601694__ILSVRC2012_val_00038159.JPEG","images/n01601694/imagenet-hard-50-subset-2500__n01601694__ILSVRC2012_val_00038159.JPEG","20","water ouzel","10","brambling","5,236375","10|15|42|19|13","brambling|robin|agama|chickadee|junco","5,236375|3,992321|2,725924|2,567642|2,511851","false"
"/private/var/containers/Bundle/Application/4D01D32A-B666-4384-B213-31BBF61E54F1/CVTestsSUI.app/imagenet-hard-50-subset-2500__n01601694__ILSVRC2012_val_00045873.JPEG","images/n01601694/imagenet-hard-50-subset-2500__n01601694__ILSVRC2012_val_00045873.JPEG","20","water ouzel","137","American coot","5,487597","137|20|360|136|337","American coot|water ouzel|otter|European gallinule|beaver","5,487597|4,689946|3,409485|3,370043|2,804652","true"
"/private/var/containers/Bundle/Application/4D01D32A-B666-4384-B213-31BBF61E54F1/CVTestsSUI.app/imagenet-hard-50-subset-2500__n01601694__ILSVRC2012_val_00049775.JPEG","images/n01601694/imagenet-hard-50-subset-2500__n01601694__ILSVRC2012_val_00049775.JPEG","20","water ouzel","94","hummingbird","4,366731","94|13|16|19|20","hummingbird|junco|bulbul|chickadee|water ouzel","4,366731|4,123275|4,098397|3,830210|3,417211","true"
"/private/var/containers/Bundle/Application/4D01D32A-B666-4384-B213-31BBF61E54F1/CVTestsSUI.app/imagenet-hard-50-subset-2500__n01608432__ILSVRC2012_val_00001488.JPEG","images/n01608432/imagenet-hard-50-subset-2500__n01608432__ILSVRC2012_val_00001488.JPEG","21","kite","23","vulture","4,580517","23|8|21|135|80","vulture|hen|kite|limpkin|black grouse","4,580517|3,903466|3,583794|3,295401|3,228109","true"
"/private/var/containers/Bundle/Application/4D01D32A-B666-4384-B213-31BBF61E54F1/CVTestsSUI.app/imagenet-hard-50-subset-2500__n01608432__ILSVRC2012_val_00002444.JPEG","images/n01608432/imagenet-hard-50-subset-2500__n01608432__ILSVRC2012_val_00002444.JPEG","21","kite","22","bald eagle","6,421546","22|21|23|16|99","bald eagle|kite|vulture|bulbul|goose","6,421546|4,864264|3,263134|3,094860|2,580943","true"
"/private/var/containers/Bundle/Application/4D01D32A-B666-4384-B213-31BBF61E54F1/CVTestsSUI.app/imagenet-hard-50-subset-2500__n01608432__ILSVRC2012_val_00006203.JPEG","images/n01608432/imagenet-hard-50-subset-2500__n01608432__ILSVRC2012_val_00006203.JPEG","21","kite","365","orangutan","4,021069","365|377|88|21|489","orangutan|marmoset|macaw|kite|chainlink fence","4,021069|3,993789|3,459695|3,176546|3,100017","true"
"/private/var/containers/Bundle/Application/4D01D32A-B666-4384-B213-31BBF61E54F1/CVTestsSUI.app/imagenet-hard-50-subset-2500__n01608432__ILSVRC2012_val_00013095.JPEG","images/n01608432/imagenet-hard-50-subset-2500__n01608432__ILSVRC2012_val_00013095.JPEG","21","kite","22","bald eagle","5,437849","22|93|375|23|15","bald eagle|hornbill|colobus|vulture|robin","5,437849|4,379874|4,247258|4,164244|3,908789","false"
"/private/var/containers/Bundle/Application/4D01D32A-B666-4384-B213-31BBF61E54F1/CVTestsSUI.app/imagenet-hard-50-subset-2500__n01608432__ILSVRC2012_val_00014196.JPEG","images/n01608432/imagenet-hard-50-subset-2500__n01608432__ILSVRC2012_val_00014196.JPEG","21","kite","18","magpie","4,100931","18|80|22|21|93","magpie|black grouse|bald eagle|kite|hornbill","4,100931|3,822999|3,537595|3,419491|3,166066","true"
"/private/var/containers/Bundle/Application/4D01D32A-B666-4384-B213-31BBF61E54F1/CVTestsSUI.app/imagenet-hard-50-subset-2500__n01608432__ILSVRC2012_val_00015746.JPEG","images/n01608432/imagenet-hard-50-subset-2500__n01608432__ILSVRC2012_val_00015746.JPEG","21","kite","22","bald eagle","5,800169","22|21|89|81|132","bald eagle|kite|sulphur-crested cockatoo|ptarmigan|American egret","5,800169|5,609258|4,406378|3,659853|3,228492","true"
"/private/var/containers/Bundle/Application/4D01D32A-B666-4384-B213-31BBF61E54F1/CVTestsSUI.app/imagenet-hard-50-subset-2500__n01608432__ILSVRC2012_val_00018796.JPEG","images/n01608432/imagenet-hard-50-subset-2500__n01608432__ILSVRC2012_val_00018796.JPEG","21","kite","22","bald eagle","6,424225","22|21|23|24|18","bald eagle|kite|vulture|great grey owl|magpie","6,424225|4,615886|3,537463|3,050904|2,837189","true"
"/private/var/containers/Bundle/Application/4D01D32A-B666-4384-B213-31BBF61E54F1/CVTestsSUI.app/imagenet-hard-50-subset-2500__n01608432__ILSVRC2012_val_00023128.JPEG","images/n01608432/imagenet-hard-50-subset-2500__n01608432__ILSVRC2012_val_00023128.JPEG","21","kite","345","ox","4,094903","345|23|22|346|348","ox|vulture|bald eagle|water buffalo|ram","4,094903|4,038012|4,009694|3,314238|3,232726","false"
"/private/var/containers/Bundle/Application/4D01D32A-B666-4384-B213-31BBF61E54F1/CVTestsSUI.app/imagenet-hard-50-subset-2500__n01608432__ILSVRC2012_val_00026444.JPEG","images/n01608432/imagenet-hard-50-subset-2500__n01608432__ILSVRC2012_val_00026444.JPEG","21","kite","16","bulbul","5,617555","16|364|91|21|82","bulbul|three-toed sloth|coucal|kite|ruffed grouse","5,617555|4,542731|4,381451|4,366235|3,881676","true"
"/private/var/containers/Bundle/Application/4D01D32A-B666-4384-B213-31BBF61E54F1/CVTestsSUI.app/imagenet-hard-50-subset-2500__n01608432__ILSVRC2012_val_00030292.JPEG","images/n01608432/imagenet-hard-50-subset-2500__n01608432__ILSVRC2012_val_00030292.JPEG","21","kite","140","red-backed sandpiper","5,019049","140|21|22|12|82","red-backed sandpiper|kite|bald eagle|house finch|ruffed grouse","5,019049|4,461547|4,182613|3,609255|3,481349","true"
"/private/var/containers/Bundle/Application/4D01D32A-B666-4384-B213-31BBF61E54F1/CVTestsSUI.app/imagenet-hard-50-subset-2500__n01608432__ILSVRC2012_val_00045690.JPEG","images/n01608432/imagenet-hard-50-subset-2500__n01608432__ILSVRC2012_val_00045690.JPEG","21","kite","138","bustard","5,431480","138|133|91|21|83","bustard|bittern|coucal|kite|prairie chicken","5,431480|3,965686|3,710482|3,278435|3,086920","true"
"/private/var/containers/Bundle/Application/4D01D32A-B666-4384-B213-31BBF61E54F1/CVTestsSUI.app/imagenet-hard-50-subset-2500__n01608432__ILSVRC2012_val_00047191.JPEG","images/n01608432/imagenet-hard-50-subset-2500__n01608432__ILSVRC2012_val_00047191.JPEG","21","kite","82","ruffed grouse","5,141026","82|8|83|67|7","ruffed grouse|hen|prairie chicken|diamondback|cock","5,141026|4,378535|4,254029|4,004722|3,977362","false"
"/private/var/containers/Bundle/Application/4D01D32A-B666-4384-B213-31BBF61E54F1/CVTestsSUI.app/imagenet-hard-50-subset-2500__n01614925__ILSVRC2012_val_00000128.JPEG","images/n01614925/imagenet-hard-50-subset-2500__n01614925__ILSVRC2012_val_00000128.JPEG","22","bald eagle","21","kite","5,869990","21|23|22|18|24","kite|vulture|bald eagle|magpie|great grey owl","5,869990|4,969889|4,599330|3,720985|3,662960","true"
"/private/var/containers/Bundle/Application/4D01D32A-B666-4384-B213-31BBF61E54F1/CVTestsSUI.app/imagenet-hard-50-subset-2500__n01616318__ILSVRC2012_val_00000018.JPEG","images/n01616318/imagenet-hard-50-subset-2500__n01616318__ILSVRC2012_val_00000018.JPEG","23","vulture","21","kite","5,007249","21|23|134|128|129","kite|vulture|crane|black stork|spoonbill","5,007249|4,930903|3,879020|3,849973|3,510978","true"
"/private/var/containers/Bundle/Application/4D01D32A-B666-4384-B213-31BBF61E54F1/CVTestsSUI.app/imagenet-hard-50-subset-2500__n01616318__ILSVRC2012_val_00014220.JPEG","images/n01616318/imagenet-hard-50-subset-2500__n01616318__ILSVRC2012_val_00014220.JPEG","23","vulture","22","bald eagle","6,123929","22|23|379|375|18","bald eagle|vulture|howler monkey|colobus|magpie","6,123929|5,848276|5,220079|4,543811|4,421450","true"
"/private/var/containers/Bundle/Application/4D01D32A-B666-4384-B213-31BBF61E54F1/CVTestsSUI.app/imagenet-hard-50-subset-2500__n01616318__ILSVRC2012_val_00022088.JPEG","images/n01616318/imagenet-hard-50-subset-2500__n01616318__ILSVRC2012_val_00022088.JPEG","23","vulture","330","wood rabbit","6,159850","330|331|104|82|8","wood rabbit|hare|wallaby|ruffed grouse|hen","6,159850|5,507527|4,714758|4,710976|3,931477","false"
"/private/var/containers/Bundle/Application/4D01D32A-B666-4384-B213-31BBF61E54F1/CVTestsSUI.app/imagenet-hard-50-subset-2500__n01616318__ILSVRC2012_val_00037259.JPEG","images/n01616318/imagenet-hard-50-subset-2500__n01616318__ILSVRC2012_val_00037259.JPEG","23","vulture","372","baboon","5,108305","372|23|291|343|958","baboon|vulture|lion|warthog|hay","5,108305|4,519764|3,897516|3,604023|3,571826","true"
"/private/var/containers/Bundle/Application/4D01D32A-B666-4384-B213-31BBF61E54F1/CVTestsSUI.app/imagenet-hard-50-subset-2500__n01616318__ILSVRC2012_val_00047350.JPEG","images/n01616318/imagenet-hard-50-subset-2500__n01616318__ILSVRC2012_val_00047350.JPEG","23","vulture","21","kite","5,587016","21|23|134|94|127","kite|vulture|crane|hummingbird|white stork","5,587016|5,012826|4,380874|3,713425|3,687946","true"
"/private/var/containers/Bundle/Application/4D01D32A-B666-4384-B213-31BBF61E54F1/CVTestsSUI.app/imagenet-hard-50-subset-2500__n01622779__ILSVRC2012_val_00003892.JPEG","images/n01622779/imagenet-hard-50-subset-2500__n01622779__ILSVRC2012_val_00003892.JPEG","24","great grey owl","21","kite","5,901959","21|135|22|24|23","kite|limpkin|bald eagle|great grey owl|vulture","5,901959|5,885760|5,476910|4,771271|4,548884","true"
"/private/var/containers/Bundle/Application/4D01D32A-B666-4384-B213-31BBF61E54F1/CVTestsSUI.app/imagenet-hard-50-subset-2500__n01622779__ILSVRC2012_val_00004345.JPEG","images/n01622779/imagenet-hard-50-subset-2500__n01622779__ILSVRC2012_val_00004345.JPEG","24","great grey owl","795","ski","4,318499","795|802|792|391|537","ski|snowmobile|shovel|coho|dogsled","4,318499|3,844985|3,687503|3,348944|3,217987","false"
"/private/var/containers/Bundle/Application/4D01D32A-B666-4384-B213-31BBF61E54F1/CVTestsSUI.app/imagenet-hard-50-subset-2500__n02701002__ILSVRC2012_val_00003703.JPEG","images/n02701002/imagenet-hard-50-subset-2500__n02701002__ILSVRC2012_val_00003703.JPEG","407","ambulance","581","grille","5,531703","581|511|436|555|817","grille|convertible|beach wagon|fire engine|sports car","5,531703|5,135567|5,105921|4,489364|4,168700","false"
"/private/var/containers/Bundle/Application/4D01D32A-B666-4384-B213-31BBF61E54F1/CVTestsSUI.app/imagenet-hard-50-subset-2500__n02701002__ILSVRC2012_val_00017171.JPEG","images/n02701002/imagenet-hard-50-subset-2500__n02701002__ILSVRC2012_val_00017171.JPEG","407","ambulance","734","police van","6,401204","734|407|654|656|757","police van|ambulance|minibus|minivan|recreational vehicle","6,401204|5,884923|5,059138|3,810445|3,170197","true"
"/private/var/containers/Bundle/Application/4D01D32A-B666-4384-B213-31BBF61E54F1/CVTestsSUI.app/imagenet-hard-50-subset-2500__n02701002__ILSVRC2012_val_00021146.JPEG","images/n02701002/imagenet-hard-50-subset-2500__n02701002__ILSVRC2012_val_00021146.JPEG","407","ambulance","734","police van","5,843287","734|407|654|656|468","police van|ambulance|minibus|minivan|cab","5,843287|4,928038|4,371122|3,725302|3,274800","true"
"/private/var/containers/Bundle/Application/4D01D32A-B666-4384-B213-31BBF61E54F1/CVTestsSUI.app/imagenet-hard-50-subset-2500__n02701002__ILSVRC2012_val_00024658.JPEG","images/n02701002/imagenet-hard-50-subset-2500__n02701002__ILSVRC2012_val_00024658.JPEG","407","ambulance","734","police van","6,748579","734|407|468|751|656","police van|ambulance|cab|racer|minivan","6,748579|5,434835|3,276380|3,233939|3,105576","true"
"/private/var/containers/Bundle/Application/4D01D32A-B666-4384-B213-31BBF61E54F1/CVTestsSUI.app/imagenet-hard-50-subset-2500__n02701002__ILSVRC2012_val_00043593.JPEG","images/n02701002/imagenet-hard-50-subset-2500__n02701002__ILSVRC2012_val_00043593.JPEG","407","ambulance","734","police van","5,063004","734|407|654|468|779","police van|ambulance|minibus|cab|school bus","5,063004|4,708839|3,408121|3,197794|2,760006","true"
"/private/var/containers/Bundle/Application/4D01D32A-B666-4384-B213-31BBF61E54F1/CVTestsSUI.app/imagenet-hard-50-subset-2500__n02701002__ILSVRC2012_val_00049302.JPEG","images/n02701002/imagenet-hard-50-subset-2500__n02701002__ILSVRC2012_val_00049302.JPEG","407","ambulance","555","fire engine","5,645613","555|661|864|757|436","fire engine|Model T|tow truck|recreational vehicle|beach wagon","5,645613|5,138399|3,158990|2,969786|2,698600","false"
"/private/var/containers/Bundle/Application/4D01D32A-B666-4384-B213-31BBF61E54F1/CVTestsSUI.app/imagenet-hard-50-subset-2500__n03345487__ILSVRC2012_val_00000764.JPEG","images/n03345487/imagenet-hard-50-subset-2500__n03345487__ILSVRC2012_val_00000764.JPEG","555","fire engine","867","trailer truck","5,334301","867|569|864|555|517","trailer truck|garbage truck|tow truck|fire engine|crane","5,334301|5,123455|4,791317|4,625612|4,137924","true"
"/private/var/containers/Bundle/Application/4D01D32A-B666-4384-B213-31BBF61E54F1/CVTestsSUI.app/imagenet-hard-50-subset-2500__n03345487__ILSVRC2012_val_00001491.JPEG","images/n03345487/imagenet-hard-50-subset-2500__n03345487__ILSVRC2012_val_00001491.JPEG","555","fire engine","874","trolleybus","4,761178","874|829|920|705|557","trolleybus|streetcar|traffic light|passenger car|flagpole","4,761178|4,385021|3,903224|3,427400|3,280233","false"
"/private/var/containers/Bundle/Application/4D01D32A-B666-4384-B213-31BBF61E54F1/CVTestsSUI.app/imagenet-hard-50-subset-2500__n03345487__ILSVRC2012_val_00023423.JPEG","images/n03345487/imagenet-hard-50-subset-2500__n03345487__ILSVRC2012_val_00023423.JPEG","555","fire engine","407","ambulance","5,718894","407|555|734|864|757","ambulance|fire engine|police van|tow truck|recreational vehicle","5,718894|4,680496|4,520033|3,500743|3,444166","true"
"/private/var/containers/Bundle/Application/4D01D32A-B666-4384-B213-31BBF61E54F1/CVTestsSUI.app/imagenet-hard-50-subset-2500__n03345487__ILSVRC2012_val_00024593.JPEG","images/n03345487/imagenet-hard-50-subset-2500__n03345487__ILSVRC2012_val_00024593.JPEG","555","fire engine","779","school bus","5,639444","779|555|874|705|547","school bus|fire engine|trolleybus|passenger car|electric locomotive","5,639444|5,480658|3,653657|3,434393|2,433029","true"
"/private/var/containers/Bundle/Application/4D01D32A-B666-4384-B213-31BBF61E54F1/CVTestsSUI.app/imagenet-hard-50-subset-2500__n03345487__ILSVRC2012_val_00025134.JPEG","images/n03345487/imagenet-hard-50-subset-2500__n03345487__ILSVRC2012_val_00025134.JPEG","555","fire engine","829","streetcar","5,176060","829|555|547|705|407","streetcar|fire engine|electric locomotive|passenger car|ambulance","5,176060|5,031480|4,640826|3,956749|3,925666","true"
"/private/var/containers/Bundle/Application/4D01D32A-B666-4384-B213-31BBF61E54F1/CVTestsSUI.app/imagenet-hard-50-subset-2500__n03345487__ILSVRC2012_val_00028536.JPEG","images/n03345487/imagenet-hard-50-subset-2500__n03345487__ILSVRC2012_val_00028536.JPEG","555","fire engine","560","football helmet","4,487610","560|440|907|543|745","football helmet|beer bottle|wine bottle|dumbbell|projector","4,487610|4,140989|3,437437|3,373916|3,353050","false"
"/private/var/containers/Bundle/Application/4D01D32A-B666-4384-B213-31BBF61E54F1/CVTestsSUI.app/imagenet-hard-50-subset-2500__n03345487__ILSVRC2012_val_00032745.JPEG","images/n03345487/imagenet-hard-50-subset-2500__n03345487__ILSVRC2012_val_00032745.JPEG","555","fire engine","654","minibus","4,828609","654|757|705|609|734","minibus|recreational vehicle|passenger car|jeep|police van","4,828609|4,577302|3,997419|3,950301|3,798787","false"
"/private/var/containers/Bundle/Application/4D01D32A-B666-4384-B213-31BBF61E54F1/CVTestsSUI.app/imagenet-hard-50-subset-2500__n03345487__ILSVRC2012_val_00037232.JPEG","images/n03345487/imagenet-hard-50-subset-2500__n03345487__ILSVRC2012_val_00037232.JPEG","555","fire engine","829","streetcar","6,056757","829|874|733|555|920","streetcar|trolleybus|pole|fire engine|traffic light","6,056757|6,011335|4,852396|4,729448|4,408980","true"
"/private/var/containers/Bundle/Application/4D01D32A-B666-4384-B213-31BBF61E54F1/CVTestsSUI.app/imagenet-hard-50-subset-2500__n03345487__ILSVRC2012_val_00047888.JPEG","images/n03345487/imagenet-hard-50-subset-2500__n03345487__ILSVRC2012_val_00047888.JPEG","555","fire engine","820","steam locomotive","7,164416","820|856|595|867|866","steam locomotive|thresher|harvester|trailer truck|tractor","7,164416|4,237316|3,566672|3,282349|3,011104","false"
"/private/var/containers/Bundle/Application/4D01D32A-B666-4384-B213-31BBF61E54F1/CVTestsSUI.app/imagenet-hard-50-subset-2500__n03345487__ILSVRC2012_val_00048156.JPEG","images/n03345487/imagenet-hard-50-subset-2500__n03345487__ILSVRC2012_val_00048156.JPEG","555","fire engine","830","stretcher","5,037937","830|652|880|421|555","stretcher|military uniform|unicycle|bannister|fire engine","5,037937|3,319591|3,304059|3,056359|2,830108","true"
"/private/var/containers/Bundle/Application/4D01D32A-B666-4384-B213-31BBF61E54F1/CVTestsSUI.app/imagenet-hard-50-subset-2500__n03417042__ILSVRC2012_val_00002210.JPEG","images/n03417042/imagenet-hard-50-subset-2500__n03417042__ILSVRC2012_val_00002210.JPEG","569","garbage truck","867","trailer truck","7,408225","867|569|864|675|561","trailer truck|garbage truck|tow truck|moving van|forklift","7,408225|7,158199|6,107077|5,972861|4,622785","true"
"/private/var/containers/Bundle/Application/4D01D32A-B666-4384-B213-31BBF61E54F1/CVTestsSUI.app/imagenet-hard-50-subset-2500__n03417042__ILSVRC2012_val_00019147.JPEG","images/n03417042/imagenet-hard-50-subset-2500__n03417042__ILSVRC2012_val_00019147.JPEG","569","garbage truck","867","trailer truck","7,313699","867|569|864|675|561","trailer truck|garbage truck|tow truck|moving van|forklift","7,313699|7,238308|4,119392|3,978840|3,488437","true"
"/private/var/containers/Bundle/Application/4D01D32A-B666-4384-B213-31BBF61E54F1/CVTestsSUI.app/imagenet-hard-50-subset-2500__n03417042__ILSVRC2012_val_00032800.JPEG","images/n03417042/imagenet-hard-50-subset-2500__n03417042__ILSVRC2012_val_00032800.JPEG","569","garbage truck","803","snowplow","6,513634","803|569|915|867|874","snowplow|garbage truck|yurt|trailer truck|trolleybus","6,513634|5,777682|4,380937|4,353794|4,230644","true"
"/private/var/containers/Bundle/Application/4D01D32A-B666-4384-B213-31BBF61E54F1/CVTestsSUI.app/imagenet-hard-50-subset-2500__n03417042__ILSVRC2012_val_00034001.JPEG","images/n03417042/imagenet-hard-50-subset-2500__n03417042__ILSVRC2012_val_00034001.JPEG","569","garbage truck","867","trailer truck","6,478602","867|569|675|757|864","trailer truck|garbage truck|moving van|recreational vehicle|tow truck","6,478602|6,340340|5,128139|3,899868|3,080093","true"
"/private/var/containers/Bundle/Application/4D01D32A-B666-4384-B213-31BBF61E54F1/CVTestsSUI.app/imagenet-hard-50-subset-2500__n03417042__ILSVRC2012_val_00037947.JPEG","images/n03417042/imagenet-hard-50-subset-2500__n03417042__ILSVRC2012_val_00037947.JPEG","569","garbage truck","468","cab","3,857704","468|717|609|436|864","cab|pickup|jeep|beach wagon|tow truck","3,857704|3,857055|3,728383|3,550690|3,535954","false"
"/private/var/containers/Bundle/Application/4D01D32A-B666-4384-B213-31BBF61E54F1/CVTestsSUI.app/imagenet-hard-50-subset-2500__n03417042__ILSVRC2012_val_00039069.JPEG","images/n03417042/imagenet-hard-50-subset-2500__n03417042__ILSVRC2012_val_00039069.JPEG","569","garbage truck","867","trailer truck","5,613092","867|569|595|866|820","trailer truck|garbage truck|harvester|tractor|steam locomotive","5,613092|5,371110|5,218208|4,180399|3,638218","true"
"/private/var/containers/Bundle/Application/4D01D32A-B666-4384-B213-31BBF61E54F1/CVTestsSUI.app/imagenet-hard-50-subset-2500__n03417042__ILSVRC2012_val_00042487.JPEG","images/n03417042/imagenet-hard-50-subset-2500__n03417042__ILSVRC2012_val_00042487.JPEG","569","garbage truck","561","forklift","4,460685","561|595|847|408|586","forklift|harvester|tank|amphibian|half track","4,460685|4,435661|4,147596|3,953938|3,754000","false"
"/private/var/containers/Bundle/Application/4D01D32A-B666-4384-B213-31BBF61E54F1/CVTestsSUI.app/imagenet-hard-50-subset-2500__n03417042__ILSVRC2012_val_00046913.JPEG","images/n03417042/imagenet-hard-50-subset-2500__n03417042__ILSVRC2012_val_00046913.JPEG","569","garbage truck","866","tractor","5,100084","866|730|595|856|609","tractor|plow|harvester|thresher|jeep","5,100084|5,055978|4,347444|3,980227|3,540172","false"
"/private/var/containers/Bundle/Application/4D01D32A-B666-4384-B213-31BBF61E54F1/CVTestsSUI.app/imagenet-hard-50-subset-2500__n03417042__ILSVRC2012_val_00047189.JPEG","images/n03417042/imagenet-hard-50-subset-2500__n03417042__ILSVRC2012_val_00047189.JPEG","569","garbage truck","867","trailer truck","5,807951","867|569|660|864|757","trailer truck|garbage truck|mobile home|tow truck|recreational vehicle","5,807951|5,565596|4,231083|4,219436|4,120598","true"
"/private/var/containers/Bundle/Application/4D01D32A-B666-4384-B213-31BBF61E54F1/CVTestsSUI.app/imagenet-hard-50-subset-2500__n03930630__ILSVRC2012_val_00007733.JPEG","images/n03930630/imagenet-hard-50-subset-2500__n03930630__ILSVRC2012_val_00007733.JPEG","717","pickup","757","recreational vehicle","5,018518","757|660|675|654|874","recreational vehicle|mobile home|moving van|minibus|trolleybus","5,018518|4,852368|4,700658|4,306343|4,153203","false"
"/private/var/containers/Bundle/Application/4D01D32A-B666-4384-B213-31BBF61E54F1/CVTestsSUI.app/imagenet-hard-50-subset-2500__n03930630__ILSVRC2012_val_00015879.JPEG","images/n03930630/imagenet-hard-50-subset-2500__n03930630__ILSVRC2012_val_00015879.JPEG","717","pickup","511","convertible","5,295600","511|817|436|468|581","convertible|sports car|beach wagon|cab|grille","5,295600|4,647902|4,529032|4,162244|4,033112","false"
"/private/var/containers/Bundle/Application/4D01D32A-B666-4384-B213-31BBF61E54F1/CVTestsSUI.app/imagenet-hard-50-subset-2500__n03930630__ILSVRC2012_val_00017360.JPEG","images/n03930630/imagenet-hard-50-subset-2500__n03930630__ILSVRC2012_val_00017360.JPEG","717","pickup","511","convertible","5,572107","511|436|581|817|717","convertible|beach wagon|grille|sports car|pickup","5,572107|5,330802|4,874071|4,314605|4,230347","true"
"/private/var/containers/Bundle/Application/4D01D32A-B666-4384-B213-31BBF61E54F1/CVTestsSUI.app/imagenet-hard-50-subset-2500__n03930630__ILSVRC2012_val_00017708.JPEG","images/n03930630/imagenet-hard-50-subset-2500__n03930630__ILSVRC2012_val_00017708.JPEG","717","pickup","660","mobile home","4,341393","660|718|705|888|867","mobile home|pier|passenger car|viaduct|trailer truck","4,341393|4,028577|3,893843|3,789785|3,756196","false"
"/private/var/containers/Bundle/Application/4D01D32A-B666-4384-B213-31BBF61E54F1/CVTestsSUI.app/imagenet-hard-50-subset-2500__n03930630__ILSVRC2012_val_00026079.JPEG","images/n03930630/imagenet-hard-50-subset-2500__n03930630__ILSVRC2012_val_00026079.JPEG","717","pickup","661","Model T","6,426344","661|621|717|864|866","Model T|lawn mower|pickup|tow truck|tractor","6,426344|4,046217|3,902503|3,334193|3,298903","true"
"/private/var/containers/Bundle/Application/4D01D32A-B666-4384-B213-31BBF61E54F1/CVTestsSUI.app/imagenet-hard-50-subset-2500__n03930630__ILSVRC2012_val_00026503.JPEG","images/n03930630/imagenet-hard-50-subset-2500__n03930630__ILSVRC2012_val_00026503.JPEG","717","pickup","661","Model T","5,530270","661|717|479|511|751","Model T|pickup|car wheel|convertible|racer","5,530270|3,865283|3,855661|3,699059|3,583956","true"
"/private/var/containers/Bundle/Application/4D01D32A-B666-4384-B213-31BBF61E54F1/CVTestsSUI.app/imagenet-hard-50-subset-2500__n03930630__ILSVRC2012_val_00027997.JPEG","images/n03930630/imagenet-hard-50-subset-2500__n03930630__ILSVRC2012_val_00027997.JPEG","717","pickup","586","half track","4,974197","586|866|864|661|717","half track|tractor|tow truck|Model T|pickup","4,974197|3,959562|3,855295|3,521134|3,171756","true"
"/private/var/containers/Bundle/Application/4D01D32A-B666-4384-B213-31BBF61E54F1/CVTestsSUI.app/imagenet-hard-50-subset-2500__n03930630__ILSVRC2012_val_00029046.JPEG","images/n03930630/imagenet-hard-50-subset-2500__n03930630__ILSVRC2012_val_00029046.JPEG","717","pickup","581","grille","6,150800","581|717|555|511|468","grille|pickup|fire engine|convertible|cab","6,150800|4,944920|4,715063|4,278797|4,114542","true"
"/private/var/containers/Bundle/Application/4D01D32A-B666-4384-B213-31BBF61E54F1/CVTestsSUI.app/imagenet-hard-50-subset-2500__n03930630__ILSVRC2012_val_00029772.JPEG","images/n03930630/imagenet-hard-50-subset-2500__n03930630__ILSVRC2012_val_00029772.JPEG","717","pickup","817","sports car","3,694876","817|479|581|436|511","sports car|car wheel|grille|beach wagon|convertible","3,694876|3,582306|3,496681|3,232345|3,165341","false"
"/private/var/containers/Bundle/Application/4D01D32A-B666-4384-B213-31BBF61E54F1/CVTestsSUI.app/imagenet-hard-50-subset-2500__n03930630__ILSVRC2012_val_00034975.JPEG","images/n03930630/imagenet-hard-50-subset-2500__n03930630__ILSVRC2012_val_00034975.JPEG","717","pickup","864","tow truck","5,759594","864|717|609|803|627","tow truck|pickup|jeep|snowplow|limousine","5,759594|5,496315|5,035392|4,573855|3,955248","true"
"/private/var/containers/Bundle/Application/4D01D32A-B666-4384-B213-31BBF61E54F1/CVTestsSUI.app/imagenet-hard-50-subset-2500__n03930630__ILSVRC2012_val_00039508.JPEG","images/n03930630/imagenet-hard-50-subset-2500__n03930630__ILSVRC2012_val_00039508.JPEG","717","pickup","581","grille","5,929439","581|717|511|479|817","grille|pickup|convertible|car wheel|sports car","5,929439|5,891259|4,943379|3,895200|3,844450","true"
"/private/var/containers/Bundle/Application/4D01D32A-B666-4384-B213-31BBF61E54F1/CVTestsSUI.app/imagenet-hard-50-subset-2500__n03930630__ILSVRC2012_val_00039963.JPEG","images/n03930630/imagenet-hard-50-subset-2500__n03930630__ILSVRC2012_val_00039963.JPEG","717","pickup","475","car mirror","3,811923","475|654|561|569|864","car mirror|minibus|forklift|garbage truck|tow truck","3,811923|3,695963|3,642545|3,639604|3,346250","false"
"/private/var/containers/Bundle/Application/4D01D32A-B666-4384-B213-31BBF61E54F1/CVTestsSUI.app/imagenet-hard-50-subset-2500__n03930630__ILSVRC2012_val_00044388.JPEG","images/n03930630/imagenet-hard-50-subset-2500__n03930630__ILSVRC2012_val_00044388.JPEG","717","pickup","609","jeep","6,129472","609|717|436|660|581","jeep|pickup|beach wagon|mobile home|grille","6,129472|4,468896|4,317273|3,408164|3,347296","true"
"/private/var/containers/Bundle/Application/4D01D32A-B666-4384-B213-31BBF61E54F1/CVTestsSUI.app/imagenet-hard-50-subset-2500__n03930630__ILSVRC2012_val_00045071.JPEG","images/n03930630/imagenet-hard-50-subset-2500__n03930630__ILSVRC2012_val_00045071.JPEG","717","pickup","609","jeep","3,931716","609|717|660|803|733","jeep|pickup|mobile home|snowplow|pole","3,931716|3,858218|3,408922|3,213407|3,185265","true"
"/private/var/containers/Bundle/Application/4D01D32A-B666-4384-B213-31BBF61E54F1/CVTestsSUI.app/imagenet-hard-50-subset-2500__n03930630__ILSVRC2012_val_00049525.JPEG","images/n03930630/imagenet-hard-50-subset-2500__n03930630__ILSVRC2012_val_00049525.JPEG","717","pickup","511","convertible","5,689370","511|717|436|817|479","convertible|pickup|beach wagon|sports car|car wheel","5,689370|5,020745|4,107265|3,652357|3,618413","true"
"/private/var/containers/Bundle/Application/4D01D32A-B666-4384-B213-31BBF61E54F1/CVTestsSUI.app/imagenet-hard-50-subset-2500__n03930630__ILSVRC2012_val_00049789.JPEG","images/n03930630/imagenet-hard-50-subset-2500__n03930630__ILSVRC2012_val_00049789.JPEG","717","pickup","864","tow truck","5,218507","864|609|717|586|661","tow truck|jeep|pickup|half track|Model T","5,218507|4,690233|4,540703|4,404279|3,584677","true"
"/private/var/containers/Bundle/Application/4D01D32A-B666-4384-B213-31BBF61E54F1/CVTestsSUI.app/imagenet-hard-50-subset-2500__n04461696__ILSVRC2012_val_00000671.JPEG","images/n04461696/imagenet-hard-50-subset-2500__n04461696__ILSVRC2012_val_00000671.JPEG","864","tow truck","555","fire engine","5,277445","555|864|717|867|407","fire engine|tow truck|pickup|trailer truck|ambulance","5,277445|4,839465|4,532070|4,349198|3,895266","true"
"/private/var/containers/Bundle/Application/4D01D32A-B666-4384-B213-31BBF61E54F1/CVTestsSUI.app/imagenet-hard-50-subset-2500__n04461696__ILSVRC2012_val_00007500.JPEG","images/n04461696/imagenet-hard-50-subset-2500__n04461696__ILSVRC2012_val_00007500.JPEG","864","tow truck","627","limousine","4,602619","627|864|609|717|581","limousine|tow truck|jeep|pickup|grille","4,602619|4,144867|4,126518|3,688901|3,659064","true"
"/private/var/containers/Bundle/Application/4D01D32A-B666-4384-B213-31BBF61E54F1/CVTestsSUI.app/imagenet-hard-50-subset-2500__n04461696__ILSVRC2012_val_00007770.JPEG","images/n04461696/imagenet-hard-50-subset-2500__n04461696__ILSVRC2012_val_00007770.JPEG","864","tow truck","569","garbage truck","4,988377","569|864|867|803|866","garbage truck|tow truck|trailer truck|snowplow|tractor","4,988377|4,517102|4,146213|3,804344|2,881561","true"
"/private/var/containers/Bundle/Application/4D01D32A-B666-4384-B213-31BBF61E54F1/CVTestsSUI.app/imagenet-hard-50-subset-2500__n04461696__ILSVRC2012_val_00008483.JPEG","images/n04461696/imagenet-hard-50-subset-2500__n04461696__ILSVRC2012_val_00008483.JPEG","864","tow truck","867","trailer truck","7,070090","867|864|569|675|555","trailer truck|tow truck|garbage truck|moving van|fire engine","7,070090|6,619330|4,363256|3,638496|3,620929","true"
"/private/var/containers/Bundle/Application/4D01D32A-B666-4384-B213-31BBF61E54F1/CVTestsSUI.app/imagenet-hard-50-subset-2500__n04461696__ILSVRC2012_val_00013149.JPEG","images/n04461696/imagenet-hard-50-subset-2500__n04461696__ILSVRC2012_val_00013149.JPEG","864","tow truck","656","minivan","4,504051","656|734|407|436|864","minivan|police van|ambulance|beach wagon|tow truck","4,504051|4,236948|3,954179|3,909827|3,606723","true"
"/private/var/containers/Bundle/Application/4D01D32A-B666-4384-B213-31BBF61E54F1/CVTestsSUI.app/imagenet-hard-50-subset-2500__n04461696__ILSVRC2012_val_00014036.JPEG","images/n04461696/imagenet-hard-50-subset-2500__n04461696__ILSVRC2012_val_00014036.JPEG","864","tow truck","717","pickup","6,950326","717|864|581|555|609","pickup|tow truck|grille|fire engine|jeep","6,950326|5,613528|5,193284|3,900777|3,875116","true"
"/private/var/containers/Bundle/Application/4D01D32A-B666-4384-B213-31BBF61E54F1/CVTestsSUI.app/imagenet-hard-50-subset-2500__n04461696__ILSVRC2012_val_00016077.JPEG","images/n04461696/imagenet-hard-50-subset-2500__n04461696__ILSVRC2012_val_00016077.JPEG","864","tow truck","867","trailer truck","6,219826","867|864|555|757|569","trailer truck|tow truck|fire engine|recreational vehicle|garbage truck","6,219826|5,662503|4,173353|3,651698|3,421525","true"
"/private/var/containers/Bundle/Application/4D01D32A-B666-4384-B213-31BBF61E54F1/CVTestsSUI.app/imagenet-hard-50-subset-2500__n04461696__ILSVRC2012_val_00016835.JPEG","images/n04461696/imagenet-hard-50-subset-2500__n04461696__ILSVRC2012_val_00016835.JPEG","864","tow truck","654","minibus","4,935338","654|864|675|705|555","minibus|tow truck|moving van|passenger car|fire engine","4,935338|3,998408|3,886758|3,574165|3,438417","true"
"/private/var/containers/Bundle/Application/4D01D32A-B666-4384-B213-31BBF61E54F1/CVTestsSUI.app/imagenet-hard-50-subset-2500__n04461696__ILSVRC2012_val_00022323.JPEG","images/n04461696/imagenet-hard-50-subset-2500__n04461696__ILSVRC2012_val_00022323.JPEG","864","tow truck","656","minivan","5,678071","656|511|436|627|817","minivan|convertible|beach wagon|limousine|sports car","5,678071|5,332147|5,042216|4,458624|4,415466","false"
"/private/var/containers/Bundle/Application/4D01D32A-B666-4384-B213-31BBF61E54F1/CVTestsSUI.app/imagenet-hard-50-subset-2500__n04461696__ILSVRC2012_val_00025748.JPEG","images/n04461696/imagenet-hard-50-subset-2500__n04461696__ILSVRC2012_val_00025748.JPEG","864","tow truck","654","minibus","3,720419","654|705|555|864|779","minibus|passenger car|fire engine|tow truck|school bus","3,720419|3,552311|3,380468|3,221587|3,203094","true"
"/private/var/containers/Bundle/Application/4D01D32A-B666-4384-B213-31BBF61E54F1/CVTestsSUI.app/imagenet-hard-50-subset-2500__n04461696__ILSVRC2012_val_00026004.JPEG","images/n04461696/imagenet-hard-50-subset-2500__n04461696__ILSVRC2012_val_00026004.JPEG","864","tow truck","757","recreational vehicle","6,157197","757|660|609|654|803","recreational vehicle|mobile home|jeep|minibus|snowplow","6,157197|4,713241|4,500665|3,718587|3,430459","false"
"/private/var/containers/Bundle/Application/4D01D32A-B666-4384-B213-31BBF61E54F1/CVTestsSUI.app/imagenet-hard-50-subset-2500__n04461696__ILSVRC2012_val_00027416.JPEG","images/n04461696/imagenet-hard-50-subset-2500__n04461696__ILSVRC2012_val_00027416.JPEG","864","tow truck","555","fire engine","4,189348","555|864|803|595|867","fire engine|tow truck|snowplow|harvester|trailer truck","4,189348|3,961827|3,430798|3,291112|3,127468","true"
"/private/var/containers/Bundle/Application/4D01D32A-B666-4384-B213-31BBF61E54F1/CVTestsSUI.app/imagenet-hard-50-subset-2500__n04461696__ILSVRC2012_val_00027753.JPEG","images/n04461696/imagenet-hard-50-subset-2500__n04461696__ILSVRC2012_val_00027753.JPEG","864","tow truck","920","traffic light","4,163463","920|698|682|975|408","traffic light|palace|obelisk|lakeside|amphibian","4,163463|3,463887|3,314351|3,240097|2,970651","false"
"/private/var/containers/Bundle/Application/4D01D32A-B666-4384-B213-31BBF61E54F1/CVTestsSUI.app/imagenet-hard-50-subset-2500__n04461696__ILSVRC2012_val_00028004.JPEG","images/n04461696/imagenet-hard-50-subset-2500__n04461696__ILSVRC2012_val_00028004.JPEG","864","tow truck","717","pickup","7,237761","717|661|864|609|479","pickup|Model T|tow truck|jeep|car wheel","7,237761|6,780976|5,835029|3,984924|3,740806","true"
"/private/var/containers/Bundle/Application/4D01D32A-B666-4384-B213-31BBF61E54F1/CVTestsSUI.app/imagenet-hard-50-subset-2500__n04461696__ILSVRC2012_val_00031256.JPEG","images/n04461696/imagenet-hard-50-subset-2500__n04461696__ILSVRC2012_val_00031256.JPEG","864","tow truck","468","cab","5,805658","468|864|779|873|698","cab|tow truck|school bus|triumphal arch|palace","5,805658|4,451186|3,952357|3,850269|3,734181","true"
"/private/var/containers/Bundle/Application/4D01D32A-B666-4384-B213-31BBF61E54F1/CVTestsSUI.app/imagenet-hard-50-subset-2500__n04461696__ILSVRC2012_val_00039347.JPEG","images/n04461696/imagenet-hard-50-subset-2500__n04461696__ILSVRC2012_val_00039347.JPEG","864","tow truck","581","grille","6,201823","581|717|468|436|864","grille|pickup|cab|beach wagon|tow truck","6,201823|5,650196|5,601187|4,667256|4,149215","true"
"/private/var/containers/Bundle/Application/4D01D32A-B666-4384-B213-31BBF61E54F1/CVTestsSUI.app/imagenet-hard-50-subset-2500__n04461696__ILSVRC2012_val_00041027.JPEG","images/n04461696/imagenet-hard-50-subset-2500__n04461696__ILSVRC2012_val_00041027.JPEG","864","tow truck","803","snowplow","4,469193","803|864|555|595|717","snowplow|tow truck|fire engine|harvester|pickup","4,469193|4,415771|3,998268|3,226547|2,956613","true"
"/private/var/containers/Bundle/Application/4D01D32A-B666-4384-B213-31BBF61E54F1/CVTestsSUI.app/imagenet-hard-50-subset-2500__n04461696__ILSVRC2012_val_00045225.JPEG","images/n04461696/imagenet-hard-50-subset-2500__n04461696__ILSVRC2012_val_00045225.JPEG","864","tow truck","920","traffic light","6,480533","920|468|627|803|407","traffic light|cab|limousine|snowplow|ambulance","6,480533|6,084231|5,744992|4,578907|4,558318","false"
"/private/var/containers/Bundle/Application/4D01D32A-B666-4384-B213-31BBF61E54F1/CVTestsSUI.app/imagenet-hard-50-subset-2500__n04461696__ILSVRC2012_val_00046404.JPEG","images/n04461696/imagenet-hard-50-subset-2500__n04461696__ILSVRC2012_val_00046404.JPEG","864","tow truck","468","cab","5,658759","468|734|864|407|751","cab|police van|tow truck|ambulance|racer","5,658759|5,155826|4,773302|4,439338|4,214390","true"
"/private/var/containers/Bundle/Application/4D01D32A-B666-4384-B213-31BBF61E54F1/CVTestsSUI.app/imagenet-hard-50-subset-2500__n04461696__ILSVRC2012_val_00046880.JPEG","images/n04461696/imagenet-hard-50-subset-2500__n04461696__ILSVRC2012_val_00046880.JPEG","864","tow truck","511","convertible","5,531080","511|436|627|717|864","convertible|beach wagon|limousine|pickup|tow truck","5,531080|3,716122|3,664327|3,532101|3,056149","true"
"/private/var/containers/Bundle/Application/4D01D32A-B666-4384-B213-31BBF61E54F1/CVTestsSUI.app/imagenet-hard-50-subset-2500__n04461696__ILSVRC2012_val_00046973.JPEG","images/n04461696/imagenet-hard-50-subset-2500__n04461696__ILSVRC2012_val_00046973.JPEG","864","tow truck","627","limousine","4,301219","627|705|745|742|800","limousine|passenger car|projector|printer|slot","4,301219|3,382654|3,234108|3,142345|3,091335","false"
"/private/var/containers/Bundle/Application/4D01D32A-B666-4384-B213-31BBF61E54F1/CVTestsSUI.app/imagenet-hard-50-subset-2500__n04461696__ILSVRC2012_val_00047720.JPEG","images/n04461696/imagenet-hard-50-subset-2500__n04461696__ILSVRC2012_val_00047720.JPEG","864","tow truck","569","garbage truck","4,925900","569|864|621|595|866","garbage truck|tow truck|lawn mower|harvester|tractor","4,925900|4,917232|4,679515|4,612474|4,460982","true"
"/private/var/containers/Bundle/Application/4D01D32A-B666-4384-B213-31BBF61E54F1/CVTestsSUI.app/imagenet-hard-50-subset-2500__n04461696__ILSVRC2012_val_00048241.JPEG","images/n04461696/imagenet-hard-50-subset-2500__n04461696__ILSVRC2012_val_00048241.JPEG","864","tow truck","511","convertible","4,454167","511|479|609|864|817","convertible|car wheel|jeep|tow truck|sports car","4,454167|4,416568|4,126170|3,983797|3,815377","true"
"/private/var/containers/Bundle/Application/4D01D32A-B666-4384-B213-31BBF61E54F1/CVTestsSUI.app/imagenet-hard-50-subset-2500__n04461696__ILSVRC2012_val_00049076.JPEG","images/n04461696/imagenet-hard-50-subset-2500__n04461696__ILSVRC2012_val_00049076.JPEG","864","tow truck","555","fire engine","4,575414","555|864|595|609|511","fire engine|tow truck|harvester|jeep|convertible","4,575414|4,572834|4,173207|3,310749|3,013961","true"
"/private/var/containers/Bundle/Application/4D01D32A-B666-4384-B213-31BBF61E54F1/CVTestsSUI.app/imagenet-hard-50-subset-2500__n04467665__ILSVRC2012_val_00001797.JPEG","images/n04467665/imagenet-hard-50-subset-2500__n04467665__ILSVRC2012_val_00001797.JPEG","867","trailer truck","757","recreational vehicle","5,794262","757|867|864|717|660","recreational vehicle|trailer truck|tow truck|pickup|mobile home","5,794262|5,467349|4,786414|4,503299|4,279515","true"
"/private/var/containers/Bundle/Application/4D01D32A-B666-4384-B213-31BBF61E54F1/CVTestsSUI.app/imagenet-hard-50-subset-2500__n04467665__ILSVRC2012_val_00014857.JPEG","images/n04467665/imagenet-hard-50-subset-2500__n04467665__ILSVRC2012_val_00014857.JPEG","867","trailer truck","757","recreational vehicle","6,236094","757|660|675|654|867","recreational vehicle|mobile home|moving van|minibus|trailer truck","6,236094|4,807037|4,420616|4,025561|3,892353","true"
"/private/var/containers/Bundle/Application/4D01D32A-B666-4384-B213-31BBF61E54F1/CVTestsSUI.app/imagenet-hard-50-subset-2500__n04467665__ILSVRC2012_val_00015480.JPEG","images/n04467665/imagenet-hard-50-subset-2500__n04467665__ILSVRC2012_val_00015480.JPEG","867","trailer truck","483","castle","6,878883","483|698|437|497|663","castle|palace|beacon|church|monastery","6,878883|5,267951|4,284040|4,189898|3,756952","false"
"/private/var/containers/Bundle/Application/4D01D32A-B666-4384-B213-31BBF61E54F1/CVTestsSUI.app/imagenet-hard-50-subset-2500__n04467665__ILSVRC2012_val_00029961.JPEG","images/n04467665/imagenet-hard-50-subset-2500__n04467665__ILSVRC2012_val_00029961.JPEG","867","trailer truck","919","street sign","6,053700","919|920|733|867|704","street sign|traffic light|pole|trailer truck|parking meter","6,053700|5,030698|4,130856|4,035859|3,737832","true"
"/private/var/containers/Bundle/Application/4D01D32A-B666-4384-B213-31BBF61E54F1/CVTestsSUI.app/imagenet-hard-50-subset-2500__n04467665__ILSVRC2012_val_00030427.JPEG","images/n04467665/imagenet-hard-50-subset-2500__n04467665__ILSVRC2012_val_00030427.JPEG","867","trailer truck","460","breakwater","4,724183","460|920|833|867|536","breakwater|traffic light|submarine|trailer truck|dock","4,724183|4,402984|4,275869|3,261268|3,006708","true"
"/private/var/containers/Bundle/Application/4D01D32A-B666-4384-B213-31BBF61E54F1/CVTestsSUI.app/imagenet-hard-50-subset-2500__n04467665__ILSVRC2012_val_00030748.JPEG","images/n04467665/imagenet-hard-50-subset-2500__n04467665__ILSVRC2012_val_00030748.JPEG","867","trailer truck","864","tow truck","4,788100","864|867|555|751|803","tow truck|trailer truck|fire engine|racer|snowplow","4,788100|4,429524|4,105323|4,011828|3,463221","true"
"/private/var/containers/Bundle/Application/4D01D32A-B666-4384-B213-31BBF61E54F1/CVTestsSUI.app/imagenet-hard-50-subset-2500__n04467665__ILSVRC2012_val_00032742.JPEG","images/n04467665/imagenet-hard-50-subset-2500__n04467665__ILSVRC2012_val_00032742.JPEG","867","trailer truck","920","traffic light","5,033095","920|867|733|900|657","traffic light|trailer truck|pole|water tower|missile","5,033095|4,870148|4,052854|3,690593|3,657256","true"
"/private/var/containers/Bundle/Application/4D01D32A-B666-4384-B213-31BBF61E54F1/CVTestsSUI.app/imagenet-hard-50-subset-2500__n04467665__ILSVRC2012_val_00033485.JPEG","images/n04467665/imagenet-hard-50-subset-2500__n04467665__ILSVRC2012_val_00033485.JPEG","867","trailer truck","525","dam","6,827846","525|460|867|977|839","dam|breakwater|trailer truck|sandbar|suspension bridge","6,827846|6,425356|5,512636|4,109947|3,880352","true"
"/private/var/containers/Bundle/Application/4D01D32A-B666-4384-B213-31BBF61E54F1/CVTestsSUI.app/imagenet-hard-50-subset-2500__n04467665__ILSVRC2012_val_00035841.JPEG","images/n04467665/imagenet-hard-50-subset-2500__n04467665__ILSVRC2012_val_00035841.JPEG","867","trailer truck","839","suspension bridge","5,970402","839|718|460|536|510","suspension bridge|pier|breakwater|dock|container ship","5,970402|5,567322|5,352632|3,848406|3,769952","false"
"/private/var/containers/Bundle/Application/4D01D32A-B666-4384-B213-31BBF61E54F1/CVTestsSUI.app/imagenet-hard-50-subset-2500__n04467665__ILSVRC2012_val_00038561.JPEG","images/n04467665/imagenet-hard-50-subset-2500__n04467665__ILSVRC2012_val_00038561.JPEG","867","trailer truck","555","fire engine","5,408072","555|864|867|569|407","fire engine|tow truck|trailer truck|garbage truck|ambulance","5,408072|4,669241|4,098649|3,825861|3,762117","true"
"/private/var/containers/Bundle/Application/4D01D32A-B666-4384-B213-31BBF61E54F1/CVTestsSUI.app/imagenet-hard-50-subset-2500__n03769881__ILSVRC2012_val_00001207.JPEG","images/n03769881/imagenet-hard-50-subset-2500__n03769881__ILSVRC2012_val_00001207.JPEG","654","minibus","436","beach wagon","5,024558","436|654|656|407|581","beach wagon|minibus|minivan|ambulance|grille","5,024558|4,718681|4,425232|3,388496|3,377385","true"
"/private/var/containers/Bundle/Application/4D01D32A-B666-4384-B213-31BBF61E54F1/CVTestsSUI.app/imagenet-hard-50-subset-2500__n03769881__ILSVRC2012_val_00004866.JPEG","images/n03769881/imagenet-hard-50-subset-2500__n03769881__ILSVRC2012_val_00004866.JPEG","654","minibus","734","police van","5,576385","734|654|407|675|757","police van|minibus|ambulance|moving van|recreational vehicle","5,576385|5,554505|5,172524|4,791138|3,051448","true"
"/private/var/containers/Bundle/Application/4D01D32A-B666-4384-B213-31BBF61E54F1/CVTestsSUI.app/imagenet-hard-50-subset-2500__n03769881__ILSVRC2012_val_00012953.JPEG","images/n03769881/imagenet-hard-50-subset-2500__n03769881__ILSVRC2012_val_00012953.JPEG","654","minibus","675","moving van","6,634170","675|654|757|734|656","moving van|minibus|recreational vehicle|police van|minivan","6,634170|6,163526|6,045660|5,576358|4,783956","true"
"/private/var/containers/Bundle/Application/4D01D32A-B666-4384-B213-31BBF61E54F1/CVTestsSUI.app/imagenet-hard-50-subset-2500__n03769881__ILSVRC2012_val_00017651.JPEG","images/n03769881/imagenet-hard-50-subset-2500__n03769881__ILSVRC2012_val_00017651.JPEG","654","minibus","407","ambulance","4,208073","407|654|555|874|734","ambulance|minibus|fire engine|trolleybus|police van","4,208073|3,938484|3,821131|3,316381|3,113253","true"
"/private/var/containers/Bundle/Application/4D01D32A-B666-4384-B213-31BBF61E54F1/CVTestsSUI.app/imagenet-hard-50-subset-2500__n03769881__ILSVRC2012_val_00021324.JPEG","images/n03769881/imagenet-hard-50-subset-2500__n03769881__ILSVRC2012_val_00021324.JPEG","654","minibus","609","jeep","5,475031","609|654|717|734|656","jeep|minibus|pickup|police van|minivan","5,475031|5,062076|4,749758|4,511998|4,259217","true"
"/private/var/containers/Bundle/Application/4D01D32A-B666-4384-B213-31BBF61E54F1/CVTestsSUI.app/imagenet-hard-50-subset-2500__n03769881__ILSVRC2012_val_00024201.JPEG","images/n03769881/imagenet-hard-50-subset-2500__n03769881__ILSVRC2012_val_00024201.JPEG","654","minibus","874","trolleybus","4,298995","874|654|627|757|675","trolleybus|minibus|limousine|recreational vehicle|moving van","4,298995|4,282734|3,948482|3,778640|3,654287","true"
"/private/var/containers/Bundle/Application/4D01D32A-B666-4384-B213-31BBF61E54F1/CVTestsSUI.app/imagenet-hard-50-subset-2500__n03769881__ILSVRC2012_val_00024788.JPEG","images/n03769881/imagenet-hard-50-subset-2500__n03769881__ILSVRC2012_val_00024788.JPEG","654","minibus","468","cab","5,021839","468|654|656|575|436","cab|minibus|minivan|golfcart|beach wagon","5,021839|4,598743|4,325614|3,942544|3,890008","true"
"/private/var/containers/Bundle/Application/4D01D32A-B666-4384-B213-31BBF61E54F1/CVTestsSUI.app/imagenet-hard-50-subset-2500__n03769881__ILSVRC2012_val_00027080.JPEG","images/n03769881/imagenet-hard-50-subset-2500__n03769881__ILSVRC2012_val_00027080.JPEG","654","minibus","734","police van","5,195761","734|654|407|675|757","police van|minibus|ambulance|moving van|recreational vehicle","5,195761|5,069570|4,036530|3,597229|3,422186","true"
"/private/var/containers/Bundle/Application/4D01D32A-B666-4384-B213-31BBF61E54F1/CVTestsSUI.app/imagenet-hard-50-subset-2500__n03769881__ILSVRC2012_val_00027191.JPEG","images/n03769881/imagenet-hard-50-subset-2500__n03769881__ILSVRC2012_val_00027191.JPEG","654","minibus","734","police van","5,249789","734|654|757|675|407","police van|minibus|recreational vehicle|moving van|ambulance","5,249789|5,234199|4,910355|4,125874|3,988818","true"
"/private/var/containers/Bundle/Application/4D01D32A-B666-4384-B213-31BBF61E54F1/CVTestsSUI.app/imagenet-hard-50-subset-2500__n03769881__ILSVRC2012_val_00031610.JPEG","images/n03769881/imagenet-hard-50-subset-2500__n03769881__ILSVRC2012_val_00031610.JPEG","654","minibus","627","limousine","7,677557","627|654|656|757|982","limousine|minibus|minivan|recreational vehicle|groom","7,677557|6,501845|6,311589|5,162456|5,028064","true"
"/private/var/containers/Bundle/Application/4D01D32A-B666-4384-B213-31BBF61E54F1/CVTestsSUI.app/imagenet-hard-50-subset-2500__n03769881__ILSVRC2012_val_00032382.JPEG","images/n03769881/imagenet-hard-50-subset-2500__n03769881__ILSVRC2012_val_00032382.JPEG","654","minibus","483","castle","3,576876","483|734|663|654|407","castle|police van|monastery|minibus|ambulance","3,576876|3,561318|3,539958|3,429274|3,249958","true"
"/private/var/containers/Bundle/Application/4D01D32A-B666-4384-B213-31BBF61E54F1/CVTestsSUI.app/imagenet-hard-50-subset-2500__n03769881__ILSVRC2012_val_00035663.JPEG","images/n03769881/imagenet-hard-50-subset-2500__n03769881__ILSVRC2012_val_00035663.JPEG","654","minibus","656","minivan","5,399515","656|555|654|407|717","minivan|fire engine|minibus|ambulance|pickup","5,399515|4,254747|4,135764|3,993549|3,378991","true"
"/private/var/containers/Bundle/Application/4D01D32A-B666-4384-B213-31BBF61E54F1/CVTestsSUI.app/imagenet-hard-50-subset-2500__n03769881__ILSVRC2012_val_00037159.JPEG","images/n03769881/imagenet-hard-50-subset-2500__n03769881__ILSVRC2012_val_00037159.JPEG","654","minibus","757","recreational vehicle","5,931180","757|407|654|675|734","recreational vehicle|ambulance|minibus|moving van|police van","5,931180|5,930842|5,493527|4,971502|4,907784","true"
"/private/var/containers/Bundle/Application/4D01D32A-B666-4384-B213-31BBF61E54F1/CVTestsSUI.app/imagenet-hard-50-subset-2500__n03769881__ILSVRC2012_val_00041906.JPEG","images/n03769881/imagenet-hard-50-subset-2500__n03769881__ILSVRC2012_val_00041906.JPEG","654","minibus","627","limousine","8,532272","627|654|982|578|757","limousine|minibus|groom|gown|recreational vehicle","8,532272|6,434130|5,698579|4,917264|4,901209","true"
"/private/var/containers/Bundle/Application/4D01D32A-B666-4384-B213-31BBF61E54F1/CVTestsSUI.app/imagenet-hard-50-subset-2500__n03769881__ILSVRC2012_val_00042007.JPEG","images/n03769881/imagenet-hard-50-subset-2500__n03769881__ILSVRC2012_val_00042007.JPEG","654","minibus","407","ambulance","5,582044","407|654|734|675|656","ambulance|minibus|police van|moving van|minivan","5,582044|4,825064|4,771848|4,182628|3,197799","true"
"/private/var/containers/Bundle/Application/4D01D32A-B666-4384-B213-31BBF61E54F1/CVTestsSUI.app/imagenet-hard-50-subset-2500__n03769881__ILSVRC2012_val_00043105.JPEG","images/n03769881/imagenet-hard-50-subset-2500__n03769881__ILSVRC2012_val_00043105.JPEG","654","minibus","734","police van","4,246901","734|407|751|479|656","police van|ambulance|racer|car wheel|minivan","4,246901|3,853518|3,753805|3,527919|3,483999","false"
"/private/var/containers/Bundle/Application/4D01D32A-B666-4384-B213-31BBF61E54F1/CVTestsSUI.app/imagenet-hard-50-subset-2500__n03769881__ILSVRC2012_val_00049177.JPEG","images/n03769881/imagenet-hard-50-subset-2500__n03769881__ILSVRC2012_val_00049177.JPEG","654","minibus","779","school bus","7,999147","779|874|757|705|654","school bus|trolleybus|recreational vehicle|passenger car|minibus","7,999147|3,963005|3,229295|3,099892|3,089207","true"
"/private/var/containers/Bundle/Application/4D01D32A-B666-4384-B213-31BBF61E54F1/CVTestsSUI.app/imagenet-hard-50-subset-2500__n04146614__ILSVRC2012_val_00013295.JPEG","images/n04146614/imagenet-hard-50-subset-2500__n04146614__ILSVRC2012_val_00013295.JPEG","779","school bus","829","streetcar","5,354331","829|874|705|654|779","streetcar|trolleybus|passenger car|minibus|school bus","5,354331|5,239634|4,442432|3,929253|3,061941","true"
"/private/var/containers/Bundle/Application/4D01D32A-B666-4384-B213-31BBF61E54F1/CVTestsSUI.app/imagenet-hard-50-subset-2500__n04146614__ILSVRC2012_val_00018568.JPEG","images/n04146614/imagenet-hard-50-subset-2500__n04146614__ILSVRC2012_val_00018568.JPEG","779","school bus","866","tractor","5,569736","866|867|595|856|779","tractor|trailer truck|harvester|thresher|school bus","5,569736|4,435459|4,413962|3,941305|3,928953","true"
"/private/var/containers/Bundle/Application/4D01D32A-B666-4384-B213-31BBF61E54F1/CVTestsSUI.app/imagenet-hard-50-subset-2500__n04146614__ILSVRC2012_val_00045384.JPEG","images/n04146614/imagenet-hard-50-subset-2500__n04146614__ILSVRC2012_val_00045384.JPEG","779","school bus","874","trolleybus","6,300993","874|705|779|757|829","trolleybus|passenger car|school bus|recreational vehicle|streetcar","6,300993|5,712141|5,139771|4,654498|4,580522","true"
"/private/var/containers/Bundle/Application/4D01D32A-B666-4384-B213-31BBF61E54F1/CVTestsSUI.app/imagenet-hard-50-subset-2500__n04146614__ILSVRC2012_val_00047962.JPEG","images/n04146614/imagenet-hard-50-subset-2500__n04146614__ILSVRC2012_val_00047962.JPEG","779","school bus","920","traffic light","6,770255","920|779|704|637|919","traffic light|school bus|parking meter|mailbox|street sign","6,770255|5,660928|5,440305|4,482475|4,441646","true"
"/private/var/containers/Bundle/Application/4D01D32A-B666-4384-B213-31BBF61E54F1/CVTestsSUI.app/imagenet-hard-50-subset-2500__n04487081__ILSVRC2012_val_00011711.JPEG","images/n04487081/imagenet-hard-50-subset-2500__n04487081__ILSVRC2012_val_00011711.JPEG","874","trolleybus","779","school bus","5,818021","779|874|705|654|829","school bus|trolleybus|passenger car|minibus|streetcar","5,818021|5,705729|4,303562|3,869441|2,695004","true"
"/private/var/containers/Bundle/Application/4D01D32A-B666-4384-B213-31BBF61E54F1/CVTestsSUI.app/imagenet-hard-50-subset-2500__n04487081__ILSVRC2012_val_00041413.JPEG","images/n04487081/imagenet-hard-50-subset-2500__n04487081__ILSVRC2012_val_00041413.JPEG","874","trolleybus","829","streetcar","4,978036","829|874|654|734|569","streetcar|trolleybus|minibus|police van|garbage truck","4,978036|4,739531|3,841406|3,668869|3,017157","true"
"/private/var/containers/Bundle/Application/4D01D32A-B666-4384-B213-31BBF61E54F1/CVTestsSUI.app/imagenet-hard-50-subset-2500__n04285008__ILSVRC2012_val_00003049.JPEG","images/n04285008/imagenet-hard-50-subset-2500__n04285008__ILSVRC2012_val_00003049.JPEG","817","sports car","751","racer","7,032962","751|468|817|734|479","racer|cab|sports car|police van|car wheel","7,032962|6,100916|5,240497|4,734760|3,633436","true"
"/private/var/containers/Bundle/Application/4D01D32A-B666-4384-B213-31BBF61E54F1/CVTestsSUI.app/imagenet-hard-50-subset-2500__n04285008__ILSVRC2012_val_00003478.JPEG","images/n04285008/imagenet-hard-50-subset-2500__n04285008__ILSVRC2012_val_00003478.JPEG","817","sports car","511","convertible","7,571615","511|817|751|627|479","convertible|sports car|racer|limousine|car wheel","7,571615|7,160568|4,829597|4,559061|4,494475","true"
"/private/var/containers/Bundle/Application/4D01D32A-B666-4384-B213-31BBF61E54F1/CVTestsSUI.app/imagenet-hard-50-subset-2500__n04285008__ILSVRC2012_val_00003896.JPEG","images/n04285008/imagenet-hard-50-subset-2500__n04285008__ILSVRC2012_val_00003896.JPEG","817","sports car","511","convertible","7,195692","511|817|751|479|581","convertible|sports car|racer|car wheel|grille","7,195692|6,854631|4,564453|4,365390|3,977679","true"
"/private/var/containers/Bundle/Application/4D01D32A-B666-4384-B213-31BBF61E54F1/CVTestsSUI.app/imagenet-hard-50-subset-2500__n04285008__ILSVRC2012_val_00004076.JPEG","images/n04285008/imagenet-hard-50-subset-2500__n04285008__ILSVRC2012_val_00004076.JPEG","817","sports car","511","convertible","5,798188","511|817|436|717|581","convertible|sports car|beach wagon|pickup|grille","5,798188|4,540255|4,382866|3,991257|3,683534","true"
"/private/var/containers/Bundle/Application/4D01D32A-B666-4384-B213-31BBF61E54F1/CVTestsSUI.app/imagenet-hard-50-subset-2500__n04285008__ILSVRC2012_val_00004868.JPEG","images/n04285008/imagenet-hard-50-subset-2500__n04285008__ILSVRC2012_val_00004868.JPEG","817","sports car","511","convertible","6,523617","511|817|479|581|436","convertible|sports car|car wheel|grille|beach wagon","6,523617|6,057699|4,582477|4,306092|3,987866","true"
"/private/var/containers/Bundle/Application/4D01D32A-B666-4384-B213-31BBF61E54F1/CVTestsSUI.app/imagenet-hard-50-subset-2500__n04285008__ILSVRC2012_val_00004970.JPEG","images/n04285008/imagenet-hard-50-subset-2500__n04285008__ILSVRC2012_val_00004970.JPEG","817","sports car","511","convertible","4,767614","511|817|581|479|468","convertible|sports car|grille|car wheel|cab","4,767614|4,658528|4,330399|4,163839|3,966808","true"
"/private/var/containers/Bundle/Application/4D01D32A-B666-4384-B213-31BBF61E54F1/CVTestsSUI.app/imagenet-hard-50-subset-2500__n04285008__ILSVRC2012_val_00007125.JPEG","images/n04285008/imagenet-hard-50-subset-2500__n04285008__ILSVRC2012_val_00007125.JPEG","817","sports car","751","racer","6,260838","751|817|581|511|479","racer|sports car|grille|convertible|car wheel","6,260838|6,172317|4,363043|3,900884|3,682092","true"
"/private/var/containers/Bundle/Application/4D01D32A-B666-4384-B213-31BBF61E54F1/CVTestsSUI.app/imagenet-hard-50-subset-2500__n04285008__ILSVRC2012_val_00007592.JPEG","images/n04285008/imagenet-hard-50-subset-2500__n04285008__ILSVRC2012_val_00007592.JPEG","817","sports car","511","convertible","5,499127","511|817|581|436|479","convertible|sports car|grille|beach wagon|car wheel","5,499127|4,870407|4,575438|3,787448|3,737810","true"
"/private/var/containers/Bundle/Application/4D01D32A-B666-4384-B213-31BBF61E54F1/CVTestsSUI.app/imagenet-hard-50-subset-2500__n04285008__ILSVRC2012_val_00009607.JPEG","images/n04285008/imagenet-hard-50-subset-2500__n04285008__ILSVRC2012_val_00009607.JPEG","817","sports car","751","racer","5,490690","751|555|864|817|511","racer|fire engine|tow truck|sports car|convertible","5,490690|4,305559|3,824177|3,814738|3,418252","true"
"/private/var/containers/Bundle/Application/4D01D32A-B666-4384-B213-31BBF61E54F1/CVTestsSUI.app/imagenet-hard-50-subset-2500__n04285008__ILSVRC2012_val_00010455.JPEG","images/n04285008/imagenet-hard-50-subset-2500__n04285008__ILSVRC2012_val_00010455.JPEG","817","sports car","511","convertible","6,057406","511|817|581|479|436","convertible|sports car|grille|car wheel|beach wagon","6,057406|5,673503|4,768528|4,530585|4,242673","true"
"/private/var/containers/Bundle/Application/4D01D32A-B666-4384-B213-31BBF61E54F1/CVTestsSUI.app/imagenet-hard-50-subset-2500__n04285008__ILSVRC2012_val_00010983.JPEG","images/n04285008/imagenet-hard-50-subset-2500__n04285008__ILSVRC2012_val_00010983.JPEG","817","sports car","661","Model T","5,226963","661|479|609|586|717","Model T|car wheel|jeep|half track|pickup","5,226963|3,399096|3,290931|3,236901|3,172972","false"
"/private/var/containers/Bundle/Application/4D01D32A-B666-4384-B213-31BBF61E54F1/CVTestsSUI.app/imagenet-hard-50-subset-2500__n04285008__ILSVRC2012_val_00012327.JPEG","images/n04285008/imagenet-hard-50-subset-2500__n04285008__ILSVRC2012_val_00012327.JPEG","817","sports car","511","convertible","4,909673","511|817|581|656|436","convertible|sports car|grille|minivan|beach wagon","4,909673|4,736334|4,577376|4,167002|4,154574","true"
"/private/var/containers/Bundle/Application/4D01D32A-B666-4384-B213-31BBF61E54F1/CVTestsSUI.app/imagenet-hard-50-subset-2500__n04285008__ILSVRC2012_val_00013805.JPEG","images/n04285008/imagenet-hard-50-subset-2500__n04285008__ILSVRC2012_val_00013805.JPEG","817","sports car","751","racer","5,018364","751|864|555|867|817","racer|tow truck|fire engine|trailer truck|sports car","5,018364|4,986681|4,826808|4,242995|3,976850","true"
"/private/var/containers/Bundle/Application/4D01D32A-B666-4384-B213-31BBF61E54F1/CVTestsSUI.app/imagenet-hard-50-subset-2500__n04285008__ILSVRC2012_val_00022270.JPEG","images/n04285008/imagenet-hard-50-subset-2500__n04285008__ILSVRC2012_val_00022270.JPEG","817","sports car","751","racer","7,484248","751|817|468|479|734","racer|sports car|cab|car wheel|police van","7,484248|6,110645|4,695264|3,932974|3,143412","true"
"/private/var/containers/Bundle/Application/4D01D32A-B666-4384-B213-31BBF61E54F1/CVTestsSUI.app/imagenet-hard-50-subset-2500__n04285008__ILSVRC2012_val_00025004.JPEG","images/n04285008/imagenet-hard-50-subset-2500__n04285008__ILSVRC2012_val_00025004.JPEG","817","sports car","751","racer","5,771024","751|518|817|573|670","racer|crash helmet|sports car|go-kart|motor scooter","5,771024|5,601297|4,812289|4,682271|4,617291","true"
"/private/var/containers/Bundle/Application/4D01D32A-B666-4384-B213-31BBF61E54F1/CVTestsSUI.app/imagenet-hard-50-subset-2500__n04285008__ILSVRC2012_val_00025465.JPEG","images/n04285008/imagenet-hard-50-subset-2500__n04285008__ILSVRC2012_val_00025465.JPEG","817","sports car","511","convertible","6,485856","511|817|581|436|479","convertible|sports car|grille|beach wagon|car wheel","6,485856|6,176274|4,506051|4,482517|4,233602","true"
"/private/var/containers/Bundle/Application/4D01D32A-B666-4384-B213-31BBF61E54F1/CVTestsSUI.app/imagenet-hard-50-subset-2500__n04285008__ILSVRC2012_val_00029021.JPEG","images/n04285008/imagenet-hard-50-subset-2500__n04285008__ILSVRC2012_val_00029021.JPEG","817","sports car","751","racer","6,728009","751|817|573|864|586","racer|sports car|go-kart|tow truck|half track","6,728009|5,641894|4,650462|4,607295|3,632858","true"
"/private/var/containers/Bundle/Application/4D01D32A-B666-4384-B213-31BBF61E54F1/CVTestsSUI.app/imagenet-hard-50-subset-2500__n04285008__ILSVRC2012_val_00032944.JPEG","images/n04285008/imagenet-hard-50-subset-2500__n04285008__ILSVRC2012_val_00032944.JPEG","817","sports car","511","convertible","6,509078","511|817|479|436|581","convertible|sports car|car wheel|beach wagon|grille","6,509078|6,407670|4,848824|3,931552|3,487011","true"
"/private/var/containers/Bundle/Application/4D01D32A-B666-4384-B213-31BBF61E54F1/CVTestsSUI.app/imagenet-hard-50-subset-2500__n04285008__ILSVRC2012_val_00033293.JPEG","images/n04285008/imagenet-hard-50-subset-2500__n04285008__ILSVRC2012_val_00033293.JPEG","817","sports car","511","convertible","4,429757","511|436|468|751|817","convertible|beach wagon|cab|racer|sports car","4,429757|4,170581|4,056574|3,851257|3,697396","true"
"/private/var/containers/Bundle/Application/4D01D32A-B666-4384-B213-31BBF61E54F1/CVTestsSUI.app/imagenet-hard-50-subset-2500__n04285008__ILSVRC2012_val_00035309.JPEG","images/n04285008/imagenet-hard-50-subset-2500__n04285008__ILSVRC2012_val_00035309.JPEG","817","sports car","656","minivan","4,974946","656|511|817|627|581","minivan|convertible|sports car|limousine|grille","4,974946|4,448498|4,423339|4,388863|4,067416","true"
"/private/var/containers/Bundle/Application/4D01D32A-B666-4384-B213-31BBF61E54F1/CVTestsSUI.app/imagenet-hard-50-subset-2500__n04285008__ILSVRC2012_val_00038344.JPEG","images/n04285008/imagenet-hard-50-subset-2500__n04285008__ILSVRC2012_val_00038344.JPEG","817","sports car","436","beach wagon","4,767968","436|817|468|751|656","beach wagon|sports car|cab|racer|minivan","4,767968|4,587103|4,364761|4,053349|3,967034","true"
"/private/var/containers/Bundle/Application/4D01D32A-B666-4384-B213-31BBF61E54F1/CVTestsSUI.app/imagenet-hard-50-subset-2500__n04285008__ILSVRC2012_val_00038894.JPEG","images/n04285008/imagenet-hard-50-subset-2500__n04285008__ILSVRC2012_val_00038894.JPEG","817","sports car","751","racer","5,044705","751|734|817|407|518","racer|police van|sports car|ambulance|crash helmet","5,044705|5,027913|4,103014|4,053562|3,946356","true"
"/private/var/containers/Bundle/Application/4D01D32A-B666-4384-B213-31BBF61E54F1/CVTestsSUI.app/imagenet-hard-50-subset-2500__n04285008__ILSVRC2012_val_00041064.JPEG","images/n04285008/imagenet-hard-50-subset-2500__n04285008__ILSVRC2012_val_00041064.JPEG","817","sports car","511","convertible","6,590587","511|817|479|581|436","convertible|sports car|car wheel|grille|beach wagon","6,590587|6,320740|4,898612|4,241219|4,151334","true"
"/private/var/containers/Bundle/Application/4D01D32A-B666-4384-B213-31BBF61E54F1/CVTestsSUI.app/imagenet-hard-50-subset-2500__n04285008__ILSVRC2012_val_00043297.JPEG","images/n04285008/imagenet-hard-50-subset-2500__n04285008__ILSVRC2012_val_00043297.JPEG","817","sports car","751","racer","7,841314","751|817|573|479|518","racer|sports car|go-kart|car wheel|crash helmet","7,841314|7,478405|4,414854|4,193903|3,924587","true"
"/private/var/containers/Bundle/Application/4D01D32A-B666-4384-B213-31BBF61E54F1/CVTestsSUI.app/imagenet-hard-50-subset-2500__n04285008__ILSVRC2012_val_00047893.JPEG","images/n04285008/imagenet-hard-50-subset-2500__n04285008__ILSVRC2012_val_00047893.JPEG","817","sports car","751","racer","7,265683","751|817|864|479|573","racer|sports car|tow truck|car wheel|go-kart","7,265683|6,112813|4,206865|3,832404|3,306087","true"
"/private/var/containers/Bundle/Application/4D01D32A-B666-4384-B213-31BBF61E54F1/CVTestsSUI.app/imagenet-hard-50-subset-2500__n04037443__ILSVRC2012_val_00010565.JPEG","images/n04037443/imagenet-hard-50-subset-2500__n04037443__ILSVRC2012_val_00010565.JPEG","751","racer","557","flagpole","4,822059","557|751|880|733|920","flagpole|racer|unicycle|pole|traffic light","4,822059|4,776112|4,166159|4,042148|4,032513","true"
"/private/var/containers/Bundle/Application/4D01D32A-B666-4384-B213-31BBF61E54F1/CVTestsSUI.app/imagenet-hard-50-subset-2500__n04037443__ILSVRC2012_val_00012769.JPEG","images/n04037443/imagenet-hard-50-subset-2500__n04037443__ILSVRC2012_val_00012769.JPEG","751","racer","920","traffic light","5,327396","920|781|919|510|874","traffic light|scoreboard|street sign|container ship|trolleybus","5,327396|4,567055|3,493644|3,017066|2,826517","false"
"/private/var/containers/Bundle/Application/4D01D32A-B666-4384-B213-31BBF61E54F1/CVTestsSUI.app/imagenet-hard-50-subset-2500__n04037443__ILSVRC2012_val_00014191.JPEG","images/n04037443/imagenet-hard-50-subset-2500__n04037443__ILSVRC2012_val_00014191.JPEG","751","racer","581","grille","5,608831","581|751|424|753|781","grille|racer|barbershop|radiator|scoreboard","5,608831|5,456264|4,260064|4,105897|3,798582","true"
"/private/var/containers/Bundle/Application/4D01D32A-B666-4384-B213-31BBF61E54F1/CVTestsSUI.app/imagenet-hard-50-subset-2500__n04037443__ILSVRC2012_val_00015688.JPEG","images/n04037443/imagenet-hard-50-subset-2500__n04037443__ILSVRC2012_val_00015688.JPEG","751","racer","864","tow truck","4,815143","864|803|609|751|408","tow truck|snowplow|jeep|racer|amphibian","4,815143|4,573319|4,351573|3,958596|3,556626","true"
"/private/var/containers/Bundle/Application/4D01D32A-B666-4384-B213-31BBF61E54F1/CVTestsSUI.app/imagenet-hard-50-subset-2500__n04037443__ILSVRC2012_val_00017979.JPEG","images/n04037443/imagenet-hard-50-subset-2500__n04037443__ILSVRC2012_val_00017979.JPEG","751","racer","864","tow truck","6,011841","864|751|817|511|479","tow truck|racer|sports car|convertible|car wheel","6,011841|5,971750|5,127002|4,211044|4,018506","true"
"/private/var/containers/Bundle/Application/4D01D32A-B666-4384-B213-31BBF61E54F1/CVTestsSUI.app/imagenet-hard-50-subset-2500__n04037443__ILSVRC2012_val_00019802.JPEG","images/n04037443/imagenet-hard-50-subset-2500__n04037443__ILSVRC2012_val_00019802.JPEG","751","racer","500","cliff dwelling","4,295156","500|751|354|671|880","cliff dwelling|racer|Arabian camel|mountain bike|unicycle","4,295156|3,886348|3,581388|3,550479|3,448099","true"
"/private/var/containers/Bundle/Application/4D01D32A-B666-4384-B213-31BBF61E54F1/CVTestsSUI.app/imagenet-hard-50-subset-2500__n04037443__ILSVRC2012_val_00019812.JPEG","images/n04037443/imagenet-hard-50-subset-2500__n04037443__ILSVRC2012_val_00019812.JPEG","751","racer","468","cab","6,123585","468|751|817|581|656","cab|racer|sports car|grille|minivan","6,123585|5,502784|4,915473|3,997714|3,504104","true"
"/private/var/containers/Bundle/Application/4D01D32A-B666-4384-B213-31BBF61E54F1/CVTestsSUI.app/imagenet-hard-50-subset-2500__n04037443__ILSVRC2012_val_00022017.JPEG","images/n04037443/imagenet-hard-50-subset-2500__n04037443__ILSVRC2012_val_00022017.JPEG","751","racer","817","sports car","5,343874","817|751|479|468|518","sports car|racer|car wheel|cab|crash helmet","5,343874|5,208027|4,119334|3,116667|2,240400","true"
"/private/var/containers/Bundle/Application/4D01D32A-B666-4384-B213-31BBF61E54F1/CVTestsSUI.app/imagenet-hard-50-subset-2500__n04037443__ILSVRC2012_val_00023273.JPEG","images/n04037443/imagenet-hard-50-subset-2500__n04037443__ILSVRC2012_val_00023273.JPEG","751","racer","573","go-kart","7,374779","573|751|450|802|817","go-kart|racer|bobsled|snowmobile|sports car","7,374779|4,526119|3,193411|2,877108|2,825087","true"
"/private/var/containers/Bundle/Application/4D01D32A-B666-4384-B213-31BBF61E54F1/CVTestsSUI.app/imagenet-hard-50-subset-2500__n04037443__ILSVRC2012_val_00025858.JPEG","images/n04037443/imagenet-hard-50-subset-2500__n04037443__ILSVRC2012_val_00025858.JPEG","751","racer","895","warplane","6,603671","895|908|404|812|814","warplane|wing|airliner|space shuttle|speedboat","6,603671|5,719512|4,918273|4,093547|4,012076","false"
"/private/var/containers/Bundle/Application/4D01D32A-B666-4384-B213-31BBF61E54F1/CVTestsSUI.app/imagenet-hard-50-subset-2500__n04037443__ILSVRC2012_val_00026480.JPEG","images/n04037443/imagenet-hard-50-subset-2500__n04037443__ILSVRC2012_val_00026480.JPEG","751","racer","573","go-kart","4,999512","573|751|621|802|575","go-kart|racer|lawn mower|snowmobile|golfcart","4,999512|4,848016|3,412118|3,257113|3,055427","true"
"/private/var/containers/Bundle/Application/4D01D32A-B666-4384-B213-31BBF61E54F1/CVTestsSUI.app/imagenet-hard-50-subset-2500__n04037443__ILSVRC2012_val_00026947.JPEG","images/n04037443/imagenet-hard-50-subset-2500__n04037443__ILSVRC2012_val_00026947.JPEG","751","racer","489","chainlink fence","4,071167","489|822|807|791|403","chainlink fence|steel drum|solar dish|shopping cart|aircraft carrier","4,071167|3,476255|3,468870|3,355655|3,344918","false"
"/private/var/containers/Bundle/Application/4D01D32A-B666-4384-B213-31BBF61E54F1/CVTestsSUI.app/imagenet-hard-50-subset-2500__n04037443__ILSVRC2012_val_00027891.JPEG","images/n04037443/imagenet-hard-50-subset-2500__n04037443__ILSVRC2012_val_00027891.JPEG","751","racer","817","sports car","5,059558","817|751|511|479|717","sports car|racer|convertible|car wheel|pickup","5,059558|4,717659|4,363790|3,663100|3,220443","true"
"/private/var/containers/Bundle/Application/4D01D32A-B666-4384-B213-31BBF61E54F1/CVTestsSUI.app/imagenet-hard-50-subset-2500__n04037443__ILSVRC2012_val_00028209.JPEG","images/n04037443/imagenet-hard-50-subset-2500__n04037443__ILSVRC2012_val_00028209.JPEG","751","racer","555","fire engine","5,419366","555|864|609|867|803","fire engine|tow truck|jeep|trailer truck|snowplow","5,419366|5,067958|4,934309|3,881082|3,849114","false"
"/private/var/containers/Bundle/Application/4D01D32A-B666-4384-B213-31BBF61E54F1/CVTestsSUI.app/imagenet-hard-50-subset-2500__n04037443__ILSVRC2012_val_00037055.JPEG","images/n04037443/imagenet-hard-50-subset-2500__n04037443__ILSVRC2012_val_00037055.JPEG","751","racer","980","volcano","4,674540","980|755|970|976|649","volcano|radio telescope|alp|promontory|megalith","4,674540|3,675143|3,580955|3,528155|3,477788","false"
"/private/var/containers/Bundle/Application/4D01D32A-B666-4384-B213-31BBF61E54F1/CVTestsSUI.app/imagenet-hard-50-subset-2500__n04037443__ILSVRC2012_val_00038994.JPEG","images/n04037443/imagenet-hard-50-subset-2500__n04037443__ILSVRC2012_val_00038994.JPEG","751","racer","874","trolleybus","4,820708","874|751|757|654|656","trolleybus|racer|recreational vehicle|minibus|minivan","4,820708|4,564683|4,497574|3,705729|3,634139","true"
"/private/var/containers/Bundle/Application/4D01D32A-B666-4384-B213-31BBF61E54F1/CVTestsSUI.app/imagenet-hard-50-subset-2500__n04037443__ILSVRC2012_val_00043710.JPEG","images/n04037443/imagenet-hard-50-subset-2500__n04037443__ILSVRC2012_val_00043710.JPEG","751","racer","581","grille","6,370695","581|511|436|717|609","grille|convertible|beach wagon|pickup|jeep","6,370695|3,940196|3,690536|2,998955|2,980246","false"
"/private/var/containers/Bundle/Application/4D01D32A-B666-4384-B213-31BBF61E54F1/CVTestsSUI.app/imagenet-hard-50-subset-2500__n04037443__ILSVRC2012_val_00048516.JPEG","images/n04037443/imagenet-hard-50-subset-2500__n04037443__ILSVRC2012_val_00048516.JPEG","751","racer","817","sports car","5,561728","817|581|479|468|436","sports car|grille|car wheel|cab|beach wagon","5,561728|5,150920|4,798040|4,744098|4,739101","false"
"/private/var/containers/Bundle/Application/4D01D32A-B666-4384-B213-31BBF61E54F1/CVTestsSUI.app/imagenet-hard-50-subset-2500__n02930766__ILSVRC2012_val_00001093.JPEG","images/n02930766/imagenet-hard-50-subset-2500__n02930766__ILSVRC2012_val_00001093.JPEG","468","cab","779","school bus","6,218255","779|468|864|803|867","school bus|cab|tow truck|snowplow|trailer truck","6,218255|5,661764|3,591281|3,501743|3,375199","true"
"/private/var/containers/Bundle/Application/4D01D32A-B666-4384-B213-31BBF61E54F1/CVTestsSUI.app/imagenet-hard-50-subset-2500__n02930766__ILSVRC2012_val_00003112.JPEG","images/n02930766/imagenet-hard-50-subset-2500__n02930766__ILSVRC2012_val_00003112.JPEG","468","cab","717","pickup","5,176297","717|436|468|656|864","pickup|beach wagon|cab|minivan|tow truck","5,176297|5,055496|4,448802|3,571172|3,508584","true"
"/private/var/containers/Bundle/Application/4D01D32A-B666-4384-B213-31BBF61E54F1/CVTestsSUI.app/imagenet-hard-50-subset-2500__n02930766__ILSVRC2012_val_00003886.JPEG","images/n02930766/imagenet-hard-50-subset-2500__n02930766__ILSVRC2012_val_00003886.JPEG","468","cab","656","minivan","5,730683","656|654|609|436|468","minivan|minibus|jeep|beach wagon|cab","5,730683|5,548600|4,525406|4,416836|4,193007","true"
"/private/var/containers/Bundle/Application/4D01D32A-B666-4384-B213-31BBF61E54F1/CVTestsSUI.app/imagenet-hard-50-subset-2500__n02930766__ILSVRC2012_val_00006258.JPEG","images/n02930766/imagenet-hard-50-subset-2500__n02930766__ILSVRC2012_val_00006258.JPEG","468","cab","907","wine bottle","4,375315","907|446|563|922|921","wine bottle|binder|fountain pen|menu|book jacket","4,375315|4,031293|3,994780|3,637863|3,544281","false"
"/private/var/containers/Bundle/Application/4D01D32A-B666-4384-B213-31BBF61E54F1/CVTestsSUI.app/imagenet-hard-50-subset-2500__n02930766__ILSVRC2012_val_00018744.JPEG","images/n02930766/imagenet-hard-50-subset-2500__n02930766__ILSVRC2012_val_00018744.JPEG","468","cab","873","triumphal arch","4,840039","873|920|468|682|442","triumphal arch|traffic light|cab|obelisk|bell cote","4,840039|4,757625|4,379611|4,196396|4,093090","true"
"/private/var/containers/Bundle/Application/4D01D32A-B666-4384-B213-31BBF61E54F1/CVTestsSUI.app/imagenet-hard-50-subset-2500__n02930766__ILSVRC2012_val_00019725.JPEG","images/n02930766/imagenet-hard-50-subset-2500__n02930766__ILSVRC2012_val_00019725.JPEG","468","cab","485","CD player","4,393157","485|685|754|848|482","CD player|odometer|radio|tape player|cassette player","4,393157|4,067330|4,032794|3,944972|3,851342","false"
"/private/var/containers/Bundle/Application/4D01D32A-B666-4384-B213-31BBF61E54F1/CVTestsSUI.app/imagenet-hard-50-subset-2500__n02930766__ILSVRC2012_val_00021775.JPEG","images/n02930766/imagenet-hard-50-subset-2500__n02930766__ILSVRC2012_val_00021775.JPEG","468","cab","932","pretzel","4,222182","932|934|415|868|930","pretzel|hotdog|bakery|tray|French loaf","4,222182|4,029595|3,322788|3,297010|3,252718","false"
"/private/var/containers/Bundle/Application/4D01D32A-B666-4384-B213-31BBF61E54F1/CVTestsSUI.app/imagenet-hard-50-subset-2500__n02930766__ILSVRC2012_val_00025244.JPEG","images/n02930766/imagenet-hard-50-subset-2500__n02930766__ILSVRC2012_val_00025244.JPEG","468","cab","581","grille","7,534203","581|468|511|717|436","grille|cab|convertible|pickup|beach wagon","7,534203|7,064895|5,865229|5,715825|5,150438","true"
"/private/var/containers/Bundle/Application/4D01D32A-B666-4384-B213-31BBF61E54F1/CVTestsSUI.app/imagenet-hard-50-subset-2500__n02930766__ILSVRC2012_val_00031878.JPEG","images/n02930766/imagenet-hard-50-subset-2500__n02930766__ILSVRC2012_val_00031878.JPEG","468","cab","581","grille","6,807239","581|511|661|468|717","grille|convertible|Model T|cab|pickup","6,807239|4,411873|4,038173|3,843765|3,371044","true"
"/private/var/containers/Bundle/Application/4D01D32A-B666-4384-B213-31BBF61E54F1/CVTestsSUI.app/imagenet-hard-50-subset-2500__n02930766__ILSVRC2012_val_00035012.JPEG","images/n02930766/imagenet-hard-50-subset-2500__n02930766__ILSVRC2012_val_00035012.JPEG","468","cab","717","pickup","5,079543","717|511|656|581|436","pickup|convertible|minivan|grille|beach wagon","5,079543|4,892848|4,878773|4,680920|4,209274","false"
"/private/var/containers/Bundle/Application/4D01D32A-B666-4384-B213-31BBF61E54F1/CVTestsSUI.app/imagenet-hard-50-subset-2500__n02930766__ILSVRC2012_val_00038811.JPEG","images/n02930766/imagenet-hard-50-subset-2500__n02930766__ILSVRC2012_val_00038811.JPEG","468","cab","705","passenger car","6,164918","705|565|781|466|547","passenger car|freight car|scoreboard|bullet train|electric locomotive","6,164918|4,544195|4,372933|4,135228|4,001269","false"
"/private/var/containers/Bundle/Application/4D01D32A-B666-4384-B213-31BBF61E54F1/CVTestsSUI.app/imagenet-hard-50-subset-2500__n02930766__ILSVRC2012_val_00039097.JPEG","images/n02930766/imagenet-hard-50-subset-2500__n02930766__ILSVRC2012_val_00039097.JPEG","468","cab","717","pickup","5,916029","717|581|479|468|661","pickup|grille|car wheel|cab|Model T","5,916029|4,112904|4,043718|4,026274|3,375217","true"
"/private/var/containers/Bundle/Application/4D01D32A-B666-4384-B213-31BBF61E54F1/CVTestsSUI.app/imagenet-hard-50-subset-2500__n02930766__ILSVRC2012_val_00039250.JPEG","images/n02930766/imagenet-hard-50-subset-2500__n02930766__ILSVRC2012_val_00039250.JPEG","468","cab","581","grille","6,343174","581|661|717|511|468","grille|Model T|pickup|convertible|cab","6,343174|5,242225|5,040205|4,843952|4,568899","true"
"/private/var/containers/Bundle/Application/4D01D32A-B666-4384-B213-31BBF61E54F1/CVTestsSUI.app/imagenet-hard-50-subset-2500__n02930766__ILSVRC2012_val_00041873.JPEG","images/n02930766/imagenet-hard-50-subset-2500__n02930766__ILSVRC2012_val_00041873.JPEG","468","cab","436","beach wagon","6,056995","436|468|627|656|734","beach wagon|cab|limousine|minivan|police van","6,056995|4,418322|4,150543|3,817343|3,376639","true"
"/private/var/containers/Bundle/Application/4D01D32A-B666-4384-B213-31BBF61E54F1/CVTestsSUI.app/imagenet-hard-50-subset-2500__n02930766__ILSVRC2012_val_00041920.JPEG","images/n02930766/imagenet-hard-50-subset-2500__n02930766__ILSVRC2012_val_00041920.JPEG","468","cab","734","police van","5,688581","734|436|468|656|407","police van|beach wagon|cab|minivan|ambulance","5,688581|5,358019|5,208009|4,507813|3,561788","true"
"/private/var/containers/Bundle/Application/4D01D32A-B666-4384-B213-31BBF61E54F1/CVTestsSUI.app/imagenet-hard-50-subset-2500__n02814533__ILSVRC2012_val_00005774.JPEG","images/n02814533/imagenet-hard-50-subset-2500__n02814533__ILSVRC2012_val_00005774.JPEG","436","beach wagon","656","minivan","6,132229","656|436|479|581|627","minivan|beach wagon|car wheel|grille|limousine","6,132229|5,656684|3,927004|3,685373|3,473636","true"
"/private/var/containers/Bundle/Application/4D01D32A-B666-4384-B213-31BBF61E54F1/CVTestsSUI.app/imagenet-hard-50-subset-2500__n02814533__ILSVRC2012_val_00006220.JPEG","images/n02814533/imagenet-hard-50-subset-2500__n02814533__ILSVRC2012_val_00006220.JPEG","436","beach wagon","817","sports car","4,883134","817|511|581|436|479","sports car|convertible|grille|beach wagon|car wheel","4,883134|4,808383|4,264192|3,763865|3,319336","true"
"/private/var/containers/Bundle/Application/4D01D32A-B666-4384-B213-31BBF61E54F1/CVTestsSUI.app/imagenet-hard-50-subset-2500__n02814533__ILSVRC2012_val_00011630.JPEG","images/n02814533/imagenet-hard-50-subset-2500__n02814533__ILSVRC2012_val_00011630.JPEG","436","beach wagon","701","parachute","5,177980","701|730|981|830|518","parachute|plow|ballplayer|stretcher|crash helmet","5,177980|3,499142|3,498178|3,350474|3,110459","false"
"/private/var/containers/Bundle/Application/4D01D32A-B666-4384-B213-31BBF61E54F1/CVTestsSUI.app/imagenet-hard-50-subset-2500__n02814533__ILSVRC2012_val_00014447.JPEG","images/n02814533/imagenet-hard-50-subset-2500__n02814533__ILSVRC2012_val_00014447.JPEG","436","beach wagon","479","car wheel","7,863388","479|535|759|581|818","car wheel|disk brake|reflex camera|grille|spotlight","7,863388|3,746490|3,171885|2,333035|2,268878","false"
"/private/var/containers/Bundle/Application/4D01D32A-B666-4384-B213-31BBF61E54F1/CVTestsSUI.app/imagenet-hard-50-subset-2500__n02814533__ILSVRC2012_val_00014541.JPEG","images/n02814533/imagenet-hard-50-subset-2500__n02814533__ILSVRC2012_val_00014541.JPEG","436","beach wagon","581","grille","6,407474","581|511|436|817|656","grille|convertible|beach wagon|sports car|minivan","6,407474|5,226570|4,861004|4,665272|4,582088","true"
"/private/var/containers/Bundle/Application/4D01D32A-B666-4384-B213-31BBF61E54F1/CVTestsSUI.app/imagenet-hard-50-subset-2500__n02814533__ILSVRC2012_val_00014732.JPEG","images/n02814533/imagenet-hard-50-subset-2500__n02814533__ILSVRC2012_val_00014732.JPEG","436","beach wagon","511","convertible","5,088280","511|436|817|468|717","convertible|beach wagon|sports car|cab|pickup","5,088280|4,643517|4,302077|4,101700|3,855830","true"
"/private/var/containers/Bundle/Application/4D01D32A-B666-4384-B213-31BBF61E54F1/CVTestsSUI.app/imagenet-hard-50-subset-2500__n02814533__ILSVRC2012_val_00015200.JPEG","images/n02814533/imagenet-hard-50-subset-2500__n02814533__ILSVRC2012_val_00015200.JPEG","436","beach wagon","656","minivan","6,338367","656|436|468|581|569","minivan|beach wagon|cab|grille|garbage truck","6,338367|5,049027|4,541769|4,451719|4,189038","true"
"/private/var/containers/Bundle/Application/4D01D32A-B666-4384-B213-31BBF61E54F1/CVTestsSUI.app/imagenet-hard-50-subset-2500__n02814533__ILSVRC2012_val_00021487.JPEG","images/n02814533/imagenet-hard-50-subset-2500__n02814533__ILSVRC2012_val_00021487.JPEG","436","beach wagon","581","grille","6,060555","581|511|717|436|468","grille|convertible|pickup|beach wagon|cab","6,060555|4,032858|3,481859|3,371615|3,279655","true"
"/private/var/containers/Bundle/Application/4D01D32A-B666-4384-B213-31BBF61E54F1/CVTestsSUI.app/imagenet-hard-50-subset-2500__n02814533__ILSVRC2012_val_00023221.JPEG","images/n02814533/imagenet-hard-50-subset-2500__n02814533__ILSVRC2012_val_00023221.JPEG","436","beach wagon","468","cab","6,441694","468|656|436|627|717","cab|minivan|beach wagon|limousine|pickup","6,441694|6,103123|5,336993|5,101504|5,012752","true"
"/private/var/containers/Bundle/Application/4D01D32A-B666-4384-B213-31BBF61E54F1/CVTestsSUI.app/imagenet-hard-50-subset-2500__n02814533__ILSVRC2012_val_00027049.JPEG","images/n02814533/imagenet-hard-50-subset-2500__n02814533__ILSVRC2012_val_00027049.JPEG","436","beach wagon","920","traffic light","3,595867","920|656|468|511|817","traffic light|minivan|cab|convertible|sports car","3,595867|3,499930|3,295116|3,232260|3,166135","false"
"/private/var/containers/Bundle/Application/4D01D32A-B666-4384-B213-31BBF61E54F1/CVTestsSUI.app/imagenet-hard-50-subset-2500__n02814533__ILSVRC2012_val_00029057.JPEG","images/n02814533/imagenet-hard-50-subset-2500__n02814533__ILSVRC2012_val_00029057.JPEG","436","beach wagon","468","cab","4,589735","468|436|817|656|479","cab|beach wagon|sports car|minivan|car wheel","4,589735|4,496637|4,084451|4,016516|3,953490","true"
"/private/var/containers/Bundle/Application/4D01D32A-B666-4384-B213-31BBF61E54F1/CVTestsSUI.app/imagenet-hard-50-subset-2500__n02814533__ILSVRC2012_val_00030834.JPEG","images/n02814533/imagenet-hard-50-subset-2500__n02814533__ILSVRC2012_val_00030834.JPEG","436","beach wagon","468","cab","4,795518","468|436|654|717|656","cab|beach wagon|minibus|pickup|minivan","4,795518|4,155816|3,930104|3,858378|3,587288","true"
"/private/var/containers/Bundle/Application/4D01D32A-B666-4384-B213-31BBF61E54F1/CVTestsSUI.app/imagenet-hard-50-subset-2500__n02814533__ILSVRC2012_val_00031765.JPEG","images/n02814533/imagenet-hard-50-subset-2500__n02814533__ILSVRC2012_val_00031765.JPEG","436","beach wagon","687","organ","5,014800","687|520|743|729|421","organ|crib|prison|plate rack|bannister","5,014800|4,358156|4,154484|3,920916|3,764990","false"
"/private/var/containers/Bundle/Application/4D01D32A-B666-4384-B213-31BBF61E54F1/CVTestsSUI.app/imagenet-hard-50-subset-2500__n02814533__ILSVRC2012_val_00031828.JPEG","images/n02814533/imagenet-hard-50-subset-2500__n02814533__ILSVRC2012_val_00031828.JPEG","436","beach wagon","627","limousine","4,962560","627|656|468|436|581","limousine|minivan|cab|beach wagon|grille","4,962560|4,626390|4,458625|4,430174|3,970906","true"
"/private/var/containers/Bundle/Application/4D01D32A-B666-4384-B213-31BBF61E54F1/CVTestsSUI.app/imagenet-hard-50-subset-2500__n02814533__ILSVRC2012_val_00038055.JPEG","images/n02814533/imagenet-hard-50-subset-2500__n02814533__ILSVRC2012_val_00038055.JPEG","436","beach wagon","511","convertible","5,756526","511|436|581|717|468","convertible|beach wagon|grille|pickup|cab","5,756526|5,713730|5,121032|3,981299|3,798406","true"
"/private/var/containers/Bundle/Application/4D01D32A-B666-4384-B213-31BBF61E54F1/CVTestsSUI.app/imagenet-hard-50-subset-2500__n02814533__ILSVRC2012_val_00041979.JPEG","images/n02814533/imagenet-hard-50-subset-2500__n02814533__ILSVRC2012_val_00041979.JPEG","436","beach wagon","581","grille","5,490828","581|436|817|656|511","grille|beach wagon|sports car|minivan|convertible","5,490828|5,175337|5,063285|4,861295|4,727437","true"
"/private/var/containers/Bundle/Application/4D01D32A-B666-4384-B213-31BBF61E54F1/CVTestsSUI.app/imagenet-hard-50-subset-2500__n02814533__ILSVRC2012_val_00042597.JPEG","images/n02814533/imagenet-hard-50-subset-2500__n02814533__ILSVRC2012_val_00042597.JPEG","436","beach wagon","734","police van","7,446755","734|468|656|407|751","police van|cab|minivan|ambulance|racer","7,446755|4,863993|3,707760|3,414205|3,176474","false"
"/private/var/containers/Bundle/Application/4D01D32A-B666-4384-B213-31BBF61E54F1/CVTestsSUI.app/imagenet-hard-50-subset-2500__n02814533__ILSVRC2012_val_00048556.JPEG","images/n02814533/imagenet-hard-50-subset-2500__n02814533__ILSVRC2012_val_00048556.JPEG","436","beach wagon","468","cab","4,790084","468|656|436|864|817","cab|minivan|beach wagon|tow truck|sports car","4,790084|4,162872|3,824130|3,775351|3,746184","true"
"/private/var/containers/Bundle/Application/4D01D32A-B666-4384-B213-31BBF61E54F1/CVTestsSUI.app/imagenet-hard-50-subset-2500__n03594945__ILSVRC2012_val_00000659.JPEG","images/n03594945/imagenet-hard-50-subset-2500__n03594945__ILSVRC2012_val_00000659.JPEG","609","jeep","803","snowplow","4,639966","803|555|920|864|468","snowplow|fire engine|traffic light|tow truck|cab","4,639966|4,509878|4,088121|3,766181|3,722642","false"
"/private/var/containers/Bundle/Application/4D01D32A-B666-4384-B213-31BBF61E54F1/CVTestsSUI.app/imagenet-hard-50-subset-2500__n03594945__ILSVRC2012_val_00003945.JPEG","images/n03594945/imagenet-hard-50-subset-2500__n03594945__ILSVRC2012_val_00003945.JPEG","609","jeep","864","tow truck","4,029534","864|586|609|866|757","tow truck|half track|jeep|tractor|recreational vehicle","4,029534|3,872200|3,794357|3,705921|3,041663","true"
"/private/var/containers/Bundle/Application/4D01D32A-B666-4384-B213-31BBF61E54F1/CVTestsSUI.app/imagenet-hard-50-subset-2500__n03594945__ILSVRC2012_val_00004439.JPEG","images/n03594945/imagenet-hard-50-subset-2500__n03594945__ILSVRC2012_val_00004439.JPEG","609","jeep","586","half track","5,312927","586|864|847|609|408","half track|tow truck|tank|jeep|amphibian","5,312927|4,622810|4,606177|4,590891|4,547812","true"
"/private/var/containers/Bundle/Application/4D01D32A-B666-4384-B213-31BBF61E54F1/CVTestsSUI.app/imagenet-hard-50-subset-2500__n03594945__ILSVRC2012_val_00005147.JPEG","images/n03594945/imagenet-hard-50-subset-2500__n03594945__ILSVRC2012_val_00005147.JPEG","609","jeep","425","barn","5,983034","425|497|449|879|915","barn|church|boathouse|umbrella|yurt","5,983034|5,088652|5,055679|4,736446|4,719296","false"
"/private/var/containers/Bundle/Application/4D01D32A-B666-4384-B213-31BBF61E54F1/CVTestsSUI.app/imagenet-hard-50-subset-2500__n03594945__ILSVRC2012_val_00006530.JPEG","images/n03594945/imagenet-hard-50-subset-2500__n03594945__ILSVRC2012_val_00006530.JPEG","609","jeep","575","golfcart","4,756893","575|609|569|867|864","golfcart|jeep|garbage truck|trailer truck|tow truck","4,756893|4,350630|3,478176|3,177820|3,105041","true"
"/private/var/containers/Bundle/Application/4D01D32A-B666-4384-B213-31BBF61E54F1/CVTestsSUI.app/imagenet-hard-50-subset-2500__n03594945__ILSVRC2012_val_00008382.JPEG","images/n03594945/imagenet-hard-50-subset-2500__n03594945__ILSVRC2012_val_00008382.JPEG","609","jeep","555","fire engine","6,694325","555|609|864|867|717","fire engine|jeep|tow truck|trailer truck|pickup","6,694325|5,927313|3,719463|3,622714|3,070443","true"
"/private/var/containers/Bundle/Application/4D01D32A-B666-4384-B213-31BBF61E54F1/CVTestsSUI.app/imagenet-hard-50-subset-2500__n03594945__ILSVRC2012_val_00008383.JPEG","images/n03594945/imagenet-hard-50-subset-2500__n03594945__ILSVRC2012_val_00008383.JPEG","609","jeep","654","minibus","5,264685","654|581|734|468|609","minibus|grille|police van|cab|jeep","5,264685|5,205669|4,924116|4,799580|4,770880","true"
"/private/var/containers/Bundle/Application/4D01D32A-B666-4384-B213-31BBF61E54F1/CVTestsSUI.app/imagenet-hard-50-subset-2500__n03594945__ILSVRC2012_val_00009983.JPEG","images/n03594945/imagenet-hard-50-subset-2500__n03594945__ILSVRC2012_val_00009983.JPEG","609","jeep","734","police van","4,652136","734|654|751|656|575","police van|minibus|racer|minivan|golfcart","4,652136|4,638582|4,542755|4,362964|3,935129","false"
"/private/var/containers/Bundle/Application/4D01D32A-B666-4384-B213-31BBF61E54F1/CVTestsSUI.app/imagenet-hard-50-subset-2500__n03594945__ILSVRC2012_val_00013517.JPEG","images/n03594945/imagenet-hard-50-subset-2500__n03594945__ILSVRC2012_val_00013517.JPEG","609","jeep","779","school bus","4,774020","779|609|803|654|569","school bus|jeep|snowplow|minibus|garbage truck","4,774020|4,180320|4,037189|3,787508|3,512382","true"
"/private/var/containers/Bundle/Application/4D01D32A-B666-4384-B213-31BBF61E54F1/CVTestsSUI.app/imagenet-hard-50-subset-2500__n03594945__ILSVRC2012_val_00013993.JPEG","images/n03594945/imagenet-hard-50-subset-2500__n03594945__ILSVRC2012_val_00013993.JPEG","609","jeep","656","minivan","4,830342","656|609|627|717|436","minivan|jeep|limousine|pickup|beach wagon","4,830342|4,642513|4,568123|4,353607|4,100547","true"
"/private/var/containers/Bundle/Application/4D01D32A-B666-4384-B213-31BBF61E54F1/CVTestsSUI.app/imagenet-hard-50-subset-2500__n03594945__ILSVRC2012_val_00014841.JPEG","images/n03594945/imagenet-hard-50-subset-2500__n03594945__ILSVRC2012_val_00014841.JPEG","609","jeep","913","wreck","5,828329","913|408|833|569|847","wreck|amphibian|submarine|garbage truck|tank","5,828329|4,989843|4,485334|3,455207|3,431341","false"
"/private/var/containers/Bundle/Application/4D01D32A-B666-4384-B213-31BBF61E54F1/CVTestsSUI.app/imagenet-hard-50-subset-2500__n03594945__ILSVRC2012_val_00016456.JPEG","images/n03594945/imagenet-hard-50-subset-2500__n03594945__ILSVRC2012_val_00016456.JPEG","609","jeep","562","fountain","5,200926","562|408|814|554|974","fountain|amphibian|speedboat|fireboat|geyser","5,200926|4,603707|4,447288|4,219038|3,696175","false"
"/private/var/containers/Bundle/Application/4D01D32A-B666-4384-B213-31BBF61E54F1/CVTestsSUI.app/imagenet-hard-50-subset-2500__n03594945__ILSVRC2012_val_00018474.JPEG","images/n03594945/imagenet-hard-50-subset-2500__n03594945__ILSVRC2012_val_00018474.JPEG","609","jeep","819","stage","4,642560","819|890|862|602|456","stage|volleyball|torch|horizontal bar|bow","4,642560|4,005271|3,869142|3,414432|3,369798","false"
"/private/var/containers/Bundle/Application/4D01D32A-B666-4384-B213-31BBF61E54F1/CVTestsSUI.app/imagenet-hard-50-subset-2500__n03594945__ILSVRC2012_val_00020829.JPEG","images/n03594945/imagenet-hard-50-subset-2500__n03594945__ILSVRC2012_val_00020829.JPEG","609","jeep","436","beach wagon","5,358676","436|609|656|479|717","beach wagon|jeep|minivan|car wheel|pickup","5,358676|5,129093|5,128192|3,733879|3,607307","true"
"/private/var/containers/Bundle/Application/4D01D32A-B666-4384-B213-31BBF61E54F1/CVTestsSUI.app/imagenet-hard-50-subset-2500__n03594945__ILSVRC2012_val_00028405.JPEG","images/n03594945/imagenet-hard-50-subset-2500__n03594945__ILSVRC2012_val_00028405.JPEG","609","jeep","407","ambulance","5,713692","407|734|609|569|675","ambulance|police van|jeep|garbage truck|moving van","5,713692|5,605612|4,383895|4,244290|3,976534","true"
"/private/var/containers/Bundle/Application/4D01D32A-B666-4384-B213-31BBF61E54F1/CVTestsSUI.app/imagenet-hard-50-subset-2500__n03594945__ILSVRC2012_val_00033299.JPEG","images/n03594945/imagenet-hard-50-subset-2500__n03594945__ILSVRC2012_val_00033299.JPEG","609","jeep","555","fire engine","6,556015","555|609|864|717|654","fire engine|jeep|tow truck|pickup|minibus","6,556015|5,758510|4,355239|3,332953|3,095808","true"
"/private/var/containers/Bundle/Application/4D01D32A-B666-4384-B213-31BBF61E54F1/CVTestsSUI.app/imagenet-hard-50-subset-2500__n03594945__ILSVRC2012_val_00035162.JPEG","images/n03594945/imagenet-hard-50-subset-2500__n03594945__ILSVRC2012_val_00035162.JPEG","609","jeep","500","cliff dwelling","4,915224","500|609|665|670|972","cliff dwelling|jeep|moped|motor scooter|cliff","4,915224|3,810029|3,573431|3,533926|3,490968","true"
"/private/var/containers/Bundle/Application/4D01D32A-B666-4384-B213-31BBF61E54F1/CVTestsSUI.app/imagenet-hard-50-subset-2500__n03594945__ILSVRC2012_val_00047575.JPEG","images/n03594945/imagenet-hard-50-subset-2500__n03594945__ILSVRC2012_val_00047575.JPEG","609","jeep","717","pickup","5,901761","717|511|609|581|436","pickup|convertible|jeep|grille|beach wagon","5,901761|5,544634|5,305131|4,828418|4,488280","true"
"/private/var/containers/Bundle/Application/4D01D32A-B666-4384-B213-31BBF61E54F1/CVTestsSUI.app/imagenet-hard-50-subset-2500__n03670208__ILSVRC2012_val_00000185.JPEG","images/n03670208/imagenet-hard-50-subset-2500__n03670208__ILSVRC2012_val_00000185.JPEG","627","limousine","654","minibus","6,174448","654|656|757|627|785","minibus|minivan|recreational vehicle|limousine|seat belt","6,174448|5,741737|5,726148|5,193749|5,052812","true"
"/private/var/containers/Bundle/Application/4D01D32A-B666-4384-B213-31BBF61E54F1/CVTestsSUI.app/imagenet-hard-50-subset-2500__n03670208__ILSVRC2012_val_00000976.JPEG","images/n03670208/imagenet-hard-50-subset-2500__n03670208__ILSVRC2012_val_00000976.JPEG","627","limousine","785","seat belt","7,582166","785|627|652|797|413","seat belt|limousine|military uniform|sleeping bag|assault rifle","7,582166|5,921531|3,893319|3,369820|3,304078","true"
"/private/var/containers/Bundle/Application/4D01D32A-B666-4384-B213-31BBF61E54F1/CVTestsSUI.app/imagenet-hard-50-subset-2500__n03670208__ILSVRC2012_val_00004036.JPEG","images/n03670208/imagenet-hard-50-subset-2500__n03670208__ILSVRC2012_val_00004036.JPEG","627","limousine","982","groom","5,425629","982|617|887|457|627","groom|lab coat|vestment|bow tie|limousine","5,425629|5,245214|4,278445|4,082093|3,666022","true"
"/private/var/containers/Bundle/Application/4D01D32A-B666-4384-B213-31BBF61E54F1/CVTestsSUI.app/imagenet-hard-50-subset-2500__n03670208__ILSVRC2012_val_00006746.JPEG","images/n03670208/imagenet-hard-50-subset-2500__n03670208__ILSVRC2012_val_00006746.JPEG","627","limousine","654","minibus","6,076301","654|627|705|466|785","minibus|limousine|passenger car|bullet train|seat belt","6,076301|5,847678|5,202328|5,064449|4,937077","true"
"/private/var/containers/Bundle/Application/4D01D32A-B666-4384-B213-31BBF61E54F1/CVTestsSUI.app/imagenet-hard-50-subset-2500__n03670208__ILSVRC2012_val_00007113.JPEG","images/n03670208/imagenet-hard-50-subset-2500__n03670208__ILSVRC2012_val_00007113.JPEG","627","limousine","511","convertible","5,974424","511|817|479|627|751","convertible|sports car|car wheel|limousine|racer","5,974424|5,742795|5,210878|4,552865|4,380055","true"
"/private/var/containers/Bundle/Application/4D01D32A-B666-4384-B213-31BBF61E54F1/CVTestsSUI.app/imagenet-hard-50-subset-2500__n03670208__ILSVRC2012_val_00013054.JPEG","images/n03670208/imagenet-hard-50-subset-2500__n03670208__ILSVRC2012_val_00013054.JPEG","627","limousine","581","grille","5,440749","581|468|511|817|751","grille|cab|convertible|sports car|racer","5,440749|5,174821|5,156169|4,955731|4,910069","false"
"/private/var/containers/Bundle/Application/4D01D32A-B666-4384-B213-31BBF61E54F1/CVTestsSUI.app/imagenet-hard-50-subset-2500__n03670208__ILSVRC2012_val_00016523.JPEG","images/n03670208/imagenet-hard-50-subset-2500__n03670208__ILSVRC2012_val_00016523.JPEG","627","limousine","785","seat belt","3,666341","785|882|511|627|581","seat belt|vacuum|convertible|limousine|grille","3,666341|3,473371|3,347659|3,199354|3,059266","true"
"/private/var/containers/Bundle/Application/4D01D32A-B666-4384-B213-31BBF61E54F1/CVTestsSUI.app/imagenet-hard-50-subset-2500__n03670208__ILSVRC2012_val_00024440.JPEG","images/n03670208/imagenet-hard-50-subset-2500__n03670208__ILSVRC2012_val_00024440.JPEG","627","limousine","468","cab","4,407719","468|581|656|627|498","cab|grille|minivan|limousine|cinema","4,407719|4,063445|3,955592|3,828275|3,439553","true"
"/private/var/containers/Bundle/Application/4D01D32A-B666-4384-B213-31BBF61E54F1/CVTestsSUI.app/imagenet-hard-50-subset-2500__n03670208__ILSVRC2012_val_00033993.JPEG","images/n03670208/imagenet-hard-50-subset-2500__n03670208__ILSVRC2012_val_00033993.JPEG","627","limousine","751","racer","6,133253","751|817|468|627|518","racer|sports car|cab|limousine|crash helmet","6,133253|4,911963|4,841732|4,446739|4,345850","true"
"/private/var/containers/Bundle/Application/4D01D32A-B666-4384-B213-31BBF61E54F1/CVTestsSUI.app/imagenet-hard-50-subset-2500__n03670208__ILSVRC2012_val_00034651.JPEG","images/n03670208/imagenet-hard-50-subset-2500__n03670208__ILSVRC2012_val_00034651.JPEG","627","limousine","785","seat belt","5,677312","785|627|685|656|613","seat belt|limousine|odometer|minivan|joystick","5,677312|4,219028|4,204946|3,305415|3,035462","true"
"/private/var/containers/Bundle/Application/4D01D32A-B666-4384-B213-31BBF61E54F1/CVTestsSUI.app/imagenet-hard-50-subset-2500__n03670208__ILSVRC2012_val_00034659.JPEG","images/n03670208/imagenet-hard-50-subset-2500__n03670208__ILSVRC2012_val_00034659.JPEG","627","limousine","581","grille","5,171352","581|656|627|436|654","grille|minivan|limousine|beach wagon|minibus","5,171352|4,658480|4,306133|3,233373|3,116787","true"
"/private/var/containers/Bundle/Application/4D01D32A-B666-4384-B213-31BBF61E54F1/CVTestsSUI.app/imagenet-hard-50-subset-2500__n03670208__ILSVRC2012_val_00035788.JPEG","images/n03670208/imagenet-hard-50-subset-2500__n03670208__ILSVRC2012_val_00035788.JPEG","627","limousine","436","beach wagon","3,757209","436|627|705|654|511","beach wagon|limousine|passenger car|minibus|convertible","3,757209|3,592785|3,428784|3,241634|3,104901","true"
"/private/var/containers/Bundle/Application/4D01D32A-B666-4384-B213-31BBF61E54F1/CVTestsSUI.app/imagenet-hard-50-subset-2500__n03670208__ILSVRC2012_val_00038679.JPEG","images/n03670208/imagenet-hard-50-subset-2500__n03670208__ILSVRC2012_val_00038679.JPEG","627","limousine","468","cab","4,458003","468|436|656|627|581","cab|beach wagon|minivan|limousine|grille","4,458003|4,427564|4,297243|4,238687|4,128667","true"
"/private/var/containers/Bundle/Application/4D01D32A-B666-4384-B213-31BBF61E54F1/CVTestsSUI.app/imagenet-hard-50-subset-2500__n03670208__ILSVRC2012_val_00042844.JPEG","images/n03670208/imagenet-hard-50-subset-2500__n03670208__ILSVRC2012_val_00042844.JPEG","627","limousine","581","grille","5,164312","581|511|479|436|717","grille|convertible|car wheel|beach wagon|pickup","5,164312|5,130815|4,811834|4,516854|4,426035","false"
"/private/var/containers/Bundle/Application/4D01D32A-B666-4384-B213-31BBF61E54F1/CVTestsSUI.app/imagenet-hard-50-subset-2500__n03670208__ILSVRC2012_val_00044056.JPEG","images/n03670208/imagenet-hard-50-subset-2500__n03670208__ILSVRC2012_val_00044056.JPEG","627","limousine","734","police van","4,409380","734|705|654|609|656","police van|passenger car|minibus|jeep|minivan","4,409380|4,080002|3,986444|3,704624|3,677760","false"
"/private/var/containers/Bundle/Application/4D01D32A-B666-4384-B213-31BBF61E54F1/CVTestsSUI.app/imagenet-hard-50-subset-2500__n03670208__ILSVRC2012_val_00044197.JPEG","images/n03670208/imagenet-hard-50-subset-2500__n03670208__ILSVRC2012_val_00044197.JPEG","627","limousine","656","minivan","5,821082","656|581|627|468|436","minivan|grille|limousine|cab|beach wagon","5,821082|5,214000|4,641911|4,556859|4,547034","true"
"/private/var/containers/Bundle/Application/4D01D32A-B666-4384-B213-31BBF61E54F1/CVTestsSUI.app/imagenet-hard-50-subset-2500__n03670208__ILSVRC2012_val_00046007.JPEG","images/n03670208/imagenet-hard-50-subset-2500__n03670208__ILSVRC2012_val_00046007.JPEG","627","limousine","803","snowplow","4,811485","803|537|802|408|795","snowplow|dogsled|snowmobile|amphibian|ski","4,811485|4,610357|4,262278|4,004706|3,741112","false"
"/private/var/containers/Bundle/Application/4D01D32A-B666-4384-B213-31BBF61E54F1/CVTestsSUI.app/imagenet-hard-50-subset-2500__n03670208__ILSVRC2012_val_00049113.JPEG","images/n03670208/imagenet-hard-50-subset-2500__n03670208__ILSVRC2012_val_00049113.JPEG","627","limousine","751","racer","4,391891","751|468|734|817|656","racer|cab|police van|sports car|minivan","4,391891|4,020311|3,379758|3,311142|2,965157","false"